report_period	filing_id	principal_name	principal_id	lobbyist_name	lobbyist_id	position_kind	bill_label_raw	bill_label_normalized	bill_class	bill_id	bill_title	position_description	num_primary_sponsors	sponsor_lawmaker_id	sponsor_lawmaker_name	sponsor_role	confidence
2025-01-01..2025-04-30	20250314EUPA1394434	Ohio Poverty Law Center	org-ohio-poverty-law-center	Susan M Jagers	person-susan-m-jagers	subject_general	Public Safety	Public Safety	subject			implementation of HB 29	0				subject_only
2025-01-01..2025-04-30	20250314EUPA1394434	Ohio Poverty Law Center	org-ohio-poverty-law-center	Susan M Jagers	person-susan-m-jagers	subject_general	Aging	Aging	subject			Background checks for legal service providers	0				subject_only
2025-01-01..2025-04-30	20250505LUPA1394956	Secure Elections Project	org-secure-elections-project	William L Byers, IV	person-william-l-byers-iv	bill_referenced	HB 78	HB 78	bill	ocd-bill/c026470f-37f0-4b7d-9cc2-bd0965f5edb5	Authorize use of a digital driver's license or state ID card	Authorize use of a digital driver's license or state ID card	2	ocd-person/7948afad-ec3c-4e4c-a073-305fb8cd1b21	Thomas Hall	primary	direct
2025-01-01..2025-04-30	20250505LUPA1394956	Secure Elections Project	org-secure-elections-project	William L Byers, IV	person-william-l-byers-iv	bill_referenced	HB 78	HB 78	bill	ocd-bill/c026470f-37f0-4b7d-9cc2-bd0965f5edb5	Authorize use of a digital driver's license or state ID card	Authorize use of a digital driver's license or state ID card	2	ocd-person/9b5a9ff9-b35a-49aa-aa64-5d2bab574843	Joseph A. Miller, III	primary	direct
2025-01-01..2025-04-30	20250505LUPA1394956	Secure Elections Project	org-secure-elections-project	William L Byers, IV	person-william-l-byers-iv	bill_referenced	HB 180	HB 180	bill	ocd-bill/3f7990be-cbe9-499d-9e0b-81d2927701d4	Bar adverse employment action against precinct election officials	Bar adverse employment action against precinct election officials	2	ocd-person/bfe003c4-6a28-46d6-b831-07bfe8662926	Elgin Rogers, Jr.	primary	direct
2025-01-01..2025-04-30	20250505LUPA1394956	Secure Elections Project	org-secure-elections-project	William L Byers, IV	person-william-l-byers-iv	bill_referenced	HB 180	HB 180	bill	ocd-bill/3f7990be-cbe9-499d-9e0b-81d2927701d4	Bar adverse employment action against precinct election officials	Bar adverse employment action against precinct election officials	2	ocd-person/73e72147-0d40-4478-bbf6-3419f0e00b46	Roy Klopfenstein	primary	direct
2025-01-01..2025-04-30	20250505LUPA1394956	Secure Elections Project	org-secure-elections-project	William L Byers, IV	person-william-l-byers-iv	bill_referenced	HB 233	HB 233	bill	ocd-bill/783cf10d-f2a3-49e0-ad2f-a0be2aef0a49	Require elector citizenship verification; revise election law	Require elector citizenship verification; revise election law	2	ocd-person/cb2ddd04-e5b0-4c96-b217-d02b732eb896	D. J. Swearingen	primary	direct
2025-01-01..2025-04-30	20250505LUPA1394956	Secure Elections Project	org-secure-elections-project	William L Byers, IV	person-william-l-byers-iv	bill_referenced	HB 233	HB 233	bill	ocd-bill/783cf10d-f2a3-49e0-ad2f-a0be2aef0a49	Require elector citizenship verification; revise election law	Require elector citizenship verification; revise election law	2	ocd-person/60fdc824-a8ab-44fa-80ca-053d8698218e	Jeff LaRe	primary	direct
2025-01-01..2025-04-30	20250505LUPA1394956	Secure Elections Project	org-secure-elections-project	William L Byers, IV	person-william-l-byers-iv	bill_referenced	SB 4	SB 4	bill	ocd-bill/b9fdc1f6-62b8-465e-83c7-c941b7bb2f38	Create Election Integrity Unit; revise election law prosecution	Create Election Integrity Unit; revise election law prosecution	1	ocd-person/0fe32749-fe89-4f96-87d3-3d831bea2459	Theresa Gavarone	primary	direct
2025-01-01..2025-04-30	20250505LUPA1394956	Secure Elections Project	org-secure-elections-project	William L Byers, IV	person-william-l-byers-iv	bill_referenced	SB 63	SB 63	bill	ocd-bill/81ad4c68-9a26-4a8c-a5da-55e94c1cda7c	Prohibit use of ranked choice voting; withhold funding for use	Prohibit use of ranked choice voting; withhold funding for use	2	ocd-person/bdc3493a-a22f-4a6b-b50e-b590216d8cfd	William P. DeMora	primary	direct
2025-01-01..2025-04-30	20250505LUPA1394956	Secure Elections Project	org-secure-elections-project	William L Byers, IV	person-william-l-byers-iv	bill_referenced	SB 63	SB 63	bill	ocd-bill/81ad4c68-9a26-4a8c-a5da-55e94c1cda7c	Prohibit use of ranked choice voting; withhold funding for use	Prohibit use of ranked choice voting; withhold funding for use	2	ocd-person/0fe32749-fe89-4f96-87d3-3d831bea2459	Theresa Gavarone	primary	direct
2025-01-01..2025-04-30	20250505LUPA1394956	Secure Elections Project	org-secure-elections-project	William L Byers, IV	person-william-l-byers-iv	bill_referenced	SB 153	SB 153	bill	ocd-bill/0e6e284b-e99e-4789-843f-a709543a8df6	Require citizenship verification before an elector may vote	Require citizenship verification before an elector may vote	2	ocd-person/c61c8eaf-1de9-419d-a5dc-c96787315578	Andrew O. Brenner	primary	direct
2025-01-01..2025-04-30	20250505LUPA1394956	Secure Elections Project	org-secure-elections-project	William L Byers, IV	person-william-l-byers-iv	bill_referenced	SB 153	SB 153	bill	ocd-bill/0e6e284b-e99e-4789-843f-a709543a8df6	Require citizenship verification before an elector may vote	Require citizenship verification before an elector may vote	2	ocd-person/0fe32749-fe89-4f96-87d3-3d831bea2459	Theresa Gavarone	primary	direct
2025-01-01..2025-04-30	20250505LUPA1395368	Carvana	org-carvana	Collin Crigger	person-collin-crigger	bill_referenced	HB 54	HB 54	bill	ocd-bill/03729a21-e915-43b7-a8c6-758bf3753c6c	Make appropriations for transportation for FY 2026-27 biennium	Make appropriations for transportation for FY 2026-27 biennium	1	ocd-person/f4e6c51a-89bd-4841-848b-b1097fd3fc9d	Brian Stewart	primary	direct
2025-01-01..2025-04-30	20250505LUPA1395368	Carvana	org-carvana	Collin Crigger	person-collin-crigger	bill_referenced	HB 96	HB 96	bill	ocd-bill/4e02024d-881d-4a05-9191-b218c16ecff4	Make state operating appropriations for FY 2026-27	Make state operating appropriations for FY 2026-27	1	ocd-person/f4e6c51a-89bd-4841-848b-b1097fd3fc9d	Brian Stewart	primary	direct
2025-01-01..2025-04-30	20250512LUPA1396330	Columbus Crew SC	org-columbus-crew-sc	William L Byers, IV	person-william-l-byers-iv	bill_referenced	HB 96	HB 96	bill	ocd-bill/4e02024d-881d-4a05-9191-b218c16ecff4	Make state operating appropriations for FY 2026-27	Make state operating appropriations for FY 2026-27	1	ocd-person/f4e6c51a-89bd-4841-848b-b1097fd3fc9d	Brian Stewart	primary	direct
2025-01-01..2025-04-30	20250512LUPA1396330	Columbus Crew SC	org-columbus-crew-sc	William L Byers, IV	person-william-l-byers-iv	bill_referenced	HB 147	HB 147	bill	ocd-bill/93828d4b-3709-41db-97ed-711397129abb	Exempt from sales and use tax certain port authority materials	Exempt from sales and use tax certain port authority materials	1	ocd-person/a3ccce64-ea28-47dc-8bab-3af6ed2dd860	Brian Lorenz	primary	direct
2025-01-01..2025-04-30	20250512LUPA1396330	Columbus Crew SC	org-columbus-crew-sc	William L Byers, IV	person-william-l-byers-iv	bill_referenced	SB 150	SB 150	bill	ocd-bill/819b256d-3891-429c-8d7c-53fdc109c420	Increase sports gaming tax; allocate for athletics, sports venues	Increase sports gaming tax; allocate for athletics, sports venues	1	ocd-person/5a9b2a16-6827-4e00-961a-f3de39538749	Louis W. Blessing, III	primary	direct
2025-01-01..2025-04-30	20250512LUPA1396376	Cleveland Browns	org-cleveland-browns	Andrew Minton	person-andrew-minton	bill_referenced	HB 96	HB 96	bill	ocd-bill/4e02024d-881d-4a05-9191-b218c16ecff4	Make state operating appropriations for FY 2026-27	Make state operating appropriations for FY 2026-27	1	ocd-person/f4e6c51a-89bd-4841-848b-b1097fd3fc9d	Brian Stewart	primary	direct
2025-01-01..2025-04-30	20250512LUPA1396376	Cleveland Browns	org-cleveland-browns	Andrew Minton	person-andrew-minton	bill_referenced	HB 147	HB 147	bill	ocd-bill/93828d4b-3709-41db-97ed-711397129abb	Exempt from sales and use tax certain port authority materials	Exempt from sales and use tax certain port authority materials	1	ocd-person/a3ccce64-ea28-47dc-8bab-3af6ed2dd860	Brian Lorenz	primary	direct
2025-01-01..2025-04-30	20250512LUPA1396376	Cleveland Browns	org-cleveland-browns	Andrew Minton	person-andrew-minton	bill_referenced	SB 150	SB 150	bill	ocd-bill/819b256d-3891-429c-8d7c-53fdc109c420	Increase sports gaming tax; allocate for athletics, sports venues	Increase sports gaming tax; allocate for athletics, sports venues	1	ocd-person/5a9b2a16-6827-4e00-961a-f3de39538749	Louis W. Blessing, III	primary	direct
2025-01-01..2025-04-30	20250518LUPA1398890	Ohio Healthy Alternatives Association	org-ohio-healthy-alternatives-association	Amanda R Sines	person-amanda-r-sines	bill_referenced	HB 160	HB 160	bill	ocd-bill/155d6471-f2cd-4f75-b3fa-ac75bca6d5f8	Revise liquor control, hemp, and adult-use marijuana laws	Revise liquor control, hemp, and adult-use marijuana laws	1	ocd-person/f4e6c51a-89bd-4841-848b-b1097fd3fc9d	Brian Stewart	primary	direct
2025-01-01..2025-04-30	20250518LUPA1398890	Ohio Healthy Alternatives Association	org-ohio-healthy-alternatives-association	Amanda R Sines	person-amanda-r-sines	bill_referenced	HB 198	HB 198	bill	ocd-bill/b2ba30b9-5cee-47d1-834d-96e84125cfba	Regulate manufacture, sale of inhalable, ingestible hemp products	Regulate manufacture, sale of inhalable, ingestible hemp products	2	ocd-person/09c752d1-59eb-4f43-b401-5092d801f4c1	Ty D. Mathews	primary	direct
2025-01-01..2025-04-30	20250518LUPA1398890	Ohio Healthy Alternatives Association	org-ohio-healthy-alternatives-association	Amanda R Sines	person-amanda-r-sines	bill_referenced	HB 198	HB 198	bill	ocd-bill/b2ba30b9-5cee-47d1-834d-96e84125cfba	Regulate manufacture, sale of inhalable, ingestible hemp products	Regulate manufacture, sale of inhalable, ingestible hemp products	2	ocd-person/16e469e4-8014-4ba2-8fc4-91804d6ef491	Tex Fischer	primary	direct
2025-01-01..2025-04-30	20250518LUPA1398890	Ohio Healthy Alternatives Association	org-ohio-healthy-alternatives-association	Amanda R Sines	person-amanda-r-sines	bill_referenced	SB 86	SB 86	bill	ocd-bill/7809cb11-fa18-41df-b5ed-2e3561a183fd	Regulate and tax intoxicating hemp, drinkable cannabinoid product	Regulate and tax intoxicating hemp, drinkable cannabinoid product	2	ocd-person/bb1ae016-cdfe-48aa-8bc5-9e3636e430f3	Shane Wilkin	primary	direct
2025-01-01..2025-04-30	20250518LUPA1398890	Ohio Healthy Alternatives Association	org-ohio-healthy-alternatives-association	Amanda R Sines	person-amanda-r-sines	bill_referenced	SB 86	SB 86	bill	ocd-bill/7809cb11-fa18-41df-b5ed-2e3561a183fd	Regulate and tax intoxicating hemp, drinkable cannabinoid product	Regulate and tax intoxicating hemp, drinkable cannabinoid product	2	ocd-person/b21d9dcd-21e9-4071-936d-f89fc5d8f643	Stephen A. Huffman	primary	direct
2025-01-01..2025-04-30	20250519LUPA1399318	Friendship Circle of Cleveland	org-friendship-circle-of-cleveland	Rachel Schubert	person-rachel-schubert	bill_referenced	HB 96	HB 96	bill	ocd-bill/4e02024d-881d-4a05-9191-b218c16ecff4	Make state operating appropriations for FY 2026-27	Make state operating appropriations for FY 2026-27	1	ocd-person/f4e6c51a-89bd-4841-848b-b1097fd3fc9d	Brian Stewart	primary	direct
2025-01-01..2025-04-30	20250519LUPA1399724	Ohio Provider Resource Association	org-ohio-provider-resource-association	Anthony Aquillo	person-anthony-aquillo	bill_referenced	HB 96	HB 96	bill	ocd-bill/4e02024d-881d-4a05-9191-b218c16ecff4	Make state operating appropriations for FY 2026-27	Make state operating appropriations for FY 2026-27	1	ocd-person/f4e6c51a-89bd-4841-848b-b1097fd3fc9d	Brian Stewart	primary	direct
2025-01-01..2025-04-30	20250519LUPA1399724	Ohio Provider Resource Association	org-ohio-provider-resource-association	Anthony Aquillo	person-anthony-aquillo	bill_referenced	HB 141	HB 141	bill	ocd-bill/d114d3f2-76e0-43f9-8adc-f607753ae3be	Regards prescribed pediatric extended care centers	Regards prescribed pediatric extended care centers	2	ocd-person/9ae0194c-0f5b-44c6-b84f-a0ec4d3f3a61	Cindy Abrams	primary	direct
2025-01-01..2025-04-30	20250519LUPA1399724	Ohio Provider Resource Association	org-ohio-provider-resource-association	Anthony Aquillo	person-anthony-aquillo	bill_referenced	HB 141	HB 141	bill	ocd-bill/d114d3f2-76e0-43f9-8adc-f607753ae3be	Regards prescribed pediatric extended care centers	Regards prescribed pediatric extended care centers	2	ocd-person/36f320a8-be34-43c2-ac73-ee87fbce6b0c	Rachel B. Baker	primary	direct
2025-01-01..2025-04-30	20250519LUPA1399724	Ohio Provider Resource Association	org-ohio-provider-resource-association	Anthony Aquillo	person-anthony-aquillo	bill_referenced	HB 225	HB 225	bill	ocd-bill/24e6b3f3-6ef2-4b7c-be19-a53fb291b464	Phase out subminimum wage for individuals with disabilities	Phase out subminimum wage for individuals with disabilities	2	ocd-person/d2ecec1d-db13-4a47-836b-9e75f3a31c78	Tom Young	primary	direct
2025-01-01..2025-04-30	20250519LUPA1399724	Ohio Provider Resource Association	org-ohio-provider-resource-association	Anthony Aquillo	person-anthony-aquillo	bill_referenced	HB 225	HB 225	bill	ocd-bill/24e6b3f3-6ef2-4b7c-be19-a53fb291b464	Phase out subminimum wage for individuals with disabilities	Phase out subminimum wage for individuals with disabilities	2	ocd-person/74c1210d-fb56-4522-8d3a-0a2bb08c972b	Dontavius L. Jarrells	primary	direct
2025-01-01..2025-04-30	20250519LUPA1399724	Ohio Provider Resource Association	org-ohio-provider-resource-association	Anthony Aquillo	person-anthony-aquillo	bill_referenced	SB 142	SB 142	bill	ocd-bill/33519a85-74a7-42ae-a5ff-9727810de2ec	Phase out subminimum wage for individuals with disabilities	Phase out subminimum wage for individuals with disabilities	1	ocd-person/3329274c-22b6-4b0a-b12a-e64c5733bef9	Paula Hicks-Hudson	primary	direct
2025-01-01..2025-04-30	20250520LUPA1400446	Coinbase, Inc.	org-coinbase-inc	Kristen Brinkman-Tell	person-kristen-brinkman-tell	bill_referenced	HB 18	HB 18	bill	ocd-bill/702704c4-4450-4d78-a3a4-6c1edb8d5f57	Enact the Ohio Strategic Cryptocurrency Reserve Act	Enact the Ohio Strategic Cryptocurrency Reserve Act	1	ocd-person/854b6ce3-a4e1-46db-959a-aa286e4e8942	Steve Demetriou	primary	direct
2025-01-01..2025-04-30	20250520LUPA1400446	Coinbase, Inc.	org-coinbase-inc	Kristen Brinkman-Tell	person-kristen-brinkman-tell	bill_referenced	HB 116	HB 116	bill	ocd-bill/84ab6005-9cef-44be-bf2a-502a032d86e0	Enact the Ohio Blockchain Basics Act	Enact the Ohio Blockchain Basics Act	1	ocd-person/854b6ce3-a4e1-46db-959a-aa286e4e8942	Steve Demetriou	primary	direct
2025-01-01..2025-04-30	20250520LUPA1401008	Columbus City School District	org-columbus-city-school-district	Allison Lawlor	person-allison-lawlor	bill_referenced	HB 96	HB 96	bill	ocd-bill/4e02024d-881d-4a05-9191-b218c16ecff4	Make state operating appropriations for FY 2026-27	Make state operating appropriations for FY 2026-27	1	ocd-person/f4e6c51a-89bd-4841-848b-b1097fd3fc9d	Brian Stewart	primary	direct
2025-01-01..2025-04-30	20250520LUPA1401008	Columbus City School District	org-columbus-city-school-district	Allison Lawlor	person-allison-lawlor	bill_referenced	SB 19	SB 19	bill	ocd-bill/bd9f4b71-4556-46ab-8bda-e6919ff5a4e4	Regards academic intervention, math improvement and intervention	Regards academic intervention, math improvement and intervention	1	ocd-person/c61c8eaf-1de9-419d-a5dc-c96787315578	Andrew O. Brenner	primary	direct
2025-01-01..2025-04-30	20250520LUPA1401008	Columbus City School District	org-columbus-city-school-district	Allison Lawlor	person-allison-lawlor	bill_referenced	SB 127	SB 127	bill	ocd-bill/9f3e79ca-538b-4a96-904d-0c72e6bd652d	Regards closure requirements for poor-performing public schools	Regards closure requirements for poor-performing public schools	1	ocd-person/c61c8eaf-1de9-419d-a5dc-c96787315578	Andrew O. Brenner	primary	direct
2025-01-01..2025-04-30	20250520LUPA1401482	Aramark Correctional Services, LLC	org-aramark-correctional-services-llc	John H Oberle	person-john-h-oberle	bill_referenced	HB 96	HB 96	bill	ocd-bill/4e02024d-881d-4a05-9191-b218c16ecff4	Make state operating appropriations for FY 2026-27	Make state operating appropriations for FY 2026-27	1	ocd-person/f4e6c51a-89bd-4841-848b-b1097fd3fc9d	Brian Stewart	primary	direct
2025-01-01..2025-04-30	20250521EUPA1402750	Graduation Alliance	org-graduation-alliance	Jimmy Wolf	person-jimmy-wolf	subject_general	Education and Workforce	Education and Workforce	subject			Rules for adult education program	0				subject_only
2025-01-01..2025-04-30	20250521LUPA1398614	Otsuka America Pharmaceutical, Inc	org-otsuka-america-pharmaceutical-inc	Joee Lindbeck	person-joee-lindbeck	bill_referenced	HB 96	HB 96	bill	ocd-bill/4e02024d-881d-4a05-9191-b218c16ecff4	Make state operating appropriations for FY 2026-27	Make state operating appropriations for FY 2026-27	1	ocd-person/f4e6c51a-89bd-4841-848b-b1097fd3fc9d	Brian Stewart	primary	direct
2025-01-01..2025-04-30	20250521LUPA1404426	AAA Club Alliance Inc	org-aaa-club-alliance-inc	William L Byers, IV	person-william-l-byers-iv	bill_referenced	HB 3	HB 3	bill	ocd-bill/201a4306-ae4b-4594-8800-ff6b1d14dc0f	Enact the School Bus Safety Act	Enact the School Bus Safety Act	2	ocd-person/5ba7ae7d-2f10-42b7-8784-8e734507ce33	Cecil Thomas	primary	direct
2025-01-01..2025-04-30	20250521LUPA1404426	AAA Club Alliance Inc	org-aaa-club-alliance-inc	William L Byers, IV	person-william-l-byers-iv	bill_referenced	HB 3	HB 3	bill	ocd-bill/201a4306-ae4b-4594-8800-ff6b1d14dc0f	Enact the School Bus Safety Act	Enact the School Bus Safety Act	2	ocd-person/550986e6-b595-4fa8-9424-8e09327cf060	Bernard Willis	primary	direct
2025-01-01..2025-04-30	20250521LUPA1404426	AAA Club Alliance Inc	org-aaa-club-alliance-inc	William L Byers, IV	person-william-l-byers-iv	bill_referenced	HB 54	HB 54	bill	ocd-bill/03729a21-e915-43b7-a8c6-758bf3753c6c	Make appropriations for transportation for FY 2026-27 biennium	Make appropriations for transportation for FY 2026-27 biennium	1	ocd-person/f4e6c51a-89bd-4841-848b-b1097fd3fc9d	Brian Stewart	primary	direct
2025-01-01..2025-04-30	20250521LUPA1404426	AAA Club Alliance Inc	org-aaa-club-alliance-inc	William L Byers, IV	person-william-l-byers-iv	bill_referenced	HB 82	HB 82	bill	ocd-bill/9c93b233-92b1-4566-8808-4b228aaa9531	Regards traffic offenses in construction zones	Regards traffic offenses in construction zones	2	ocd-person/4af0e8db-ad18-424f-abfa-ce31e37c0b7d	Mark Johnson	primary	direct
2025-01-01..2025-04-30	20250521LUPA1404426	AAA Club Alliance Inc	org-aaa-club-alliance-inc	William L Byers, IV	person-william-l-byers-iv	bill_referenced	HB 82	HB 82	bill	ocd-bill/9c93b233-92b1-4566-8808-4b228aaa9531	Regards traffic offenses in construction zones	Regards traffic offenses in construction zones	2	ocd-person/04e3c98a-4ede-4501-b914-4fa13fbad194	Gary Click	primary	direct
2025-01-01..2025-04-30	20250521LUPA1404426	AAA Club Alliance Inc	org-aaa-club-alliance-inc	William L Byers, IV	person-william-l-byers-iv	bill_referenced	HB 96	HB 96	bill	ocd-bill/4e02024d-881d-4a05-9191-b218c16ecff4	Make state operating appropriations for FY 2026-27	Make state operating appropriations for FY 2026-27	1	ocd-person/f4e6c51a-89bd-4841-848b-b1097fd3fc9d	Brian Stewart	primary	direct
2025-01-01..2025-04-30	20250521LUPA1404426	AAA Club Alliance Inc	org-aaa-club-alliance-inc	William L Byers, IV	person-william-l-byers-iv	bill_referenced	SB 16	SB 16	bill	ocd-bill/1dda1f98-af09-4d8e-b35c-f69b35c32060	Establish road rules around distressed stationary vehicles	Establish road rules around distressed stationary vehicles	1	ocd-person/26444e7e-72b2-4838-bc24-31899c90d504	Steve Wilson	primary	direct
2025-01-01..2025-04-30	20250521LUPA1404426	AAA Club Alliance Inc	org-aaa-club-alliance-inc	William L Byers, IV	person-william-l-byers-iv	bill_referenced	SB 55	SB 55	bill	ocd-bill/c4951849-ae41-4409-acc7-23444f07b504	Regards operating under the influence of marihuana, OVI evidence	Regards operating under the influence of marihuana, OVI evidence	1	ocd-person/d3508136-3927-461f-a2f0-a85665845ab1	Nathan H. Manning	primary	direct
2025-01-01..2025-04-30	20250521LUPA1404426	AAA Club Alliance Inc	org-aaa-club-alliance-inc	William L Byers, IV	person-william-l-byers-iv	bill_referenced	SB 62	SB 62	bill	ocd-bill/50a522d7-78a8-4ab0-8124-b6590a86bee0	Enact the School Bus Safety Act	Enact the School Bus Safety Act	1	ocd-person/0fe32749-fe89-4f96-87d3-3d831bea2459	Theresa Gavarone	primary	direct
2025-01-01..2025-04-30	20250521LUPA1404426	AAA Club Alliance Inc	org-aaa-club-alliance-inc	William L Byers, IV	person-william-l-byers-iv	bill_referenced	SB 65	SB 65	bill	ocd-bill/3c87e13e-e54b-408e-84d5-7dddf2d5c331	Revise product contracts, vehicle agreements, motor vehicle laws	Revise product contracts, vehicle agreements, motor vehicle laws	1	ocd-person/445d3fc7-d9a5-48d8-8869-f023aa274ae7	George F. Lang	primary	direct
2025-01-01..2025-04-30	20250521LUPA1404426	AAA Club Alliance Inc	org-aaa-club-alliance-inc	William L Byers, IV	person-william-l-byers-iv	bill_referenced	SB 80	SB 80	bill	ocd-bill/9ed3cf23-d586-44fb-a9e5-ed35306d1efc	Allow a county to implement a motor fuel quality testing program	Allow a county to implement a motor fuel quality testing program	2	ocd-person/23c443b0-e2f7-4c7a-af1e-d67d7aa366ce	Willis E. Blackshear, Jr.	primary	direct
2025-01-01..2025-04-30	20250521LUPA1404426	AAA Club Alliance Inc	org-aaa-club-alliance-inc	William L Byers, IV	person-william-l-byers-iv	bill_referenced	SB 80	SB 80	bill	ocd-bill/9ed3cf23-d586-44fb-a9e5-ed35306d1efc	Allow a county to implement a motor fuel quality testing program	Allow a county to implement a motor fuel quality testing program	2	ocd-person/94ba65dd-57c5-4ab0-b607-5e310d50cae0	Catherine D. Ingram	primary	direct
2025-01-01..2025-04-30	20250521LUPA1404426	AAA Club Alliance Inc	org-aaa-club-alliance-inc	William L Byers, IV	person-william-l-byers-iv	bill_referenced	SB 86	SB 86	bill	ocd-bill/7809cb11-fa18-41df-b5ed-2e3561a183fd	Regulate and tax intoxicating hemp, drinkable cannabinoid product	Regulate and tax intoxicating hemp, drinkable cannabinoid product	2	ocd-person/bb1ae016-cdfe-48aa-8bc5-9e3636e430f3	Shane Wilkin	primary	direct
2025-01-01..2025-04-30	20250521LUPA1404426	AAA Club Alliance Inc	org-aaa-club-alliance-inc	William L Byers, IV	person-william-l-byers-iv	bill_referenced	SB 86	SB 86	bill	ocd-bill/7809cb11-fa18-41df-b5ed-2e3561a183fd	Regulate and tax intoxicating hemp, drinkable cannabinoid product	Regulate and tax intoxicating hemp, drinkable cannabinoid product	2	ocd-person/b21d9dcd-21e9-4071-936d-f89fc5d8f643	Stephen A. Huffman	primary	direct
2025-01-01..2025-04-30	20250522LUPA1405684	LKQ Corporation	org-lkq-corporation	Nathan Aichele	person-nathan-aichele	bill_referenced	HB 54	HB 54	bill	ocd-bill/03729a21-e915-43b7-a8c6-758bf3753c6c	Make appropriations for transportation for FY 2026-27 biennium	Make appropriations for transportation for FY 2026-27 biennium	1	ocd-person/f4e6c51a-89bd-4841-848b-b1097fd3fc9d	Brian Stewart	primary	direct
2025-01-01..2025-04-30	20250522LUPA1405684	LKQ Corporation	org-lkq-corporation	Nathan Aichele	person-nathan-aichele	bill_referenced	HB 96	HB 96	bill	ocd-bill/4e02024d-881d-4a05-9191-b218c16ecff4	Make state operating appropriations for FY 2026-27	Make state operating appropriations for FY 2026-27	1	ocd-person/f4e6c51a-89bd-4841-848b-b1097fd3fc9d	Brian Stewart	primary	direct
2025-01-01..2025-04-30	20250522LUPA1405684	LKQ Corporation	org-lkq-corporation	Nathan Aichele	person-nathan-aichele	bill_referenced	HB 210	HB 210	bill	ocd-bill/749394e8-343e-4fbe-916f-edb7a6a64ad5	Regards the sale of used catalytic converters	Regards the sale of used catalytic converters	2	ocd-person/1e218942-95f6-43fe-b935-b19ab70fd5fc	Phil Plummer	primary	direct
2025-01-01..2025-04-30	20250522LUPA1405684	LKQ Corporation	org-lkq-corporation	Nathan Aichele	person-nathan-aichele	bill_referenced	HB 210	HB 210	bill	ocd-bill/749394e8-343e-4fbe-916f-edb7a6a64ad5	Regards the sale of used catalytic converters	Regards the sale of used catalytic converters	2	ocd-person/4cece9f3-e252-438b-8255-a2150a4ed599	Bill Roemer	primary	direct
2025-01-01..2025-04-30	20250523EUPA1406694	Ohio Contractors Association	org-ohio-contractors-association	Christopher L Runyan	person-christopher-l-runyan	subject_general	Public Works / Infrastructure Finance	Public Works / Infrastructure Finance	subject			Ohio Public Works Commission bond renewal	0				subject_only
2025-01-01..2025-04-30	20250523EUPA1406694	Ohio Contractors Association	org-ohio-contractors-association	Christopher L Runyan	person-christopher-l-runyan	subject_general	Transportation / Public Safety	Transportation / Public Safety	subject			Transportation funding, distracted driving, force account limits	0				subject_only
2025-01-01..2025-04-30	20250523EUPA1406694	Ohio Contractors Association	org-ohio-contractors-association	Christopher L Runyan	person-christopher-l-runyan	subject_general	Public Works / Infrastructure Finance	Public Works / Infrastructure Finance	subject			Bond renewal	0				subject_only
2025-01-01..2025-04-30	20250523EUPA1406694	Ohio Contractors Association	org-ohio-contractors-association	Christopher L Runyan	person-christopher-l-runyan	subject_general	Transportation / Public Works Policy	Transportation / Public Works Policy	subject			Transportation funding, force account limits, distracted driving legislation, transportation project policy	0				subject_only
2025-01-01..2025-04-30	20250523LUPA1394636	The Nature Conservancy in Ohio	org-the-nature-conservancy-in-ohio	Rebecca Mellino	person-rebecca-mellino	bill_referenced	HB 15	HB 15	bill	ocd-bill/dde5117e-486e-42d3-913a-4a88cb7c7af7	Amend competitive retail electric service law	Amend competitive retail electric service law	1	ocd-person/73e72147-0d40-4478-bbf6-3419f0e00b46	Roy Klopfenstein	primary	direct
2025-01-01..2025-04-30	20250523LUPA1394636	The Nature Conservancy in Ohio	org-the-nature-conservancy-in-ohio	Rebecca Mellino	person-rebecca-mellino	bill_referenced	HB 96	HB 96	bill	ocd-bill/4e02024d-881d-4a05-9191-b218c16ecff4	Make state operating appropriations for FY 2026-27	Make state operating appropriations for FY 2026-27	1	ocd-person/f4e6c51a-89bd-4841-848b-b1097fd3fc9d	Brian Stewart	primary	direct
2025-01-01..2025-04-30	20250523LUPA1394636	The Nature Conservancy in Ohio	org-the-nature-conservancy-in-ohio	Rebecca Mellino	person-rebecca-mellino	bill_referenced	HB 170	HB 170	bill	ocd-bill/64e09568-b268-4f04-95a0-aa78a46d8884	Establish process to regulate carbon capture, storage technology	Establish process to regulate carbon capture, storage technology	2	ocd-person/cdc9f705-514e-4445-ac17-9aeac8f67e97	Bob Peterson	primary	direct
2025-01-01..2025-04-30	20250523LUPA1394636	The Nature Conservancy in Ohio	org-the-nature-conservancy-in-ohio	Rebecca Mellino	person-rebecca-mellino	bill_referenced	HB 170	HB 170	bill	ocd-bill/64e09568-b268-4f04-95a0-aa78a46d8884	Establish process to regulate carbon capture, storage technology	Establish process to regulate carbon capture, storage technology	2	ocd-person/062b9622-c2fa-4af2-bbea-704f0450dd47	Monica Robb Blasdel	primary	direct
2025-01-01..2025-04-30	20250523LUPA1394636	The Nature Conservancy in Ohio	org-the-nature-conservancy-in-ohio	Rebecca Mellino	person-rebecca-mellino	bill_referenced	SB 2	SB 2	bill	ocd-bill/3ca8268d-7085-44b8-b1db-07c4dee58f20	Increase power generation; improve Ohio’s electric grid	Increase power generation; improve Ohio's electric grid	1	ocd-person/10733ff7-ee19-4e86-9b5e-65619ddbf7bf	Bill Reineke	primary	direct
2025-01-01..2025-04-30	20250523LUPA1394636	The Nature Conservancy in Ohio	org-the-nature-conservancy-in-ohio	Rebecca Mellino	person-rebecca-mellino	bill_referenced	SB 136	SB 136	bill	ocd-bill/c775d71e-ed25-4644-a5d7-1ce0d27e7bac	Establish process to regulate carbon capture, storage technology	Establish process to regulate carbon capture, storage technology	2	ocd-person/eb5ff860-2126-4ac5-8267-9d2d924c3967	Brian M. Chavez	primary	direct
2025-01-01..2025-04-30	20250523LUPA1394636	The Nature Conservancy in Ohio	org-the-nature-conservancy-in-ohio	Rebecca Mellino	person-rebecca-mellino	bill_referenced	SB 136	SB 136	bill	ocd-bill/c775d71e-ed25-4644-a5d7-1ce0d27e7bac	Establish process to regulate carbon capture, storage technology	Establish process to regulate carbon capture, storage technology	2	ocd-person/01a80305-a667-4dda-9676-1e678bddde12	Tim Schaffer	primary	direct
2025-01-01..2025-04-30	20250526LUPA1407336	American Chemistry Council	org-american-chemistry-council	Shawn Nelson	person-shawn-nelson	bill_referenced	HB 1	HB 1	bill	ocd-bill/5d465c11-0107-45e7-a22a-68dd6295898d	Enact Ohio Property Protection Act	Enact Ohio Property Protection Act	2	ocd-person/73e72147-0d40-4478-bbf6-3419f0e00b46	Roy Klopfenstein	primary	direct
2025-01-01..2025-04-30	20250526LUPA1407336	American Chemistry Council	org-american-chemistry-council	Shawn Nelson	person-shawn-nelson	bill_referenced	HB 1	HB 1	bill	ocd-bill/5d465c11-0107-45e7-a22a-68dd6295898d	Enact Ohio Property Protection Act	Enact Ohio Property Protection Act	2	ocd-person/4ed8184a-01ff-4bdc-a06c-cbf8b4c73fd6	Angela N. King	primary	direct
2025-01-01..2025-04-30	20250526LUPA1407336	American Chemistry Council	org-american-chemistry-council	Shawn Nelson	person-shawn-nelson	bill_referenced	HB 96	HB 96	bill	ocd-bill/4e02024d-881d-4a05-9191-b218c16ecff4	Make state operating appropriations for FY 2026-27	Make state operating appropriations for FY 2026-27	1	ocd-person/f4e6c51a-89bd-4841-848b-b1097fd3fc9d	Brian Stewart	primary	direct
2025-01-01..2025-04-30	20250526LUPA1407336	American Chemistry Council	org-american-chemistry-council	Shawn Nelson	person-shawn-nelson	bill_referenced	HR 14	HR 14	bill	ocd-bill/82018337-365d-42d0-a552-3b561e171d2b	Urge Congress to ensure toxins and chemicals removed from food	Urge Congress to ensure toxins and chemicals removed from food	2	ocd-person/4817cf28-df1f-4ccc-bc09-25809222e530	Jennifer Gross	primary	direct
2025-01-01..2025-04-30	20250526LUPA1407336	American Chemistry Council	org-american-chemistry-council	Shawn Nelson	person-shawn-nelson	bill_referenced	HR 14	HR 14	bill	ocd-bill/82018337-365d-42d0-a552-3b561e171d2b	Urge Congress to ensure toxins and chemicals removed from food	Urge Congress to ensure toxins and chemicals removed from food	2	ocd-person/64305698-f25c-486e-b57f-00298cfbe15d	Nick Santucci	primary	direct
2025-01-01..2025-04-30	20250527LUPA1407982	Ohio Rural Water Association	org-ohio-rural-water-association	Ronald Romito	person-ronald-romito	bill_referenced	HB 18	HB 18	bill	ocd-bill/702704c4-4450-4d78-a3a4-6c1edb8d5f57	Enact the Ohio Strategic Cryptocurrency Reserve Act	Enact the Ohio Strategic Cryptocurrency Reserve Act	1	ocd-person/854b6ce3-a4e1-46db-959a-aa286e4e8942	Steve Demetriou	primary	direct
2025-01-01..2025-04-30	20250527LUPA1407982	Ohio Rural Water Association	org-ohio-rural-water-association	Ronald Romito	person-ronald-romito	bill_referenced	HB 49	HB 49	bill	ocd-bill/e45e39ac-0edd-4c57-90f8-8f9abd028610	Allow for creation of water improvement districts	Allow for creation of water improvement districts	1	ocd-person/081534e7-8952-47f0-a722-ed627fb32069	Thaddeus J. Claggett	primary	direct
2025-01-01..2025-04-30	20250527LUPA1407982	Ohio Rural Water Association	org-ohio-rural-water-association	Ronald Romito	person-ronald-romito	bill_referenced	HB 54	HB 54	bill	ocd-bill/03729a21-e915-43b7-a8c6-758bf3753c6c	Make appropriations for transportation for FY 2026-27 biennium	Make appropriations for transportation for FY 2026-27 biennium	1	ocd-person/f4e6c51a-89bd-4841-848b-b1097fd3fc9d	Brian Stewart	primary	direct
2025-01-01..2025-04-30	20250527LUPA1407982	Ohio Rural Water Association	org-ohio-rural-water-association	Ronald Romito	person-ronald-romito	bill_referenced	HB 92	HB 92	bill	ocd-bill/9654f62d-3271-4457-bcc6-a7cd1631d37f	Regards unpaid water, sewer, and trash charges at rented property	Regards unpaid water, sewer, and trash charges at rented property	2	ocd-person/d6ca7e4f-dcf2-4aad-a919-a2740bae649a	Riordan T. McClain	primary	direct
2025-01-01..2025-04-30	20250527LUPA1407982	Ohio Rural Water Association	org-ohio-rural-water-association	Ronald Romito	person-ronald-romito	bill_referenced	HB 92	HB 92	bill	ocd-bill/9654f62d-3271-4457-bcc6-a7cd1631d37f	Regards unpaid water, sewer, and trash charges at rented property	Regards unpaid water, sewer, and trash charges at rented property	2	ocd-person/4af0e8db-ad18-424f-abfa-ce31e37c0b7d	Mark Johnson	primary	direct
2025-01-01..2025-04-30	20250527LUPA1407982	Ohio Rural Water Association	org-ohio-rural-water-association	Ronald Romito	person-ronald-romito	bill_referenced	HB 96	HB 96	bill	ocd-bill/4e02024d-881d-4a05-9191-b218c16ecff4	Make state operating appropriations for FY 2026-27	Make state operating appropriations for FY 2026-27	1	ocd-person/f4e6c51a-89bd-4841-848b-b1097fd3fc9d	Brian Stewart	primary	direct
2025-01-01..2025-04-30	20250527LUPA1407982	Ohio Rural Water Association	org-ohio-rural-water-association	Ronald Romito	person-ronald-romito	bill_referenced	HB 139	HB 139	bill	ocd-bill/cbeb602a-7277-4bdd-ad28-83daded046da	Require specified testing of fire hydrant systems	Require specified testing of fire hydrant systems	1	ocd-person/7948afad-ec3c-4e4c-a073-305fb8cd1b21	Thomas Hall	primary	direct
2025-01-01..2025-04-30	20250527LUPA1407982	Ohio Rural Water Association	org-ohio-rural-water-association	Ronald Romito	person-ronald-romito	bill_referenced	HB 158	HB 158	bill	ocd-bill/dcc78890-0987-4dfb-87e6-cd8d0b9c653c	Enact the Consumer Utility Billing Transparency Act	Enact the Consumer Utility Billing Transparency Act	2	ocd-person/170299dd-f2e4-463e-8b8b-ea3b75946120	David Thomas	primary	direct
2025-01-01..2025-04-30	20250527LUPA1407982	Ohio Rural Water Association	org-ohio-rural-water-association	Ronald Romito	person-ronald-romito	bill_referenced	HB 158	HB 158	bill	ocd-bill/dcc78890-0987-4dfb-87e6-cd8d0b9c653c	Enact the Consumer Utility Billing Transparency Act	Enact the Consumer Utility Billing Transparency Act	2	ocd-person/993f089c-60bf-418d-9704-fa92e4f01c71	Sean P. Brennan	primary	direct
2025-01-01..2025-04-30	20250527LUPA1407982	Ohio Rural Water Association	org-ohio-rural-water-association	Ronald Romito	person-ronald-romito	bill_referenced	HB 182	HB 182	bill	ocd-bill/8e1dd913-af13-4383-b805-945d34ab3543	Prohibit public water system from adding fluoride to its water	Prohibit public water system from adding fluoride to its water	1	ocd-person/1dcb1bfa-861d-4d16-8d7d-02364e1b4def	Levi Dean	primary	direct
2025-01-01..2025-04-30	20250527LUPA1407982	Ohio Rural Water Association	org-ohio-rural-water-association	Ronald Romito	person-ronald-romito	bill_referenced	HB 227	HB 227	bill	ocd-bill/15a2c24f-d963-44c8-9c8a-a861692d0274	Modify excavation requirements	Modify excavation requirements	2	ocd-person/4af0e8db-ad18-424f-abfa-ce31e37c0b7d	Mark Johnson	primary	direct
2025-01-01..2025-04-30	20250527LUPA1407982	Ohio Rural Water Association	org-ohio-rural-water-association	Ronald Romito	person-ronald-romito	bill_referenced	HB 227	HB 227	bill	ocd-bill/15a2c24f-d963-44c8-9c8a-a861692d0274	Modify excavation requirements	Modify excavation requirements	2	ocd-person/062b9622-c2fa-4af2-bbea-704f0450dd47	Monica Robb Blasdel	primary	direct
2025-01-01..2025-04-30	20250527LUPA1407982	Ohio Rural Water Association	org-ohio-rural-water-association	Ronald Romito	person-ronald-romito	bill_referenced	SB 8	SB 8	bill	ocd-bill/68d4591e-1728-4b46-bfbd-8cd24ad9537f	Prohibit paid public employee leave for certain union activities	Prohibit paid public employee leave for certain union activities	1	ocd-person/b21d9dcd-21e9-4071-936d-f89fc5d8f643	Stephen A. Huffman	primary	direct
2025-01-01..2025-04-30	20250527LUPA1407982	Ohio Rural Water Association	org-ohio-rural-water-association	Ronald Romito	person-ronald-romito	bill_referenced	SB 45	SB 45	bill	ocd-bill/32d4b43f-b688-469a-aaf6-da5aa45e17bf	Expand eligibility for county sewer discounted rates or charges	Expand eligibility for county sewer discounted rates or charges	1	ocd-person/94ba65dd-57c5-4ab0-b607-5e310d50cae0	Catherine D. Ingram	primary	direct
2025-01-01..2025-04-30	20250527LUPA1407982	Ohio Rural Water Association	org-ohio-rural-water-association	Ronald Romito	person-ronald-romito	bill_referenced	SB 57	SB 57	bill	ocd-bill/8dbd4452-d3e7-46d6-b75e-05e90ea48d13	Enact the Ohio Bitcoin Reserve Act	Enact the Ohio Bitcoin Reserve Act	1	ocd-person/d665e333-f7e3-43e2-b440-17920f62c60b	Sandra O'Brien	primary	direct
2025-01-01..2025-04-30	20250527LUPA1407982	Ohio Rural Water Association	org-ohio-rural-water-association	Ronald Romito	person-ronald-romito	bill_referenced	SB 118	SB 118	bill	ocd-bill/67b85047-9187-4600-822d-443bdd3aa109	Regards lien limits for unpaid water, sewer, disposal services	Regards lien limits for unpaid water, sewer, disposal services	1	ocd-person/445d3fc7-d9a5-48d8-8869-f023aa274ae7	George F. Lang	primary	direct
2025-01-01..2025-04-30	20250528EUPA1412254	Ohio Association of County Behavioral Health Authorities	org-ohio-association-of-county-behavioral-health-authorities	Christina Shaynak-Diaz	person-christina-shaynak-diaz	subject_general	Behavioral Health / Competency Restoration	Behavioral Health / Competency Restoration	subject			Competency Restoration (Attorney General)	0				subject_only
2025-01-01..2025-04-30	20250528EUPA1412254	Ohio Association of County Behavioral Health Authorities	org-ohio-association-of-county-behavioral-health-authorities	Christina Shaynak-Diaz	person-christina-shaynak-diaz	subject_general	Behavioral Health	Behavioral Health	subject			Behavioral Health Handbook (Auditor of State)	0				subject_only
2025-01-01..2025-04-30	20250528EUPA1412254	Ohio Association of County Behavioral Health Authorities	org-ohio-association-of-county-behavioral-health-authorities	Christina Shaynak-Diaz	person-christina-shaynak-diaz	subject_general	Behavioral Health / ADAMH	Behavioral Health / ADAMH	subject			ADAMH Board data (Governor)	0				subject_only
2025-01-01..2025-04-30	20250528EUPA1412254	Ohio Association of County Behavioral Health Authorities	org-ohio-association-of-county-behavioral-health-authorities	Christina Shaynak-Diaz	person-christina-shaynak-diaz	bill_referenced	HB 96	HB 96	bill	ocd-bill/4e02024d-881d-4a05-9191-b218c16ecff4	Make state operating appropriations for FY 2026-27	Biennial budget/HB 96 (Governor)	1	ocd-person/f4e6c51a-89bd-4841-848b-b1097fd3fc9d	Brian Stewart	primary	direct
2025-01-01..2025-04-30	20250528EUPA1412254	Ohio Association of County Behavioral Health Authorities	org-ohio-association-of-county-behavioral-health-authorities	Christina Shaynak-Diaz	person-christina-shaynak-diaz	subject_general	Opioid / OneOhio	Opioid / OneOhio	subject			OneOhio (Governor)	0				subject_only
2025-01-01..2025-04-30	20250528EUPA1412254	Ohio Association of County Behavioral Health Authorities	org-ohio-association-of-county-behavioral-health-authorities	Christina Shaynak-Diaz	person-christina-shaynak-diaz	subject_general	Behavioral Health / Recovery	Behavioral Health / Recovery	subject			Recovery Ohio (Governor)	0				subject_only
2025-01-01..2025-04-30	20250528EUPA1412254	Ohio Association of County Behavioral Health Authorities	org-ohio-association-of-county-behavioral-health-authorities	Christina Shaynak-Diaz	person-christina-shaynak-diaz	subject_general	Mental Health / Addiction	Mental Health / Addiction	subject			Mental Health and Addiction Conference (Health)	0				subject_only
2025-01-01..2025-04-30	20250528EUPA1412254	Ohio Association of County Behavioral Health Authorities	org-ohio-association-of-county-behavioral-health-authorities	Christina Shaynak-Diaz	person-christina-shaynak-diaz	subject_general	Behavioral Health / ADAMH / Medicaid	Behavioral Health / ADAMH / Medicaid	subject			ADAMH Board data (Medicaid, Department of)	0				subject_only
2025-01-01..2025-04-30	20250528EUPA1412254	Ohio Association of County Behavioral Health Authorities	org-ohio-association-of-county-behavioral-health-authorities	Christina Shaynak-Diaz	person-christina-shaynak-diaz	subject_general	Medicaid / Managed Care	Medicaid / Managed Care	subject			Managed Care (Medicaid, Department of)	0				subject_only
2025-01-01..2025-04-30	20250528EUPA1412254	Ohio Association of County Behavioral Health Authorities	org-ohio-association-of-county-behavioral-health-authorities	Christina Shaynak-Diaz	person-christina-shaynak-diaz	subject_general	Medicaid / Data	Medicaid / Data	subject			Medicaid Data (Medicaid, Department of)	0				subject_only
2025-01-01..2025-04-30	20250528EUPA1412254	Ohio Association of County Behavioral Health Authorities	org-ohio-association-of-county-behavioral-health-authorities	Christina Shaynak-Diaz	person-christina-shaynak-diaz	subject_general	Medicaid / OhioRISE	Medicaid / OhioRISE	subject			OhioRISE (Medicaid, Department of)	0				subject_only
2025-01-01..2025-04-30	20250528EUPA1412254	Ohio Association of County Behavioral Health Authorities	org-ohio-association-of-county-behavioral-health-authorities	Christina Shaynak-Diaz	person-christina-shaynak-diaz	subject_general	Mental Health / 988 Crisis Line	Mental Health / 988 Crisis Line	subject			988 implementation (Mental Health & Addiction Services)	0				subject_only
2025-01-01..2025-04-30	20250528EUPA1412254	Ohio Association of County Behavioral Health Authorities	org-ohio-association-of-county-behavioral-health-authorities	Christina Shaynak-Diaz	person-christina-shaynak-diaz	subject_general	Behavioral Health / ADAMH	Behavioral Health / ADAMH	subject			ADAMH Board Data (Mental Health & Addiction Services)	0				subject_only
2025-01-01..2025-04-30	20250528EUPA1412254	Ohio Association of County Behavioral Health Authorities	org-ohio-association-of-county-behavioral-health-authorities	Christina Shaynak-Diaz	person-christina-shaynak-diaz	subject_general	Budget / Appropriations	Budget / Appropriations	subject			Appropriations (Mental Health & Addiction Services)	0				subject_only
2025-01-01..2025-04-30	20250528EUPA1412254	Ohio Association of County Behavioral Health Authorities	org-ohio-association-of-county-behavioral-health-authorities	Christina Shaynak-Diaz	person-christina-shaynak-diaz	bill_referenced	HB 96	HB 96	bill	ocd-bill/4e02024d-881d-4a05-9191-b218c16ecff4	Make state operating appropriations for FY 2026-27	Biennial budget/HB 96 (Mental Health & Addiction Services)	1	ocd-person/f4e6c51a-89bd-4841-848b-b1097fd3fc9d	Brian Stewart	primary	direct
2025-01-01..2025-04-30	20250528EUPA1412254	Ohio Association of County Behavioral Health Authorities	org-ohio-association-of-county-behavioral-health-authorities	Christina Shaynak-Diaz	person-christina-shaynak-diaz	subject_general	Behavioral Health / CCBHCs	Behavioral Health / CCBHCs	subject			Certified Community Behavioral Health Clinics (Mental Health & Addiction Services)	0				subject_only
2025-01-01..2025-04-30	20250528EUPA1412254	Ohio Association of County Behavioral Health Authorities	org-ohio-association-of-county-behavioral-health-authorities	Christina Shaynak-Diaz	person-christina-shaynak-diaz	subject_general	Behavioral Health / ORC Chapter 340	Behavioral Health / ORC Chapter 340	subject			Chapter 340 Recommendations (Mental Health & Addiction Services)	0				subject_only
2025-01-01..2025-04-30	20250528EUPA1412254	Ohio Association of County Behavioral Health Authorities	org-ohio-association-of-county-behavioral-health-authorities	Christina Shaynak-Diaz	person-christina-shaynak-diaz	subject_general	Behavioral Health / Community Plans	Behavioral Health / Community Plans	subject			Community Plans (Mental Health & Addiction Services)	0				subject_only
2025-01-01..2025-04-30	20250528EUPA1412254	Ohio Association of County Behavioral Health Authorities	org-ohio-association-of-county-behavioral-health-authorities	Christina Shaynak-Diaz	person-christina-shaynak-diaz	subject_general	Behavioral Health / Competency Restoration	Behavioral Health / Competency Restoration	subject			Competency Restoration (Mental Health & Addiction Services)	0				subject_only
2025-01-01..2025-04-30	20250528EUPA1412254	Ohio Association of County Behavioral Health Authorities	org-ohio-association-of-county-behavioral-health-authorities	Christina Shaynak-Diaz	person-christina-shaynak-diaz	subject_general	Behavioral Health / Crisis Services	Behavioral Health / Crisis Services	subject			Crisis Services (Mental Health & Addiction Services)	0				subject_only
2025-01-01..2025-04-30	20250528EUPA1412254	Ohio Association of County Behavioral Health Authorities	org-ohio-association-of-county-behavioral-health-authorities	Christina Shaynak-Diaz	person-christina-shaynak-diaz	subject_general	Behavioral Health / Crisis Text Line	Behavioral Health / Crisis Text Line	subject			Crisis Text Line (Mental Health & Addiction Services)	0				subject_only
2025-01-01..2025-04-30	20250528EUPA1412254	Ohio Association of County Behavioral Health Authorities	org-ohio-association-of-county-behavioral-health-authorities	Christina Shaynak-Diaz	person-christina-shaynak-diaz	subject_general	Behavioral Health / Federal Funding	Behavioral Health / Federal Funding	subject			Federal Block Grants (Mental Health & Addiction Services)	0				subject_only
2025-01-01..2025-04-30	20250528EUPA1412254	Ohio Association of County Behavioral Health Authorities	org-ohio-association-of-county-behavioral-health-authorities	Christina Shaynak-Diaz	person-christina-shaynak-diaz	subject_general	Behavioral Health / GFMS	Behavioral Health / GFMS	subject			GFMS (Mental Health & Addiction Services)	0				subject_only
2025-01-01..2025-04-30	20250528EUPA1412254	Ohio Association of County Behavioral Health Authorities	org-ohio-association-of-county-behavioral-health-authorities	Christina Shaynak-Diaz	person-christina-shaynak-diaz	subject_general	Behavioral Health / Involuntary Commitment	Behavioral Health / Involuntary Commitment	subject			Involuntary commitment (pink slips) (Mental Health & Addiction Services)	0				subject_only
2025-01-01..2025-04-30	20250528EUPA1412254	Ohio Association of County Behavioral Health Authorities	org-ohio-association-of-county-behavioral-health-authorities	Christina Shaynak-Diaz	person-christina-shaynak-diaz	subject_general	Medicaid / Data	Medicaid / Data	subject			Medicaid Data (Mental Health & Addiction Services)	0				subject_only
2025-01-01..2025-04-30	20250528EUPA1412254	Ohio Association of County Behavioral Health Authorities	org-ohio-association-of-county-behavioral-health-authorities	Christina Shaynak-Diaz	person-christina-shaynak-diaz	subject_general	Mental Health / Addiction Conference	Mental Health / Addiction Conference	subject			Mental Health and Addiction Conference (Mental Health & Addiction Services)	0				subject_only
2025-01-01..2025-04-30	20250528EUPA1412254	Ohio Association of County Behavioral Health Authorities	org-ohio-association-of-county-behavioral-health-authorities	Christina Shaynak-Diaz	person-christina-shaynak-diaz	subject_general	Mental Health / Technology Transfer	Mental Health / Technology Transfer	subject			Mental Health Technology Transfer Grant (Mental Health & Addiction Services)	0				subject_only
2025-01-01..2025-04-30	20250528EUPA1412254	Ohio Association of County Behavioral Health Authorities	org-ohio-association-of-county-behavioral-health-authorities	Christina Shaynak-Diaz	person-christina-shaynak-diaz	subject_general	Mental Health / Addiction	Mental Health / Addiction	subject			MH & Addiction Issues (Mental Health & Addiction Services)	0				subject_only
2025-01-01..2025-04-30	20250528EUPA1412254	Ohio Association of County Behavioral Health Authorities	org-ohio-association-of-county-behavioral-health-authorities	Christina Shaynak-Diaz	person-christina-shaynak-diaz	subject_general	Behavioral Health / ORC Chapter 340	Behavioral Health / ORC Chapter 340	subject			ORC 340 (Mental Health & Addiction Services)	0				subject_only
2025-01-01..2025-04-30	20250528EUPA1412254	Ohio Association of County Behavioral Health Authorities	org-ohio-association-of-county-behavioral-health-authorities	Christina Shaynak-Diaz	person-christina-shaynak-diaz	subject_general	Behavioral Health / Prevention	Behavioral Health / Prevention	subject			Prevention services, Rule 5122-29-20 (Mental Health & Addiction Services)	0				subject_only
2025-01-01..2025-04-30	20250528EUPA1412254	Ohio Association of County Behavioral Health Authorities	org-ohio-association-of-county-behavioral-health-authorities	Christina Shaynak-Diaz	person-christina-shaynak-diaz	subject_general	Behavioral Health / Reentry	Behavioral Health / Reentry	subject			Reentry (Mental Health & Addiction Services)	0				subject_only
2025-01-01..2025-04-30	20250528EUPA1412254	Ohio Association of County Behavioral Health Authorities	org-ohio-association-of-county-behavioral-health-authorities	Christina Shaynak-Diaz	person-christina-shaynak-diaz	subject_general	Behavioral Health / Recovery	Behavioral Health / Recovery	subject			Recovery Conference (Mental Health & Addiction Services)	0				subject_only
2025-01-01..2025-04-30	20250528EUPA1412254	Ohio Association of County Behavioral Health Authorities	org-ohio-association-of-county-behavioral-health-authorities	Christina Shaynak-Diaz	person-christina-shaynak-diaz	subject_general	Opioid / State Grant	Opioid / State Grant	subject			State Opioid Response Grant (Mental Health & Addiction Services)	0				subject_only
2025-01-01..2025-04-30	20250528EUPA1412254	Ohio Association of County Behavioral Health Authorities	org-ohio-association-of-county-behavioral-health-authorities	Christina Shaynak-Diaz	person-christina-shaynak-diaz	subject_general	Behavioral Health / Psychiatric Hospitals	Behavioral Health / Psychiatric Hospitals	subject			State Psychiatric Hospitals (Mental Health & Addiction Services)	0				subject_only
2025-01-01..2025-04-30	20250528EUPA1412254	Ohio Association of County Behavioral Health Authorities	org-ohio-association-of-county-behavioral-health-authorities	Christina Shaynak-Diaz	person-christina-shaynak-diaz	subject_general	Behavioral Health / Workforce	Behavioral Health / Workforce	subject			Workforce (Mental Health & Addiction Services)	0				subject_only
2025-01-01..2025-04-30	20250528EUPA1412254	Ohio Association of County Behavioral Health Authorities	org-ohio-association-of-county-behavioral-health-authorities	Christina Shaynak-Diaz	person-christina-shaynak-diaz	subject_general	Mental Health / Technology Transfer / Corrections	Mental Health / Technology Transfer / Corrections	subject			Mental Health Technology Transfer Grant (Rehabilitation & Corrections)	0				subject_only
2025-01-01..2025-04-30	20250528EUPA1412254	Ohio Association of County Behavioral Health Authorities	org-ohio-association-of-county-behavioral-health-authorities	Christina Shaynak-Diaz	person-christina-shaynak-diaz	subject_general	Behavioral Health / Recovery / Corrections	Behavioral Health / Recovery / Corrections	subject			Recovery Conference (Rehabilitation & Corrections)	0				subject_only
2025-01-01..2025-04-30	20250528EUPA1412254	Ohio Association of County Behavioral Health Authorities	org-ohio-association-of-county-behavioral-health-authorities	Christina Shaynak-Diaz	person-christina-shaynak-diaz	subject_general	Behavioral Health / Reentry / Corrections	Behavioral Health / Reentry / Corrections	subject			Reentry (Rehabilitation & Corrections)	0				subject_only
2025-01-01..2025-04-30	20250528LUPA1409588	Ohio Police & Fire Pension Fund	org-ohio-police-fire-pension-fund	Matt Redfield	person-matt-redfield	bill_referenced	HB 96	HB 96	bill	ocd-bill/4e02024d-881d-4a05-9191-b218c16ecff4	Make state operating appropriations for FY 2026-27	Make state operating appropriations for FY 2026-27	1	ocd-person/f4e6c51a-89bd-4841-848b-b1097fd3fc9d	Brian Stewart	primary	direct
2025-01-01..2025-04-30	20250528LUPA1409588	Ohio Police & Fire Pension Fund	org-ohio-police-fire-pension-fund	Matt Redfield	person-matt-redfield	bill_referenced	HB 280	HB 280	bill	ocd-bill/77563ed3-864a-4578-9535-7e53b9203931	Regards Ohio Police and Fire Pension Fund contributions	Regards Ohio Police and Fire Pension Fund contributions	2	ocd-person/7948afad-ec3c-4e4c-a073-305fb8cd1b21	Thomas Hall	primary	direct
2025-01-01..2025-04-30	20250528LUPA1409588	Ohio Police & Fire Pension Fund	org-ohio-police-fire-pension-fund	Matt Redfield	person-matt-redfield	bill_referenced	HB 280	HB 280	bill	ocd-bill/77563ed3-864a-4578-9535-7e53b9203931	Regards Ohio Police and Fire Pension Fund contributions	Regards Ohio Police and Fire Pension Fund contributions	2	ocd-person/9ae0194c-0f5b-44c6-b84f-a0ec4d3f3a61	Cindy Abrams	primary	direct
2025-01-01..2025-04-30	20250529LUPA1407808	Ohio Wholesale Marketers Association	org-ohio-wholesale-marketers-association	RJ Mancini	person-rj-mancini	bill_referenced	HB 96	HB 96	bill	ocd-bill/4e02024d-881d-4a05-9191-b218c16ecff4	Make state operating appropriations for FY 2026-27	Make state operating appropriations for FY 2026-27	1	ocd-person/f4e6c51a-89bd-4841-848b-b1097fd3fc9d	Brian Stewart	primary	direct
2025-01-01..2025-04-30	20250529LUPA1407808	Ohio Wholesale Marketers Association	org-ohio-wholesale-marketers-association	RJ Mancini	person-rj-mancini	bill_referenced	HB 210	HB 210	bill	ocd-bill/749394e8-343e-4fbe-916f-edb7a6a64ad5	Regards the sale of used catalytic converters	Regards the sale of used catalytic converters	2	ocd-person/1e218942-95f6-43fe-b935-b19ab70fd5fc	Phil Plummer	primary	direct
2025-01-01..2025-04-30	20250529LUPA1407808	Ohio Wholesale Marketers Association	org-ohio-wholesale-marketers-association	RJ Mancini	person-rj-mancini	bill_referenced	HB 210	HB 210	bill	ocd-bill/749394e8-343e-4fbe-916f-edb7a6a64ad5	Regards the sale of used catalytic converters	Regards the sale of used catalytic converters	2	ocd-person/4cece9f3-e252-438b-8255-a2150a4ed599	Bill Roemer	primary	direct
2025-01-01..2025-04-30	20250529LUPA1407808	Ohio Wholesale Marketers Association	org-ohio-wholesale-marketers-association	RJ Mancini	person-rj-mancini	bill_referenced	SB 11	SB 11	bill	ocd-bill/22c54d3e-efce-477c-97d2-916f4710a6c0	Prohibit post-employment agreement restraining career or business	Prohibit post-employment agreement restraining career or business	2	ocd-person/bdc3493a-a22f-4a6b-b50e-b590216d8cfd	William P. DeMora	primary	direct
2025-01-01..2025-04-30	20250529LUPA1407808	Ohio Wholesale Marketers Association	org-ohio-wholesale-marketers-association	RJ Mancini	person-rj-mancini	bill_referenced	SB 11	SB 11	bill	ocd-bill/22c54d3e-efce-477c-97d2-916f4710a6c0	Prohibit post-employment agreement restraining career or business	Prohibit post-employment agreement restraining career or business	2	ocd-person/5a9b2a16-6827-4e00-961a-f3de39538749	Louis W. Blessing, III	primary	direct
2025-01-01..2025-04-30	20250529LUPA1412008	The Springer School & Center	org-the-springer-school-center	Brian K Hicks	person-brian-k-hicks	bill_referenced	HB 96	HB 96	bill	ocd-bill/4e02024d-881d-4a05-9191-b218c16ecff4	Make state operating appropriations for FY 2026-27	Make state operating appropriations for FY 2026-27	1	ocd-person/f4e6c51a-89bd-4841-848b-b1097fd3fc9d	Brian Stewart	primary	direct
2025-01-01..2025-04-30	20250529LUPA1413012	Dimension Renewable Energy	org-dimension-renewable-energy	Joseph R Stevens	person-joseph-r-stevens	bill_referenced	HB 15	HB 15	bill	ocd-bill/dde5117e-486e-42d3-913a-4a88cb7c7af7	Amend competitive retail electric service law	Amend competitive retail electric service law	1	ocd-person/73e72147-0d40-4478-bbf6-3419f0e00b46	Roy Klopfenstein	primary	direct
2025-01-01..2025-04-30	20250529LUPA1413012	Dimension Renewable Energy	org-dimension-renewable-energy	Joseph R Stevens	person-joseph-r-stevens	bill_referenced	HB 96	HB 96	bill	ocd-bill/4e02024d-881d-4a05-9191-b218c16ecff4	Make state operating appropriations for FY 2026-27	Make state operating appropriations for FY 2026-27	1	ocd-person/f4e6c51a-89bd-4841-848b-b1097fd3fc9d	Brian Stewart	primary	direct
2025-01-01..2025-04-30	20250529LUPA1413012	Dimension Renewable Energy	org-dimension-renewable-energy	Joseph R Stevens	person-joseph-r-stevens	bill_referenced	SB 2	SB 2	bill	ocd-bill/3ca8268d-7085-44b8-b1db-07c4dee58f20	Increase power generation; improve Ohio’s electric grid	Increase power generation; improve Ohio's electric grid	1	ocd-person/10733ff7-ee19-4e86-9b5e-65619ddbf7bf	Bill Reineke	primary	direct
2025-01-01..2025-04-30	20250529LUPA1413672	General Electric Company	org-general-electric-company	Pete Giambastiani	person-pete-giambastiani	bill_referenced	HB 54	HB 54	bill	ocd-bill/03729a21-e915-43b7-a8c6-758bf3753c6c	Make appropriations for transportation for FY 2026-27 biennium	Make appropriations for transportation for FY 2026-27 biennium	1	ocd-person/f4e6c51a-89bd-4841-848b-b1097fd3fc9d	Brian Stewart	primary	direct
2025-01-01..2025-04-30	20250529LUPA1413992	University Hospitals Health System	org-university-hospitals-health-system	Jason Knox	person-jason-knox	bill_referenced	HB 12	HB 12	bill	ocd-bill/f43567bb-674b-4060-a934-182e8d23d75d	Enact the Jeff, Dave, and Angie Patient Right to Try Act	Enact the Jeff, Dave, and Angie Patient Right to Try Act	2	ocd-person/cb2ddd04-e5b0-4c96-b217-d02b732eb896	D. J. Swearingen	primary	direct
2025-01-01..2025-04-30	20250529LUPA1413992	University Hospitals Health System	org-university-hospitals-health-system	Jason Knox	person-jason-knox	bill_referenced	HB 12	HB 12	bill	ocd-bill/f43567bb-674b-4060-a934-182e8d23d75d	Enact the Jeff, Dave, and Angie Patient Right to Try Act	Enact the Jeff, Dave, and Angie Patient Right to Try Act	2	ocd-person/4817cf28-df1f-4ccc-bc09-25809222e530	Jennifer Gross	primary	direct
2025-01-01..2025-04-30	20250529LUPA1413992	University Hospitals Health System	org-university-hospitals-health-system	Jason Knox	person-jason-knox	bill_referenced	HB 96	HB 96	bill	ocd-bill/4e02024d-881d-4a05-9191-b218c16ecff4	Make state operating appropriations for FY 2026-27	Make state operating appropriations for FY 2026-27	1	ocd-person/f4e6c51a-89bd-4841-848b-b1097fd3fc9d	Brian Stewart	primary	direct
2025-01-01..2025-04-30	20250529LUPA1413992	University Hospitals Health System	org-university-hospitals-health-system	Jason Knox	person-jason-knox	bill_referenced	HB 141	HB 141	bill	ocd-bill/d114d3f2-76e0-43f9-8adc-f607753ae3be	Regards prescribed pediatric extended care centers	Regards prescribed pediatric extended care centers	2	ocd-person/9ae0194c-0f5b-44c6-b84f-a0ec4d3f3a61	Cindy Abrams	primary	direct
2025-01-01..2025-04-30	20250529LUPA1413992	University Hospitals Health System	org-university-hospitals-health-system	Jason Knox	person-jason-knox	bill_referenced	HB 141	HB 141	bill	ocd-bill/d114d3f2-76e0-43f9-8adc-f607753ae3be	Regards prescribed pediatric extended care centers	Regards prescribed pediatric extended care centers	2	ocd-person/36f320a8-be34-43c2-ac73-ee87fbce6b0c	Rachel B. Baker	primary	direct
2025-01-01..2025-04-30	20250529LUPA1413992	University Hospitals Health System	org-university-hospitals-health-system	Jason Knox	person-jason-knox	bill_referenced	SB 20	SB 20	bill	ocd-bill/e5e2b81b-e4d0-43e1-932d-9d754a37d64e	Designate Ohio Stroke Awareness Week	Designate Ohio Stroke Awareness Week	2	ocd-person/d3508136-3927-461f-a2f0-a85665845ab1	Nathan H. Manning	primary	direct
2025-01-01..2025-04-30	20250529LUPA1413992	University Hospitals Health System	org-university-hospitals-health-system	Jason Knox	person-jason-knox	bill_referenced	SB 20	SB 20	bill	ocd-bill/e5e2b81b-e4d0-43e1-932d-9d754a37d64e	Designate Ohio Stroke Awareness Week	Designate Ohio Stroke Awareness Week	2	ocd-person/df5c391c-65e8-4d61-a9b9-0249ff6eddb7	Nickie J. Antonio	primary	direct
2025-01-01..2025-04-30	20250530EUPA1419016	Warren County Port Authority	org-warren-county-port-authority	Matthew Davis	person-matthew-davis	subject_general	Children and Youth	Children and Youth	subject			Decisions related to pre-k and childcare priorities for FY26-27 operating budget	0				subject_only
2025-01-01..2025-04-30	20250530EUPA1419016	Warren County Port Authority	org-warren-county-port-authority	Matthew Davis	person-matthew-davis	subject_general	Secretary of State	Secretary of State	subject			Decisions related to administration of Ohio business filings, other business services	0				subject_only
2025-01-01..2025-04-30	20250530EUPA1419016	Warren County Port Authority	org-warren-county-port-authority	Matthew Davis	person-matthew-davis	subject_general	Treasurer of State	Treasurer of State	subject			Decisions related to STAR Ohio program	0				subject_only
2025-01-01..2025-04-30	20250530EUPA1419016	Warren County Port Authority	org-warren-county-port-authority	Matthew Davis	person-matthew-davis	subject_general	Auditor of State	Auditor of State	subject			Decisions related to audit of statewide financial data from school districts	0				subject_only
2025-01-01..2025-04-30	20250530EUPA1419016	Warren County Port Authority	org-warren-county-port-authority	Matthew Davis	person-matthew-davis	subject_general	Public Utilities Commission	Public Utilities Commission	subject			Decisions related to administration of Energy Grid Resilience formula grant programs	0				subject_only
2025-01-01..2025-04-30	20250530EUPA1419016	Warren County Port Authority	org-warren-county-port-authority	Matthew Davis	person-matthew-davis	subject_general	Taxation	Taxation	subject			Decisions related to administration OH/Tax eServices system	0				subject_only
2025-01-01..2025-04-30	20250530LUPA1417388	Heinzerling Foundation	org-heinzerling-foundation	Madison Whalen	person-madison-whalen	bill_referenced	HB 96	HB 96	bill	ocd-bill/4e02024d-881d-4a05-9191-b218c16ecff4	Make state operating appropriations for FY 2026-27	Make state operating appropriations for FY 2026-27	1	ocd-person/f4e6c51a-89bd-4841-848b-b1097fd3fc9d	Brian Stewart	primary	direct
2025-01-01..2025-04-30	20250530LUPA1417626	Future Ready 5	org-future-ready-5	Stephen Nielson	person-stephen-nielson	bill_referenced	HB 96	HB 96	bill	ocd-bill/4e02024d-881d-4a05-9191-b218c16ecff4	Make state operating appropriations for FY 2026-27	Make state operating appropriations for FY 2026-27	1	ocd-person/f4e6c51a-89bd-4841-848b-b1097fd3fc9d	Brian Stewart	primary	direct
2025-01-01..2025-04-30	20250601LUPA1420628	Medical Mutual	org-medical-mutual	Sarah Totedo	person-sarah-totedo	bill_referenced	HB 8	HB 8	bill	ocd-bill/ba77a847-ab42-486d-943e-50526c0062b6	Require health plan and Medicaid coverage of biomarker testing	Require health plan and Medicaid coverage of biomarker testing	1	ocd-person/07c054e9-9a51-41b2-994a-8f63b0148d07	Andrea White	primary	direct
2025-01-01..2025-04-30	20250601LUPA1420628	Medical Mutual	org-medical-mutual	Sarah Totedo	person-sarah-totedo	bill_referenced	HB 24	HB 24	bill	ocd-bill/cc4e3376-39c6-4f33-8226-f6d901f36cc7	Provide Medigap policies for certain Medicare-eligible persons	Provide Medigap policies for certain Medicare-eligible persons	2	ocd-person/2481dfc7-d260-49c6-9461-9e6048ed27a2	Bride Rose Sweeney	primary	direct
2025-01-01..2025-04-30	20250601LUPA1420628	Medical Mutual	org-medical-mutual	Sarah Totedo	person-sarah-totedo	bill_referenced	HB 24	HB 24	bill	ocd-bill/cc4e3376-39c6-4f33-8226-f6d901f36cc7	Provide Medigap policies for certain Medicare-eligible persons	Provide Medigap policies for certain Medicare-eligible persons	2	ocd-person/4b7cbc16-7a67-4a61-8fd5-77a857270774	Jamie Callender	primary	direct
2025-01-01..2025-04-30	20250601LUPA1420628	Medical Mutual	org-medical-mutual	Sarah Totedo	person-sarah-totedo	bill_referenced	HB 96	HB 96	bill	ocd-bill/4e02024d-881d-4a05-9191-b218c16ecff4	Make state operating appropriations for FY 2026-27	Make state operating appropriations for FY 2026-27	1	ocd-person/f4e6c51a-89bd-4841-848b-b1097fd3fc9d	Brian Stewart	primary	direct
2025-01-01..2025-04-30	20250601LUPA1420628	Medical Mutual	org-medical-mutual	Sarah Totedo	person-sarah-totedo	bill_referenced	HB 99	HB 99	bill	ocd-bill/9d2a8be5-ef93-427c-a5d9-e42677e8c47e	Exclude certain agricultural entities from insurance regulations	Exclude certain agricultural entities from insurance regulations	1	ocd-person/cdc9f705-514e-4445-ac17-9aeac8f67e97	Bob Peterson	primary	direct
2025-01-01..2025-04-30	20250601LUPA1420628	Medical Mutual	org-medical-mutual	Sarah Totedo	person-sarah-totedo	bill_referenced	SB 100	SB 100	bill	ocd-bill/67745d86-c779-400a-8b48-6b0c6c13e9a2	Exclude certain agricultural entities from insurance regulations	Exclude certain agricultural entities from insurance regulations	1	ocd-person/0e44b586-f6a4-44ee-b6b7-37fa8dc2e8cd	Susan Manchester	primary	direct
2025-01-01..2025-04-30	20250602EUPA1423324	City of Cincinnati	org-city-of-cincinnati	Charles H Gerhardt, III	person-charles-h-gerhardt-iii	subject_general	Operating Budget	Operating Budget	subject			Activities related to the Operating Budget.	0				subject_only
2025-01-01..2025-04-30	20250602LUPA1421736	Columbus Association for the Performing Arts	org-columbus-association-for-the-performing-arts	Tim Biggam	person-tim-biggam	bill_referenced	HB 96	HB 96	bill	ocd-bill/4e02024d-881d-4a05-9191-b218c16ecff4	Make state operating appropriations for FY 2026-27	Make state operating appropriations for FY 2026-27	1	ocd-person/f4e6c51a-89bd-4841-848b-b1097fd3fc9d	Brian Stewart	primary	direct
2025-01-01..2025-04-30	20250602LUPA1423176	Ohio Bankers League	org-ohio-bankers-league	Anthony Lagunzad	person-anthony-lagunzad	bill_referenced	HB 1	HB 1	bill	ocd-bill/5d465c11-0107-45e7-a22a-68dd6295898d	Enact Ohio Property Protection Act	Enact Ohio Property Protection Act	2	ocd-person/73e72147-0d40-4478-bbf6-3419f0e00b46	Roy Klopfenstein	primary	direct
2025-01-01..2025-04-30	20250602LUPA1423176	Ohio Bankers League	org-ohio-bankers-league	Anthony Lagunzad	person-anthony-lagunzad	bill_referenced	HB 1	HB 1	bill	ocd-bill/5d465c11-0107-45e7-a22a-68dd6295898d	Enact Ohio Property Protection Act	Enact Ohio Property Protection Act	2	ocd-person/4ed8184a-01ff-4bdc-a06c-cbf8b4c73fd6	Angela N. King	primary	direct
2025-01-01..2025-04-30	20250602LUPA1423176	Ohio Bankers League	org-ohio-bankers-league	Anthony Lagunzad	person-anthony-lagunzad	bill_referenced	HB 2	HB 2	bill	ocd-bill/7254f227-b69b-4df5-9dcb-0d29fe4bc461	Establish the Child Care Cred Program	Establish the Child Care Cred Program	1	ocd-person/4af0e8db-ad18-424f-abfa-ce31e37c0b7d	Mark Johnson	primary	direct
2025-01-01..2025-04-30	20250602LUPA1423176	Ohio Bankers League	org-ohio-bankers-league	Anthony Lagunzad	person-anthony-lagunzad	bill_referenced	HB 7	HB 7	bill	ocd-bill/53d3554a-b4e9-4a10-9db4-08ab153f679e	Make certain caregivers eligible for publicly funded child care	Make certain caregivers eligible for publicly funded child care	2	ocd-person/352d7ee9-256c-4195-a673-17b7ee200948	Sharon A. Ray	primary	direct
2025-01-01..2025-04-30	20250602LUPA1423176	Ohio Bankers League	org-ohio-bankers-league	Anthony Lagunzad	person-anthony-lagunzad	bill_referenced	HB 7	HB 7	bill	ocd-bill/53d3554a-b4e9-4a10-9db4-08ab153f679e	Make certain caregivers eligible for publicly funded child care	Make certain caregivers eligible for publicly funded child care	2	ocd-person/07c054e9-9a51-41b2-994a-8f63b0148d07	Andrea White	primary	direct
2025-01-01..2025-04-30	20250602LUPA1423176	Ohio Bankers League	org-ohio-bankers-league	Anthony Lagunzad	person-anthony-lagunzad	bill_referenced	HB 18	HB 18	bill	ocd-bill/702704c4-4450-4d78-a3a4-6c1edb8d5f57	Enact the Ohio Strategic Cryptocurrency Reserve Act	Enact the Ohio Strategic Cryptocurrency Reserve Act	1	ocd-person/854b6ce3-a4e1-46db-959a-aa286e4e8942	Steve Demetriou	primary	direct
2025-01-01..2025-04-30	20250602LUPA1423176	Ohio Bankers League	org-ohio-bankers-league	Anthony Lagunzad	person-anthony-lagunzad	bill_referenced	HB 22	HB 22	bill	ocd-bill/be051be4-2f22-40d0-96dd-5c5d9e389201	Authorize homestead exemption for surviving military spouses	Authorize homestead exemption for surviving military spouses	2	ocd-person/170299dd-f2e4-463e-8b8b-ea3b75946120	David Thomas	primary	direct
2025-01-01..2025-04-30	20250602LUPA1423176	Ohio Bankers League	org-ohio-bankers-league	Anthony Lagunzad	person-anthony-lagunzad	bill_referenced	HB 22	HB 22	bill	ocd-bill/be051be4-2f22-40d0-96dd-5c5d9e389201	Authorize homestead exemption for surviving military spouses	Authorize homestead exemption for surviving military spouses	2	ocd-person/a3ccce64-ea28-47dc-8bab-3af6ed2dd860	Brian Lorenz	primary	direct
2025-01-01..2025-04-30	20250602LUPA1423176	Ohio Bankers League	org-ohio-bankers-league	Anthony Lagunzad	person-anthony-lagunzad	bill_referenced	HB 28	HB 28	bill	ocd-bill/af5dfef9-c3d8-43f7-9f8a-caf0d05a7655	Eliminate the authority to levy replacement property tax levies	Eliminate the authority to levy replacement property tax levies	2	ocd-person/7948afad-ec3c-4e4c-a073-305fb8cd1b21	Thomas Hall	primary	direct
2025-01-01..2025-04-30	20250602LUPA1423176	Ohio Bankers League	org-ohio-bankers-league	Anthony Lagunzad	person-anthony-lagunzad	bill_referenced	HB 28	HB 28	bill	ocd-bill/af5dfef9-c3d8-43f7-9f8a-caf0d05a7655	Eliminate the authority to levy replacement property tax levies	Eliminate the authority to levy replacement property tax levies	2	ocd-person/b04e2962-e7c6-46b8-9a99-d7a6d3a32717	Adam Mathews	primary	direct
2025-01-01..2025-04-30	20250602LUPA1423176	Ohio Bankers League	org-ohio-bankers-league	Anthony Lagunzad	person-anthony-lagunzad	bill_referenced	HB 30	HB 30	bill	ocd-bill/de03ad6f-03b1-47f3-bb42-76ce5d1e86a7	Phase-down the state income tax to a flat rate of 2.75%	Phase-down the state income tax to a flat rate of 2.75%	2	ocd-person/1895e223-ba42-4e25-8cd0-915ca5cc2829	Brian Lampton	primary	direct
2025-01-01..2025-04-30	20250602LUPA1423176	Ohio Bankers League	org-ohio-bankers-league	Anthony Lagunzad	person-anthony-lagunzad	bill_referenced	HB 30	HB 30	bill	ocd-bill/de03ad6f-03b1-47f3-bb42-76ce5d1e86a7	Phase-down the state income tax to a flat rate of 2.75%	Phase-down the state income tax to a flat rate of 2.75%	2	ocd-person/b04e2962-e7c6-46b8-9a99-d7a6d3a32717	Adam Mathews	primary	direct
2025-01-01..2025-04-30	20250602LUPA1423176	Ohio Bankers League	org-ohio-bankers-league	Anthony Lagunzad	person-anthony-lagunzad	bill_referenced	HB 34	HB 34	bill	ocd-bill/eeae765b-6851-4d3a-af46-6b0a19131c6b	Increase the state minimum wage	Increase the state minimum wage	2	ocd-person/ed31c4e5-e835-4c4c-9352-217f5dcf1037	Ismail Mohamed	primary	direct
2025-01-01..2025-04-30	20250602LUPA1423176	Ohio Bankers League	org-ohio-bankers-league	Anthony Lagunzad	person-anthony-lagunzad	bill_referenced	HB 34	HB 34	bill	ocd-bill/eeae765b-6851-4d3a-af46-6b0a19131c6b	Increase the state minimum wage	Increase the state minimum wage	2	ocd-person/74c1210d-fb56-4522-8d3a-0a2bb08c972b	Dontavius L. Jarrells	primary	direct
2025-01-01..2025-04-30	20250602LUPA1423176	Ohio Bankers League	org-ohio-bankers-league	Anthony Lagunzad	person-anthony-lagunzad	bill_referenced	HB 54	HB 54	bill	ocd-bill/03729a21-e915-43b7-a8c6-758bf3753c6c	Make appropriations for transportation for FY 2026-27 biennium	Make appropriations for transportation for FY 2026-27 biennium	1	ocd-person/f4e6c51a-89bd-4841-848b-b1097fd3fc9d	Brian Stewart	primary	direct
2025-01-01..2025-04-30	20250602LUPA1423176	Ohio Bankers League	org-ohio-bankers-league	Anthony Lagunzad	person-anthony-lagunzad	bill_referenced	HB 55	HB 55	bill	ocd-bill/2666cdc3-63b3-492c-9bdc-e1d241c5049e	Revise fees for the administration of a probate estate	Revise fees for the administration of a probate estate	1	ocd-person/f4e6c51a-89bd-4841-848b-b1097fd3fc9d	Brian Stewart	primary	direct
2025-01-01..2025-04-30	20250602LUPA1423176	Ohio Bankers League	org-ohio-bankers-league	Anthony Lagunzad	person-anthony-lagunzad	bill_referenced	HB 61	HB 61	bill	ocd-bill/eb9d8b90-87ce-4f18-9939-00f43a7de70b	Modify homestead exemption, owner-occupancy tax credit amount	Modify homestead exemption, owner-occupancy tax credit amount	2	ocd-person/9c459852-5ff7-4607-a09a-6ee2480dece1	Jack K. Daniels	primary	direct
2025-01-01..2025-04-30	20250602LUPA1423176	Ohio Bankers League	org-ohio-bankers-league	Anthony Lagunzad	person-anthony-lagunzad	bill_referenced	HB 61	HB 61	bill	ocd-bill/eb9d8b90-87ce-4f18-9939-00f43a7de70b	Modify homestead exemption, owner-occupancy tax credit amount	Modify homestead exemption, owner-occupancy tax credit amount	2	ocd-person/170299dd-f2e4-463e-8b8b-ea3b75946120	David Thomas	primary	direct
2025-01-01..2025-04-30	20250602LUPA1423176	Ohio Bankers League	org-ohio-bankers-league	Anthony Lagunzad	person-anthony-lagunzad	bill_referenced	HB 78	HB 78	bill	ocd-bill/c026470f-37f0-4b7d-9cc2-bd0965f5edb5	Authorize use of a digital driver's license or state ID card	Authorize use of a digital driver's license or state ID card	2	ocd-person/7948afad-ec3c-4e4c-a073-305fb8cd1b21	Thomas Hall	primary	direct
2025-01-01..2025-04-30	20250602LUPA1423176	Ohio Bankers League	org-ohio-bankers-league	Anthony Lagunzad	person-anthony-lagunzad	bill_referenced	HB 78	HB 78	bill	ocd-bill/c026470f-37f0-4b7d-9cc2-bd0965f5edb5	Authorize use of a digital driver's license or state ID card	Authorize use of a digital driver's license or state ID card	2	ocd-person/9b5a9ff9-b35a-49aa-aa64-5d2bab574843	Joseph A. Miller, III	primary	direct
2025-01-01..2025-04-30	20250602LUPA1423176	Ohio Bankers League	org-ohio-bankers-league	Anthony Lagunzad	person-anthony-lagunzad	bill_referenced	HB 84	HB 84	bill	ocd-bill/c8a862ec-3fa6-4dc4-9ff4-b8be92ec9b96	Enact the Innocence Act	Enact the Innocence Act	2	ocd-person/1e52d1da-3e5c-442e-a460-d63b62709edf	Josh Williams	primary	direct
2025-01-01..2025-04-30	20250602LUPA1423176	Ohio Bankers League	org-ohio-bankers-league	Anthony Lagunzad	person-anthony-lagunzad	bill_referenced	HB 84	HB 84	bill	ocd-bill/c8a862ec-3fa6-4dc4-9ff4-b8be92ec9b96	Enact the Innocence Act	Enact the Innocence Act	2	ocd-person/854b6ce3-a4e1-46db-959a-aa286e4e8942	Steve Demetriou	primary	direct
2025-01-01..2025-04-30	20250602LUPA1423176	Ohio Bankers League	org-ohio-bankers-league	Anthony Lagunzad	person-anthony-lagunzad	bill_referenced	HB 86	HB 86	bill	ocd-bill/942791f2-a325-498c-93cc-eff8b5c10918	Enact the Gus Frangos Act	Enact the Gus Frangos Act	1	ocd-person/854b6ce3-a4e1-46db-959a-aa286e4e8942	Steve Demetriou	primary	direct
2025-01-01..2025-04-30	20250602LUPA1423176	Ohio Bankers League	org-ohio-bankers-league	Anthony Lagunzad	person-anthony-lagunzad	bill_referenced	HB 89	HB 89	bill	ocd-bill/955c1f88-c62c-434e-a763-0c01f9a00a89	Authorize temporary property tax reduction	Authorize temporary property tax reduction	1	ocd-person/392629a2-7bb2-47df-8128-d4cd7d858324	Jean Schmidt	primary	direct
2025-01-01..2025-04-30	20250602LUPA1423176	Ohio Bankers League	org-ohio-bankers-league	Anthony Lagunzad	person-anthony-lagunzad	bill_referenced	HB 94	HB 94	bill	ocd-bill/7745ac28-5f5f-4b1c-8095-00e991e1d5bf	Allow employers to post certain labor law notices on the internet	Allow employers to post certain labor law notices on the internet	2	ocd-person/7948afad-ec3c-4e4c-a073-305fb8cd1b21	Thomas Hall	primary	direct
2025-01-01..2025-04-30	20250602LUPA1423176	Ohio Bankers League	org-ohio-bankers-league	Anthony Lagunzad	person-anthony-lagunzad	bill_referenced	HB 94	HB 94	bill	ocd-bill/7745ac28-5f5f-4b1c-8095-00e991e1d5bf	Allow employers to post certain labor law notices on the internet	Allow employers to post certain labor law notices on the internet	2	ocd-person/b04e2962-e7c6-46b8-9a99-d7a6d3a32717	Adam Mathews	primary	direct
2025-01-01..2025-04-30	20250602LUPA1423176	Ohio Bankers League	org-ohio-bankers-league	Anthony Lagunzad	person-anthony-lagunzad	bill_referenced	HB 96	HB 96	bill	ocd-bill/4e02024d-881d-4a05-9191-b218c16ecff4	Make state operating appropriations for FY 2026-27	Make state operating appropriations for FY 2026-27	1	ocd-person/f4e6c51a-89bd-4841-848b-b1097fd3fc9d	Brian Stewart	primary	direct
2025-01-01..2025-04-30	20250602LUPA1423176	Ohio Bankers League	org-ohio-bankers-league	Anthony Lagunzad	person-anthony-lagunzad	bill_referenced	HB 103	HB 103	bill	ocd-bill/1387e275-83cf-43ee-9284-d25337ff5a5c	Increase the homestead exemption amount and income limit	Increase the homestead exemption amount and income limit	2	ocd-person/7948afad-ec3c-4e4c-a073-305fb8cd1b21	Thomas Hall	primary	direct
2025-01-01..2025-04-30	20250602LUPA1423176	Ohio Bankers League	org-ohio-bankers-league	Anthony Lagunzad	person-anthony-lagunzad	bill_referenced	HB 103	HB 103	bill	ocd-bill/1387e275-83cf-43ee-9284-d25337ff5a5c	Increase the homestead exemption amount and income limit	Increase the homestead exemption amount and income limit	2	ocd-person/04d4dc4f-a38a-4d50-8962-ea961550b2ff	Daniel P. Troy	primary	direct
2025-01-01..2025-04-30	20250602LUPA1423176	Ohio Bankers League	org-ohio-bankers-league	Anthony Lagunzad	person-anthony-lagunzad	bill_referenced	HB 105	HB 105	bill	ocd-bill/853db8db-9418-4e84-bab1-195bbb721443	Revise non-recourse litigation funding agreement regulations	Revise non-recourse litigation funding agreement regulations	2	ocd-person/ba95511f-3692-426c-bf85-c41ff737eeec	Jim Thomas	primary	direct
2025-01-01..2025-04-30	20250602LUPA1423176	Ohio Bankers League	org-ohio-bankers-league	Anthony Lagunzad	person-anthony-lagunzad	bill_referenced	HB 105	HB 105	bill	ocd-bill/853db8db-9418-4e84-bab1-195bbb721443	Revise non-recourse litigation funding agreement regulations	Revise non-recourse litigation funding agreement regulations	2	ocd-person/75257af6-5d83-4d3b-b127-744aaa377c9f	Meredith Craig	primary	direct
2025-01-01..2025-04-30	20250602LUPA1423176	Ohio Bankers League	org-ohio-bankers-league	Anthony Lagunzad	person-anthony-lagunzad	bill_referenced	HB 109	HB 109	bill	ocd-bill/a6cc6aaf-f051-41cb-a410-7867de5e0aab	Regards local regulation, taxing of short-term rental properties	Regards local regulation, taxing of short-term rental properties	1	ocd-person/9892fcd7-9432-425f-85a6-7599fbe3177d	Justin Pizzulli	primary	direct
2025-01-01..2025-04-30	20250602LUPA1423176	Ohio Bankers League	org-ohio-bankers-league	Anthony Lagunzad	person-anthony-lagunzad	bill_referenced	HB 116	HB 116	bill	ocd-bill/84ab6005-9cef-44be-bf2a-502a032d86e0	Enact the Ohio Blockchain Basics Act	Enact the Ohio Blockchain Basics Act	1	ocd-person/854b6ce3-a4e1-46db-959a-aa286e4e8942	Steve Demetriou	primary	direct
2025-01-01..2025-04-30	20250602LUPA1423176	Ohio Bankers League	org-ohio-bankers-league	Anthony Lagunzad	person-anthony-lagunzad	bill_referenced	HB 124	HB 124	bill	ocd-bill/4f8fe75d-eca4-464e-bf45-b0e7e3cce035	Modify process for property tax sales-assessment ratio studies	Modify process for property tax sales-assessment ratio studies	2	ocd-person/7948afad-ec3c-4e4c-a073-305fb8cd1b21	Thomas Hall	primary	direct
2025-01-01..2025-04-30	20250602LUPA1423176	Ohio Bankers League	org-ohio-bankers-league	Anthony Lagunzad	person-anthony-lagunzad	bill_referenced	HB 124	HB 124	bill	ocd-bill/4f8fe75d-eca4-464e-bf45-b0e7e3cce035	Modify process for property tax sales-assessment ratio studies	Modify process for property tax sales-assessment ratio studies	2	ocd-person/170299dd-f2e4-463e-8b8b-ea3b75946120	David Thomas	primary	direct
2025-01-01..2025-04-30	20250602LUPA1423176	Ohio Bankers League	org-ohio-bankers-league	Anthony Lagunzad	person-anthony-lagunzad	bill_referenced	HB 135	HB 135	bill	ocd-bill/defc6ec1-a357-4758-be74-ccc022ad5de9	Prohibit source of income discrimination in rental housing	Prohibit source of income discrimination in rental housing	2	ocd-person/4b1e7c00-c159-407e-83d8-2eb24ba175db	Meredith R. Lawson-Rowe	primary	direct
2025-01-01..2025-04-30	20250602LUPA1423176	Ohio Bankers League	org-ohio-bankers-league	Anthony Lagunzad	person-anthony-lagunzad	bill_referenced	HB 135	HB 135	bill	ocd-bill/defc6ec1-a357-4758-be74-ccc022ad5de9	Prohibit source of income discrimination in rental housing	Prohibit source of income discrimination in rental housing	2	ocd-person/a4c53220-d4a7-4591-b2d8-109516dc9401	Terrence Upchurch	primary	direct
2025-01-01..2025-04-30	20250602LUPA1423176	Ohio Bankers League	org-ohio-bankers-league	Anthony Lagunzad	person-anthony-lagunzad	bill_referenced	HB 143	HB 143	bill	ocd-bill/9aef28bd-d3d1-4aa1-b158-9e96c18d81d5	Authorize property tax exemption for certain long-term homeowners	Authorize property tax exemption for certain long-term homeowners	2	ocd-person/993f089c-60bf-418d-9704-fa92e4f01c71	Sean P. Brennan	primary	direct
2025-01-01..2025-04-30	20250602LUPA1423176	Ohio Bankers League	org-ohio-bankers-league	Anthony Lagunzad	person-anthony-lagunzad	bill_referenced	HB 143	HB 143	bill	ocd-bill/9aef28bd-d3d1-4aa1-b158-9e96c18d81d5	Authorize property tax exemption for certain long-term homeowners	Authorize property tax exemption for certain long-term homeowners	2	ocd-person/b04e2962-e7c6-46b8-9a99-d7a6d3a32717	Adam Mathews	primary	direct
2025-01-01..2025-04-30	20250602LUPA1423176	Ohio Bankers League	org-ohio-bankers-league	Anthony Lagunzad	person-anthony-lagunzad	bill_referenced	HB 149	HB 149	bill	ocd-bill/8977b43e-ce4c-44d9-a533-54f58b5c79e5	Enact Withholding Illegal Revenue Entering Drug Markets WIRED Act	Enact Withholding Illegal Revenue Entering Drug Markets WIRED Act	2	ocd-person/cefb7a31-f46c-4145-9f38-901be3b70e60	Kevin D. Miller	primary	direct
2025-01-01..2025-04-30	20250602LUPA1423176	Ohio Bankers League	org-ohio-bankers-league	Anthony Lagunzad	person-anthony-lagunzad	bill_referenced	HB 149	HB 149	bill	ocd-bill/8977b43e-ce4c-44d9-a533-54f58b5c79e5	Enact Withholding Illegal Revenue Entering Drug Markets WIRED Act	Enact Withholding Illegal Revenue Entering Drug Markets WIRED Act	2	ocd-person/4ed8184a-01ff-4bdc-a06c-cbf8b4c73fd6	Angela N. King	primary	direct
2025-01-01..2025-04-30	20250602LUPA1423176	Ohio Bankers League	org-ohio-bankers-league	Anthony Lagunzad	person-anthony-lagunzad	bill_referenced	HB 152	HB 152	bill	ocd-bill/3e6ddf42-2adb-4438-8dd0-dabcea53c09b	Regulate the provision of earned wage access services	Regulate the provision of earned wage access services	2	ocd-person/a4c53220-d4a7-4591-b2d8-109516dc9401	Terrence Upchurch	primary	direct
2025-01-01..2025-04-30	20250602LUPA1423176	Ohio Bankers League	org-ohio-bankers-league	Anthony Lagunzad	person-anthony-lagunzad	bill_referenced	HB 152	HB 152	bill	ocd-bill/3e6ddf42-2adb-4438-8dd0-dabcea53c09b	Regulate the provision of earned wage access services	Regulate the provision of earned wage access services	2	ocd-person/1e52d1da-3e5c-442e-a460-d63b62709edf	Josh Williams	primary	direct
2025-01-01..2025-04-30	20250602LUPA1423176	Ohio Bankers League	org-ohio-bankers-league	Anthony Lagunzad	person-anthony-lagunzad	bill_referenced	HB 154	HB 154	bill	ocd-bill/ae61daff-be61-41e2-a739-1ee2879a4b85	Require school district approval-certain property tax exemptions	Require school district approval-certain property tax exemptions	2	ocd-person/80daf159-0742-4a3f-9575-e6492155c911	Chris Glassburn	primary	direct
2025-01-01..2025-04-30	20250602LUPA1423176	Ohio Bankers League	org-ohio-bankers-league	Anthony Lagunzad	person-anthony-lagunzad	bill_referenced	HB 154	HB 154	bill	ocd-bill/ae61daff-be61-41e2-a739-1ee2879a4b85	Require school district approval-certain property tax exemptions	Require school district approval-certain property tax exemptions	2	ocd-person/170299dd-f2e4-463e-8b8b-ea3b75946120	David Thomas	primary	direct
2025-01-01..2025-04-30	20250602LUPA1423176	Ohio Bankers League	org-ohio-bankers-league	Anthony Lagunzad	person-anthony-lagunzad	bill_referenced	HB 156	HB 156	bill	ocd-bill/f9520ab4-dfa7-4c60-9f35-e7458df9bdfb	Authorize a property tax freeze for certain owner-occupied homes	Authorize a property tax freeze for certain owner-occupied homes	2	ocd-person/1cc15373-6101-48fb-9597-d731c115eb70	Dani Isaacsohn	primary	direct
2025-01-01..2025-04-30	20250602LUPA1423176	Ohio Bankers League	org-ohio-bankers-league	Anthony Lagunzad	person-anthony-lagunzad	bill_referenced	HB 156	HB 156	bill	ocd-bill/f9520ab4-dfa7-4c60-9f35-e7458df9bdfb	Authorize a property tax freeze for certain owner-occupied homes	Authorize a property tax freeze for certain owner-occupied homes	2	ocd-person/7948afad-ec3c-4e4c-a073-305fb8cd1b21	Thomas Hall	primary	direct
2025-01-01..2025-04-30	20250602LUPA1423176	Ohio Bankers League	org-ohio-bankers-league	Anthony Lagunzad	person-anthony-lagunzad	bill_referenced	HB 161	HB 161	bill	ocd-bill/ab626bda-c762-4470-8f97-1bc2ff53d58b	Extend sales, use and local lodging taxes to short-term rentals	Extend sales, use and local lodging taxes to short-term rentals	2	ocd-person/ba95511f-3692-426c-bf85-c41ff737eeec	Jim Thomas	primary	direct
2025-01-01..2025-04-30	20250602LUPA1423176	Ohio Bankers League	org-ohio-bankers-league	Anthony Lagunzad	person-anthony-lagunzad	bill_referenced	HB 161	HB 161	bill	ocd-bill/ab626bda-c762-4470-8f97-1bc2ff53d58b	Extend sales, use and local lodging taxes to short-term rentals	Extend sales, use and local lodging taxes to short-term rentals	2	ocd-person/0c6a7bcf-e990-41a0-b59c-923f05771880	Adam C. Bird	primary	direct
2025-01-01..2025-04-30	20250602LUPA1423176	Ohio Bankers League	org-ohio-bankers-league	Anthony Lagunzad	person-anthony-lagunzad	bill_referenced	HB 176	HB 176	bill	ocd-bill/6a700a50-ed8f-47b4-91cf-3bb848a1568c	Establish a universal regulatory sandbox program	Establish a universal regulatory sandbox program	2	ocd-person/a3ccce64-ea28-47dc-8bab-3af6ed2dd860	Brian Lorenz	primary	direct
2025-01-01..2025-04-30	20250602LUPA1423176	Ohio Bankers League	org-ohio-bankers-league	Anthony Lagunzad	person-anthony-lagunzad	bill_referenced	HB 176	HB 176	bill	ocd-bill/6a700a50-ed8f-47b4-91cf-3bb848a1568c	Establish a universal regulatory sandbox program	Establish a universal regulatory sandbox program	2	ocd-person/16e469e4-8014-4ba2-8fc4-91804d6ef491	Tex Fischer	primary	direct
2025-01-01..2025-04-30	20250602LUPA1423176	Ohio Bankers League	org-ohio-bankers-league	Anthony Lagunzad	person-anthony-lagunzad	bill_referenced	HB 179	HB 179	bill	ocd-bill/d38153ef-2e08-44e5-908d-d13250325efd	Create property tax reduction statewide screening system	Create property tax reduction statewide screening system	1	ocd-person/fbd5ca34-d2ed-41d0-a0f8-03ee8eca8a4d	Jason Stephens	primary	direct
2025-01-01..2025-04-30	20250602LUPA1423176	Ohio Bankers League	org-ohio-bankers-league	Anthony Lagunzad	person-anthony-lagunzad	bill_referenced	HB 181	HB 181	bill	ocd-bill/cf02d2f5-8836-4ed9-8896-addec54072bf	Provide counsel to destitute defendants facing eviction	Provide counsel to destitute defendants facing eviction	2	ocd-person/4b7cbc16-7a67-4a61-8fd5-77a857270774	Jamie Callender	primary	direct
2025-01-01..2025-04-30	20250602LUPA1423176	Ohio Bankers League	org-ohio-bankers-league	Anthony Lagunzad	person-anthony-lagunzad	bill_referenced	HB 181	HB 181	bill	ocd-bill/cf02d2f5-8836-4ed9-8896-addec54072bf	Provide counsel to destitute defendants facing eviction	Provide counsel to destitute defendants facing eviction	2	ocd-person/4b1e7c00-c159-407e-83d8-2eb24ba175db	Meredith R. Lawson-Rowe	primary	direct
2025-01-01..2025-04-30	20250602LUPA1423176	Ohio Bankers League	org-ohio-bankers-league	Anthony Lagunzad	person-anthony-lagunzad	bill_referenced	HB 185	HB 185	bill	ocd-bill/dc938344-1eed-4df3-9a6f-28b9b5e5ca17	Regards an individual's persona usage; prohibit certain deepfakes	Regards an individual's persona usage; prohibit certain deepfakes	2	ocd-person/09c752d1-59eb-4f43-b401-5092d801f4c1	Ty D. Mathews	primary	direct
2025-01-01..2025-04-30	20250602LUPA1423176	Ohio Bankers League	org-ohio-bankers-league	Anthony Lagunzad	person-anthony-lagunzad	bill_referenced	HB 185	HB 185	bill	ocd-bill/dc938344-1eed-4df3-9a6f-28b9b5e5ca17	Regards an individual's persona usage; prohibit certain deepfakes	Regards an individual's persona usage; prohibit certain deepfakes	2	ocd-person/b04e2962-e7c6-46b8-9a99-d7a6d3a32717	Adam Mathews	primary	direct
2025-01-01..2025-04-30	20250602LUPA1423176	Ohio Bankers League	org-ohio-bankers-league	Anthony Lagunzad	person-anthony-lagunzad	bill_referenced	HB 195	HB 195	bill	ocd-bill/e132ad38-3478-4e50-bd91-cca667c237d9	Revise the Ohio Uniform Commercial Code	Revise the Ohio Uniform Commercial Code	2	ocd-person/b04e2962-e7c6-46b8-9a99-d7a6d3a32717	Adam Mathews	primary	direct
2025-01-01..2025-04-30	20250602LUPA1423176	Ohio Bankers League	org-ohio-bankers-league	Anthony Lagunzad	person-anthony-lagunzad	bill_referenced	HB 195	HB 195	bill	ocd-bill/e132ad38-3478-4e50-bd91-cca667c237d9	Revise the Ohio Uniform Commercial Code	Revise the Ohio Uniform Commercial Code	2	ocd-person/1cc15373-6101-48fb-9597-d731c115eb70	Dani Isaacsohn	primary	direct
2025-01-01..2025-04-30	20250602LUPA1423176	Ohio Bankers League	org-ohio-bankers-league	Anthony Lagunzad	person-anthony-lagunzad	bill_referenced	HB 198	HB 198	bill	ocd-bill/b2ba30b9-5cee-47d1-834d-96e84125cfba	Regulate manufacture, sale of inhalable, ingestible hemp products	Regulate manufacture, sale of inhalable, ingestible hemp products	2	ocd-person/09c752d1-59eb-4f43-b401-5092d801f4c1	Ty D. Mathews	primary	direct
2025-01-01..2025-04-30	20250602LUPA1423176	Ohio Bankers League	org-ohio-bankers-league	Anthony Lagunzad	person-anthony-lagunzad	bill_referenced	HB 198	HB 198	bill	ocd-bill/b2ba30b9-5cee-47d1-834d-96e84125cfba	Regulate manufacture, sale of inhalable, ingestible hemp products	Regulate manufacture, sale of inhalable, ingestible hemp products	2	ocd-person/16e469e4-8014-4ba2-8fc4-91804d6ef491	Tex Fischer	primary	direct
2025-01-01..2025-04-30	20250602LUPA1423176	Ohio Bankers League	org-ohio-bankers-league	Anthony Lagunzad	person-anthony-lagunzad	bill_referenced	HB 206	HB 206	bill	ocd-bill/fdcead3f-e62b-4af4-b1e0-10825a2bfe22	Establish a transactional currency based on gold and silver	Establish a transactional currency based on gold and silver	2	ocd-person/d6ca7e4f-dcf2-4aad-a919-a2740bae649a	Riordan T. McClain	primary	direct
2025-01-01..2025-04-30	20250602LUPA1423176	Ohio Bankers League	org-ohio-bankers-league	Anthony Lagunzad	person-anthony-lagunzad	bill_referenced	HB 206	HB 206	bill	ocd-bill/fdcead3f-e62b-4af4-b1e0-10825a2bfe22	Establish a transactional currency based on gold and silver	Establish a transactional currency based on gold and silver	2	ocd-person/4817cf28-df1f-4ccc-bc09-25809222e530	Jennifer Gross	primary	direct
2025-01-01..2025-04-30	20250602LUPA1423176	Ohio Bankers League	org-ohio-bankers-league	Anthony Lagunzad	person-anthony-lagunzad	bill_referenced	HB 212	HB 212	bill	ocd-bill/df5069c2-8dee-4629-ad1a-14ec94c4bd71	Allow eligible homeowners to defer property tax payment	Allow eligible homeowners to defer property tax payment	2	ocd-person/18864718-3e48-4236-9afb-b1a61e4c52e2	Tristan Rader	primary	direct
2025-01-01..2025-04-30	20250602LUPA1423176	Ohio Bankers League	org-ohio-bankers-league	Anthony Lagunzad	person-anthony-lagunzad	bill_referenced	HB 212	HB 212	bill	ocd-bill/df5069c2-8dee-4629-ad1a-14ec94c4bd71	Allow eligible homeowners to defer property tax payment	Allow eligible homeowners to defer property tax payment	2	ocd-person/b2c76bf8-569f-4e80-bd3d-fa8273a8356c	Latyna M. Humphrey	primary	direct
2025-01-01..2025-04-30	20250602LUPA1423176	Ohio Bankers League	org-ohio-bankers-league	Anthony Lagunzad	person-anthony-lagunzad	bill_referenced	HB 215	HB 215	bill	ocd-bill/67491449-7245-42c0-a0b7-de017fc91e02	Prohibit property tax levies from taking effect in current year	Prohibit property tax levies from taking effect in current year	2	ocd-person/fbd5ca34-d2ed-41d0-a0f8-03ee8eca8a4d	Jason Stephens	primary	direct
2025-01-01..2025-04-30	20250602LUPA1423176	Ohio Bankers League	org-ohio-bankers-league	Anthony Lagunzad	person-anthony-lagunzad	bill_referenced	HB 215	HB 215	bill	ocd-bill/67491449-7245-42c0-a0b7-de017fc91e02	Prohibit property tax levies from taking effect in current year	Prohibit property tax levies from taking effect in current year	2	ocd-person/74c1210d-fb56-4522-8d3a-0a2bb08c972b	Dontavius L. Jarrells	primary	direct
2025-01-01..2025-04-30	20250602LUPA1423176	Ohio Bankers League	org-ohio-bankers-league	Anthony Lagunzad	person-anthony-lagunzad	bill_referenced	HB 229	HB 229	bill	ocd-bill/c1f69328-232b-43a2-a683-57b47df045f7	Establish licensing process, contract requirements for PBMs	Establish licensing process, contract requirements for PBMs	1	ocd-person/97821235-4116-44d1-b58b-acf822bbdc58	Kellie Deeter	primary	direct
2025-01-01..2025-04-30	20250602LUPA1423176	Ohio Bankers League	org-ohio-bankers-league	Anthony Lagunzad	person-anthony-lagunzad	bill_referenced	HB 230	HB 230	bill	ocd-bill/223faf3e-077d-477b-9d9e-a4ee245470cf	Revise the joint venture title insurance company law	Revise the joint venture title insurance company law	1	ocd-person/170299dd-f2e4-463e-8b8b-ea3b75946120	David Thomas	primary	direct
2025-01-01..2025-04-30	20250602LUPA1423176	Ohio Bankers League	org-ohio-bankers-league	Anthony Lagunzad	person-anthony-lagunzad	bill_referenced	HB 231	HB 231	bill	ocd-bill/01a75671-744f-4e72-9d83-9d6b094a134c	Enact the Paid Parental Leave Act	Enact the Paid Parental Leave Act	2	ocd-person/fb957ddc-f41c-400d-ae32-47f7e729555b	Melanie Miller	primary	direct
2025-01-01..2025-04-30	20250602LUPA1423176	Ohio Bankers League	org-ohio-bankers-league	Anthony Lagunzad	person-anthony-lagunzad	bill_referenced	HB 231	HB 231	bill	ocd-bill/01a75671-744f-4e72-9d83-9d6b094a134c	Enact the Paid Parental Leave Act	Enact the Paid Parental Leave Act	2	ocd-person/1e52d1da-3e5c-442e-a460-d63b62709edf	Josh Williams	primary	direct
2025-01-01..2025-04-30	20250602LUPA1423176	Ohio Bankers League	org-ohio-bankers-league	Anthony Lagunzad	person-anthony-lagunzad	bill_referenced	HB 232	HB 232	bill	ocd-bill/f02384a3-ecc9-485b-bdc4-7c02ae3e42bd	Modify the law governing certain property tax complaints	Modify the law governing certain property tax complaints	2	ocd-person/170299dd-f2e4-463e-8b8b-ea3b75946120	David Thomas	primary	direct
2025-01-01..2025-04-30	20250602LUPA1423176	Ohio Bankers League	org-ohio-bankers-league	Anthony Lagunzad	person-anthony-lagunzad	bill_referenced	HB 232	HB 232	bill	ocd-bill/f02384a3-ecc9-485b-bdc4-7c02ae3e42bd	Modify the law governing certain property tax complaints	Modify the law governing certain property tax complaints	2	ocd-person/b04e2962-e7c6-46b8-9a99-d7a6d3a32717	Adam Mathews	primary	direct
2025-01-01..2025-04-30	20250602LUPA1423176	Ohio Bankers League	org-ohio-bankers-league	Anthony Lagunzad	person-anthony-lagunzad	bill_referenced	HB 257	HB 257	bill	ocd-bill/c6fd740f-064d-44e1-9854-e6aac381f727	Enact the Ohio Medical Debt Fairness Act	Enact the Ohio Medical Debt Fairness Act	2	ocd-person/392629a2-7bb2-47df-8128-d4cd7d858324	Jean Schmidt	primary	direct
2025-01-01..2025-04-30	20250602LUPA1423176	Ohio Bankers League	org-ohio-bankers-league	Anthony Lagunzad	person-anthony-lagunzad	bill_referenced	HB 257	HB 257	bill	ocd-bill/c6fd740f-064d-44e1-9854-e6aac381f727	Enact the Ohio Medical Debt Fairness Act	Enact the Ohio Medical Debt Fairness Act	2	ocd-person/100ae6b0-0c5d-4b97-9ac5-8ccb42b9168b	Michele Grim	primary	direct
2025-01-01..2025-04-30	20250602LUPA1423176	Ohio Bankers League	org-ohio-bankers-league	Anthony Lagunzad	person-anthony-lagunzad	bill_referenced	HB 261	HB 261	bill	ocd-bill/538ee45a-9845-4a17-a126-0970495d539d	Increase the amount of the standard homestead exemption	Increase the amount of the standard homestead exemption	2	ocd-person/a3ccce64-ea28-47dc-8bab-3af6ed2dd860	Brian Lorenz	primary	direct
2025-01-01..2025-04-30	20250602LUPA1423176	Ohio Bankers League	org-ohio-bankers-league	Anthony Lagunzad	person-anthony-lagunzad	bill_referenced	HB 261	HB 261	bill	ocd-bill/538ee45a-9845-4a17-a126-0970495d539d	Increase the amount of the standard homestead exemption	Increase the amount of the standard homestead exemption	2	ocd-person/7bcb4dfa-e4d3-46cd-b158-057b1b4b9a0a	Tracy M. Richardson	primary	direct
2025-01-01..2025-04-30	20250602LUPA1423176	Ohio Bankers League	org-ohio-bankers-league	Anthony Lagunzad	person-anthony-lagunzad	bill_referenced	HB 273	HB 273	bill	ocd-bill/5b9f60f5-da66-4b76-8973-5c573a51a6a8	Modify certain property tax rollbacks	Modify certain property tax rollbacks	1	ocd-person/fbd5ca34-d2ed-41d0-a0f8-03ee8eca8a4d	Jason Stephens	primary	direct
2025-01-01..2025-04-30	20250602LUPA1423176	Ohio Bankers League	org-ohio-bankers-league	Anthony Lagunzad	person-anthony-lagunzad	bill_referenced	HB 279	HB 279	bill	ocd-bill/1af811d4-b33d-45a3-9604-5a177158a36d	Authorize an income tax credit for family caregiving expenses	Authorize an income tax credit for family caregiving expenses	2	ocd-person/1e52d1da-3e5c-442e-a460-d63b62709edf	Josh Williams	primary	direct
2025-01-01..2025-04-30	20250602LUPA1423176	Ohio Bankers League	org-ohio-bankers-league	Anthony Lagunzad	person-anthony-lagunzad	bill_referenced	HB 279	HB 279	bill	ocd-bill/1af811d4-b33d-45a3-9604-5a177158a36d	Authorize an income tax credit for family caregiving expenses	Authorize an income tax credit for family caregiving expenses	2	ocd-person/b04e2962-e7c6-46b8-9a99-d7a6d3a32717	Adam Mathews	primary	direct
2025-01-01..2025-04-30	20250602LUPA1423176	Ohio Bankers League	org-ohio-bankers-league	Anthony Lagunzad	person-anthony-lagunzad	bill_referenced	HB 288	HB 288	bill	ocd-bill/f10f0b0d-a385-478f-b49d-64bde88e7f89	Require construction project owners to timely pay contractors	Require construction project owners to timely pay contractors	2	ocd-person/2481dfc7-d260-49c6-9461-9e6048ed27a2	Bride Rose Sweeney	primary	direct
2025-01-01..2025-04-30	20250602LUPA1423176	Ohio Bankers League	org-ohio-bankers-league	Anthony Lagunzad	person-anthony-lagunzad	bill_referenced	HB 288	HB 288	bill	ocd-bill/f10f0b0d-a385-478f-b49d-64bde88e7f89	Require construction project owners to timely pay contractors	Require construction project owners to timely pay contractors	2	ocd-person/4cece9f3-e252-438b-8255-a2150a4ed599	Bill Roemer	primary	direct
2025-01-01..2025-04-30	20250602LUPA1423176	Ohio Bankers League	org-ohio-bankers-league	Anthony Lagunzad	person-anthony-lagunzad	bill_referenced	HB 295	HB 295	bill	ocd-bill/f17ba7fe-5f15-4f60-90ff-4e89e586829d	Expedite unauthorized occupant removal; prohibit fraudulent deeds	Expedite unauthorized occupant removal; prohibit fraudulent deeds	1	ocd-person/d2ecec1d-db13-4a47-836b-9e75f3a31c78	Tom Young	primary	direct
2025-01-01..2025-04-30	20250602LUPA1423176	Ohio Bankers League	org-ohio-bankers-league	Anthony Lagunzad	person-anthony-lagunzad	bill_referenced	HB 302	HB 302	bill	ocd-bill/374787ee-3426-457e-956d-31c5f5ca868f	Establish age verification, parental consent for apps, developers	Establish age verification, parental consent for apps, developers	2	ocd-person/1e218942-95f6-43fe-b935-b19ab70fd5fc	Phil Plummer	primary	direct
2025-01-01..2025-04-30	20250602LUPA1423176	Ohio Bankers League	org-ohio-bankers-league	Anthony Lagunzad	person-anthony-lagunzad	bill_referenced	HB 302	HB 302	bill	ocd-bill/374787ee-3426-457e-956d-31c5f5ca868f	Establish age verification, parental consent for apps, developers	Establish age verification, parental consent for apps, developers	2	ocd-person/098614cd-1972-4b98-ade6-4f5fa7cefe5b	Heidi Workman	primary	direct
2025-01-01..2025-04-30	20250602LUPA1423176	Ohio Bankers League	org-ohio-bankers-league	Anthony Lagunzad	person-anthony-lagunzad	bill_referenced	SB 1	SB 1	bill	ocd-bill/c20b9b2c-65b0-4c21-8563-b91264ec113f	Enact Advance Ohio Higher Education Act	Enact Advance Ohio Higher Education Act	1	ocd-person/b27fdceb-e9c1-46b8-9fc2-323c3f6f784c	Jerry C. Cirino	primary	direct
2025-01-01..2025-04-30	20250602LUPA1423176	Ohio Bankers League	org-ohio-bankers-league	Anthony Lagunzad	person-anthony-lagunzad	bill_referenced	SB 3	SB 3	bill	ocd-bill/0084ffe5-adcb-4629-8e26-e8a7a279dd3c	Phase-down the state income tax to a flat rate of 2.75%	Phase-down the state income tax to a flat rate of 2.75%	2	ocd-person/b21d9dcd-21e9-4071-936d-f89fc5d8f643	Stephen A. Huffman	primary	direct
2025-01-01..2025-04-30	20250602LUPA1423176	Ohio Bankers League	org-ohio-bankers-league	Anthony Lagunzad	person-anthony-lagunzad	bill_referenced	SB 3	SB 3	bill	ocd-bill/0084ffe5-adcb-4629-8e26-e8a7a279dd3c	Phase-down the state income tax to a flat rate of 2.75%	Phase-down the state income tax to a flat rate of 2.75%	2	ocd-person/445d3fc7-d9a5-48d8-8869-f023aa274ae7	George F. Lang	primary	direct
2025-01-01..2025-04-30	20250602LUPA1423176	Ohio Bankers League	org-ohio-bankers-league	Anthony Lagunzad	person-anthony-lagunzad	bill_referenced	SB 5	SB 5	bill	ocd-bill/f9774ea2-53ad-49cf-a0fe-457206bce989	Expedite unauthorized occupant removal; prohibit fraudulent deeds	Expedite unauthorized occupant removal; prohibit fraudulent deeds	2	ocd-person/b21d9dcd-21e9-4071-936d-f89fc5d8f643	Stephen A. Huffman	primary	direct
2025-01-01..2025-04-30	20250602LUPA1423176	Ohio Bankers League	org-ohio-bankers-league	Anthony Lagunzad	person-anthony-lagunzad	bill_referenced	SB 5	SB 5	bill	ocd-bill/f9774ea2-53ad-49cf-a0fe-457206bce989	Expedite unauthorized occupant removal; prohibit fraudulent deeds	Expedite unauthorized occupant removal; prohibit fraudulent deeds	2	ocd-person/c61c8eaf-1de9-419d-a5dc-c96787315578	Andrew O. Brenner	primary	direct
2025-01-01..2025-04-30	20250602LUPA1423176	Ohio Bankers League	org-ohio-bankers-league	Anthony Lagunzad	person-anthony-lagunzad	bill_referenced	SB 11	SB 11	bill	ocd-bill/22c54d3e-efce-477c-97d2-916f4710a6c0	Prohibit post-employment agreement restraining career or business	Prohibit post-employment agreement restraining career or business	2	ocd-person/bdc3493a-a22f-4a6b-b50e-b590216d8cfd	William P. DeMora	primary	direct
2025-01-01..2025-04-30	20250602LUPA1423176	Ohio Bankers League	org-ohio-bankers-league	Anthony Lagunzad	person-anthony-lagunzad	bill_referenced	SB 11	SB 11	bill	ocd-bill/22c54d3e-efce-477c-97d2-916f4710a6c0	Prohibit post-employment agreement restraining career or business	Prohibit post-employment agreement restraining career or business	2	ocd-person/5a9b2a16-6827-4e00-961a-f3de39538749	Louis W. Blessing, III	primary	direct
2025-01-01..2025-04-30	20250602LUPA1423176	Ohio Bankers League	org-ohio-bankers-league	Anthony Lagunzad	person-anthony-lagunzad	bill_referenced	SB 15	SB 15	bill	ocd-bill/78387669-5f33-403e-95b2-eca850a8bdc6	Allow port authorities to establish a Common Bond Fund Program	Allow port authorities to establish a Common Bond Fund Program	2	ocd-person/26444e7e-72b2-4838-bc24-31899c90d504	Steve Wilson	primary	direct
2025-01-01..2025-04-30	20250602LUPA1423176	Ohio Bankers League	org-ohio-bankers-league	Anthony Lagunzad	person-anthony-lagunzad	bill_referenced	SB 15	SB 15	bill	ocd-bill/78387669-5f33-403e-95b2-eca850a8bdc6	Allow port authorities to establish a Common Bond Fund Program	Allow port authorities to establish a Common Bond Fund Program	2	ocd-person/c61c8eaf-1de9-419d-a5dc-c96787315578	Andrew O. Brenner	primary	direct
2025-01-01..2025-04-30	20250602LUPA1423176	Ohio Bankers League	org-ohio-bankers-league	Anthony Lagunzad	person-anthony-lagunzad	bill_referenced	SB 22	SB 22	bill	ocd-bill/2375f40c-0a36-4418-b126-89c189818a76	Authorize tax credit or rebate for certain homeowners, renters	Authorize tax credit or rebate for certain homeowners, renters	2	ocd-person/ed858ef9-97dc-4be8-97ab-006ea96923ae	Hearcel F. Craig	primary	direct
2025-01-01..2025-04-30	20250602LUPA1423176	Ohio Bankers League	org-ohio-bankers-league	Anthony Lagunzad	person-anthony-lagunzad	bill_referenced	SB 22	SB 22	bill	ocd-bill/2375f40c-0a36-4418-b126-89c189818a76	Authorize tax credit or rebate for certain homeowners, renters	Authorize tax credit or rebate for certain homeowners, renters	2	ocd-person/5a9b2a16-6827-4e00-961a-f3de39538749	Louis W. Blessing, III	primary	direct
2025-01-01..2025-04-30	20250602LUPA1423176	Ohio Bankers League	org-ohio-bankers-league	Anthony Lagunzad	person-anthony-lagunzad	bill_referenced	SB 28	SB 28	bill	ocd-bill/fd9fefc5-8b7d-4e41-abe5-261dfb075488	Levy a tax on certain high-volume landlords	Levy a tax on certain high-volume landlords	2	ocd-person/df5c391c-65e8-4d61-a9b9-0249ff6eddb7	Nickie J. Antonio	primary	direct
2025-01-01..2025-04-30	20250602LUPA1423176	Ohio Bankers League	org-ohio-bankers-league	Anthony Lagunzad	person-anthony-lagunzad	bill_referenced	SB 28	SB 28	bill	ocd-bill/fd9fefc5-8b7d-4e41-abe5-261dfb075488	Levy a tax on certain high-volume landlords	Levy a tax on certain high-volume landlords	2	ocd-person/5a9b2a16-6827-4e00-961a-f3de39538749	Louis W. Blessing, III	primary	direct
2025-01-01..2025-04-30	20250602LUPA1423176	Ohio Bankers League	org-ohio-bankers-league	Anthony Lagunzad	person-anthony-lagunzad	bill_referenced	SB 29	SB 29	bill	ocd-bill/bc0aeb22-a683-4706-a195-aa23e6ccf883	Allow municipalities create joint economic development district	Allow municipalities create joint economic development district	2	ocd-person/94ba65dd-57c5-4ab0-b607-5e310d50cae0	Catherine D. Ingram	primary	direct
2025-01-01..2025-04-30	20250602LUPA1423176	Ohio Bankers League	org-ohio-bankers-league	Anthony Lagunzad	person-anthony-lagunzad	bill_referenced	SB 29	SB 29	bill	ocd-bill/bc0aeb22-a683-4706-a195-aa23e6ccf883	Allow municipalities create joint economic development district	Allow municipalities create joint economic development district	2	ocd-person/5a9b2a16-6827-4e00-961a-f3de39538749	Louis W. Blessing, III	primary	direct
2025-01-01..2025-04-30	20250602LUPA1423176	Ohio Bankers League	org-ohio-bankers-league	Anthony Lagunzad	person-anthony-lagunzad	bill_referenced	SB 30	SB 30	bill	ocd-bill/83c987b7-1a84-42b8-819b-ac5432129859	Require retail merchants to give customers the option to pay cash	Require retail merchants to give customers the option to pay cash	2	ocd-person/94ba65dd-57c5-4ab0-b607-5e310d50cae0	Catherine D. Ingram	primary	direct
2025-01-01..2025-04-30	20250602LUPA1423176	Ohio Bankers League	org-ohio-bankers-league	Anthony Lagunzad	person-anthony-lagunzad	bill_referenced	SB 30	SB 30	bill	ocd-bill/83c987b7-1a84-42b8-819b-ac5432129859	Require retail merchants to give customers the option to pay cash	Require retail merchants to give customers the option to pay cash	2	ocd-person/5a9b2a16-6827-4e00-961a-f3de39538749	Louis W. Blessing, III	primary	direct
2025-01-01..2025-04-30	20250602LUPA1423176	Ohio Bankers League	org-ohio-bankers-league	Anthony Lagunzad	person-anthony-lagunzad	bill_referenced	SB 33	SB 33	bill	ocd-bill/0ed4ede2-53a2-4183-8447-1ec451ee2cbd	Allow employers to post certain labor law notices on the internet	Allow employers to post certain labor law notices on the internet	2	ocd-person/445d3fc7-d9a5-48d8-8869-f023aa274ae7	George F. Lang	primary	direct
2025-01-01..2025-04-30	20250602LUPA1423176	Ohio Bankers League	org-ohio-bankers-league	Anthony Lagunzad	person-anthony-lagunzad	bill_referenced	SB 33	SB 33	bill	ocd-bill/0ed4ede2-53a2-4183-8447-1ec451ee2cbd	Allow employers to post certain labor law notices on the internet	Allow employers to post certain labor law notices on the internet	2	ocd-person/26444e7e-72b2-4838-bc24-31899c90d504	Steve Wilson	primary	direct
2025-01-01..2025-04-30	20250602LUPA1423176	Ohio Bankers League	org-ohio-bankers-league	Anthony Lagunzad	person-anthony-lagunzad	bill_referenced	SB 35	SB 35	bill	ocd-bill/290a39f8-8479-42b1-b0b6-ea2f89dbf075	Regards supported decision-making for certain disabled adults	Regards supported decision-making for certain disabled adults	2	ocd-person/79af20c0-6eb6-44a2-ba79-9c7e5e10ea04	Michele Reynolds	primary	direct
2025-01-01..2025-04-30	20250602LUPA1423176	Ohio Bankers League	org-ohio-bankers-league	Anthony Lagunzad	person-anthony-lagunzad	bill_referenced	SB 35	SB 35	bill	ocd-bill/290a39f8-8479-42b1-b0b6-ea2f89dbf075	Regards supported decision-making for certain disabled adults	Regards supported decision-making for certain disabled adults	2	ocd-person/b27fdceb-e9c1-46b8-9fc2-323c3f6f784c	Jerry C. Cirino	primary	direct
2025-01-01..2025-04-30	20250602LUPA1423176	Ohio Bankers League	org-ohio-bankers-league	Anthony Lagunzad	person-anthony-lagunzad	bill_referenced	SB 42	SB 42	bill	ocd-bill/92e67e77-bf36-46b4-9eee-d21065bcdeb6	Authorize residential stability zones with property tax exemption	Authorize residential stability zones with property tax exemption	2	ocd-person/ed858ef9-97dc-4be8-97ab-006ea96923ae	Hearcel F. Craig	primary	direct
2025-01-01..2025-04-30	20250602LUPA1423176	Ohio Bankers League	org-ohio-bankers-league	Anthony Lagunzad	person-anthony-lagunzad	bill_referenced	SB 42	SB 42	bill	ocd-bill/92e67e77-bf36-46b4-9eee-d21065bcdeb6	Authorize residential stability zones with property tax exemption	Authorize residential stability zones with property tax exemption	2	ocd-person/79af20c0-6eb6-44a2-ba79-9c7e5e10ea04	Michele Reynolds	primary	direct
2025-01-01..2025-04-30	20250602LUPA1423176	Ohio Bankers League	org-ohio-bankers-league	Anthony Lagunzad	person-anthony-lagunzad	bill_referenced	SB 57	SB 57	bill	ocd-bill/8dbd4452-d3e7-46d6-b75e-05e90ea48d13	Enact the Ohio Bitcoin Reserve Act	Enact the Ohio Bitcoin Reserve Act	1	ocd-person/d665e333-f7e3-43e2-b440-17920f62c60b	Sandra O'Brien	primary	direct
2025-01-01..2025-04-30	20250602LUPA1423176	Ohio Bankers League	org-ohio-bankers-league	Anthony Lagunzad	person-anthony-lagunzad	bill_referenced	SB 65	SB 65	bill	ocd-bill/3c87e13e-e54b-408e-84d5-7dddf2d5c331	Revise product contracts, vehicle agreements, motor vehicle laws	Revise product contracts, vehicle agreements, motor vehicle laws	1	ocd-person/445d3fc7-d9a5-48d8-8869-f023aa274ae7	George F. Lang	primary	direct
2025-01-01..2025-04-30	20250602LUPA1423176	Ohio Bankers League	org-ohio-bankers-league	Anthony Lagunzad	person-anthony-lagunzad	bill_referenced	SB 66	SB 66	bill	ocd-bill/3b7358f4-50dd-47b5-be23-7e25383bd858	Include certain levies, taxes in school millage floor calculation	Include certain levies, taxes in school millage floor calculation	2	ocd-person/445d3fc7-d9a5-48d8-8869-f023aa274ae7	George F. Lang	primary	direct
2025-01-01..2025-04-30	20250602LUPA1423176	Ohio Bankers League	org-ohio-bankers-league	Anthony Lagunzad	person-anthony-lagunzad	bill_referenced	SB 66	SB 66	bill	ocd-bill/3b7358f4-50dd-47b5-be23-7e25383bd858	Include certain levies, taxes in school millage floor calculation	Include certain levies, taxes in school millage floor calculation	2	ocd-person/d665e333-f7e3-43e2-b440-17920f62c60b	Sandra O'Brien	primary	direct
2025-01-01..2025-04-30	20250602LUPA1423176	Ohio Bankers League	org-ohio-bankers-league	Anthony Lagunzad	person-anthony-lagunzad	bill_referenced	SB 70	SB 70	bill	ocd-bill/33e258d1-ac5e-4a03-9361-cad895e3d238	Enact the Ohio Fairness Act	Enact the Ohio Fairness Act	1	ocd-person/df5c391c-65e8-4d61-a9b9-0249ff6eddb7	Nickie J. Antonio	primary	direct
2025-01-01..2025-04-30	20250602LUPA1423176	Ohio Bankers League	org-ohio-bankers-league	Anthony Lagunzad	person-anthony-lagunzad	bill_referenced	SB 75	SB 75	bill	ocd-bill/c9e3d2f8-e3e9-4e81-944f-971c41a93f19	Increase penalty for failure to report a lost or stolen firearm	Increase penalty for failure to report a lost or stolen firearm	2	ocd-person/94ba65dd-57c5-4ab0-b607-5e310d50cae0	Catherine D. Ingram	primary	direct
2025-01-01..2025-04-30	20250602LUPA1423176	Ohio Bankers League	org-ohio-bankers-league	Anthony Lagunzad	person-anthony-lagunzad	bill_referenced	SB 75	SB 75	bill	ocd-bill/c9e3d2f8-e3e9-4e81-944f-971c41a93f19	Increase penalty for failure to report a lost or stolen firearm	Increase penalty for failure to report a lost or stolen firearm	2	ocd-person/3329274c-22b6-4b0a-b12a-e64c5733bef9	Paula Hicks-Hudson	primary	direct
2025-01-01..2025-04-30	20250602LUPA1423176	Ohio Bankers League	org-ohio-bankers-league	Anthony Lagunzad	person-anthony-lagunzad	bill_referenced	SB 77	SB 77	bill	ocd-bill/c550b5c0-e68d-4e18-8b48-b84e8be37a54	Require a system to anonymously report wage discrimination	Require a system to anonymously report wage discrimination	2	ocd-person/d9c3dfce-8b7f-402f-9dec-5179e38b528f	Kent Smith	primary	direct
2025-01-01..2025-04-30	20250602LUPA1423176	Ohio Bankers League	org-ohio-bankers-league	Anthony Lagunzad	person-anthony-lagunzad	bill_referenced	SB 77	SB 77	bill	ocd-bill/c550b5c0-e68d-4e18-8b48-b84e8be37a54	Require a system to anonymously report wage discrimination	Require a system to anonymously report wage discrimination	2	ocd-person/3329274c-22b6-4b0a-b12a-e64c5733bef9	Paula Hicks-Hudson	primary	direct
2025-01-01..2025-04-30	20250602LUPA1423176	Ohio Bankers League	org-ohio-bankers-league	Anthony Lagunzad	person-anthony-lagunzad	bill_referenced	SB 79	SB 79	bill	ocd-bill/64d8ac1d-61b4-46cc-b84d-ff16db83cf05	Regulate the use of pricing algorithms	Regulate the use of pricing algorithms	2	ocd-person/23c443b0-e2f7-4c7a-af1e-d67d7aa366ce	Willis E. Blackshear, Jr.	primary	direct
2025-01-01..2025-04-30	20250602LUPA1423176	Ohio Bankers League	org-ohio-bankers-league	Anthony Lagunzad	person-anthony-lagunzad	bill_referenced	SB 79	SB 79	bill	ocd-bill/64d8ac1d-61b4-46cc-b84d-ff16db83cf05	Regulate the use of pricing algorithms	Regulate the use of pricing algorithms	2	ocd-person/5a9b2a16-6827-4e00-961a-f3de39538749	Louis W. Blessing, III	primary	direct
2025-01-01..2025-04-30	20250602LUPA1423176	Ohio Bankers League	org-ohio-bankers-league	Anthony Lagunzad	person-anthony-lagunzad	bill_referenced	SB 83	SB 83	bill	ocd-bill/f7d5e9dc-0846-4801-a83e-654a1cb42f0c	Revise eviction, code enforcement, and real property transfer law	Revise eviction, code enforcement, and real property transfer law	2	ocd-person/ed858ef9-97dc-4be8-97ab-006ea96923ae	Hearcel F. Craig	primary	direct
2025-01-01..2025-04-30	20250602LUPA1423176	Ohio Bankers League	org-ohio-bankers-league	Anthony Lagunzad	person-anthony-lagunzad	bill_referenced	SB 83	SB 83	bill	ocd-bill/f7d5e9dc-0846-4801-a83e-654a1cb42f0c	Revise eviction, code enforcement, and real property transfer law	Revise eviction, code enforcement, and real property transfer law	2	ocd-person/79af20c0-6eb6-44a2-ba79-9c7e5e10ea04	Michele Reynolds	primary	direct
2025-01-01..2025-04-30	20250602LUPA1423176	Ohio Bankers League	org-ohio-bankers-league	Anthony Lagunzad	person-anthony-lagunzad	bill_referenced	SB 88	SB 88	bill	ocd-bill/4cc9b08c-3b2e-4858-bb03-805c84e0fcba	Enact the Ohio Property Protection Act	Enact the Ohio Property Protection Act	1	ocd-person/57300c34-0e2d-4e85-bdce-c4fb8c781541	Terry Johnson	primary	direct
2025-01-01..2025-04-30	20250602LUPA1423176	Ohio Bankers League	org-ohio-bankers-league	Anthony Lagunzad	person-anthony-lagunzad	bill_referenced	SB 90	SB 90	bill	ocd-bill/a863dbc1-8296-4af9-8b31-2a03073a7b49	Create regulatory relief division; establish regulatory sandbox	Create regulatory relief division; establish regulatory sandbox	2	ocd-person/445d3fc7-d9a5-48d8-8869-f023aa274ae7	George F. Lang	primary	direct
2025-01-01..2025-04-30	20250602LUPA1423176	Ohio Bankers League	org-ohio-bankers-league	Anthony Lagunzad	person-anthony-lagunzad	bill_referenced	SB 90	SB 90	bill	ocd-bill/a863dbc1-8296-4af9-8b31-2a03073a7b49	Create regulatory relief division; establish regulatory sandbox	Create regulatory relief division; establish regulatory sandbox	2	ocd-person/6a1fc3b1-ebfd-47b7-adec-ddcd84d137c9	Al Cutrona	primary	direct
2025-01-01..2025-04-30	20250602LUPA1423176	Ohio Bankers League	org-ohio-bankers-league	Anthony Lagunzad	person-anthony-lagunzad	bill_referenced	SB 101	SB 101	bill	ocd-bill/8c6f39b5-d75b-4912-ae6a-2c329fde19c7	Regards recording of certain real property documents	Regards recording of certain real property documents	1	ocd-person/5a9b2a16-6827-4e00-961a-f3de39538749	Louis W. Blessing, III	primary	direct
2025-01-01..2025-04-30	20250602LUPA1423176	Ohio Bankers League	org-ohio-bankers-league	Anthony Lagunzad	person-anthony-lagunzad	bill_referenced	SB 102	SB 102	bill	ocd-bill/c54a89a5-24dd-49f8-9a58-77f8dfa51899	Enact the Gus Frangos Act	Enact the Gus Frangos Act	1	ocd-person/a57f6c78-ac58-4f7d-870e-0d8052984cd9	Thomas F. Patton	primary	direct
2025-01-01..2025-04-30	20250602LUPA1423176	Ohio Bankers League	org-ohio-bankers-league	Anthony Lagunzad	person-anthony-lagunzad	bill_referenced	SB 104	SB 104	bill	ocd-bill/71d28e96-3ed5-494a-abf1-1ec58fda9daf	Regards local regulation, taxing of short-term rental properties	Regards local regulation, taxing of short-term rental properties	1	ocd-person/c61c8eaf-1de9-419d-a5dc-c96787315578	Andrew O. Brenner	primary	direct
2025-01-01..2025-04-30	20250602LUPA1423176	Ohio Bankers League	org-ohio-bankers-league	Anthony Lagunzad	person-anthony-lagunzad	bill_referenced	SB 110	SB 110	bill	ocd-bill/608cb102-9c2b-4ec8-a2ec-81a8b3fcdcb3	Modify tax credits under the rural business growth program	Modify tax credits under the rural business growth program	2	ocd-person/eb5ff860-2126-4ac5-8267-9d2d924c3967	Brian M. Chavez	primary	direct
2025-01-01..2025-04-30	20250602LUPA1423176	Ohio Bankers League	org-ohio-bankers-league	Anthony Lagunzad	person-anthony-lagunzad	bill_referenced	SB 110	SB 110	bill	ocd-bill/608cb102-9c2b-4ec8-a2ec-81a8b3fcdcb3	Modify tax credits under the rural business growth program	Modify tax credits under the rural business growth program	2	ocd-person/b27fdceb-e9c1-46b8-9fc2-323c3f6f784c	Jerry C. Cirino	primary	direct
2025-01-01..2025-04-30	20250602LUPA1423176	Ohio Bankers League	org-ohio-bankers-league	Anthony Lagunzad	person-anthony-lagunzad	bill_referenced	SB 115	SB 115	bill	ocd-bill/2988d8d7-e971-4a57-95a2-be994392a551	Revise the Securities Law	Revise the Securities Law	2	ocd-person/26444e7e-72b2-4838-bc24-31899c90d504	Steve Wilson	primary	direct
2025-01-01..2025-04-30	20250602LUPA1423176	Ohio Bankers League	org-ohio-bankers-league	Anthony Lagunzad	person-anthony-lagunzad	bill_referenced	SB 115	SB 115	bill	ocd-bill/2988d8d7-e971-4a57-95a2-be994392a551	Revise the Securities Law	Revise the Securities Law	2	ocd-person/445d3fc7-d9a5-48d8-8869-f023aa274ae7	George F. Lang	primary	direct
2025-01-01..2025-04-30	20250602LUPA1423176	Ohio Bankers League	org-ohio-bankers-league	Anthony Lagunzad	person-anthony-lagunzad	bill_referenced	SB 117	SB 117	bill	ocd-bill/5dfbbe13-3197-43e6-91ff-00d2b184d0dc	Regulate the provision of earned wage access services	Regulate the provision of earned wage access services	1	ocd-person/445d3fc7-d9a5-48d8-8869-f023aa274ae7	George F. Lang	primary	direct
2025-01-01..2025-04-30	20250602LUPA1423176	Ohio Bankers League	org-ohio-bankers-league	Anthony Lagunzad	person-anthony-lagunzad	bill_referenced	SB 135	SB 135	bill	ocd-bill/c79a98c2-ca6a-4838-8aa3-f12dbef6f82b	Regards real property foreclosures and estate sales	Regards real property foreclosures and estate sales	1	ocd-person/c61c8eaf-1de9-419d-a5dc-c96787315578	Andrew O. Brenner	primary	direct
2025-01-01..2025-04-30	20250602LUPA1423176	Ohio Bankers League	org-ohio-bankers-league	Anthony Lagunzad	person-anthony-lagunzad	bill_referenced	SB 143	SB 143	bill	ocd-bill/eb977cad-0aa6-4aa5-a132-76875f3cd548	Prohibit employment application question re: criminal background	Prohibit employment application question re: criminal background	2	ocd-person/5a9b2a16-6827-4e00-961a-f3de39538749	Louis W. Blessing, III	primary	direct
2025-01-01..2025-04-30	20250602LUPA1423176	Ohio Bankers League	org-ohio-bankers-league	Anthony Lagunzad	person-anthony-lagunzad	bill_referenced	SB 143	SB 143	bill	ocd-bill/eb977cad-0aa6-4aa5-a132-76875f3cd548	Prohibit employment application question re: criminal background	Prohibit employment application question re: criminal background	2	ocd-person/ed858ef9-97dc-4be8-97ab-006ea96923ae	Hearcel F. Craig	primary	direct
2025-01-01..2025-04-30	20250602LUPA1423176	Ohio Bankers League	org-ohio-bankers-league	Anthony Lagunzad	person-anthony-lagunzad	bill_referenced	SB 146	SB 146	bill	ocd-bill/93390411-9015-405f-9caa-815b6f05a50c	Codify the common law action for piercing the corporate veil	Codify the common law action for piercing the corporate veil	2	ocd-person/c3b1dc5e-4913-4e2f-b2a8-4db5b3faa1bd	Jane M. Timken	primary	direct
2025-01-01..2025-04-30	20250602LUPA1423176	Ohio Bankers League	org-ohio-bankers-league	Anthony Lagunzad	person-anthony-lagunzad	bill_referenced	SB 146	SB 146	bill	ocd-bill/93390411-9015-405f-9caa-815b6f05a50c	Codify the common law action for piercing the corporate veil	Codify the common law action for piercing the corporate veil	2	ocd-person/0fe32749-fe89-4f96-87d3-3d831bea2459	Theresa Gavarone	primary	direct
2025-01-01..2025-04-30	20250602LUPA1423176	Ohio Bankers League	org-ohio-bankers-league	Anthony Lagunzad	person-anthony-lagunzad	bill_referenced	SB 155	SB 155	bill	ocd-bill/d54e9db9-26fe-48ae-a188-f5cb8967079f	Revise the real estate wholesaler law	Revise the real estate wholesaler law	2	ocd-person/94ba65dd-57c5-4ab0-b607-5e310d50cae0	Catherine D. Ingram	primary	direct
2025-01-01..2025-04-30	20250602LUPA1423176	Ohio Bankers League	org-ohio-bankers-league	Anthony Lagunzad	person-anthony-lagunzad	bill_referenced	SB 155	SB 155	bill	ocd-bill/d54e9db9-26fe-48ae-a188-f5cb8967079f	Revise the real estate wholesaler law	Revise the real estate wholesaler law	2	ocd-person/c61c8eaf-1de9-419d-a5dc-c96787315578	Andrew O. Brenner	primary	direct
2025-01-01..2025-04-30	20250602LUPA1423176	Ohio Bankers League	org-ohio-bankers-league	Anthony Lagunzad	person-anthony-lagunzad	bill_referenced	SB 157	SB 157	bill	ocd-bill/253db446-0c0a-486b-9d4f-c3c0d76ec015	Reduce statute of limitations for contract actions	Reduce statute of limitations for contract actions	1	ocd-person/445d3fc7-d9a5-48d8-8869-f023aa274ae7	George F. Lang	primary	direct
2025-01-01..2025-04-30	20250602LUPA1423176	Ohio Bankers League	org-ohio-bankers-league	Anthony Lagunzad	person-anthony-lagunzad	bill_referenced	SB 163	SB 163	bill	ocd-bill/8fe9ce82-9df8-4264-bf29-d63a27882beb	Regards AI images, simulated child porn, replica identity fraud	Regards AI images, simulated child porn, replica identity fraud	2	ocd-person/57300c34-0e2d-4e85-bdce-c4fb8c781541	Terry Johnson	primary	direct
2025-01-01..2025-04-30	20250602LUPA1423176	Ohio Bankers League	org-ohio-bankers-league	Anthony Lagunzad	person-anthony-lagunzad	bill_referenced	SB 163	SB 163	bill	ocd-bill/8fe9ce82-9df8-4264-bf29-d63a27882beb	Regards AI images, simulated child porn, replica identity fraud	Regards AI images, simulated child porn, replica identity fraud	2	ocd-person/5a9b2a16-6827-4e00-961a-f3de39538749	Louis W. Blessing, III	primary	direct
2025-01-01..2025-04-30	20250602LUPA1423176	Ohio Bankers League	org-ohio-bankers-league	Anthony Lagunzad	person-anthony-lagunzad	bill_referenced	SB 167	SB 167	bill	ocd-bill/99d4fcad-470a-4da3-80e9-d44268eb117f	Require certain application store-based parental controls	Require certain application store-based parental controls	1	ocd-person/79af20c0-6eb6-44a2-ba79-9c7e5e10ea04	Michele Reynolds	primary	direct
2025-01-01..2025-04-30	20250602LUPA1423176	Ohio Bankers League	org-ohio-bankers-league	Anthony Lagunzad	person-anthony-lagunzad	bill_referenced	SB 175	SB 175	bill	ocd-bill/b4dc234d-3543-44c5-ad56-721976924a23	Establish age verification, parental consent for apps, developers	Establish age verification, parental consent for apps, developers	1	ocd-person/a57f6c78-ac58-4f7d-870e-0d8052984cd9	Thomas F. Patton	primary	direct
2025-01-01..2025-04-30	20250602LUPA1423176	Ohio Bankers League	org-ohio-bankers-league	Anthony Lagunzad	person-anthony-lagunzad	bill_referenced	SB 192	SB 192	bill	ocd-bill/c4f2d9e2-9d2f-46d9-bf61-b283046a411a	Declare intent to provide funding re: housing in rural counties	Declare intent to provide funding re: housing in rural counties	1	ocd-person/79af20c0-6eb6-44a2-ba79-9c7e5e10ea04	Michele Reynolds	primary	direct
2025-01-01..2025-04-30	20250602LUPA1423176	Ohio Bankers League	org-ohio-bankers-league	Anthony Lagunzad	person-anthony-lagunzad	bill_referenced	SB 204	SB 204	bill	ocd-bill/b3c05bcc-859c-41b1-8887-4e849bd5a0d7	Allow suppression of eviction records in certain circumstances	Allow suppression of eviction records in certain circumstances	1	ocd-person/79af20c0-6eb6-44a2-ba79-9c7e5e10ea04	Michele Reynolds	primary	direct
2025-01-01..2025-04-30	20250602LUPA1423176	Ohio Bankers League	org-ohio-bankers-league	Anthony Lagunzad	person-anthony-lagunzad	bill_referenced	SB 208	SB 208	bill	ocd-bill/6076b1c4-16d8-4fd0-b1b0-15f55b591cec	Require certain conveyance fees be allocated for housing purposes	Require certain conveyance fees be allocated for housing purposes	2	ocd-person/79af20c0-6eb6-44a2-ba79-9c7e5e10ea04	Michele Reynolds	primary	direct
2025-01-01..2025-04-30	20250602LUPA1423176	Ohio Bankers League	org-ohio-bankers-league	Anthony Lagunzad	person-anthony-lagunzad	bill_referenced	SB 208	SB 208	bill	ocd-bill/6076b1c4-16d8-4fd0-b1b0-15f55b591cec	Require certain conveyance fees be allocated for housing purposes	Require certain conveyance fees be allocated for housing purposes	2	ocd-person/c61c8eaf-1de9-419d-a5dc-c96787315578	Andrew O. Brenner	primary	direct
2025-01-01..2025-04-30	20250602LUPA1423466	Mid-Ohio Regional Planning Commission (MORPC)	org-mid-ohio-regional-planning-commission-morpc	William Murdock	person-william-murdock	bill_referenced	HB 54	HB 54	bill	ocd-bill/03729a21-e915-43b7-a8c6-758bf3753c6c	Make appropriations for transportation for FY 2026-27 biennium	Make appropriations for transportation for FY 2026-27 biennium	1	ocd-person/f4e6c51a-89bd-4841-848b-b1097fd3fc9d	Brian Stewart	primary	direct
2025-01-01..2025-04-30	20250602LUPA1423466	Mid-Ohio Regional Planning Commission (MORPC)	org-mid-ohio-regional-planning-commission-morpc	William Murdock	person-william-murdock	bill_referenced	HB 96	HB 96	bill	ocd-bill/4e02024d-881d-4a05-9191-b218c16ecff4	Make state operating appropriations for FY 2026-27	Make state operating appropriations for FY 2026-27	1	ocd-person/f4e6c51a-89bd-4841-848b-b1097fd3fc9d	Brian Stewart	primary	direct
2025-01-01..2025-04-30	20250602LUPA1423466	Mid-Ohio Regional Planning Commission (MORPC)	org-mid-ohio-regional-planning-commission-morpc	William Murdock	person-william-murdock	bill_referenced	HR 60	HR 60	bill	ocd-bill/72847e85-9b62-4c33-94d4-101b0384606c	Support moving NASA headquarters to Cleveland	Support moving NASA headquarters to Cleveland	2	ocd-person/64305698-f25c-486e-b57f-00298cfbe15d	Nick Santucci	primary	direct
2025-01-01..2025-04-30	20250602LUPA1423466	Mid-Ohio Regional Planning Commission (MORPC)	org-mid-ohio-regional-planning-commission-morpc	William Murdock	person-william-murdock	bill_referenced	HR 60	HR 60	bill	ocd-bill/72847e85-9b62-4c33-94d4-101b0384606c	Support moving NASA headquarters to Cleveland	Support moving NASA headquarters to Cleveland	2	ocd-person/09c752d1-59eb-4f43-b401-5092d801f4c1	Ty D. Mathews	primary	direct
2025-01-01..2025-04-30	20250602LUPA1423466	Mid-Ohio Regional Planning Commission (MORPC)	org-mid-ohio-regional-planning-commission-morpc	William Murdock	person-william-murdock	bill_referenced	SR 68	SR 68	bill	ocd-bill/5bfc9553-0fe8-4ffc-9432-5b374d2d8fbd	Support moving NASA headquarters to Ohio	Support moving NASA headquarters to Ohio	1	ocd-person/936e5d50-e145-494b-a397-f56570530816	Kristina D. Roegner	primary	direct
2025-01-01..2025-04-30	20250602LUPA1423846	Progressive Treatment Solutions (PTS)	org-progressive-treatment-solutions-pts	Jennifer Lynch	person-jennifer-lynch	bill_referenced	HB 96	HB 96	bill	ocd-bill/4e02024d-881d-4a05-9191-b218c16ecff4	Make state operating appropriations for FY 2026-27	Make state operating appropriations for FY 2026-27	1	ocd-person/f4e6c51a-89bd-4841-848b-b1097fd3fc9d	Brian Stewart	primary	direct
2025-01-01..2025-04-30	20250602LUPA1423846	Progressive Treatment Solutions (PTS)	org-progressive-treatment-solutions-pts	Jennifer Lynch	person-jennifer-lynch	bill_referenced	HB 160	HB 160	bill	ocd-bill/155d6471-f2cd-4f75-b3fa-ac75bca6d5f8	Revise liquor control, hemp, and adult-use marijuana laws	Revise liquor control, hemp, and adult-use marijuana laws	1	ocd-person/f4e6c51a-89bd-4841-848b-b1097fd3fc9d	Brian Stewart	primary	direct
2025-01-01..2025-04-30	20250602LUPA1423846	Progressive Treatment Solutions (PTS)	org-progressive-treatment-solutions-pts	Jennifer Lynch	person-jennifer-lynch	bill_referenced	SB 56	SB 56	bill	ocd-bill/13d7e8bc-8b9c-4614-b904-cbe045635140	Revise medical and adult-use marijuana laws; levy marijuana taxes	Revise medical and adult-use marijuana laws; levy marijuana taxes	1	ocd-person/b21d9dcd-21e9-4071-936d-f89fc5d8f643	Stephen A. Huffman	primary	direct
2025-01-01..2025-04-30	20250602LUPA1423846	Progressive Treatment Solutions (PTS)	org-progressive-treatment-solutions-pts	Jennifer Lynch	person-jennifer-lynch	bill_referenced	SB 86	SB 86	bill	ocd-bill/7809cb11-fa18-41df-b5ed-2e3561a183fd	Regulate and tax intoxicating hemp, drinkable cannabinoid product	Regulate and tax intoxicating hemp, drinkable cannabinoid product	2	ocd-person/bb1ae016-cdfe-48aa-8bc5-9e3636e430f3	Shane Wilkin	primary	direct
2025-01-01..2025-04-30	20250602LUPA1423846	Progressive Treatment Solutions (PTS)	org-progressive-treatment-solutions-pts	Jennifer Lynch	person-jennifer-lynch	bill_referenced	SB 86	SB 86	bill	ocd-bill/7809cb11-fa18-41df-b5ed-2e3561a183fd	Regulate and tax intoxicating hemp, drinkable cannabinoid product	Regulate and tax intoxicating hemp, drinkable cannabinoid product	2	ocd-person/b21d9dcd-21e9-4071-936d-f89fc5d8f643	Stephen A. Huffman	primary	direct
2025-01-01..2025-04-30	20250603LUPA1424936	Coalition on Homelessness & Housing in Ohio	org-coalition-on-homelessness-housing-in-ohio	Amy Riegel	person-amy-riegel	bill_referenced	HB 92	HB 92	bill	ocd-bill/9654f62d-3271-4457-bcc6-a7cd1631d37f	Regards unpaid water, sewer, and trash charges at rented property	Regards unpaid water, sewer, and trash charges at rented property	2	ocd-person/d6ca7e4f-dcf2-4aad-a919-a2740bae649a	Riordan T. McClain	primary	direct
2025-01-01..2025-04-30	20250603LUPA1424936	Coalition on Homelessness & Housing in Ohio	org-coalition-on-homelessness-housing-in-ohio	Amy Riegel	person-amy-riegel	bill_referenced	HB 92	HB 92	bill	ocd-bill/9654f62d-3271-4457-bcc6-a7cd1631d37f	Regards unpaid water, sewer, and trash charges at rented property	Regards unpaid water, sewer, and trash charges at rented property	2	ocd-person/4af0e8db-ad18-424f-abfa-ce31e37c0b7d	Mark Johnson	primary	direct
2025-01-01..2025-04-30	20250603LUPA1424936	Coalition on Homelessness & Housing in Ohio	org-coalition-on-homelessness-housing-in-ohio	Amy Riegel	person-amy-riegel	bill_referenced	HB 96	HB 96	bill	ocd-bill/4e02024d-881d-4a05-9191-b218c16ecff4	Make state operating appropriations for FY 2026-27	Make state operating appropriations for FY 2026-27	1	ocd-person/f4e6c51a-89bd-4841-848b-b1097fd3fc9d	Brian Stewart	primary	direct
2025-01-01..2025-04-30	20250603LUPA1424936	Coalition on Homelessness & Housing in Ohio	org-coalition-on-homelessness-housing-in-ohio	Amy Riegel	person-amy-riegel	bill_referenced	SB 5	SB 5	bill	ocd-bill/f9774ea2-53ad-49cf-a0fe-457206bce989	Expedite unauthorized occupant removal; prohibit fraudulent deeds	Expedite unauthorized occupant removal; prohibit fraudulent deeds	2	ocd-person/b21d9dcd-21e9-4071-936d-f89fc5d8f643	Stephen A. Huffman	primary	direct
2025-01-01..2025-04-30	20250603LUPA1424936	Coalition on Homelessness & Housing in Ohio	org-coalition-on-homelessness-housing-in-ohio	Amy Riegel	person-amy-riegel	bill_referenced	SB 5	SB 5	bill	ocd-bill/f9774ea2-53ad-49cf-a0fe-457206bce989	Expedite unauthorized occupant removal; prohibit fraudulent deeds	Expedite unauthorized occupant removal; prohibit fraudulent deeds	2	ocd-person/c61c8eaf-1de9-419d-a5dc-c96787315578	Andrew O. Brenner	primary	direct
2025-01-01..2025-04-30	20250603LUPA1424936	Coalition on Homelessness & Housing in Ohio	org-coalition-on-homelessness-housing-in-ohio	Amy Riegel	person-amy-riegel	bill_referenced	SB 28	SB 28	bill	ocd-bill/fd9fefc5-8b7d-4e41-abe5-261dfb075488	Levy a tax on certain high-volume landlords	Levy a tax on certain high-volume landlords	2	ocd-person/df5c391c-65e8-4d61-a9b9-0249ff6eddb7	Nickie J. Antonio	primary	direct
2025-01-01..2025-04-30	20250603LUPA1424936	Coalition on Homelessness & Housing in Ohio	org-coalition-on-homelessness-housing-in-ohio	Amy Riegel	person-amy-riegel	bill_referenced	SB 28	SB 28	bill	ocd-bill/fd9fefc5-8b7d-4e41-abe5-261dfb075488	Levy a tax on certain high-volume landlords	Levy a tax on certain high-volume landlords	2	ocd-person/5a9b2a16-6827-4e00-961a-f3de39538749	Louis W. Blessing, III	primary	direct
2025-01-01..2025-04-30	20250603LUPA1424936	Coalition on Homelessness & Housing in Ohio	org-coalition-on-homelessness-housing-in-ohio	Amy Riegel	person-amy-riegel	bill_referenced	SB 42	SB 42	bill	ocd-bill/92e67e77-bf36-46b4-9eee-d21065bcdeb6	Authorize residential stability zones with property tax exemption	Authorize residential stability zones with property tax exemption	2	ocd-person/ed858ef9-97dc-4be8-97ab-006ea96923ae	Hearcel F. Craig	primary	direct
2025-01-01..2025-04-30	20250603LUPA1424936	Coalition on Homelessness & Housing in Ohio	org-coalition-on-homelessness-housing-in-ohio	Amy Riegel	person-amy-riegel	bill_referenced	SB 42	SB 42	bill	ocd-bill/92e67e77-bf36-46b4-9eee-d21065bcdeb6	Authorize residential stability zones with property tax exemption	Authorize residential stability zones with property tax exemption	2	ocd-person/79af20c0-6eb6-44a2-ba79-9c7e5e10ea04	Michele Reynolds	primary	direct
2025-01-01..2025-04-30	20250611LUPA1425604	Greater Dayton Area Hospital Association	org-greater-dayton-area-hospital-association	Sarah Hackenbracht	person-sarah-hackenbracht	bill_referenced	HB 96	HB 96	bill	ocd-bill/4e02024d-881d-4a05-9191-b218c16ecff4	Make state operating appropriations for FY 2026-27	Make state operating appropriations for FY 2026-27	1	ocd-person/f4e6c51a-89bd-4841-848b-b1097fd3fc9d	Brian Stewart	primary	direct
2025-05-01..2025-08-31	20250903EUPA1427246	Microsoft Corporation	org-microsoft-corporation	Willa J Ebersole	person-willa-j-ebersole	subject_general	Administrative Services	Administrative Services	subject			contracting policy issue related to service offerings	0				subject_only
2025-05-01..2025-08-31	20250903LUPA1426400	Ohio Police & Fire Pension Fund	org-ohio-police-fire-pension-fund	Mary Beth Foley	person-mary-beth-foley	bill_referenced	HB 18	HB 18	bill	ocd-bill/702704c4-4450-4d78-a3a4-6c1edb8d5f57	Enact the Ohio Strategic Cryptocurrency Reserve Act	Enact the Ohio Strategic Cryptocurrency Reserve Act	1	ocd-person/854b6ce3-a4e1-46db-959a-aa286e4e8942	Steve Demetriou	primary	direct
2025-05-01..2025-08-31	20250903LUPA1426400	Ohio Police & Fire Pension Fund	org-ohio-police-fire-pension-fund	Mary Beth Foley	person-mary-beth-foley	bill_referenced	HB 96	HB 96	bill	ocd-bill/4e02024d-881d-4a05-9191-b218c16ecff4	Make state operating appropriations for FY 2026-27	Make state operating appropriations for FY 2026-27	1	ocd-person/f4e6c51a-89bd-4841-848b-b1097fd3fc9d	Brian Stewart	primary	direct
2025-05-01..2025-08-31	20250903LUPA1426400	Ohio Police & Fire Pension Fund	org-ohio-police-fire-pension-fund	Mary Beth Foley	person-mary-beth-foley	bill_referenced	HB 116	HB 116	bill	ocd-bill/84ab6005-9cef-44be-bf2a-502a032d86e0	Enact the Ohio Blockchain Basics Act	Enact the Ohio Blockchain Basics Act	1	ocd-person/854b6ce3-a4e1-46db-959a-aa286e4e8942	Steve Demetriou	primary	direct
2025-05-01..2025-08-31	20250903LUPA1426400	Ohio Police & Fire Pension Fund	org-ohio-police-fire-pension-fund	Mary Beth Foley	person-mary-beth-foley	bill_referenced	HB 280	HB 280	bill	ocd-bill/77563ed3-864a-4578-9535-7e53b9203931	Regards Ohio Police and Fire Pension Fund contributions	Regards Ohio Police and Fire Pension Fund contributions	2	ocd-person/7948afad-ec3c-4e4c-a073-305fb8cd1b21	Thomas Hall	primary	direct
2025-05-01..2025-08-31	20250903LUPA1426400	Ohio Police & Fire Pension Fund	org-ohio-police-fire-pension-fund	Mary Beth Foley	person-mary-beth-foley	bill_referenced	HB 280	HB 280	bill	ocd-bill/77563ed3-864a-4578-9535-7e53b9203931	Regards Ohio Police and Fire Pension Fund contributions	Regards Ohio Police and Fire Pension Fund contributions	2	ocd-person/9ae0194c-0f5b-44c6-b84f-a0ec4d3f3a61	Cindy Abrams	primary	direct
2025-05-01..2025-08-31	20250903LUPA1426400	Ohio Police & Fire Pension Fund	org-ohio-police-fire-pension-fund	Mary Beth Foley	person-mary-beth-foley	bill_referenced	SB 69	SB 69	bill	ocd-bill/73a0b50e-3bef-4802-9b44-ff78cb14cbcd	Reform the state's public retirement system law	Reform the state's public retirement system law	1	ocd-person/2ae62dc8-e902-4a8e-99b7-182477c50bc3	Mark Romanchuk	primary	direct
2025-05-01..2025-08-31	20250903LUPA1426400	Ohio Police & Fire Pension Fund	org-ohio-police-fire-pension-fund	Mary Beth Foley	person-mary-beth-foley	bill_referenced	SB 239	SB 239	bill	ocd-bill/8ae79602-91c5-4ab2-9da3-275685da95d5	Regards contributions to the Ohio Police and Fire Pension Fund	Regards contributions to the Ohio Police and Fire Pension Fund	2	ocd-person/6a1fc3b1-ebfd-47b7-adec-ddcd84d137c9	Al Cutrona	primary	direct
2025-05-01..2025-08-31	20250903LUPA1426400	Ohio Police & Fire Pension Fund	org-ohio-police-fire-pension-fund	Mary Beth Foley	person-mary-beth-foley	bill_referenced	SB 239	SB 239	bill	ocd-bill/8ae79602-91c5-4ab2-9da3-275685da95d5	Regards contributions to the Ohio Police and Fire Pension Fund	Regards contributions to the Ohio Police and Fire Pension Fund	2	ocd-person/c61c8eaf-1de9-419d-a5dc-c96787315578	Andrew O. Brenner	primary	direct
2025-05-01..2025-08-31	20250903LUPA1427604	Motion Picture Association of America	org-motion-picture-association-of-america	Stephen D Dimon, Jr	person-stephen-d-dimon-jr	bill_referenced	HB 96	HB 96	bill	ocd-bill/4e02024d-881d-4a05-9191-b218c16ecff4	Make state operating appropriations for FY 2026-27	Make state operating appropriations for FY 2026-27	1	ocd-person/f4e6c51a-89bd-4841-848b-b1097fd3fc9d	Brian Stewart	primary	direct
2025-05-01..2025-08-31	20250903LUPA1427604	Motion Picture Association of America	org-motion-picture-association-of-america	Stephen D Dimon, Jr	person-stephen-d-dimon-jr	bill_referenced	SB 159	SB 159	bill	ocd-bill/48a47e28-0a06-4ffd-879a-9fa72e25eb29	Regards film and theater production tax credits	Regards film and theater production tax credits	2	ocd-person/c3b1dc5e-4913-4e2f-b2a8-4db5b3faa1bd	Jane M. Timken	primary	direct
2025-05-01..2025-08-31	20250903LUPA1427604	Motion Picture Association of America	org-motion-picture-association-of-america	Stephen D Dimon, Jr	person-stephen-d-dimon-jr	bill_referenced	SB 159	SB 159	bill	ocd-bill/48a47e28-0a06-4ffd-879a-9fa72e25eb29	Regards film and theater production tax credits	Regards film and theater production tax credits	2	ocd-person/a57f6c78-ac58-4f7d-870e-0d8052984cd9	Thomas F. Patton	primary	direct
2025-05-01..2025-08-31	20250903LUPA1427844	ARC Gaming & Technologies	org-arc-gaming-technologies	Nathan Aichele	person-nathan-aichele	bill_referenced	HB 96	HB 96	bill	ocd-bill/4e02024d-881d-4a05-9191-b218c16ecff4	Make state operating appropriations for FY 2026-27	Make state operating appropriations for FY 2026-27	1	ocd-person/f4e6c51a-89bd-4841-848b-b1097fd3fc9d	Brian Stewart	primary	direct
2025-05-01..2025-08-31	20250903LUPA1427844	ARC Gaming & Technologies	org-arc-gaming-technologies	Nathan Aichele	person-nathan-aichele	bill_referenced	HB 298	HB 298	bill	ocd-bill/3455944e-055b-4cc8-98aa-9479f4b6948b	Legalize, tax internet gambling; make other Gambling Law changes	Legalize, tax internet gambling; make other Gambling Law changes	2	ocd-person/e4f9416c-1043-4737-899e-31410e94af1d	Marilyn John	primary	direct
2025-05-01..2025-08-31	20250903LUPA1427844	ARC Gaming & Technologies	org-arc-gaming-technologies	Nathan Aichele	person-nathan-aichele	bill_referenced	HB 298	HB 298	bill	ocd-bill/3455944e-055b-4cc8-98aa-9479f4b6948b	Legalize, tax internet gambling; make other Gambling Law changes	Legalize, tax internet gambling; make other Gambling Law changes	2	ocd-person/f4e6c51a-89bd-4841-848b-b1097fd3fc9d	Brian Stewart	primary	direct
2025-05-01..2025-08-31	20250903LUPA1427844	ARC Gaming & Technologies	org-arc-gaming-technologies	Nathan Aichele	person-nathan-aichele	bill_referenced	HB 344	HB 344	bill	ocd-bill/b9fd6740-9cf8-4baa-80d2-300441aa3d46	Regards electronic instant bingo, lottery terminals; levy a tax	Regards electronic instant bingo, lottery terminals; levy a tax	2	ocd-person/b29aadca-f2da-4f09-8a1d-7aa328768507	Gayle Manning	primary	direct
2025-05-01..2025-08-31	20250903LUPA1427844	ARC Gaming & Technologies	org-arc-gaming-technologies	Nathan Aichele	person-nathan-aichele	bill_referenced	HB 344	HB 344	bill	ocd-bill/b9fd6740-9cf8-4baa-80d2-300441aa3d46	Regards electronic instant bingo, lottery terminals; levy a tax	Regards electronic instant bingo, lottery terminals; levy a tax	2	ocd-person/cc85c295-299f-4de7-bb56-1de3a451951e	Michael D. Dovilla	primary	direct
2025-05-01..2025-08-31	20250903LUPA1427844	ARC Gaming & Technologies	org-arc-gaming-technologies	Nathan Aichele	person-nathan-aichele	bill_referenced	SB 197	SB 197	bill	ocd-bill/a810a5d5-2f1d-4c9b-8648-b95f5284ef54	Legalize, tax internet gambling; make other Gambling Law changes	Legalize, tax internet gambling; make other Gambling Law changes	1	ocd-person/d3508136-3927-461f-a2f0-a85665845ab1	Nathan H. Manning	primary	direct
2025-05-01..2025-08-31	20250904LUPA1428260	HomeTown Ticketing	org-hometown-ticketing	Spencer Gross	person-spencer-gross	bill_referenced	HB 96	HB 96	bill	ocd-bill/4e02024d-881d-4a05-9191-b218c16ecff4	Make state operating appropriations for FY 2026-27	Make state operating appropriations for FY 2026-27	1	ocd-person/f4e6c51a-89bd-4841-848b-b1097fd3fc9d	Brian Stewart	primary	direct
2025-05-01..2025-08-31	20250908LUPA1429064	The Buckeye Ranch Foundation	org-the-buckeye-ranch-foundation	Stephen Nielson	person-stephen-nielson	bill_referenced	HB 96	HB 96	bill	ocd-bill/4e02024d-881d-4a05-9191-b218c16ecff4	Make state operating appropriations for FY 2026-27	Make state operating appropriations for FY 2026-27	1	ocd-person/f4e6c51a-89bd-4841-848b-b1097fd3fc9d	Brian Stewart	primary	direct
2025-05-01..2025-08-31	20250908LUPA1429064	The Buckeye Ranch Foundation	org-the-buckeye-ranch-foundation	Stephen Nielson	person-stephen-nielson	bill_referenced	HB 141	HB 141	bill	ocd-bill/d114d3f2-76e0-43f9-8adc-f607753ae3be	Regards prescribed pediatric extended care centers	Regards prescribed pediatric extended care centers	2	ocd-person/9ae0194c-0f5b-44c6-b84f-a0ec4d3f3a61	Cindy Abrams	primary	direct
2025-05-01..2025-08-31	20250908LUPA1429064	The Buckeye Ranch Foundation	org-the-buckeye-ranch-foundation	Stephen Nielson	person-stephen-nielson	bill_referenced	HB 141	HB 141	bill	ocd-bill/d114d3f2-76e0-43f9-8adc-f607753ae3be	Regards prescribed pediatric extended care centers	Regards prescribed pediatric extended care centers	2	ocd-person/36f320a8-be34-43c2-ac73-ee87fbce6b0c	Rachel B. Baker	primary	direct
2025-05-01..2025-08-31	20250909EUPA1429882	Greater Cleveland Chapter, NECA	org-greater-cleveland-chapter-neca	Aaron M Ockerman	person-aaron-m-ockerman	subject_general	Facilities Construction Commission	Facilities Construction Commission	subject			Conversations regarding prompt pay	0				subject_only
2025-05-01..2025-08-31	20250909LUPA1430446	Ohio Oil and Gas Association	org-ohio-oil-and-gas-association	Jeffrey T DeLeone	person-jeffrey-t-deleone	bill_referenced	HB 1	HB 1	bill	ocd-bill/5d465c11-0107-45e7-a22a-68dd6295898d	Enact Ohio Property Protection Act	Enact Ohio Property Protection Act	2	ocd-person/73e72147-0d40-4478-bbf6-3419f0e00b46	Roy Klopfenstein	primary	direct
2025-05-01..2025-08-31	20250909LUPA1430446	Ohio Oil and Gas Association	org-ohio-oil-and-gas-association	Jeffrey T DeLeone	person-jeffrey-t-deleone	bill_referenced	HB 1	HB 1	bill	ocd-bill/5d465c11-0107-45e7-a22a-68dd6295898d	Enact Ohio Property Protection Act	Enact Ohio Property Protection Act	2	ocd-person/4ed8184a-01ff-4bdc-a06c-cbf8b4c73fd6	Angela N. King	primary	direct
2025-05-01..2025-08-31	20250909LUPA1430446	Ohio Oil and Gas Association	org-ohio-oil-and-gas-association	Jeffrey T DeLeone	person-jeffrey-t-deleone	bill_referenced	HB 71	HB 71	bill	ocd-bill/b2097dc4-1889-42e6-8884-f01a88c47558	Require certain info disclosure for wells drilled in state parks	Require certain info disclosure for wells drilled in state parks	1	ocd-person/993f089c-60bf-418d-9704-fa92e4f01c71	Sean P. Brennan	primary	direct
2025-05-01..2025-08-31	20250909LUPA1430446	Ohio Oil and Gas Association	org-ohio-oil-and-gas-association	Jeffrey T DeLeone	person-jeffrey-t-deleone	bill_referenced	HB 96	HB 96	bill	ocd-bill/4e02024d-881d-4a05-9191-b218c16ecff4	Make state operating appropriations for FY 2026-27	Make state operating appropriations for FY 2026-27	1	ocd-person/f4e6c51a-89bd-4841-848b-b1097fd3fc9d	Brian Stewart	primary	direct
2025-05-01..2025-08-31	20250909LUPA1430446	Ohio Oil and Gas Association	org-ohio-oil-and-gas-association	Jeffrey T DeLeone	person-jeffrey-t-deleone	bill_referenced	HB 142	HB 142	bill	ocd-bill/2a218d8b-b682-4002-b0ed-52048137161f	Regards natural gas company rate plans, property valuation	Regards natural gas company rate plans, property valuation	2	ocd-person/16e469e4-8014-4ba2-8fc4-91804d6ef491	Tex Fischer	primary	direct
2025-05-01..2025-08-31	20250909LUPA1430446	Ohio Oil and Gas Association	org-ohio-oil-and-gas-association	Jeffrey T DeLeone	person-jeffrey-t-deleone	bill_referenced	HB 142	HB 142	bill	ocd-bill/2a218d8b-b682-4002-b0ed-52048137161f	Regards natural gas company rate plans, property valuation	Regards natural gas company rate plans, property valuation	2	ocd-person/cc85c295-299f-4de7-bb56-1de3a451951e	Michael D. Dovilla	primary	direct
2025-05-01..2025-08-31	20250909LUPA1430446	Ohio Oil and Gas Association	org-ohio-oil-and-gas-association	Jeffrey T DeLeone	person-jeffrey-t-deleone	bill_referenced	HB 170	HB 170	bill	ocd-bill/64e09568-b268-4f04-95a0-aa78a46d8884	Establish process to regulate carbon capture, storage technology	Establish process to regulate carbon capture, storage technology	2	ocd-person/cdc9f705-514e-4445-ac17-9aeac8f67e97	Bob Peterson	primary	direct
2025-05-01..2025-08-31	20250909LUPA1430446	Ohio Oil and Gas Association	org-ohio-oil-and-gas-association	Jeffrey T DeLeone	person-jeffrey-t-deleone	bill_referenced	HB 170	HB 170	bill	ocd-bill/64e09568-b268-4f04-95a0-aa78a46d8884	Establish process to regulate carbon capture, storage technology	Establish process to regulate carbon capture, storage technology	2	ocd-person/062b9622-c2fa-4af2-bbea-704f0450dd47	Monica Robb Blasdel	primary	direct
2025-05-01..2025-08-31	20250909LUPA1430446	Ohio Oil and Gas Association	org-ohio-oil-and-gas-association	Jeffrey T DeLeone	person-jeffrey-t-deleone	bill_referenced	HB 227	HB 227	bill	ocd-bill/15a2c24f-d963-44c8-9c8a-a861692d0274	Modify excavation requirements	Modify excavation requirements	2	ocd-person/4af0e8db-ad18-424f-abfa-ce31e37c0b7d	Mark Johnson	primary	direct
2025-05-01..2025-08-31	20250909LUPA1430446	Ohio Oil and Gas Association	org-ohio-oil-and-gas-association	Jeffrey T DeLeone	person-jeffrey-t-deleone	bill_referenced	HB 227	HB 227	bill	ocd-bill/15a2c24f-d963-44c8-9c8a-a861692d0274	Modify excavation requirements	Modify excavation requirements	2	ocd-person/062b9622-c2fa-4af2-bbea-704f0450dd47	Monica Robb Blasdel	primary	direct
2025-05-01..2025-08-31	20250909LUPA1430446	Ohio Oil and Gas Association	org-ohio-oil-and-gas-association	Jeffrey T DeLeone	person-jeffrey-t-deleone	bill_referenced	HB 288	HB 288	bill	ocd-bill/f10f0b0d-a385-478f-b49d-64bde88e7f89	Require construction project owners to timely pay contractors	Require construction project owners to timely pay contractors	2	ocd-person/2481dfc7-d260-49c6-9461-9e6048ed27a2	Bride Rose Sweeney	primary	direct
2025-05-01..2025-08-31	20250909LUPA1430446	Ohio Oil and Gas Association	org-ohio-oil-and-gas-association	Jeffrey T DeLeone	person-jeffrey-t-deleone	bill_referenced	HB 288	HB 288	bill	ocd-bill/f10f0b0d-a385-478f-b49d-64bde88e7f89	Require construction project owners to timely pay contractors	Require construction project owners to timely pay contractors	2	ocd-person/4cece9f3-e252-438b-8255-a2150a4ed599	Bill Roemer	primary	direct
2025-05-01..2025-08-31	20250909LUPA1430446	Ohio Oil and Gas Association	org-ohio-oil-and-gas-association	Jeffrey T DeLeone	person-jeffrey-t-deleone	bill_referenced	SB 88	SB 88	bill	ocd-bill/4cc9b08c-3b2e-4858-bb03-805c84e0fcba	Enact the Ohio Property Protection Act	Enact the Ohio Property Protection Act	1	ocd-person/57300c34-0e2d-4e85-bdce-c4fb8c781541	Terry Johnson	primary	direct
2025-05-01..2025-08-31	20250909LUPA1430446	Ohio Oil and Gas Association	org-ohio-oil-and-gas-association	Jeffrey T DeLeone	person-jeffrey-t-deleone	bill_referenced	SB 103	SB 103	bill	ocd-bill/cffed967-069b-4c2d-8502-35c5a92a1fbb	Allow alternative rate plans for certain natural gas companies	Allow alternative rate plans for certain natural gas companies	1	ocd-person/bb1ae016-cdfe-48aa-8bc5-9e3636e430f3	Shane Wilkin	primary	direct
2025-05-01..2025-08-31	20250909LUPA1430446	Ohio Oil and Gas Association	org-ohio-oil-and-gas-association	Jeffrey T DeLeone	person-jeffrey-t-deleone	bill_referenced	SB 116	SB 116	bill	ocd-bill/762cec2d-800c-4f8e-bd4f-3f49dde71948	Reduce tangible personal property tax for pipe-line companies	Reduce tangible personal property tax for pipe-line companies	1	ocd-person/445d3fc7-d9a5-48d8-8869-f023aa274ae7	George F. Lang	primary	direct
2025-05-01..2025-08-31	20250909LUPA1430446	Ohio Oil and Gas Association	org-ohio-oil-and-gas-association	Jeffrey T DeLeone	person-jeffrey-t-deleone	bill_referenced	SB 132	SB 132	bill	ocd-bill/70ebb0d4-2110-4de4-a7b6-e19e0125f725	Enact the PRESERVE Act	Enact the PRESERVE Act	1	ocd-person/df5c391c-65e8-4d61-a9b9-0249ff6eddb7	Nickie J. Antonio	primary	direct
2025-05-01..2025-08-31	20250909LUPA1430446	Ohio Oil and Gas Association	org-ohio-oil-and-gas-association	Jeffrey T DeLeone	person-jeffrey-t-deleone	bill_referenced	SB 136	SB 136	bill	ocd-bill/c775d71e-ed25-4644-a5d7-1ce0d27e7bac	Establish process to regulate carbon capture, storage technology	Establish process to regulate carbon capture, storage technology	2	ocd-person/eb5ff860-2126-4ac5-8267-9d2d924c3967	Brian M. Chavez	primary	direct
2025-05-01..2025-08-31	20250909LUPA1430446	Ohio Oil and Gas Association	org-ohio-oil-and-gas-association	Jeffrey T DeLeone	person-jeffrey-t-deleone	bill_referenced	SB 136	SB 136	bill	ocd-bill/c775d71e-ed25-4644-a5d7-1ce0d27e7bac	Establish process to regulate carbon capture, storage technology	Establish process to regulate carbon capture, storage technology	2	ocd-person/01a80305-a667-4dda-9676-1e678bddde12	Tim Schaffer	primary	direct
2025-05-01..2025-08-31	20250909LUPA1430446	Ohio Oil and Gas Association	org-ohio-oil-and-gas-association	Jeffrey T DeLeone	person-jeffrey-t-deleone	bill_referenced	SB 146	SB 146	bill	ocd-bill/93390411-9015-405f-9caa-815b6f05a50c	Codify the common law action for piercing the corporate veil	Codify the common law action for piercing the corporate veil	2	ocd-person/c3b1dc5e-4913-4e2f-b2a8-4db5b3faa1bd	Jane M. Timken	primary	direct
2025-05-01..2025-08-31	20250909LUPA1430446	Ohio Oil and Gas Association	org-ohio-oil-and-gas-association	Jeffrey T DeLeone	person-jeffrey-t-deleone	bill_referenced	SB 146	SB 146	bill	ocd-bill/93390411-9015-405f-9caa-815b6f05a50c	Codify the common law action for piercing the corporate veil	Codify the common law action for piercing the corporate veil	2	ocd-person/0fe32749-fe89-4f96-87d3-3d831bea2459	Theresa Gavarone	primary	direct
2025-05-01..2025-08-31	20250909LUPA1430446	Ohio Oil and Gas Association	org-ohio-oil-and-gas-association	Jeffrey T DeLeone	person-jeffrey-t-deleone	bill_referenced	SB 151	SB 151	bill	ocd-bill/d11b928e-91ce-45ee-b625-72f3b248a939	Allow certain natural gas suppliers to offer carbon offsets	Allow certain natural gas suppliers to offer carbon offsets	1	ocd-person/bb1ae016-cdfe-48aa-8bc5-9e3636e430f3	Shane Wilkin	primary	direct
2025-05-01..2025-08-31	20250909LUPA1430446	Ohio Oil and Gas Association	org-ohio-oil-and-gas-association	Jeffrey T DeLeone	person-jeffrey-t-deleone	bill_referenced	SB 190	SB 190	bill	ocd-bill/54b2232d-1faa-401c-bd7a-2e2bae7a7a15	Enact A Good Deal for Ohio Act	Enact A Good Deal for Ohio Act	2	ocd-person/d9c3dfce-8b7f-402f-9dec-5179e38b528f	Kent Smith	primary	direct
2025-05-01..2025-08-31	20250909LUPA1430446	Ohio Oil and Gas Association	org-ohio-oil-and-gas-association	Jeffrey T DeLeone	person-jeffrey-t-deleone	bill_referenced	SB 190	SB 190	bill	ocd-bill/54b2232d-1faa-401c-bd7a-2e2bae7a7a15	Enact A Good Deal for Ohio Act	Enact A Good Deal for Ohio Act	2	ocd-person/5a9b2a16-6827-4e00-961a-f3de39538749	Louis W. Blessing, III	primary	direct
2025-05-01..2025-08-31	20250909LUPA1430446	Ohio Oil and Gas Association	org-ohio-oil-and-gas-association	Jeffrey T DeLeone	person-jeffrey-t-deleone	bill_referenced	SB 219	SB 219	bill	ocd-bill/e656a358-af40-41f7-b502-ec0323381336	Revise the law governing oil and gas wells	Revise the law governing oil and gas wells	1	ocd-person/debec71d-fcfb-4422-9c9e-c6a8709cbb3a	Al Landis	primary	direct
2025-05-01..2025-08-31	20250916EUPA1433628	Ohio Dental Association	org-ohio-dental-association	Christopher A Moore	person-christopher-a-moore	subject_general	Dental Board	Dental Board	subject			Anesthesia and Sedation Rules	0				subject_only
2025-05-01..2025-08-31	20250916EUPA1433628	Ohio Dental Association	org-ohio-dental-association	Christopher A Moore	person-christopher-a-moore	subject_general	Dental Board	Dental Board	subject			Continuing Education Rules	0				subject_only
2025-05-01..2025-08-31	20250916EUPA1433628	Ohio Dental Association	org-ohio-dental-association	Christopher A Moore	person-christopher-a-moore	subject_general	Dental Board	Dental Board	subject			Disciplinary Fee	0				subject_only
2025-05-01..2025-08-31	20250916EUPA1433628	Ohio Dental Association	org-ohio-dental-association	Christopher A Moore	person-christopher-a-moore	subject_general	Dental Board	Dental Board	subject			Rules and Enforcement	0				subject_only
2025-05-01..2025-08-31	20250916EUPA1433628	Ohio Dental Association	org-ohio-dental-association	Christopher A Moore	person-christopher-a-moore	subject_general	Dental Board	Dental Board	subject			Specialty Advertising Rules	0				subject_only
2025-05-01..2025-08-31	20250916EUPA1433628	Ohio Dental Association	org-ohio-dental-association	Christopher A Moore	person-christopher-a-moore	subject_general	Dental Board	Dental Board	subject			Teledentistry Rules	0				subject_only
2025-05-01..2025-08-31	20250916EUPA1433628	Ohio Dental Association	org-ohio-dental-association	Christopher A Moore	person-christopher-a-moore	subject_general	Governor	Governor	subject			Ohio State Dental Board Appointments	0				subject_only
2025-05-01..2025-08-31	20250916EUPA1433628	Ohio Dental Association	org-ohio-dental-association	Christopher A Moore	person-christopher-a-moore	subject_general	Health	Health	subject			Bureau of Environmental Health and Radiation Protection Rules and Enforcement Practices	0				subject_only
2025-05-01..2025-08-31	20250916EUPA1433628	Ohio Dental Association	org-ohio-dental-association	Christopher A Moore	person-christopher-a-moore	subject_general	Health	Health	subject			Dental OPTIONS	0				subject_only
2025-05-01..2025-08-31	20250916EUPA1433628	Ohio Dental Association	org-ohio-dental-association	Christopher A Moore	person-christopher-a-moore	subject_general	Medicaid, Department of	Medicaid, Department of	subject			Dental Medicaid Policies	0				subject_only
2025-05-01..2025-08-31	20250916EUPA1433628	Ohio Dental Association	org-ohio-dental-association	Christopher A Moore	person-christopher-a-moore	subject_general	Pharmacy Board	Pharmacy Board	subject			E-prescribing	0				subject_only
2025-05-01..2025-08-31	20250916EUPA1433628	Ohio Dental Association	org-ohio-dental-association	Christopher A Moore	person-christopher-a-moore	subject_general	Pharmacy Board	Pharmacy Board	subject			Prescription Drug Regulations	0				subject_only
2025-05-01..2025-08-31	20250916EUPA1433628	Ohio Dental Association	org-ohio-dental-association	Christopher A Moore	person-christopher-a-moore	subject_general	Pharmacy Board	Pharmacy Board	subject			Rules Regarding Terminal Distributor of Dangerous Drugs License	0				subject_only
2025-05-01..2025-08-31	20250916LUPA1433900	New Leaf Organization	org-new-leaf-organization	Terrence O'Donnell	person-terrence-o-donnell	bill_referenced	HB 96	HB 96	bill	ocd-bill/4e02024d-881d-4a05-9191-b218c16ecff4	Make state operating appropriations for FY 2026-27	Make state operating appropriations for FY 2026-27	1	ocd-person/f4e6c51a-89bd-4841-848b-b1097fd3fc9d	Brian Stewart	primary	direct
2025-05-01..2025-08-31	20250918LUPA1435010	CNA	org-cna	Reese Gallagher	person-reese-gallagher	bill_referenced	HB 105	HB 105	bill	ocd-bill/853db8db-9418-4e84-bab1-195bbb721443	Revise non-recourse litigation funding agreement regulations	Revise non-recourse litigation funding agreement regulations	2	ocd-person/ba95511f-3692-426c-bf85-c41ff737eeec	Jim Thomas	primary	direct
2025-05-01..2025-08-31	20250918LUPA1435010	CNA	org-cna	Reese Gallagher	person-reese-gallagher	bill_referenced	HB 105	HB 105	bill	ocd-bill/853db8db-9418-4e84-bab1-195bbb721443	Revise non-recourse litigation funding agreement regulations	Revise non-recourse litigation funding agreement regulations	2	ocd-person/75257af6-5d83-4d3b-b127-744aaa377c9f	Meredith Craig	primary	direct
2025-05-01..2025-08-31	20250918LUPA1435010	CNA	org-cna	Reese Gallagher	person-reese-gallagher	bill_referenced	SB 10	SB 10	bill	ocd-bill/374030b6-309e-4737-b24d-a8010b6562d1	Revise non-recourse litigation funding agreement regulations	Revise non-recourse litigation funding agreement regulations	2	ocd-person/445d3fc7-d9a5-48d8-8869-f023aa274ae7	George F. Lang	primary	direct
2025-05-01..2025-08-31	20250918LUPA1435010	CNA	org-cna	Reese Gallagher	person-reese-gallagher	bill_referenced	SB 10	SB 10	bill	ocd-bill/374030b6-309e-4737-b24d-a8010b6562d1	Revise non-recourse litigation funding agreement regulations	Revise non-recourse litigation funding agreement regulations	2	ocd-person/26444e7e-72b2-4838-bc24-31899c90d504	Steve Wilson	primary	direct
2025-05-01..2025-08-31	20250919LUPA1436864	Public Children Services Association of Ohio	org-public-children-services-association-of-ohio	McKenzie K Davis	person-mckenzie-k-davis	bill_referenced	HB 28	HB 28	bill	ocd-bill/af5dfef9-c3d8-43f7-9f8a-caf0d05a7655	Eliminate the authority to levy replacement property tax levies	Eliminate the authority to levy replacement property tax levies	2	ocd-person/7948afad-ec3c-4e4c-a073-305fb8cd1b21	Thomas Hall	primary	direct
2025-05-01..2025-08-31	20250919LUPA1436864	Public Children Services Association of Ohio	org-public-children-services-association-of-ohio	McKenzie K Davis	person-mckenzie-k-davis	bill_referenced	HB 28	HB 28	bill	ocd-bill/af5dfef9-c3d8-43f7-9f8a-caf0d05a7655	Eliminate the authority to levy replacement property tax levies	Eliminate the authority to levy replacement property tax levies	2	ocd-person/b04e2962-e7c6-46b8-9a99-d7a6d3a32717	Adam Mathews	primary	direct
2025-05-01..2025-08-31	20250919LUPA1436864	Public Children Services Association of Ohio	org-public-children-services-association-of-ohio	McKenzie K Davis	person-mckenzie-k-davis	bill_referenced	HB 96	HB 96	bill	ocd-bill/4e02024d-881d-4a05-9191-b218c16ecff4	Make state operating appropriations for FY 2026-27	Make state operating appropriations for FY 2026-27	1	ocd-person/f4e6c51a-89bd-4841-848b-b1097fd3fc9d	Brian Stewart	primary	direct
2025-05-01..2025-08-31	20250919LUPA1436990	SAS Institute Inc.	org-sas-institute-inc	Hartwell Marable	person-hartwell-marable	bill_referenced	HB 96	HB 96	bill	ocd-bill/4e02024d-881d-4a05-9191-b218c16ecff4	Make state operating appropriations for FY 2026-27	Make state operating appropriations for FY 2026-27	1	ocd-person/f4e6c51a-89bd-4841-848b-b1097fd3fc9d	Brian Stewart	primary	direct
2025-05-01..2025-08-31	20250920LUPA1437386	Denison University	org-denison-university	Brian Perera	person-brian-perera	bill_referenced	HB 394	HB 394	bill	ocd-bill/8a7ca8eb-ee02-47d1-b87f-ed7a0c55956e	Enact the Student Choice Grant Program	Enact the Student Choice Grant Program	2	ocd-person/993f089c-60bf-418d-9704-fa92e4f01c71	Sean P. Brennan	primary	direct
2025-05-01..2025-08-31	20250920LUPA1437386	Denison University	org-denison-university	Brian Perera	person-brian-perera	bill_referenced	HB 394	HB 394	bill	ocd-bill/8a7ca8eb-ee02-47d1-b87f-ed7a0c55956e	Enact the Student Choice Grant Program	Enact the Student Choice Grant Program	2	ocd-person/04d4dc4f-a38a-4d50-8962-ea961550b2ff	Daniel P. Troy	primary	direct
2025-05-01..2025-08-31	20250922LUPA1438580	Sports Betting Alliance	org-sports-betting-alliance	Thomas P Pappas	person-thomas-p-pappas	bill_referenced	HB 96	HB 96	bill	ocd-bill/4e02024d-881d-4a05-9191-b218c16ecff4	Make state operating appropriations for FY 2026-27	Make state operating appropriations for FY 2026-27	1	ocd-person/f4e6c51a-89bd-4841-848b-b1097fd3fc9d	Brian Stewart	primary	direct
2025-05-01..2025-08-31	20250922LUPA1438580	Sports Betting Alliance	org-sports-betting-alliance	Thomas P Pappas	person-thomas-p-pappas	bill_referenced	HB 298	HB 298	bill	ocd-bill/3455944e-055b-4cc8-98aa-9479f4b6948b	Legalize, tax internet gambling; make other Gambling Law changes	Legalize, tax internet gambling; make other Gambling Law changes	2	ocd-person/e4f9416c-1043-4737-899e-31410e94af1d	Marilyn John	primary	direct
2025-05-01..2025-08-31	20250922LUPA1438580	Sports Betting Alliance	org-sports-betting-alliance	Thomas P Pappas	person-thomas-p-pappas	bill_referenced	HB 298	HB 298	bill	ocd-bill/3455944e-055b-4cc8-98aa-9479f4b6948b	Legalize, tax internet gambling; make other Gambling Law changes	Legalize, tax internet gambling; make other Gambling Law changes	2	ocd-person/f4e6c51a-89bd-4841-848b-b1097fd3fc9d	Brian Stewart	primary	direct
2025-05-01..2025-08-31	20250922LUPA1438580	Sports Betting Alliance	org-sports-betting-alliance	Thomas P Pappas	person-thomas-p-pappas	bill_referenced	SB 197	SB 197	bill	ocd-bill/a810a5d5-2f1d-4c9b-8648-b95f5284ef54	Legalize, tax internet gambling; make other Gambling Law changes	Legalize, tax internet gambling; make other Gambling Law changes	1	ocd-person/d3508136-3927-461f-a2f0-a85665845ab1	Nathan H. Manning	primary	direct
2025-05-01..2025-08-31	20250922LUPA1438748	The Ohio Academy of Science	org-the-ohio-academy-of-science	Jillian Hanes	person-jillian-hanes	bill_referenced	HB 96	HB 96	bill	ocd-bill/4e02024d-881d-4a05-9191-b218c16ecff4	Make state operating appropriations for FY 2026-27	Make state operating appropriations for FY 2026-27	1	ocd-person/f4e6c51a-89bd-4841-848b-b1097fd3fc9d	Brian Stewart	primary	direct
2025-05-01..2025-08-31	20250922LUPA1439006	American College of Obstetricians & Gynecologists	org-american-college-of-obstetricians-gynecologists	Kyle Miller	person-kyle-miller	bill_referenced	HB 72	HB 72	bill	ocd-bill/215634eb-4a27-49f6-bc1e-349be5db164b	Prohibit public funding for lethal injection drugs; death penalty	Prohibit public funding for lethal injection drugs; death penalty	2	ocd-person/b04e2962-e7c6-46b8-9a99-d7a6d3a32717	Adam Mathews	primary	direct
2025-05-01..2025-08-31	20250922LUPA1439006	American College of Obstetricians & Gynecologists	org-american-college-of-obstetricians-gynecologists	Kyle Miller	person-kyle-miller	bill_referenced	HB 72	HB 72	bill	ocd-bill/215634eb-4a27-49f6-bc1e-349be5db164b	Prohibit public funding for lethal injection drugs; death penalty	Prohibit public funding for lethal injection drugs; death penalty	2	ocd-person/392629a2-7bb2-47df-8128-d4cd7d858324	Jean Schmidt	primary	direct
2025-05-01..2025-08-31	20250922LUPA1439006	American College of Obstetricians & Gynecologists	org-american-college-of-obstetricians-gynecologists	Kyle Miller	person-kyle-miller	bill_referenced	HB 87	HB 87	bill	ocd-bill/9ba698ce-b2e2-441b-a2e4-07010f0cec44	Enact Strategic Tax Opportunities for Raising Kids (STORK) Act	Enact Strategic Tax Opportunities for Raising Kids (STORK) Act	2	ocd-person/73e72147-0d40-4478-bbf6-3419f0e00b46	Roy Klopfenstein	primary	direct
2025-05-01..2025-08-31	20250922LUPA1439006	American College of Obstetricians & Gynecologists	org-american-college-of-obstetricians-gynecologists	Kyle Miller	person-kyle-miller	bill_referenced	HB 87	HB 87	bill	ocd-bill/9ba698ce-b2e2-441b-a2e4-07010f0cec44	Enact Strategic Tax Opportunities for Raising Kids (STORK) Act	Enact Strategic Tax Opportunities for Raising Kids (STORK) Act	2	ocd-person/04e3c98a-4ede-4501-b914-4fa13fbad194	Gary Click	primary	direct
2025-05-01..2025-08-31	20250922LUPA1439006	American College of Obstetricians & Gynecologists	org-american-college-of-obstetricians-gynecologists	Kyle Miller	person-kyle-miller	bill_referenced	HB 96	HB 96	bill	ocd-bill/4e02024d-881d-4a05-9191-b218c16ecff4	Make state operating appropriations for FY 2026-27	Make state operating appropriations for FY 2026-27	1	ocd-person/f4e6c51a-89bd-4841-848b-b1097fd3fc9d	Brian Stewart	primary	direct
2025-05-01..2025-08-31	20250922LUPA1439006	American College of Obstetricians & Gynecologists	org-american-college-of-obstetricians-gynecologists	Kyle Miller	person-kyle-miller	bill_referenced	HB 162	HB 162	bill	ocd-bill/46a304eb-6a7c-4094-9ec9-44ceeb0c3df8	Enact the My Child-My Chart Act	Enact the My Child-My Chart Act	1	ocd-person/04e3c98a-4ede-4501-b914-4fa13fbad194	Gary Click	primary	direct
2025-05-01..2025-08-31	20250922LUPA1439006	American College of Obstetricians & Gynecologists	org-american-college-of-obstetricians-gynecologists	Kyle Miller	person-kyle-miller	bill_referenced	HB 214	HB 214	bill	ocd-bill/f0070aae-3379-416b-bf86-f23f64365eea	Require Medicaid, health insurers report on prior authorization	Require Medicaid, health insurers report on prior authorization	1	ocd-person/cefb7a31-f46c-4145-9f38-901be3b70e60	Kevin D. Miller	primary	direct
2025-05-01..2025-08-31	20250922LUPA1439006	American College of Obstetricians & Gynecologists	org-american-college-of-obstetricians-gynecologists	Kyle Miller	person-kyle-miller	bill_referenced	SB 134	SB 134	bill	ocd-bill/c01ea520-1c19-485e-ac84-16ad505046f5	Abolish death penalty; regards funding of lethal injection drugs	Abolish death penalty; regards funding of lethal injection drugs	2	ocd-person/b21d9dcd-21e9-4071-936d-f89fc5d8f643	Stephen A. Huffman	primary	direct
2025-05-01..2025-08-31	20250922LUPA1439006	American College of Obstetricians & Gynecologists	org-american-college-of-obstetricians-gynecologists	Kyle Miller	person-kyle-miller	bill_referenced	SB 134	SB 134	bill	ocd-bill/c01ea520-1c19-485e-ac84-16ad505046f5	Abolish death penalty; regards funding of lethal injection drugs	Abolish death penalty; regards funding of lethal injection drugs	2	ocd-person/df5c391c-65e8-4d61-a9b9-0249ff6eddb7	Nickie J. Antonio	primary	direct
2025-05-01..2025-08-31	20250922LUPA1439006	American College of Obstetricians & Gynecologists	org-american-college-of-obstetricians-gynecologists	Kyle Miller	person-kyle-miller	bill_referenced	SCR 5	SCR 5	bill	ocd-bill/519f53be-76f0-4f93-81f0-91dd8c60d9b2	Urge Presidential support for Medicaid work requirements	Urge Presidential support for Medicaid work requirements	1	ocd-person/f2e79c7c-7e3a-496d-8f87-d43b62eb54a5	Kyle Koehler	primary	direct
2025-05-01..2025-08-31	20250923LUPA1440120	Indiana & Ohio Railway Company	org-indiana-ohio-railway-company	Joseph Price	person-joseph-price	bill_referenced	HB 96	HB 96	bill	ocd-bill/4e02024d-881d-4a05-9191-b218c16ecff4	Make state operating appropriations for FY 2026-27	Make state operating appropriations for FY 2026-27	1	ocd-person/f4e6c51a-89bd-4841-848b-b1097fd3fc9d	Brian Stewart	primary	direct
2025-05-01..2025-08-31	20250923LUPA1440484	ProMedica Health System, Inc.	org-promedica-health-system-inc	Frederick R Frank	person-frederick-r-frank	bill_referenced	HB 96	HB 96	bill	ocd-bill/4e02024d-881d-4a05-9191-b218c16ecff4	Make state operating appropriations for FY 2026-27	Make state operating appropriations for FY 2026-27	1	ocd-person/f4e6c51a-89bd-4841-848b-b1097fd3fc9d	Brian Stewart	primary	direct
2025-05-01..2025-08-31	20250924EUPA1441806	Greater Cleveland Partnership	org-greater-cleveland-partnership	Josh Rubin	person-josh-rubin	subject_general	Economic Development	Economic Development	subject			Economic Development Projects, operating budget	0				subject_only
2025-05-01..2025-08-31	20250924EUPA1441806	Greater Cleveland Partnership	org-greater-cleveland-partnership	Josh Rubin	person-josh-rubin	subject_general	Economic Development	Economic Development	subject			Economic Development Projects, workforce programming, operating budget	0				subject_only
2025-05-01..2025-08-31	20250924EUPA1441806	Greater Cleveland Partnership	org-greater-cleveland-partnership	Josh Rubin	person-josh-rubin	subject_general	Economic Development	Economic Development	subject			Economic Development Projects, workforce programming, operating budget	0				subject_only
2025-05-01..2025-08-31	20250924LUPA1441192	Delaware-Morrow Mental Health & Recovery Services Board	org-delaware-morrow-mental-health-recovery-services-board	Michala Stewart	person-michala-stewart	bill_referenced	HB 28	HB 28	bill	ocd-bill/af5dfef9-c3d8-43f7-9f8a-caf0d05a7655	Eliminate the authority to levy replacement property tax levies	Eliminate the authority to levy replacement property tax levies	2	ocd-person/7948afad-ec3c-4e4c-a073-305fb8cd1b21	Thomas Hall	primary	direct
2025-05-01..2025-08-31	20250924LUPA1441192	Delaware-Morrow Mental Health & Recovery Services Board	org-delaware-morrow-mental-health-recovery-services-board	Michala Stewart	person-michala-stewart	bill_referenced	HB 28	HB 28	bill	ocd-bill/af5dfef9-c3d8-43f7-9f8a-caf0d05a7655	Eliminate the authority to levy replacement property tax levies	Eliminate the authority to levy replacement property tax levies	2	ocd-person/b04e2962-e7c6-46b8-9a99-d7a6d3a32717	Adam Mathews	primary	direct
2025-05-01..2025-08-31	20250924LUPA1441192	Delaware-Morrow Mental Health & Recovery Services Board	org-delaware-morrow-mental-health-recovery-services-board	Michala Stewart	person-michala-stewart	bill_referenced	HB 96	HB 96	bill	ocd-bill/4e02024d-881d-4a05-9191-b218c16ecff4	Make state operating appropriations for FY 2026-27	Make state operating appropriations for FY 2026-27	1	ocd-person/f4e6c51a-89bd-4841-848b-b1097fd3fc9d	Brian Stewart	primary	direct
2025-05-01..2025-08-31	20250924LUPA1441192	Delaware-Morrow Mental Health & Recovery Services Board	org-delaware-morrow-mental-health-recovery-services-board	Michala Stewart	person-michala-stewart	bill_referenced	SB 138	SB 138	bill	ocd-bill/d189045f-65cf-4cd7-91d5-5ea1bcc06bff	Modify alcohol, drug addiction, and mental health services laws	Modify alcohol, drug addiction, and mental health services laws	1	ocd-person/57300c34-0e2d-4e85-bdce-c4fb8c781541	Terry Johnson	primary	direct
2025-05-01..2025-08-31	20250925EUPA1443580	Centegix	org-centegix	Gary E Smith, Jr.	person-gary-e-smith-jr	subject_general	Education and Workforce	Education and Workforce	subject			Alyssa's Law — Education and Workforce agency decision	0				subject_only
2025-05-01..2025-08-31	20250925EUPA1443580	Centegix	org-centegix	Gary E Smith, Jr.	person-gary-e-smith-jr	subject_general	Governor	Governor	subject			Alyssa's Law — Governor decision	0				subject_only
2025-05-01..2025-08-31	20250925LUPA1441980	Coalition of Ohio Regional Districts	org-coalition-of-ohio-regional-districts	Sydney Sanders	person-sydney-sanders	bill_referenced	HB 49	HB 49	bill	ocd-bill/e45e39ac-0edd-4c57-90f8-8f9abd028610	Allow for creation of water improvement districts	Allow for creation of water improvement districts	1	ocd-person/081534e7-8952-47f0-a722-ed627fb32069	Thaddeus J. Claggett	primary	direct
2025-05-01..2025-08-31	20250925LUPA1441980	Coalition of Ohio Regional Districts	org-coalition-of-ohio-regional-districts	Sydney Sanders	person-sydney-sanders	bill_referenced	HB 54	HB 54	bill	ocd-bill/03729a21-e915-43b7-a8c6-758bf3753c6c	Make appropriations for transportation for FY 2026-27 biennium	Make appropriations for transportation for FY 2026-27 biennium	1	ocd-person/f4e6c51a-89bd-4841-848b-b1097fd3fc9d	Brian Stewart	primary	direct
2025-05-01..2025-08-31	20250925LUPA1441980	Coalition of Ohio Regional Districts	org-coalition-of-ohio-regional-districts	Sydney Sanders	person-sydney-sanders	bill_referenced	HB 92	HB 92	bill	ocd-bill/9654f62d-3271-4457-bcc6-a7cd1631d37f	Regards unpaid water, sewer, and trash charges at rented property	Regards unpaid water, sewer, and trash charges at rented property	2	ocd-person/d6ca7e4f-dcf2-4aad-a919-a2740bae649a	Riordan T. McClain	primary	direct
2025-05-01..2025-08-31	20250925LUPA1441980	Coalition of Ohio Regional Districts	org-coalition-of-ohio-regional-districts	Sydney Sanders	person-sydney-sanders	bill_referenced	HB 92	HB 92	bill	ocd-bill/9654f62d-3271-4457-bcc6-a7cd1631d37f	Regards unpaid water, sewer, and trash charges at rented property	Regards unpaid water, sewer, and trash charges at rented property	2	ocd-person/4af0e8db-ad18-424f-abfa-ce31e37c0b7d	Mark Johnson	primary	direct
2025-05-01..2025-08-31	20250925LUPA1441980	Coalition of Ohio Regional Districts	org-coalition-of-ohio-regional-districts	Sydney Sanders	person-sydney-sanders	bill_referenced	HB 96	HB 96	bill	ocd-bill/4e02024d-881d-4a05-9191-b218c16ecff4	Make state operating appropriations for FY 2026-27	Make state operating appropriations for FY 2026-27	1	ocd-person/f4e6c51a-89bd-4841-848b-b1097fd3fc9d	Brian Stewart	primary	direct
2025-05-01..2025-08-31	20250925LUPA1441980	Coalition of Ohio Regional Districts	org-coalition-of-ohio-regional-districts	Sydney Sanders	person-sydney-sanders	bill_referenced	HB 139	HB 139	bill	ocd-bill/cbeb602a-7277-4bdd-ad28-83daded046da	Require specified testing of fire hydrant systems	Require specified testing of fire hydrant systems	1	ocd-person/7948afad-ec3c-4e4c-a073-305fb8cd1b21	Thomas Hall	primary	direct
2025-05-01..2025-08-31	20250925LUPA1441980	Coalition of Ohio Regional Districts	org-coalition-of-ohio-regional-districts	Sydney Sanders	person-sydney-sanders	bill_referenced	HB 158	HB 158	bill	ocd-bill/dcc78890-0987-4dfb-87e6-cd8d0b9c653c	Enact the Consumer Utility Billing Transparency Act	Enact the Consumer Utility Billing Transparency Act	2	ocd-person/170299dd-f2e4-463e-8b8b-ea3b75946120	David Thomas	primary	direct
2025-05-01..2025-08-31	20250925LUPA1441980	Coalition of Ohio Regional Districts	org-coalition-of-ohio-regional-districts	Sydney Sanders	person-sydney-sanders	bill_referenced	HB 158	HB 158	bill	ocd-bill/dcc78890-0987-4dfb-87e6-cd8d0b9c653c	Enact the Consumer Utility Billing Transparency Act	Enact the Consumer Utility Billing Transparency Act	2	ocd-person/993f089c-60bf-418d-9704-fa92e4f01c71	Sean P. Brennan	primary	direct
2025-05-01..2025-08-31	20250925LUPA1441980	Coalition of Ohio Regional Districts	org-coalition-of-ohio-regional-districts	Sydney Sanders	person-sydney-sanders	bill_referenced	HB 182	HB 182	bill	ocd-bill/8e1dd913-af13-4383-b805-945d34ab3543	Prohibit public water system from adding fluoride to its water	Prohibit public water system from adding fluoride to its water	1	ocd-person/1dcb1bfa-861d-4d16-8d7d-02364e1b4def	Levi Dean	primary	direct
2025-05-01..2025-08-31	20250925LUPA1441980	Coalition of Ohio Regional Districts	org-coalition-of-ohio-regional-districts	Sydney Sanders	person-sydney-sanders	bill_referenced	HB 246	HB 246	bill	ocd-bill/d16707fb-1401-4375-9509-413fcd8d619d	Require certain construction industry employers to use E-verify	Require certain construction industry employers to use E-verify	2	ocd-person/16e469e4-8014-4ba2-8fc4-91804d6ef491	Tex Fischer	primary	direct
2025-05-01..2025-08-31	20250925LUPA1441980	Coalition of Ohio Regional Districts	org-coalition-of-ohio-regional-districts	Sydney Sanders	person-sydney-sanders	bill_referenced	HB 246	HB 246	bill	ocd-bill/d16707fb-1401-4375-9509-413fcd8d619d	Require certain construction industry employers to use E-verify	Require certain construction industry employers to use E-verify	2	ocd-person/cb2ddd04-e5b0-4c96-b217-d02b732eb896	D. J. Swearingen	primary	direct
2025-05-01..2025-08-31	20250925LUPA1441980	Coalition of Ohio Regional Districts	org-coalition-of-ohio-regional-districts	Sydney Sanders	person-sydney-sanders	bill_referenced	HB 283	HB 283	bill	ocd-bill/9825184c-36e3-4dd0-9616-006834605fc2	Require political subdivisions to adopt a cybersecurity program	Require political subdivisions to adopt a cybersecurity program	2	ocd-person/82dd3548-078a-41a8-8c5b-6c652d88d0d2	Haraz N. Ghanbari	primary	direct
2025-05-01..2025-08-31	20250925LUPA1441980	Coalition of Ohio Regional Districts	org-coalition-of-ohio-regional-districts	Sydney Sanders	person-sydney-sanders	bill_referenced	HB 283	HB 283	bill	ocd-bill/9825184c-36e3-4dd0-9616-006834605fc2	Require political subdivisions to adopt a cybersecurity program	Require political subdivisions to adopt a cybersecurity program	2	ocd-person/b04e2962-e7c6-46b8-9a99-d7a6d3a32717	Adam Mathews	primary	direct
2025-05-01..2025-08-31	20250925LUPA1441980	Coalition of Ohio Regional Districts	org-coalition-of-ohio-regional-districts	Sydney Sanders	person-sydney-sanders	bill_referenced	HB 307	HB 307	bill	ocd-bill/2aa06903-3c01-4d95-bc3e-e8d021c3d8aa	Enact the Lead Line Replacement Act	Enact the Lead Line Replacement Act	2	ocd-person/062b9622-c2fa-4af2-bbea-704f0450dd47	Monica Robb Blasdel	primary	direct
2025-05-01..2025-08-31	20250925LUPA1441980	Coalition of Ohio Regional Districts	org-coalition-of-ohio-regional-districts	Sydney Sanders	person-sydney-sanders	bill_referenced	HB 307	HB 307	bill	ocd-bill/2aa06903-3c01-4d95-bc3e-e8d021c3d8aa	Enact the Lead Line Replacement Act	Enact the Lead Line Replacement Act	2	ocd-person/74c1210d-fb56-4522-8d3a-0a2bb08c972b	Dontavius L. Jarrells	primary	direct
2025-05-01..2025-08-31	20250925LUPA1441980	Coalition of Ohio Regional Districts	org-coalition-of-ohio-regional-districts	Sydney Sanders	person-sydney-sanders	bill_referenced	SB 57	SB 57	bill	ocd-bill/8dbd4452-d3e7-46d6-b75e-05e90ea48d13	Enact the Ohio Bitcoin Reserve Act	Enact the Ohio Bitcoin Reserve Act	1	ocd-person/d665e333-f7e3-43e2-b440-17920f62c60b	Sandra O'Brien	primary	direct
2025-05-01..2025-08-31	20250925LUPA1441980	Coalition of Ohio Regional Districts	org-coalition-of-ohio-regional-districts	Sydney Sanders	person-sydney-sanders	bill_referenced	SB 118	SB 118	bill	ocd-bill/67b85047-9187-4600-822d-443bdd3aa109	Regards lien limits for unpaid water, sewer, disposal services	Regards lien limits for unpaid water, sewer, disposal services	1	ocd-person/445d3fc7-d9a5-48d8-8869-f023aa274ae7	George F. Lang	primary	direct
2025-05-01..2025-08-31	20250925LUPA1441980	Coalition of Ohio Regional Districts	org-coalition-of-ohio-regional-districts	Sydney Sanders	person-sydney-sanders	bill_referenced	SB 157	SB 157	bill	ocd-bill/253db446-0c0a-486b-9d4f-c3c0d76ec015	Reduce statute of limitations for contract actions	Reduce statute of limitations for contract actions	1	ocd-person/445d3fc7-d9a5-48d8-8869-f023aa274ae7	George F. Lang	primary	direct
2025-05-01..2025-08-31	20250925LUPA1443296	Trulieve	org-trulieve	Greg May	person-greg-may	bill_referenced	HB 96	HB 96	bill	ocd-bill/4e02024d-881d-4a05-9191-b218c16ecff4	Make state operating appropriations for FY 2026-27	Make state operating appropriations for FY 2026-27	1	ocd-person/f4e6c51a-89bd-4841-848b-b1097fd3fc9d	Brian Stewart	primary	direct
2025-05-01..2025-08-31	20250925LUPA1443296	Trulieve	org-trulieve	Greg May	person-greg-may	bill_referenced	SB 56	SB 56	bill	ocd-bill/13d7e8bc-8b9c-4614-b904-cbe045635140	Revise medical and adult-use marijuana laws; levy marijuana taxes	Revise medical and adult-use marijuana laws; levy marijuana taxes	1	ocd-person/b21d9dcd-21e9-4071-936d-f89fc5d8f643	Stephen A. Huffman	primary	direct
2025-05-01..2025-08-31	20250925LUPA1443296	Trulieve	org-trulieve	Greg May	person-greg-may	bill_referenced	SB 86	SB 86	bill	ocd-bill/7809cb11-fa18-41df-b5ed-2e3561a183fd	Regulate and tax intoxicating hemp, drinkable cannabinoid product	Regulate and tax intoxicating hemp, drinkable cannabinoid product	2	ocd-person/bb1ae016-cdfe-48aa-8bc5-9e3636e430f3	Shane Wilkin	primary	direct
2025-05-01..2025-08-31	20250925LUPA1443296	Trulieve	org-trulieve	Greg May	person-greg-may	bill_referenced	SB 86	SB 86	bill	ocd-bill/7809cb11-fa18-41df-b5ed-2e3561a183fd	Regulate and tax intoxicating hemp, drinkable cannabinoid product	Regulate and tax intoxicating hemp, drinkable cannabinoid product	2	ocd-person/b21d9dcd-21e9-4071-936d-f89fc5d8f643	Stephen A. Huffman	primary	direct
2025-05-01..2025-08-31	20250926EUPA1446186	Jefferson-Belmont Regional Solid Waste Authority	org-jefferson-belmont-regional-solid-waste-authority	Michael Guastella	person-michael-guastella	bill_referenced	SB 147	SB 147	bill	ocd-bill/c84b9ab2-d85d-4ef4-87ef-3480f75b96c3	Revise solid waste and construction and demolition debris laws	Active advocacy before Agriculture agency	1	ocd-person/10733ff7-ee19-4e86-9b5e-65619ddbf7bf	Bill Reineke	primary	direct
2025-05-01..2025-08-31	20250926EUPA1446186	Jefferson-Belmont Regional Solid Waste Authority	org-jefferson-belmont-regional-solid-waste-authority	Michael Guastella	person-michael-guastella	bill_referenced	SB 147	SB 147	bill	ocd-bill/c84b9ab2-d85d-4ef4-87ef-3480f75b96c3	Revise solid waste and construction and demolition debris laws	Active advocacy before Environmental Protection Agency	1	ocd-person/10733ff7-ee19-4e86-9b5e-65619ddbf7bf	Bill Reineke	primary	direct
2025-05-01..2025-08-31	20250926EUPA1446186	Jefferson-Belmont Regional Solid Waste Authority	org-jefferson-belmont-regional-solid-waste-authority	Michael Guastella	person-michael-guastella	bill_referenced	SB 147	SB 147	bill	ocd-bill/c84b9ab2-d85d-4ef4-87ef-3480f75b96c3	Revise solid waste and construction and demolition debris laws	Active advocacy before Governor	1	ocd-person/10733ff7-ee19-4e86-9b5e-65619ddbf7bf	Bill Reineke	primary	direct
2025-05-01..2025-08-31	20250926LUPA1445826	Coalition for Community Solar Access	org-coalition-for-community-solar-access	Mara White	person-mara-white	bill_referenced	HB 15	HB 15	bill	ocd-bill/dde5117e-486e-42d3-913a-4a88cb7c7af7	Amend competitive retail electric service law	Amend competitive retail electric service law	1	ocd-person/73e72147-0d40-4478-bbf6-3419f0e00b46	Roy Klopfenstein	primary	direct
2025-05-01..2025-08-31	20250926LUPA1445826	Coalition for Community Solar Access	org-coalition-for-community-solar-access	Mara White	person-mara-white	bill_referenced	HB 303	HB 303	bill	ocd-bill/381c4014-ad47-4fb1-9d3c-7e483782ccec	Establish community energy program and pilot program	Establish community energy program and pilot program	2	ocd-person/1a598246-01e8-44c8-beca-2c41e1bafb77	James M. Hoops	primary	direct
2025-05-01..2025-08-31	20250926LUPA1445826	Coalition for Community Solar Access	org-coalition-for-community-solar-access	Mara White	person-mara-white	bill_referenced	HB 303	HB 303	bill	ocd-bill/381c4014-ad47-4fb1-9d3c-7e483782ccec	Establish community energy program and pilot program	Establish community energy program and pilot program	2	ocd-person/352d7ee9-256c-4195-a673-17b7ee200948	Sharon A. Ray	primary	direct
2025-05-01..2025-08-31	20250926LUPA1445826	Coalition for Community Solar Access	org-coalition-for-community-solar-access	Mara White	person-mara-white	bill_referenced	SB 2	SB 2	bill	ocd-bill/3ca8268d-7085-44b8-b1db-07c4dee58f20	Increase power generation; improve Ohio’s electric grid	Increase power generation; improve Ohio's electric grid	1	ocd-person/10733ff7-ee19-4e86-9b5e-65619ddbf7bf	Bill Reineke	primary	direct
2025-05-01..2025-08-31	20250926LUPA1445826	Coalition for Community Solar Access	org-coalition-for-community-solar-access	Mara White	person-mara-white	bill_referenced	SB 231	SB 231	bill	ocd-bill/4c0f15ec-456f-4b32-8706-0126e92aa5e0	Establish community energy program and pilot program	Establish community energy program and pilot program	2	ocd-person/d9c3dfce-8b7f-402f-9dec-5179e38b528f	Kent Smith	primary	direct
2025-05-01..2025-08-31	20250926LUPA1445826	Coalition for Community Solar Access	org-coalition-for-community-solar-access	Mara White	person-mara-white	bill_referenced	SB 231	SB 231	bill	ocd-bill/4c0f15ec-456f-4b32-8706-0126e92aa5e0	Establish community energy program and pilot program	Establish community energy program and pilot program	2	ocd-person/2ae62dc8-e902-4a8e-99b7-182477c50bc3	Mark Romanchuk	primary	direct
2025-05-01..2025-08-31	20250926LUPA1446360	Department of Development	org-department-of-development	Matt McClellan	person-matt-mcclellan	bill_referenced	CB 7/21/2025	CB 7/21/2025	unmatched				0				unmatched
2025-05-01..2025-08-31	20250928EUPA1447620	Infiltrator Water Technologies	org-infiltrator-water-technologies	Nathanael Jonhenry	person-nathanael-jonhenry	subject_general	Development – Onsite wastewater systems and regulatory issues	Development – Onsite wastewater systems and regulatory issues	subject			Onsite wastewater systems and regulatory issues.	0				subject_only
2025-05-01..2025-08-31	20250928EUPA1447620	Infiltrator Water Technologies	org-infiltrator-water-technologies	Nathanael Jonhenry	person-nathanael-jonhenry	subject_general	Governor – Onsite wastewater systems and regulatory issues	Governor – Onsite wastewater systems and regulatory issues	subject			Onsite wastewater systems and regulatory issues.	0				subject_only
2025-05-01..2025-08-31	20250928EUPA1447620	Infiltrator Water Technologies	org-infiltrator-water-technologies	Nathanael Jonhenry	person-nathanael-jonhenry	subject_general	Health – Onsite wastewater systems and regulatory issues	Health – Onsite wastewater systems and regulatory issues	subject			Onsite wastewater systems and regulatory issues.	0				subject_only
2025-05-01..2025-08-31	20250928EUPA1447620	Infiltrator Water Technologies	org-infiltrator-water-technologies	Nathanael Jonhenry	person-nathanael-jonhenry	bill_referenced	3701-29-13	3701-29-13	oac_rule			Special Device Approval / Combined Treatment and Dispersal / System Configurations	0				oac_dropped
2025-05-01..2025-08-31	20250928EUPA1447620	Infiltrator Water Technologies	org-infiltrator-water-technologies	Nathanael Jonhenry	person-nathanael-jonhenry	bill_referenced	3701-29-22	3701-29-22	oac_rule			Special Device Approval / Combined Treatment and Dispersal / System Configurations	0				oac_dropped
2025-05-01..2025-08-31	20250928EUPA1447620	Infiltrator Water Technologies	org-infiltrator-water-technologies	Nathanael Jonhenry	person-nathanael-jonhenry	bill_referenced	3701-29-15	3701-29-15	oac_rule			Special Device Approval / Combined Treatment and Dispersal / System Configurations	0				oac_dropped
2025-05-01..2025-08-31	20250928EUPA1447620	Infiltrator Water Technologies	org-infiltrator-water-technologies	Nathanael Jonhenry	person-nathanael-jonhenry	subject_general	Lieutenant Governor – Onsite wastewater systems and regulatory issues	Lieutenant Governor – Onsite wastewater systems and regulatory issues	subject			Onsite wastewater systems and regulatory issues.	0				subject_only
2025-05-01..2025-08-31	20250929LUPA1447994	Ohio University	org-ohio-university	Megan Lashutka	person-megan-lashutka	bill_referenced	HB 96	HB 96	bill	ocd-bill/4e02024d-881d-4a05-9191-b218c16ecff4	Make state operating appropriations for FY 2026-27	Make state operating appropriations for FY 2026-27	1	ocd-person/f4e6c51a-89bd-4841-848b-b1097fd3fc9d	Brian Stewart	primary	direct
2025-05-01..2025-08-31	20250929LUPA1449120	Liberty Mutual Group	org-liberty-mutual-group	Mark Schloemer	person-mark-schloemer	bill_referenced	HB 105	HB 105	bill	ocd-bill/853db8db-9418-4e84-bab1-195bbb721443	Revise non-recourse litigation funding agreement regulations	Revise non-recourse litigation funding agreement regulations	2	ocd-person/ba95511f-3692-426c-bf85-c41ff737eeec	Jim Thomas	primary	direct
2025-05-01..2025-08-31	20250929LUPA1449120	Liberty Mutual Group	org-liberty-mutual-group	Mark Schloemer	person-mark-schloemer	bill_referenced	HB 105	HB 105	bill	ocd-bill/853db8db-9418-4e84-bab1-195bbb721443	Revise non-recourse litigation funding agreement regulations	Revise non-recourse litigation funding agreement regulations	2	ocd-person/75257af6-5d83-4d3b-b127-744aaa377c9f	Meredith Craig	primary	direct
2025-05-01..2025-08-31	20250929LUPA1449120	Liberty Mutual Group	org-liberty-mutual-group	Mark Schloemer	person-mark-schloemer	bill_referenced	SB 10	SB 10	bill	ocd-bill/374030b6-309e-4737-b24d-a8010b6562d1	Revise non-recourse litigation funding agreement regulations	Revise non-recourse litigation funding agreement regulations	2	ocd-person/445d3fc7-d9a5-48d8-8869-f023aa274ae7	George F. Lang	primary	direct
2025-05-01..2025-08-31	20250929LUPA1449120	Liberty Mutual Group	org-liberty-mutual-group	Mark Schloemer	person-mark-schloemer	bill_referenced	SB 10	SB 10	bill	ocd-bill/374030b6-309e-4737-b24d-a8010b6562d1	Revise non-recourse litigation funding agreement regulations	Revise non-recourse litigation funding agreement regulations	2	ocd-person/26444e7e-72b2-4838-bc24-31899c90d504	Steve Wilson	primary	direct
2025-05-01..2025-08-31	20250929LUPA1449774	Ohio Cannabis Coalition (OHCANN)	org-ohio-cannabis-coalition-ohcann	David Bowling	person-david-bowling	bill_referenced	HB 160	HB 160	bill	ocd-bill/155d6471-f2cd-4f75-b3fa-ac75bca6d5f8	Revise liquor control, hemp, and adult-use marijuana laws	Revise liquor control, hemp, and adult-use marijuana laws	1	ocd-person/f4e6c51a-89bd-4841-848b-b1097fd3fc9d	Brian Stewart	primary	direct
2025-05-01..2025-08-31	20250929LUPA1449774	Ohio Cannabis Coalition (OHCANN)	org-ohio-cannabis-coalition-ohcann	David Bowling	person-david-bowling	bill_referenced	HB 198	HB 198	bill	ocd-bill/b2ba30b9-5cee-47d1-834d-96e84125cfba	Regulate manufacture, sale of inhalable, ingestible hemp products	Regulate manufacture, sale of inhalable, ingestible hemp products	2	ocd-person/09c752d1-59eb-4f43-b401-5092d801f4c1	Ty D. Mathews	primary	direct
2025-05-01..2025-08-31	20250929LUPA1449774	Ohio Cannabis Coalition (OHCANN)	org-ohio-cannabis-coalition-ohcann	David Bowling	person-david-bowling	bill_referenced	HB 198	HB 198	bill	ocd-bill/b2ba30b9-5cee-47d1-834d-96e84125cfba	Regulate manufacture, sale of inhalable, ingestible hemp products	Regulate manufacture, sale of inhalable, ingestible hemp products	2	ocd-person/16e469e4-8014-4ba2-8fc4-91804d6ef491	Tex Fischer	primary	direct
2025-05-01..2025-08-31	20250929LUPA1449774	Ohio Cannabis Coalition (OHCANN)	org-ohio-cannabis-coalition-ohcann	David Bowling	person-david-bowling	bill_referenced	SB 56	SB 56	bill	ocd-bill/13d7e8bc-8b9c-4614-b904-cbe045635140	Revise medical and adult-use marijuana laws; levy marijuana taxes	Revise medical and adult-use marijuana laws; levy marijuana taxes	1	ocd-person/b21d9dcd-21e9-4071-936d-f89fc5d8f643	Stephen A. Huffman	primary	direct
2025-05-01..2025-08-31	20250929LUPA1449774	Ohio Cannabis Coalition (OHCANN)	org-ohio-cannabis-coalition-ohcann	David Bowling	person-david-bowling	bill_referenced	SB 86	SB 86	bill	ocd-bill/7809cb11-fa18-41df-b5ed-2e3561a183fd	Regulate and tax intoxicating hemp, drinkable cannabinoid product	Regulate and tax intoxicating hemp, drinkable cannabinoid product	2	ocd-person/bb1ae016-cdfe-48aa-8bc5-9e3636e430f3	Shane Wilkin	primary	direct
2025-05-01..2025-08-31	20250929LUPA1449774	Ohio Cannabis Coalition (OHCANN)	org-ohio-cannabis-coalition-ohcann	David Bowling	person-david-bowling	bill_referenced	SB 86	SB 86	bill	ocd-bill/7809cb11-fa18-41df-b5ed-2e3561a183fd	Regulate and tax intoxicating hemp, drinkable cannabinoid product	Regulate and tax intoxicating hemp, drinkable cannabinoid product	2	ocd-person/b21d9dcd-21e9-4071-936d-f89fc5d8f643	Stephen A. Huffman	primary	direct
2025-05-01..2025-08-31	20250929LUPA1451274	Warren County Transportation Improvement District	org-warren-county-transportation-improvement-district	Sheila Boehner	person-sheila-boehner	bill_referenced	HB 96	HB 96	bill	ocd-bill/4e02024d-881d-4a05-9191-b218c16ecff4	Make state operating appropriations for FY 2026-27	Make state operating appropriations for FY 2026-27	1	ocd-person/f4e6c51a-89bd-4841-848b-b1097fd3fc9d	Brian Stewart	primary	direct
2025-05-01..2025-08-31	20250929LUPA1451442	Genentech, Inc., A Member of the Roche Group	org-genentech-inc-a-member-of-the-roche-group	Courtney Saunders	person-courtney-saunders	bill_referenced	HB 8	HB 8	bill	ocd-bill/ba77a847-ab42-486d-943e-50526c0062b6	Require health plan and Medicaid coverage of biomarker testing	Require health plan and Medicaid coverage of biomarker testing	1	ocd-person/07c054e9-9a51-41b2-994a-8f63b0148d07	Andrea White	primary	direct
2025-05-01..2025-08-31	20250929LUPA1451442	Genentech, Inc., A Member of the Roche Group	org-genentech-inc-a-member-of-the-roche-group	Courtney Saunders	person-courtney-saunders	bill_referenced	HB 12	HB 12	bill	ocd-bill/f43567bb-674b-4060-a934-182e8d23d75d	Enact the Jeff, Dave, and Angie Patient Right to Try Act	Enact the Jeff, Dave, and Angie Patient Right to Try Act	2	ocd-person/cb2ddd04-e5b0-4c96-b217-d02b732eb896	D. J. Swearingen	primary	direct
2025-05-01..2025-08-31	20250929LUPA1451442	Genentech, Inc., A Member of the Roche Group	org-genentech-inc-a-member-of-the-roche-group	Courtney Saunders	person-courtney-saunders	bill_referenced	HB 12	HB 12	bill	ocd-bill/f43567bb-674b-4060-a934-182e8d23d75d	Enact the Jeff, Dave, and Angie Patient Right to Try Act	Enact the Jeff, Dave, and Angie Patient Right to Try Act	2	ocd-person/4817cf28-df1f-4ccc-bc09-25809222e530	Jennifer Gross	primary	direct
2025-05-01..2025-08-31	20250929LUPA1451442	Genentech, Inc., A Member of the Roche Group	org-genentech-inc-a-member-of-the-roche-group	Courtney Saunders	person-courtney-saunders	bill_referenced	HB 96	HB 96	bill	ocd-bill/4e02024d-881d-4a05-9191-b218c16ecff4	Make state operating appropriations for FY 2026-27	Make state operating appropriations for FY 2026-27	1	ocd-person/f4e6c51a-89bd-4841-848b-b1097fd3fc9d	Brian Stewart	primary	direct
2025-05-01..2025-08-31	20250929LUPA1451442	Genentech, Inc., A Member of the Roche Group	org-genentech-inc-a-member-of-the-roche-group	Courtney Saunders	person-courtney-saunders	bill_referenced	HB 192	HB 192	bill	ocd-bill/86c1c417-ef53-48be-81dc-cf4c8c594a1f	Enact the Community Pharmacy Protection Act	Enact the Community Pharmacy Protection Act	2	ocd-person/16e469e4-8014-4ba2-8fc4-91804d6ef491	Tex Fischer	primary	direct
2025-05-01..2025-08-31	20250929LUPA1451442	Genentech, Inc., A Member of the Roche Group	org-genentech-inc-a-member-of-the-roche-group	Courtney Saunders	person-courtney-saunders	bill_referenced	HB 192	HB 192	bill	ocd-bill/86c1c417-ef53-48be-81dc-cf4c8c594a1f	Enact the Community Pharmacy Protection Act	Enact the Community Pharmacy Protection Act	2	ocd-person/fa5ff978-34ff-49d1-958e-4e356a8ef9d4	Tim Barhorst	primary	direct
2025-05-01..2025-08-31	20250929LUPA1451442	Genentech, Inc., A Member of the Roche Group	org-genentech-inc-a-member-of-the-roche-group	Courtney Saunders	person-courtney-saunders	bill_referenced	HB 214	HB 214	bill	ocd-bill/f0070aae-3379-416b-bf86-f23f64365eea	Require Medicaid, health insurers report on prior authorization	Require Medicaid, health insurers report on prior authorization	1	ocd-person/cefb7a31-f46c-4145-9f38-901be3b70e60	Kevin D. Miller	primary	direct
2025-05-01..2025-08-31	20250929LUPA1451442	Genentech, Inc., A Member of the Roche Group	org-genentech-inc-a-member-of-the-roche-group	Courtney Saunders	person-courtney-saunders	bill_referenced	HB 219	HB 219	bill	ocd-bill/d7726f4a-3a49-4ba8-a522-050b184c7bf1	Establish network adequacy standards for health insurers	Establish network adequacy standards for health insurers	1	ocd-person/97821235-4116-44d1-b58b-acf822bbdc58	Kellie Deeter	primary	direct
2025-05-01..2025-08-31	20250929LUPA1451442	Genentech, Inc., A Member of the Roche Group	org-genentech-inc-a-member-of-the-roche-group	Courtney Saunders	person-courtney-saunders	bill_referenced	HB 220	HB 220	bill	ocd-bill/4ad01ea6-c534-4777-b66c-c45bf65221bd	Regards health insurance, Medicaid prior authorization	Regards health insurance, Medicaid prior authorization	1	ocd-person/098614cd-1972-4b98-ade6-4f5fa7cefe5b	Heidi Workman	primary	direct
2025-05-01..2025-08-31	20250929LUPA1451442	Genentech, Inc., A Member of the Roche Group	org-genentech-inc-a-member-of-the-roche-group	Courtney Saunders	person-courtney-saunders	bill_referenced	HB 229	HB 229	bill	ocd-bill/c1f69328-232b-43a2-a683-57b47df045f7	Establish licensing process, contract requirements for PBMs	Establish licensing process, contract requirements for PBMs	1	ocd-person/97821235-4116-44d1-b58b-acf822bbdc58	Kellie Deeter	primary	direct
2025-05-01..2025-08-31	20250929LUPA1451442	Genentech, Inc., A Member of the Roche Group	org-genentech-inc-a-member-of-the-roche-group	Courtney Saunders	person-courtney-saunders	bill_referenced	HB 276	HB 276	bill	ocd-bill/ca897e31-c75a-455e-853e-1bdfb5d9e15e	Prohibit certain actions re: reimbursing 340B covered entities	Prohibit certain actions re: reimbursing 340B covered entities	2	ocd-person/78912d95-3dac-4487-810a-74be41508ebb	Adam Holmes	primary	direct
2025-05-01..2025-08-31	20250929LUPA1451442	Genentech, Inc., A Member of the Roche Group	org-genentech-inc-a-member-of-the-roche-group	Courtney Saunders	person-courtney-saunders	bill_referenced	HB 276	HB 276	bill	ocd-bill/ca897e31-c75a-455e-853e-1bdfb5d9e15e	Prohibit certain actions re: reimbursing 340B covered entities	Prohibit certain actions re: reimbursing 340B covered entities	2	ocd-person/e4f9416c-1043-4737-899e-31410e94af1d	Marilyn John	primary	direct
2025-05-01..2025-08-31	20250929LUPA1451442	Genentech, Inc., A Member of the Roche Group	org-genentech-inc-a-member-of-the-roche-group	Courtney Saunders	person-courtney-saunders	bill_referenced	HB 324	HB 324	bill	ocd-bill/d02aa097-0a0a-4960-ba67-dfb5fd101d6d	Enact the Patient Protection Act	Enact the Patient Protection Act	2	ocd-person/75257af6-5d83-4d3b-b127-744aaa377c9f	Meredith Craig	primary	direct
2025-05-01..2025-08-31	20250929LUPA1451442	Genentech, Inc., A Member of the Roche Group	org-genentech-inc-a-member-of-the-roche-group	Courtney Saunders	person-courtney-saunders	bill_referenced	HB 324	HB 324	bill	ocd-bill/d02aa097-0a0a-4960-ba67-dfb5fd101d6d	Enact the Patient Protection Act	Enact the Patient Protection Act	2	ocd-person/b04e2962-e7c6-46b8-9a99-d7a6d3a32717	Adam Mathews	primary	direct
2025-05-01..2025-08-31	20250929LUPA1451442	Genentech, Inc., A Member of the Roche Group	org-genentech-inc-a-member-of-the-roche-group	Courtney Saunders	person-courtney-saunders	bill_referenced	SB 78	SB 78	bill	ocd-bill/889270da-a4da-4dd1-b161-bdbc0b73241b	Establish and operate the Ohio Health Care Plan	Establish and operate the Ohio Health Care Plan	2	ocd-person/bdc3493a-a22f-4a6b-b50e-b590216d8cfd	William P. DeMora	primary	direct
2025-05-01..2025-08-31	20250929LUPA1451442	Genentech, Inc., A Member of the Roche Group	org-genentech-inc-a-member-of-the-roche-group	Courtney Saunders	person-courtney-saunders	bill_referenced	SB 78	SB 78	bill	ocd-bill/889270da-a4da-4dd1-b161-bdbc0b73241b	Establish and operate the Ohio Health Care Plan	Establish and operate the Ohio Health Care Plan	2	ocd-person/3329274c-22b6-4b0a-b12a-e64c5733bef9	Paula Hicks-Hudson	primary	direct
2025-05-01..2025-08-31	20250929LUPA1451442	Genentech, Inc., A Member of the Roche Group	org-genentech-inc-a-member-of-the-roche-group	Courtney Saunders	person-courtney-saunders	bill_referenced	SB 160	SB 160	bill	ocd-bill/915ae4f0-b6dd-4742-b3d4-1230e2a69a4a	Regards prescription drugs and medication switching	Regards prescription drugs and medication switching	2	ocd-person/57300c34-0e2d-4e85-bdce-c4fb8c781541	Terry Johnson	primary	direct
2025-05-01..2025-08-31	20250929LUPA1451442	Genentech, Inc., A Member of the Roche Group	org-genentech-inc-a-member-of-the-roche-group	Courtney Saunders	person-courtney-saunders	bill_referenced	SB 160	SB 160	bill	ocd-bill/915ae4f0-b6dd-4742-b3d4-1230e2a69a4a	Regards prescription drugs and medication switching	Regards prescription drugs and medication switching	2	ocd-person/2d01ff0c-25a8-49a2-b571-ab3a7866fcf2	Beth Liston	primary	direct
2025-05-01..2025-08-31	20250929LUPA1451442	Genentech, Inc., A Member of the Roche Group	org-genentech-inc-a-member-of-the-roche-group	Courtney Saunders	person-courtney-saunders	bill_referenced	SB 170	SB 170	bill	ocd-bill/aea078f4-9aa5-4efb-a953-5806f99317ec	Regards investigational treatments for certain illnesses	Regards investigational treatments for certain illnesses	2	ocd-person/936e5d50-e145-494b-a397-f56570530816	Kristina D. Roegner	primary	direct
2025-05-01..2025-08-31	20250929LUPA1451442	Genentech, Inc., A Member of the Roche Group	org-genentech-inc-a-member-of-the-roche-group	Courtney Saunders	person-courtney-saunders	bill_referenced	SB 170	SB 170	bill	ocd-bill/aea078f4-9aa5-4efb-a953-5806f99317ec	Regards investigational treatments for certain illnesses	Regards investigational treatments for certain illnesses	2	ocd-person/b21d9dcd-21e9-4071-936d-f89fc5d8f643	Stephen A. Huffman	primary	direct
2025-05-01..2025-08-31	20250929LUPA1451442	Genentech, Inc., A Member of the Roche Group	org-genentech-inc-a-member-of-the-roche-group	Courtney Saunders	person-courtney-saunders	bill_referenced	SB 198	SB 198	bill	ocd-bill/900bed23-31ba-4b11-a324-8df445e6b5ef	Prohibit certain actions re: reimbursing 340B covered entities	Prohibit certain actions re: reimbursing 340B covered entities	1	ocd-person/f2e79c7c-7e3a-496d-8f87-d43b62eb54a5	Kyle Koehler	primary	direct
2025-05-01..2025-08-31	20250929LUPA1451442	Genentech, Inc., A Member of the Roche Group	org-genentech-inc-a-member-of-the-roche-group	Courtney Saunders	person-courtney-saunders	bill_referenced	SB 207	SB 207	bill	ocd-bill/f2831bf5-3efa-47c0-be15-bedfef815b37	Prohibit certain health insurance cost-sharing practices	Prohibit certain health insurance cost-sharing practices	2	ocd-person/2d01ff0c-25a8-49a2-b571-ab3a7866fcf2	Beth Liston	primary	direct
2025-05-01..2025-08-31	20250929LUPA1451442	Genentech, Inc., A Member of the Roche Group	org-genentech-inc-a-member-of-the-roche-group	Courtney Saunders	person-courtney-saunders	bill_referenced	SB 207	SB 207	bill	ocd-bill/f2831bf5-3efa-47c0-be15-bedfef815b37	Prohibit certain health insurance cost-sharing practices	Prohibit certain health insurance cost-sharing practices	2	ocd-person/0e44b586-f6a4-44ee-b6b7-37fa8dc2e8cd	Susan Manchester	primary	direct
2025-05-01..2025-08-31	20250929LUPA1451442	Genentech, Inc., A Member of the Roche Group	org-genentech-inc-a-member-of-the-roche-group	Courtney Saunders	person-courtney-saunders	bill_referenced	SB 209	SB 209	bill	ocd-bill/4148e75c-7e89-4bef-89a4-8c2d010ab8ce	Enact the Jeff, Dave, and Angie Patient Right to Try Act	Enact the Jeff, Dave, and Angie Patient Right to Try Act	2	ocd-person/79af20c0-6eb6-44a2-ba79-9c7e5e10ea04	Michele Reynolds	primary	direct
2025-05-01..2025-08-31	20250929LUPA1451442	Genentech, Inc., A Member of the Roche Group	org-genentech-inc-a-member-of-the-roche-group	Courtney Saunders	person-courtney-saunders	bill_referenced	SB 209	SB 209	bill	ocd-bill/4148e75c-7e89-4bef-89a4-8c2d010ab8ce	Enact the Jeff, Dave, and Angie Patient Right to Try Act	Enact the Jeff, Dave, and Angie Patient Right to Try Act	2	ocd-person/6a1fc3b1-ebfd-47b7-adec-ddcd84d137c9	Al Cutrona	primary	direct
2025-05-01..2025-08-31	20250929LUPA1451442	Genentech, Inc., A Member of the Roche Group	org-genentech-inc-a-member-of-the-roche-group	Courtney Saunders	person-courtney-saunders	bill_referenced	SB 210	SB 210	bill	ocd-bill/40e2dd3b-6912-46fb-8055-d964384c9305	Regards licensing, contracts for pharmacy benefit managers	Regards licensing, contracts for pharmacy benefit managers	1	ocd-person/5a9b2a16-6827-4e00-961a-f3de39538749	Louis W. Blessing, III	primary	direct
2025-05-01..2025-08-31	20250930EUPA1438098	Ohio Council for Home Care and Hospice	org-ohio-council-for-home-care-and-hospice	Erik Mikkelson	person-erik-mikkelson	subject_general	Medicaid / Home Care / Hospice	Medicaid / Home Care / Hospice	subject			Medicaid: 5160-46-04; 5160-46-09; 5160-46-10; 5160-46-11; 5160-46-12; 5160-46-06 (Ohio home care waiver program); 5160-12-02.3, 5160-12-03, 5160-12-03.1 (Private Duty Nursing); 5160-44-05 (Incident Management); 5123-9-08 (Extended Travel); 5123-9-12 (Assistive Technology)	0				subject_only
2025-05-01..2025-08-31	20250930EUPA1453448	Ohio Environmental Council	org-ohio-environmental-council	Carol Kauffman	person-carol-kauffman	subject_general	Environment / Water	Environment / Water	subject			potential H2Ohio water bond — Lake Erie Commission decision	0				subject_only
2025-05-01..2025-08-31	20250930EUPA1453448	Ohio Environmental Council	org-ohio-environmental-council	Carol Kauffman	person-carol-kauffman	subject_general	Environment / Water	Environment / Water	subject			potential H2Ohio water bond — Environmental Protection Agency decision	0				subject_only
2025-05-01..2025-08-31	20250930EUPA1456934	Ohio Children's Alliance	org-ohio-children-s-alliance	Kate Rossman	person-kate-rossman	subject_general	Children and Youth	Children and Youth	subject			Bridges program implementation and improvements	0				subject_only
2025-05-01..2025-08-31	20250930EUPA1456934	Ohio Children's Alliance	org-ohio-children-s-alliance	Kate Rossman	person-kate-rossman	subject_general	Children and Youth	Children and Youth	subject			Compliance requirements on private agencies and support from DCY in maintaining compliance. Critical Incident Reports require completion in OCAF; new compliance chats & continuous certification/OCAF office hours created; implementation delay	0				subject_only
2025-05-01..2025-08-31	20250930EUPA1456934	Ohio Children's Alliance	org-ohio-children-s-alliance	Kate Rossman	person-kate-rossman	bill_referenced	5180:4-5-09.1	5180:4-5-091	unmatched			Conditional hiring for child welfare staff	0				unmatched
2025-05-01..2025-08-31	20250930EUPA1456934	Ohio Children's Alliance	org-ohio-children-s-alliance	Kate Rossman	person-kate-rossman	subject_general	Children and Youth	Children and Youth	subject			DODD and Child Welfare services for youth aging out of foster care	0				subject_only
2025-05-01..2025-08-31	20250930EUPA1456934	Ohio Children's Alliance	org-ohio-children-s-alliance	Kate Rossman	person-kate-rossman	bill_referenced	HB 96	HB 96	bill	ocd-bill/4e02024d-881d-4a05-9191-b218c16ecff4	Make state operating appropriations for FY 2026-27	Foster care rates, including rate card authority included in HB 96	1	ocd-person/f4e6c51a-89bd-4841-848b-b1097fd3fc9d	Brian Stewart	primary	direct
2025-05-01..2025-08-31	20250930EUPA1456934	Ohio Children's Alliance	org-ohio-children-s-alliance	Kate Rossman	person-kate-rossman	subject_general	Children and Youth	Children and Youth	subject			Foster Home Recruitment and Retention support and program branding	0				subject_only
2025-05-01..2025-08-31	20250930EUPA1456934	Ohio Children's Alliance	org-ohio-children-s-alliance	Kate Rossman	person-kate-rossman	subject_general	Children and Youth	Children and Youth	subject			Foster youth access to developmental disability services	0				subject_only
2025-05-01..2025-08-31	20250930EUPA1456934	Ohio Children's Alliance	org-ohio-children-s-alliance	Kate Rossman	person-kate-rossman	bill_referenced	HB 315	HB 315	bill	ocd-bill/a80215e7-f7cc-4a55-8719-76cfd6390537	Designate Sojourner Truth Day	Implementation of HB 315	2	ocd-person/1e52d1da-3e5c-442e-a460-d63b62709edf	Josh Williams	primary	direct
2025-05-01..2025-08-31	20250930EUPA1456934	Ohio Children's Alliance	org-ohio-children-s-alliance	Kate Rossman	person-kate-rossman	bill_referenced	HB 315	HB 315	bill	ocd-bill/a80215e7-f7cc-4a55-8719-76cfd6390537	Designate Sojourner Truth Day	Implementation of HB 315	2	ocd-person/8b367fce-9be2-4848-837a-a475c3d531e4	Veronica R. Sims	primary	direct
2025-05-01..2025-08-31	20250930EUPA1456934	Ohio Children's Alliance	org-ohio-children-s-alliance	Kate Rossman	person-kate-rossman	subject_general	Children and Youth	Children and Youth	subject			It Takes Heart referral problems	0				subject_only
2025-05-01..2025-08-31	20250930EUPA1456934	Ohio Children's Alliance	org-ohio-children-s-alliance	Kate Rossman	person-kate-rossman	subject_general	Children and Youth	Children and Youth	subject			OCAF implementation for private foster care agencies and request for flexibility	0				subject_only
2025-05-01..2025-08-31	20250930EUPA1456934	Ohio Children's Alliance	org-ohio-children-s-alliance	Kate Rossman	person-kate-rossman	subject_general	Children and Youth	Children and Youth	subject			Placement crisis solutions including funding wellness campuses, respite, and increased funding to cover basic needs for kids in care	0				subject_only
2025-05-01..2025-08-31	20250930EUPA1456934	Ohio Children's Alliance	org-ohio-children-s-alliance	Kate Rossman	person-kate-rossman	subject_general	Children and Youth	Children and Youth	subject			Preliminary discussions about potential early childhood mental health funding	0				subject_only
2025-05-01..2025-08-31	20250930EUPA1456934	Ohio Children's Alliance	org-ohio-children-s-alliance	Kate Rossman	person-kate-rossman	subject_general	Children and Youth	Children and Youth	subject			Pre-clearance stakeholder support for revisions to residential critical incident reporting requirements	0				subject_only
2025-05-01..2025-08-31	20250930EUPA1456934	Ohio Children's Alliance	org-ohio-children-s-alliance	Kate Rossman	person-kate-rossman	subject_general	Children and Youth	Children and Youth	subject			Providing private agency perspective on DCY automated systems design and implementation	0				subject_only
2025-05-01..2025-08-31	20250930EUPA1456934	Ohio Children's Alliance	org-ohio-children-s-alliance	Kate Rossman	person-kate-rossman	subject_general	Children and Youth	Children and Youth	subject			SACWIS and RTIS reporting duplication	0				subject_only
2025-05-01..2025-08-31	20250930EUPA1456934	Ohio Children's Alliance	org-ohio-children-s-alliance	Kate Rossman	person-kate-rossman	subject_general	Developmental Disabilities	Developmental Disabilities	subject			DODD services for children aging out of child welfare system	0				subject_only
2025-05-01..2025-08-31	20250930EUPA1456934	Ohio Children's Alliance	org-ohio-children-s-alliance	Kate Rossman	person-kate-rossman	subject_general	Education and Workforce	Education and Workforce	subject			OhioRISE residential-placed youth and education funding sources	0				subject_only
2025-05-01..2025-08-31	20250930EUPA1456934	Ohio Children's Alliance	org-ohio-children-s-alliance	Kate Rossman	person-kate-rossman	subject_general	Higher Education	Higher Education	subject			OhioReach Program increase in Departmental budget	0				subject_only
2025-05-01..2025-08-31	20250930EUPA1456934	Ohio Children's Alliance	org-ohio-children-s-alliance	Kate Rossman	person-kate-rossman	subject_general	Insurance	Insurance	subject			Mental Health Insurance parity	0				subject_only
2025-05-01..2025-08-31	20250930EUPA1456934	Ohio Children's Alliance	org-ohio-children-s-alliance	Kate Rossman	person-kate-rossman	subject_general	Job & Family Services	Job & Family Services	subject			Bridges program budget	0				subject_only
2025-05-01..2025-08-31	20250930EUPA1456934	Ohio Children's Alliance	org-ohio-children-s-alliance	Kate Rossman	person-kate-rossman	subject_general	Job & Family Services	Job & Family Services	subject			Foster Home Recruitment initiative	0				subject_only
2025-05-01..2025-08-31	20250930EUPA1456934	Ohio Children's Alliance	org-ohio-children-s-alliance	Kate Rossman	person-kate-rossman	subject_general	Job & Family Services	Job & Family Services	subject			Youth Ombudsman's Office support for foster youth.	0				subject_only
2025-05-01..2025-08-31	20250930EUPA1456934	Ohio Children's Alliance	org-ohio-children-s-alliance	Kate Rossman	person-kate-rossman	subject_general	Medicaid, Department of	Medicaid, Department of	subject			Billing/payment clarifications for Family Centered Treatment (home-based treatment)	0				subject_only
2025-05-01..2025-08-31	20250930EUPA1456934	Ohio Children's Alliance	org-ohio-children-s-alliance	Kate Rossman	person-kate-rossman	subject_general	Medicaid, Department of	Medicaid, Department of	subject			CME services and scope of work	0				subject_only
2025-05-01..2025-08-31	20250930EUPA1456934	Ohio Children's Alliance	org-ohio-children-s-alliance	Kate Rossman	person-kate-rossman	subject_general	Medicaid, Department of	Medicaid, Department of	subject			Next Gen Managed Care PNM issues	0				subject_only
2025-05-01..2025-08-31	20250930EUPA1456934	Ohio Children's Alliance	org-ohio-children-s-alliance	Kate Rossman	person-kate-rossman	subject_general	Medicaid, Department of	Medicaid, Department of	subject			Non-emergency medical transportation for youth	0				subject_only
2025-05-01..2025-08-31	20250930EUPA1456934	Ohio Children's Alliance	org-ohio-children-s-alliance	Kate Rossman	person-kate-rossman	subject_general	Medicaid, Department of	Medicaid, Department of	subject			ODM state operating budget request	0				subject_only
2025-05-01..2025-08-31	20250930EUPA1456934	Ohio Children's Alliance	org-ohio-children-s-alliance	Kate Rossman	person-kate-rossman	subject_general	Medicaid, Department of	Medicaid, Department of	subject			OhioRISE implementation	0				subject_only
2025-05-01..2025-08-31	20250930EUPA1456934	Ohio Children's Alliance	org-ohio-children-s-alliance	Kate Rossman	person-kate-rossman	subject_general	Medicaid, Department of	Medicaid, Department of	subject			Respite care regulations and policies	0				subject_only
2025-05-01..2025-08-31	20250930EUPA1456934	Ohio Children's Alliance	org-ohio-children-s-alliance	Kate Rossman	person-kate-rossman	subject_general	Medicaid, Department of	Medicaid, Department of	subject			Replacing the PNM Provider Master File with additional functionality for users to review provider affiliations	0				subject_only
2025-05-01..2025-08-31	20250930EUPA1456934	Ohio Children's Alliance	org-ohio-children-s-alliance	Kate Rossman	person-kate-rossman	subject_general	Mental Health & Addiction Services	Mental Health & Addiction Services	subject			Behavioral health operations and state policy on health outcomes	0				subject_only
2025-05-01..2025-08-31	20250930EUPA1456934	Ohio Children's Alliance	org-ohio-children-s-alliance	Kate Rossman	person-kate-rossman	subject_general	Mental Health & Addiction Services	Mental Health & Addiction Services	subject			Billing/payment clarifications for Family Centered Treatment (home-based treatment)	0				subject_only
2025-05-01..2025-08-31	20250930EUPA1456934	Ohio Children's Alliance	org-ohio-children-s-alliance	Kate Rossman	person-kate-rossman	subject_general	Mental Health & Addiction Services	Mental Health & Addiction Services	subject			CCBHC policy	0				subject_only
2025-05-01..2025-08-31	20250930EUPA1456934	Ohio Children's Alliance	org-ohio-children-s-alliance	Kate Rossman	person-kate-rossman	bill_referenced	5122-24-01, 5122-25, 5122-26, 5122-27, and 5122-28 (still in draft)	5122-24-01, 5122-25, 5122-26, 5122-27, AND 5122-28 (STILL IN DRAFT)	oac_rule			Licensing and certification requirements for providers	0				oac_dropped
2025-05-01..2025-08-31	20250930EUPA1456934	Ohio Children's Alliance	org-ohio-children-s-alliance	Kate Rossman	person-kate-rossman	subject_general	Mental Health & Addiction Services	Mental Health & Addiction Services	subject			OhioMHAS state operating budget request	0				subject_only
2025-05-01..2025-08-31	20250930EUPA1456934	Ohio Children's Alliance	org-ohio-children-s-alliance	Kate Rossman	person-kate-rossman	bill_referenced	5122-41-01 through 5122-41-08	5122-41-01 THROUGH 5122-41-08	oac_rule			PRTF implementation and rates	0				oac_dropped
2025-05-01..2025-08-31	20250930EUPA1456934	Ohio Children's Alliance	org-ohio-children-s-alliance	Kate Rossman	person-kate-rossman	subject_general	Mental Health & Addiction Services	Mental Health & Addiction Services	subject			Workforce initiatives for BH providers	0				subject_only
2025-05-01..2025-08-31	20250930EUPA1456934	Ohio Children's Alliance	org-ohio-children-s-alliance	Kate Rossman	person-kate-rossman	subject_general	Youth Services	Youth Services	subject			Governor's Council on Juvenile Justice	0				subject_only
2025-05-01..2025-08-31	20250930EUPA1456934	Ohio Children's Alliance	org-ohio-children-s-alliance	Kate Rossman	person-kate-rossman	subject_general	Attorney General	Attorney General	subject			Attorney General's Juvenile Justice Task Force Participation	0				subject_only
2025-05-01..2025-08-31	20250930EUPA1456934	Ohio Children's Alliance	org-ohio-children-s-alliance	Kate Rossman	person-kate-rossman	subject_general	Behavioral Health	Behavioral Health	subject			Family Social Connections Initiative Contract ($400,000)	0				subject_only
2025-05-01..2025-08-31	20250930EUPA1456934	Ohio Children's Alliance	org-ohio-children-s-alliance	Kate Rossman	person-kate-rossman	bill_referenced	HB 96	HB 96	bill	ocd-bill/4e02024d-881d-4a05-9191-b218c16ecff4	Make state operating appropriations for FY 2026-27	Implementation of HB 96	1	ocd-person/f4e6c51a-89bd-4841-848b-b1097fd3fc9d	Brian Stewart	primary	direct
2025-05-01..2025-08-31	20250930EUPA1456934	Ohio Children's Alliance	org-ohio-children-s-alliance	Kate Rossman	person-kate-rossman	bill_referenced	HB 96	HB 96	bill	ocd-bill/4e02024d-881d-4a05-9191-b218c16ecff4	Make state operating appropriations for FY 2026-27	License suspension authority granted by HB 96	1	ocd-person/f4e6c51a-89bd-4841-848b-b1097fd3fc9d	Brian Stewart	primary	direct
2025-05-01..2025-08-31	20250930EUPA1456934	Ohio Children's Alliance	org-ohio-children-s-alliance	Kate Rossman	person-kate-rossman	subject_general	Behavioral Health	Behavioral Health	subject			MRSS statewide expansion implementation	0				subject_only
2025-05-01..2025-08-31	20250930EUPA1456934	Ohio Children's Alliance	org-ohio-children-s-alliance	Kate Rossman	person-kate-rossman	subject_general	Behavioral Health	Behavioral Health	subject			Partnership with OhioMHAS on budget advocacy	0				subject_only
2025-05-01..2025-08-31	20250930EUPA1456934	Ohio Children's Alliance	org-ohio-children-s-alliance	Kate Rossman	person-kate-rossman	subject_general	Children and Youth	Children and Youth	subject			Bridges Contract Renewal ($5,100,123 total FY26+FY27 operational costs through contract renewal)	0				subject_only
2025-05-01..2025-08-31	20250930EUPA1456934	Ohio Children's Alliance	org-ohio-children-s-alliance	Kate Rossman	person-kate-rossman	subject_general	Children and Youth	Children and Youth	subject			Child Wellness Campus pilot RFP design	0				subject_only
2025-05-01..2025-08-31	20250930EUPA1456934	Ohio Children's Alliance	org-ohio-children-s-alliance	Kate Rossman	person-kate-rossman	bill_referenced	HB 315	HB 315	bill	ocd-bill/a80215e7-f7cc-4a55-8719-76cfd6390537	Designate Sojourner Truth Day	Clearance and BIA/CSIO comments on HB 315 Implementation	2	ocd-person/1e52d1da-3e5c-442e-a460-d63b62709edf	Josh Williams	primary	direct
2025-05-01..2025-08-31	20250930EUPA1456934	Ohio Children's Alliance	org-ohio-children-s-alliance	Kate Rossman	person-kate-rossman	bill_referenced	HB 315	HB 315	bill	ocd-bill/a80215e7-f7cc-4a55-8719-76cfd6390537	Designate Sojourner Truth Day	Clearance and BIA/CSIO comments on HB 315 Implementation	2	ocd-person/8b367fce-9be2-4848-837a-a475c3d531e4	Veronica R. Sims	primary	direct
2025-05-01..2025-08-31	20250930EUPA1456934	Ohio Children's Alliance	org-ohio-children-s-alliance	Kate Rossman	person-kate-rossman	bill_referenced	HB 96	HB 96	bill	ocd-bill/4e02024d-881d-4a05-9191-b218c16ecff4	Make state operating appropriations for FY 2026-27	Clearance comments on agency rules implementing HB 96 license suspension	1	ocd-person/f4e6c51a-89bd-4841-848b-b1097fd3fc9d	Brian Stewart	primary	direct
2025-05-01..2025-08-31	20250930EUPA1456934	Ohio Children's Alliance	org-ohio-children-s-alliance	Kate Rossman	person-kate-rossman	subject_general	Children and Youth	Children and Youth	subject			Draft records expungement policy for the Central Registry for Substantiated Child Maltreatment (Central Registry Workgroup)	0				subject_only
2025-05-01..2025-08-31	20250930EUPA1456934	Ohio Children's Alliance	org-ohio-children-s-alliance	Kate Rossman	person-kate-rossman	subject_general	Children and Youth	Children and Youth	subject			Feedback on the proposed alignment of OCAF and OCQLS	0				subject_only
2025-05-01..2025-08-31	20250930EUPA1456934	Ohio Children's Alliance	org-ohio-children-s-alliance	Kate Rossman	person-kate-rossman	bill_referenced	HB 96	HB 96	bill	ocd-bill/4e02024d-881d-4a05-9191-b218c16ecff4	Make state operating appropriations for FY 2026-27	Implementation of HB 96	1	ocd-person/f4e6c51a-89bd-4841-848b-b1097fd3fc9d	Brian Stewart	primary	direct
2025-05-01..2025-08-31	20250930EUPA1456934	Ohio Children's Alliance	org-ohio-children-s-alliance	Kate Rossman	person-kate-rossman	subject_general	Children and Youth	Children and Youth	subject			Implementation of rate cards for residential providers	0				subject_only
2025-05-01..2025-08-31	20250930EUPA1456934	Ohio Children's Alliance	org-ohio-children-s-alliance	Kate Rossman	person-kate-rossman	subject_general	Children and Youth	Children and Youth	subject			Implementation of the Find-an-Agency Website	0				subject_only
2025-05-01..2025-08-31	20250930EUPA1456934	Ohio Children's Alliance	org-ohio-children-s-alliance	Kate Rossman	person-kate-rossman	subject_general	Children and Youth	Children and Youth	subject			Menu of Supports 2.0 Contract ($1,500,000)	0				subject_only
2025-05-01..2025-08-31	20250930EUPA1456934	Ohio Children's Alliance	org-ohio-children-s-alliance	Kate Rossman	person-kate-rossman	bill_referenced	HB 96	HB 96	bill	ocd-bill/4e02024d-881d-4a05-9191-b218c16ecff4	Make state operating appropriations for FY 2026-27	Pre-clearance stakeholder feedback on group home requirements in HB 96, applying 1:7 staff ratio to CRCs	1	ocd-person/f4e6c51a-89bd-4841-848b-b1097fd3fc9d	Brian Stewart	primary	direct
2025-05-01..2025-08-31	20250930EUPA1456934	Ohio Children's Alliance	org-ohio-children-s-alliance	Kate Rossman	person-kate-rossman	bill_referenced	5180:2-5-07, 5180:2-5-28	5180:2-5-07, 5180:2-5-28	unmatched			Pre-clearance stakeholder feedback on license suspension draft rules	0				unmatched
2025-05-01..2025-08-31	20250930EUPA1456934	Ohio Children's Alliance	org-ohio-children-s-alliance	Kate Rossman	person-kate-rossman	subject_general	Children and Youth	Children and Youth	subject			Wind-down of Foster Home Recruitment contract	0				subject_only
2025-05-01..2025-08-31	20250930EUPA1456934	Ohio Children's Alliance	org-ohio-children-s-alliance	Kate Rossman	person-kate-rossman	bill_referenced	Ch. 4757-5, -6, -9, -1-08, -1-10, -13-19, -19-05, 25-28, -11-01, -13-03, -25-01	CH 4757-5, -6, -9, -1-08, -1-10, -13-19, -19-05, 25-28, -11-01, -13-03, -25-01	unmatched			Rule updates on licensure, ethics, and continuing education for professions governed by the board	0				unmatched
2025-05-01..2025-08-31	20250930EUPA1456934	Ohio Children's Alliance	org-ohio-children-s-alliance	Kate Rossman	person-kate-rossman	bill_referenced	HB 315	HB 315	bill	ocd-bill/a80215e7-f7cc-4a55-8719-76cfd6390537	Designate Sojourner Truth Day	BIA/CSIO comments on HB 315 Implementation	2	ocd-person/1e52d1da-3e5c-442e-a460-d63b62709edf	Josh Williams	primary	direct
2025-05-01..2025-08-31	20250930EUPA1456934	Ohio Children's Alliance	org-ohio-children-s-alliance	Kate Rossman	person-kate-rossman	bill_referenced	HB 315	HB 315	bill	ocd-bill/a80215e7-f7cc-4a55-8719-76cfd6390537	Designate Sojourner Truth Day	BIA/CSIO comments on HB 315 Implementation	2	ocd-person/8b367fce-9be2-4848-837a-a475c3d531e4	Veronica R. Sims	primary	direct
2025-05-01..2025-08-31	20250930EUPA1456934	Ohio Children's Alliance	org-ohio-children-s-alliance	Kate Rossman	person-kate-rossman	subject_general	Health	Health	subject			School-Based Health Center RFP	0				subject_only
2025-05-01..2025-08-31	20250930EUPA1456934	Ohio Children's Alliance	org-ohio-children-s-alliance	Kate Rossman	person-kate-rossman	subject_general	Medicaid, Department of	Medicaid, Department of	subject			Addressing Integrated Help Desk ticket issues and response times	0				subject_only
2025-05-01..2025-08-31	20250930EUPA1456934	Ohio Children's Alliance	org-ohio-children-s-alliance	Kate Rossman	person-kate-rossman	bill_referenced	HB 96	HB 96	bill	ocd-bill/4e02024d-881d-4a05-9191-b218c16ecff4	Make state operating appropriations for FY 2026-27	Advocating for ODM's support to make the Group VIII trigger language proposed in HB 96 optional, not mandatory	1	ocd-person/f4e6c51a-89bd-4841-848b-b1097fd3fc9d	Brian Stewart	primary	direct
2025-05-01..2025-08-31	20250930EUPA1456934	Ohio Children's Alliance	org-ohio-children-s-alliance	Kate Rossman	person-kate-rossman	bill_referenced	5160-34-01 to -03	5160-34-01 TO -03	oac_rule			Coverage of autism services, including ABA	0				oac_dropped
2025-05-01..2025-08-31	20250930EUPA1456934	Ohio Children's Alliance	org-ohio-children-s-alliance	Kate Rossman	person-kate-rossman	bill_referenced	HB 96	HB 96	bill	ocd-bill/4e02024d-881d-4a05-9191-b218c16ecff4	Make state operating appropriations for FY 2026-27	HB 96 prohibitions on funding DEI and mental health services promoting social gender transition	1	ocd-person/f4e6c51a-89bd-4841-848b-b1097fd3fc9d	Brian Stewart	primary	direct
2025-05-01..2025-08-31	20250930EUPA1456934	Ohio Children's Alliance	org-ohio-children-s-alliance	Kate Rossman	person-kate-rossman	bill_referenced	HB 96	HB 96	bill	ocd-bill/4e02024d-881d-4a05-9191-b218c16ecff4	Make state operating appropriations for FY 2026-27	Implementation of HB 96	1	ocd-person/f4e6c51a-89bd-4841-848b-b1097fd3fc9d	Brian Stewart	primary	direct
2025-05-01..2025-08-31	20250930EUPA1456934	Ohio Children's Alliance	org-ohio-children-s-alliance	Kate Rossman	person-kate-rossman	bill_referenced	Chapter 5160-35	CHAPTER 5160-35	unmatched			Medicaid School Program updates	0				unmatched
2025-05-01..2025-08-31	20250930EUPA1456934	Ohio Children's Alliance	org-ohio-children-s-alliance	Kate Rossman	person-kate-rossman	subject_general	Medicaid, Department of	Medicaid, Department of	subject			MRSS statewide expansion implementation	0				subject_only
2025-05-01..2025-08-31	20250930EUPA1456934	Ohio Children's Alliance	org-ohio-children-s-alliance	Kate Rossman	person-kate-rossman	subject_general	Medicaid, Department of	Medicaid, Department of	subject			MSY program technical assistance	0				subject_only
2025-05-01..2025-08-31	20250930EUPA1456934	Ohio Children's Alliance	org-ohio-children-s-alliance	Kate Rossman	person-kate-rossman	bill_referenced	5160:59-04, 5160-59-50, 5160-59-05.2	5160:59-04, 5160-59-50, 5160-59-052	unmatched			OhioRISE Rule Revisions	0				unmatched
2025-05-01..2025-08-31	20250930EUPA1456934	Ohio Children's Alliance	org-ohio-children-s-alliance	Kate Rossman	person-kate-rossman	subject_general	Medicaid, Department of	Medicaid, Department of	subject			OhioRISE Working Board participation	0				subject_only
2025-05-01..2025-08-31	20250930EUPA1456934	Ohio Children's Alliance	org-ohio-children-s-alliance	Kate Rossman	person-kate-rossman	bill_referenced	5160-59-03.6	5160-59-036	oac_rule			Pre-clearance feedback on draft changes to PRTF service rule	0				oac_dropped
2025-05-01..2025-08-31	20250930EUPA1456934	Ohio Children's Alliance	org-ohio-children-s-alliance	Kate Rossman	person-kate-rossman	subject_general	Medicaid, Department of	Medicaid, Department of	subject			Request for ODM to develop a PNM System User Guide	0				subject_only
2025-05-01..2025-08-31	20250930LUPA1442110	Ohio Gas Association	org-ohio-gas-association	David Koren	person-david-koren	bill_referenced	HB 1	HB 1	bill	ocd-bill/5d465c11-0107-45e7-a22a-68dd6295898d	Enact Ohio Property Protection Act	Enact Ohio Property Protection Act	2	ocd-person/73e72147-0d40-4478-bbf6-3419f0e00b46	Roy Klopfenstein	primary	direct
2025-05-01..2025-08-31	20250930LUPA1442110	Ohio Gas Association	org-ohio-gas-association	David Koren	person-david-koren	bill_referenced	HB 1	HB 1	bill	ocd-bill/5d465c11-0107-45e7-a22a-68dd6295898d	Enact Ohio Property Protection Act	Enact Ohio Property Protection Act	2	ocd-person/4ed8184a-01ff-4bdc-a06c-cbf8b4c73fd6	Angela N. King	primary	direct
2025-05-01..2025-08-31	20250930LUPA1442110	Ohio Gas Association	org-ohio-gas-association	David Koren	person-david-koren	bill_referenced	HB 15	HB 15	bill	ocd-bill/dde5117e-486e-42d3-913a-4a88cb7c7af7	Amend competitive retail electric service law	Amend competitive retail electric service law	1	ocd-person/73e72147-0d40-4478-bbf6-3419f0e00b46	Roy Klopfenstein	primary	direct
2025-05-01..2025-08-31	20250930LUPA1442110	Ohio Gas Association	org-ohio-gas-association	David Koren	person-david-koren	bill_referenced	HB 82	HB 82	bill	ocd-bill/9c93b233-92b1-4566-8808-4b228aaa9531	Regards traffic offenses in construction zones	Regards traffic offenses in construction zones	2	ocd-person/4af0e8db-ad18-424f-abfa-ce31e37c0b7d	Mark Johnson	primary	direct
2025-05-01..2025-08-31	20250930LUPA1442110	Ohio Gas Association	org-ohio-gas-association	David Koren	person-david-koren	bill_referenced	HB 82	HB 82	bill	ocd-bill/9c93b233-92b1-4566-8808-4b228aaa9531	Regards traffic offenses in construction zones	Regards traffic offenses in construction zones	2	ocd-person/04e3c98a-4ede-4501-b914-4fa13fbad194	Gary Click	primary	direct
2025-05-01..2025-08-31	20250930LUPA1442110	Ohio Gas Association	org-ohio-gas-association	David Koren	person-david-koren	bill_referenced	HB 96	HB 96	bill	ocd-bill/4e02024d-881d-4a05-9191-b218c16ecff4	Make state operating appropriations for FY 2026-27	Make state operating appropriations for FY 2026-27	1	ocd-person/f4e6c51a-89bd-4841-848b-b1097fd3fc9d	Brian Stewart	primary	direct
2025-05-01..2025-08-31	20250930LUPA1442110	Ohio Gas Association	org-ohio-gas-association	David Koren	person-david-koren	bill_referenced	HB 142	HB 142	bill	ocd-bill/2a218d8b-b682-4002-b0ed-52048137161f	Regards natural gas company rate plans, property valuation	Regards natural gas company rate plans, property valuation	2	ocd-person/16e469e4-8014-4ba2-8fc4-91804d6ef491	Tex Fischer	primary	direct
2025-05-01..2025-08-31	20250930LUPA1442110	Ohio Gas Association	org-ohio-gas-association	David Koren	person-david-koren	bill_referenced	HB 142	HB 142	bill	ocd-bill/2a218d8b-b682-4002-b0ed-52048137161f	Regards natural gas company rate plans, property valuation	Regards natural gas company rate plans, property valuation	2	ocd-person/cc85c295-299f-4de7-bb56-1de3a451951e	Michael D. Dovilla	primary	direct
2025-05-01..2025-08-31	20250930LUPA1442110	Ohio Gas Association	org-ohio-gas-association	David Koren	person-david-koren	bill_referenced	HB 227	HB 227	bill	ocd-bill/15a2c24f-d963-44c8-9c8a-a861692d0274	Modify excavation requirements	Modify excavation requirements	2	ocd-person/4af0e8db-ad18-424f-abfa-ce31e37c0b7d	Mark Johnson	primary	direct
2025-05-01..2025-08-31	20250930LUPA1442110	Ohio Gas Association	org-ohio-gas-association	David Koren	person-david-koren	bill_referenced	HB 227	HB 227	bill	ocd-bill/15a2c24f-d963-44c8-9c8a-a861692d0274	Modify excavation requirements	Modify excavation requirements	2	ocd-person/062b9622-c2fa-4af2-bbea-704f0450dd47	Monica Robb Blasdel	primary	direct
2025-05-01..2025-08-31	20250930LUPA1442110	Ohio Gas Association	org-ohio-gas-association	David Koren	person-david-koren	bill_referenced	HB 284	HB 284	bill	ocd-bill/aaa1069d-1bbd-4fa0-b397-43dc0235702e	Require US-produced iron, steel be used on state-funded projects	Require US-produced iron, steel be used on state-funded projects	2	ocd-person/ab851536-a9e6-45d7-b2fe-fad70f5acf07	Erika White	primary	direct
2025-05-01..2025-08-31	20250930LUPA1442110	Ohio Gas Association	org-ohio-gas-association	David Koren	person-david-koren	bill_referenced	HB 284	HB 284	bill	ocd-bill/aaa1069d-1bbd-4fa0-b397-43dc0235702e	Require US-produced iron, steel be used on state-funded projects	Require US-produced iron, steel be used on state-funded projects	2	ocd-person/292d1329-8a45-402b-8d6e-8f3b4726187a	Mark Hiner	primary	direct
2025-05-01..2025-08-31	20250930LUPA1442110	Ohio Gas Association	org-ohio-gas-association	David Koren	person-david-koren	bill_referenced	SB 2	SB 2	bill	ocd-bill/3ca8268d-7085-44b8-b1db-07c4dee58f20	Increase power generation; improve Ohio’s electric grid	Increase power generation; improve Ohio's electric grid	1	ocd-person/10733ff7-ee19-4e86-9b5e-65619ddbf7bf	Bill Reineke	primary	direct
2025-05-01..2025-08-31	20250930LUPA1442110	Ohio Gas Association	org-ohio-gas-association	David Koren	person-david-koren	bill_referenced	SB 88	SB 88	bill	ocd-bill/4cc9b08c-3b2e-4858-bb03-805c84e0fcba	Enact the Ohio Property Protection Act	Enact the Ohio Property Protection Act	1	ocd-person/57300c34-0e2d-4e85-bdce-c4fb8c781541	Terry Johnson	primary	direct
2025-05-01..2025-08-31	20250930LUPA1442110	Ohio Gas Association	org-ohio-gas-association	David Koren	person-david-koren	bill_referenced	SB 103	SB 103	bill	ocd-bill/cffed967-069b-4c2d-8502-35c5a92a1fbb	Allow alternative rate plans for certain natural gas companies	Allow alternative rate plans for certain natural gas companies	1	ocd-person/bb1ae016-cdfe-48aa-8bc5-9e3636e430f3	Shane Wilkin	primary	direct
2025-05-01..2025-08-31	20250930LUPA1442110	Ohio Gas Association	org-ohio-gas-association	David Koren	person-david-koren	bill_referenced	SB 116	SB 116	bill	ocd-bill/762cec2d-800c-4f8e-bd4f-3f49dde71948	Reduce tangible personal property tax for pipe-line companies	Reduce tangible personal property tax for pipe-line companies	1	ocd-person/445d3fc7-d9a5-48d8-8869-f023aa274ae7	George F. Lang	primary	direct
2025-05-01..2025-08-31	20250930LUPA1453052	Neyer Properties	org-neyer-properties	Douglas Moormann	person-douglas-moormann	bill_referenced	HB 17	HB 17	bill	ocd-bill/f1a87318-aae4-4187-81b8-c2f7878a526a	Regards tax classification of certain storage condominiums	Regards tax classification of certain storage condominiums	1	ocd-person/a3ccce64-ea28-47dc-8bab-3af6ed2dd860	Brian Lorenz	primary	direct
2025-05-01..2025-08-31	20250930LUPA1453052	Neyer Properties	org-neyer-properties	Douglas Moormann	person-douglas-moormann	bill_referenced	HB 96	HB 96	bill	ocd-bill/4e02024d-881d-4a05-9191-b218c16ecff4	Make state operating appropriations for FY 2026-27	Make state operating appropriations for FY 2026-27	1	ocd-person/f4e6c51a-89bd-4841-848b-b1097fd3fc9d	Brian Stewart	primary	direct
2025-05-01..2025-08-31	20250930LUPA1453052	Neyer Properties	org-neyer-properties	Douglas Moormann	person-douglas-moormann	bill_referenced	SB 29	SB 29	bill	ocd-bill/bc0aeb22-a683-4706-a195-aa23e6ccf883	Allow municipalities create joint economic development district	Allow municipalities create joint economic development district	2	ocd-person/94ba65dd-57c5-4ab0-b607-5e310d50cae0	Catherine D. Ingram	primary	direct
2025-05-01..2025-08-31	20250930LUPA1453052	Neyer Properties	org-neyer-properties	Douglas Moormann	person-douglas-moormann	bill_referenced	SB 29	SB 29	bill	ocd-bill/bc0aeb22-a683-4706-a195-aa23e6ccf883	Allow municipalities create joint economic development district	Allow municipalities create joint economic development district	2	ocd-person/5a9b2a16-6827-4e00-961a-f3de39538749	Louis W. Blessing, III	primary	direct
2025-05-01..2025-08-31	20250930LUPA1453058	State Armor Action	org-state-armor-action	Harrison Siders	person-harrison-siders	bill_referenced	HB 1	HB 1	bill	ocd-bill/5d465c11-0107-45e7-a22a-68dd6295898d	Enact Ohio Property Protection Act	Enact Ohio Property Protection Act	2	ocd-person/73e72147-0d40-4478-bbf6-3419f0e00b46	Roy Klopfenstein	primary	direct
2025-05-01..2025-08-31	20250930LUPA1453058	State Armor Action	org-state-armor-action	Harrison Siders	person-harrison-siders	bill_referenced	HB 1	HB 1	bill	ocd-bill/5d465c11-0107-45e7-a22a-68dd6295898d	Enact Ohio Property Protection Act	Enact Ohio Property Protection Act	2	ocd-person/4ed8184a-01ff-4bdc-a06c-cbf8b4c73fd6	Angela N. King	primary	direct
2025-05-01..2025-08-31	20250930LUPA1453058	State Armor Action	org-state-armor-action	Harrison Siders	person-harrison-siders	bill_referenced	SB 88	SB 88	bill	ocd-bill/4cc9b08c-3b2e-4858-bb03-805c84e0fcba	Enact the Ohio Property Protection Act	Enact the Ohio Property Protection Act	1	ocd-person/57300c34-0e2d-4e85-bdce-c4fb8c781541	Terry Johnson	primary	direct
2025-05-01..2025-08-31	20250930LUPA1454952	Ohio Farm Bureau Federation, Inc.	org-ohio-farm-bureau-federation-inc	Leah Curtis	person-leah-curtis	bill_referenced	HB 1	HB 1	bill	ocd-bill/5d465c11-0107-45e7-a22a-68dd6295898d	Enact Ohio Property Protection Act	Enact Ohio Property Protection Act	2	ocd-person/73e72147-0d40-4478-bbf6-3419f0e00b46	Roy Klopfenstein	primary	direct
2025-05-01..2025-08-31	20250930LUPA1454952	Ohio Farm Bureau Federation, Inc.	org-ohio-farm-bureau-federation-inc	Leah Curtis	person-leah-curtis	bill_referenced	HB 1	HB 1	bill	ocd-bill/5d465c11-0107-45e7-a22a-68dd6295898d	Enact Ohio Property Protection Act	Enact Ohio Property Protection Act	2	ocd-person/4ed8184a-01ff-4bdc-a06c-cbf8b4c73fd6	Angela N. King	primary	direct
2025-05-01..2025-08-31	20250930LUPA1454952	Ohio Farm Bureau Federation, Inc.	org-ohio-farm-bureau-federation-inc	Leah Curtis	person-leah-curtis	bill_referenced	HB 10	HB 10	bill	ocd-bill/a2ff0a3d-83b4-4ed5-bdc5-44ab40e5f0ba	Regulate imitation meat and egg products	Regulate imitation meat and egg products	2	ocd-person/9c459852-5ff7-4607-a09a-6ee2480dece1	Jack K. Daniels	primary	direct
2025-05-01..2025-08-31	20250930LUPA1454952	Ohio Farm Bureau Federation, Inc.	org-ohio-farm-bureau-federation-inc	Leah Curtis	person-leah-curtis	bill_referenced	HB 10	HB 10	bill	ocd-bill/a2ff0a3d-83b4-4ed5-bdc5-44ab40e5f0ba	Regulate imitation meat and egg products	Regulate imitation meat and egg products	2	ocd-person/73e72147-0d40-4478-bbf6-3419f0e00b46	Roy Klopfenstein	primary	direct
2025-05-01..2025-08-31	20250930LUPA1454952	Ohio Farm Bureau Federation, Inc.	org-ohio-farm-bureau-federation-inc	Leah Curtis	person-leah-curtis	bill_referenced	HB 15	HB 15	bill	ocd-bill/dde5117e-486e-42d3-913a-4a88cb7c7af7	Amend competitive retail electric service law	Amend competitive retail electric service law	1	ocd-person/73e72147-0d40-4478-bbf6-3419f0e00b46	Roy Klopfenstein	primary	direct
2025-05-01..2025-08-31	20250930LUPA1454952	Ohio Farm Bureau Federation, Inc.	org-ohio-farm-bureau-federation-inc	Leah Curtis	person-leah-curtis	bill_referenced	HB 54	HB 54	bill	ocd-bill/03729a21-e915-43b7-a8c6-758bf3753c6c	Make appropriations for transportation for FY 2026-27 biennium	Make appropriations for transportation for FY 2026-27 biennium	1	ocd-person/f4e6c51a-89bd-4841-848b-b1097fd3fc9d	Brian Stewart	primary	direct
2025-05-01..2025-08-31	20250930LUPA1454952	Ohio Farm Bureau Federation, Inc.	org-ohio-farm-bureau-federation-inc	Leah Curtis	person-leah-curtis	bill_referenced	HB 65	HB 65	bill	ocd-bill/39d0ffde-5aa2-4281-a5e0-3e08a1768ca4	Enact the Agriculture Appreciation Act	Enact the Agriculture Appreciation Act	2	ocd-person/cdc9f705-514e-4445-ac17-9aeac8f67e97	Bob Peterson	primary	direct
2025-05-01..2025-08-31	20250930LUPA1454952	Ohio Farm Bureau Federation, Inc.	org-ohio-farm-bureau-federation-inc	Leah Curtis	person-leah-curtis	bill_referenced	HB 65	HB 65	bill	ocd-bill/39d0ffde-5aa2-4281-a5e0-3e08a1768ca4	Enact the Agriculture Appreciation Act	Enact the Agriculture Appreciation Act	2	ocd-person/73e72147-0d40-4478-bbf6-3419f0e00b46	Roy Klopfenstein	primary	direct
2025-05-01..2025-08-31	20250930LUPA1454952	Ohio Farm Bureau Federation, Inc.	org-ohio-farm-bureau-federation-inc	Leah Curtis	person-leah-curtis	bill_referenced	HB 96	HB 96	bill	ocd-bill/4e02024d-881d-4a05-9191-b218c16ecff4	Make state operating appropriations for FY 2026-27	Make state operating appropriations for FY 2026-27	1	ocd-person/f4e6c51a-89bd-4841-848b-b1097fd3fc9d	Brian Stewart	primary	direct
2025-05-01..2025-08-31	20250930LUPA1454952	Ohio Farm Bureau Federation, Inc.	org-ohio-farm-bureau-federation-inc	Leah Curtis	person-leah-curtis	bill_referenced	HB 99	HB 99	bill	ocd-bill/9d2a8be5-ef93-427c-a5d9-e42677e8c47e	Exclude certain agricultural entities from insurance regulations	Exclude certain agricultural entities from insurance regulations	1	ocd-person/cdc9f705-514e-4445-ac17-9aeac8f67e97	Bob Peterson	primary	direct
2025-05-01..2025-08-31	20250930LUPA1454952	Ohio Farm Bureau Federation, Inc.	org-ohio-farm-bureau-federation-inc	Leah Curtis	person-leah-curtis	bill_referenced	HB 105	HB 105	bill	ocd-bill/853db8db-9418-4e84-bab1-195bbb721443	Revise non-recourse litigation funding agreement regulations	Revise non-recourse litigation funding agreement regulations	2	ocd-person/ba95511f-3692-426c-bf85-c41ff737eeec	Jim Thomas	primary	direct
2025-05-01..2025-08-31	20250930LUPA1454952	Ohio Farm Bureau Federation, Inc.	org-ohio-farm-bureau-federation-inc	Leah Curtis	person-leah-curtis	bill_referenced	HB 105	HB 105	bill	ocd-bill/853db8db-9418-4e84-bab1-195bbb721443	Revise non-recourse litigation funding agreement regulations	Revise non-recourse litigation funding agreement regulations	2	ocd-person/75257af6-5d83-4d3b-b127-744aaa377c9f	Meredith Craig	primary	direct
2025-05-01..2025-08-31	20250930LUPA1454952	Ohio Farm Bureau Federation, Inc.	org-ohio-farm-bureau-federation-inc	Leah Curtis	person-leah-curtis	bill_referenced	HB 113	HB 113	bill	ocd-bill/e677d4ed-34bd-4a83-92c0-58b0d827980c	Regards annexation and financial disclosure forms, tax exemptions	Regards annexation and financial disclosure forms, tax exemptions	2	ocd-person/9d7cc971-9ed9-4918-b93f-39d41d35e565	Johnathan Newman	primary	direct
2025-05-01..2025-08-31	20250930LUPA1454952	Ohio Farm Bureau Federation, Inc.	org-ohio-farm-bureau-federation-inc	Leah Curtis	person-leah-curtis	bill_referenced	HB 113	HB 113	bill	ocd-bill/e677d4ed-34bd-4a83-92c0-58b0d827980c	Regards annexation and financial disclosure forms, tax exemptions	Regards annexation and financial disclosure forms, tax exemptions	2	ocd-person/0c6a7bcf-e990-41a0-b59c-923f05771880	Adam C. Bird	primary	direct
2025-05-01..2025-08-31	20250930LUPA1454952	Ohio Farm Bureau Federation, Inc.	org-ohio-farm-bureau-federation-inc	Leah Curtis	person-leah-curtis	bill_referenced	HB 121	HB 121	bill	ocd-bill/de184960-2a51-4131-8299-fd172dbf0642	Declare certain natural gas producers are not public utilities	Declare certain natural gas producers are not public utilities	1	ocd-person/f4e6c51a-89bd-4841-848b-b1097fd3fc9d	Brian Stewart	primary	direct
2025-05-01..2025-08-31	20250930LUPA1454952	Ohio Farm Bureau Federation, Inc.	org-ohio-farm-bureau-federation-inc	Leah Curtis	person-leah-curtis	bill_referenced	HB 125	HB 125	bill	ocd-bill/ca340821-f435-48e9-bb0b-6084708fc1b3	Regards excused school absences for 4-H and FFA programs	Regards excused school absences for 4-H and FFA programs	2	ocd-person/c34a852a-71fc-4b21-a594-bc4a75b799c8	Rodney Creech	primary	direct
2025-05-01..2025-08-31	20250930LUPA1454952	Ohio Farm Bureau Federation, Inc.	org-ohio-farm-bureau-federation-inc	Leah Curtis	person-leah-curtis	bill_referenced	HB 125	HB 125	bill	ocd-bill/ca340821-f435-48e9-bb0b-6084708fc1b3	Regards excused school absences for 4-H and FFA programs	Regards excused school absences for 4-H and FFA programs	2	ocd-person/7948afad-ec3c-4e4c-a073-305fb8cd1b21	Thomas Hall	primary	direct
2025-05-01..2025-08-31	20250930LUPA1454952	Ohio Farm Bureau Federation, Inc.	org-ohio-farm-bureau-federation-inc	Leah Curtis	person-leah-curtis	bill_referenced	HB 170	HB 170	bill	ocd-bill/64e09568-b268-4f04-95a0-aa78a46d8884	Establish process to regulate carbon capture, storage technology	Establish process to regulate carbon capture, storage technology	2	ocd-person/cdc9f705-514e-4445-ac17-9aeac8f67e97	Bob Peterson	primary	direct
2025-05-01..2025-08-31	20250930LUPA1454952	Ohio Farm Bureau Federation, Inc.	org-ohio-farm-bureau-federation-inc	Leah Curtis	person-leah-curtis	bill_referenced	HB 170	HB 170	bill	ocd-bill/64e09568-b268-4f04-95a0-aa78a46d8884	Establish process to regulate carbon capture, storage technology	Establish process to regulate carbon capture, storage technology	2	ocd-person/062b9622-c2fa-4af2-bbea-704f0450dd47	Monica Robb Blasdel	primary	direct
2025-05-01..2025-08-31	20250930LUPA1454952	Ohio Farm Bureau Federation, Inc.	org-ohio-farm-bureau-federation-inc	Leah Curtis	person-leah-curtis	bill_referenced	HB 199	HB 199	bill	ocd-bill/28067a55-a303-4e8a-bc5d-613c29239174	Revise law governing all-purpose vehicles, other utility vehicles	Revise law governing all-purpose vehicles, other utility vehicles	2	ocd-person/1e218942-95f6-43fe-b935-b19ab70fd5fc	Phil Plummer	primary	direct
2025-05-01..2025-08-31	20250930LUPA1454952	Ohio Farm Bureau Federation, Inc.	org-ohio-farm-bureau-federation-inc	Leah Curtis	person-leah-curtis	bill_referenced	HB 199	HB 199	bill	ocd-bill/28067a55-a303-4e8a-bc5d-613c29239174	Revise law governing all-purpose vehicles, other utility vehicles	Revise law governing all-purpose vehicles, other utility vehicles	2	ocd-person/cefb7a31-f46c-4145-9f38-901be3b70e60	Kevin D. Miller	primary	direct
2025-05-01..2025-08-31	20250930LUPA1454952	Ohio Farm Bureau Federation, Inc.	org-ohio-farm-bureau-federation-inc	Leah Curtis	person-leah-curtis	bill_referenced	HB 210	HB 210	bill	ocd-bill/749394e8-343e-4fbe-916f-edb7a6a64ad5	Regards the sale of used catalytic converters	Regards the sale of used catalytic converters	2	ocd-person/1e218942-95f6-43fe-b935-b19ab70fd5fc	Phil Plummer	primary	direct
2025-05-01..2025-08-31	20250930LUPA1454952	Ohio Farm Bureau Federation, Inc.	org-ohio-farm-bureau-federation-inc	Leah Curtis	person-leah-curtis	bill_referenced	HB 210	HB 210	bill	ocd-bill/749394e8-343e-4fbe-916f-edb7a6a64ad5	Regards the sale of used catalytic converters	Regards the sale of used catalytic converters	2	ocd-person/4cece9f3-e252-438b-8255-a2150a4ed599	Bill Roemer	primary	direct
2025-05-01..2025-08-31	20250930LUPA1454952	Ohio Farm Bureau Federation, Inc.	org-ohio-farm-bureau-federation-inc	Leah Curtis	person-leah-curtis	bill_referenced	HB 298	HB 298	bill	ocd-bill/3455944e-055b-4cc8-98aa-9479f4b6948b	Legalize, tax internet gambling; make other Gambling Law changes	Legalize, tax internet gambling; make other Gambling Law changes	2	ocd-person/e4f9416c-1043-4737-899e-31410e94af1d	Marilyn John	primary	direct
2025-05-01..2025-08-31	20250930LUPA1454952	Ohio Farm Bureau Federation, Inc.	org-ohio-farm-bureau-federation-inc	Leah Curtis	person-leah-curtis	bill_referenced	HB 298	HB 298	bill	ocd-bill/3455944e-055b-4cc8-98aa-9479f4b6948b	Legalize, tax internet gambling; make other Gambling Law changes	Legalize, tax internet gambling; make other Gambling Law changes	2	ocd-person/f4e6c51a-89bd-4841-848b-b1097fd3fc9d	Brian Stewart	primary	direct
2025-05-01..2025-08-31	20250930LUPA1454952	Ohio Farm Bureau Federation, Inc.	org-ohio-farm-bureau-federation-inc	Leah Curtis	person-leah-curtis	bill_referenced	HB 301	HB 301	bill	ocd-bill/6f1bc148-98bb-4d6e-b210-5e561814df53	Enact the Digital Fair Repair Act	Enact the Digital Fair Repair Act	1	ocd-person/b04e2962-e7c6-46b8-9a99-d7a6d3a32717	Adam Mathews	primary	direct
2025-05-01..2025-08-31	20250930LUPA1454952	Ohio Farm Bureau Federation, Inc.	org-ohio-farm-bureau-federation-inc	Leah Curtis	person-leah-curtis	bill_referenced	HB 406	HB 406	bill	ocd-bill/1d6312b4-c365-420c-a19e-efaed20bc142	Enact the Farm-to-Consumer Access to Raw Milk Act	Enact the Farm-to-Consumer Access to Raw Milk Act	2	ocd-person/1dcb1bfa-861d-4d16-8d7d-02364e1b4def	Levi Dean	primary	direct
2025-05-01..2025-08-31	20250930LUPA1454952	Ohio Farm Bureau Federation, Inc.	org-ohio-farm-bureau-federation-inc	Leah Curtis	person-leah-curtis	bill_referenced	HB 406	HB 406	bill	ocd-bill/1d6312b4-c365-420c-a19e-efaed20bc142	Enact the Farm-to-Consumer Access to Raw Milk Act	Enact the Farm-to-Consumer Access to Raw Milk Act	2	ocd-person/97821235-4116-44d1-b58b-acf822bbdc58	Kellie Deeter	primary	direct
2025-05-01..2025-08-31	20250930LUPA1454952	Ohio Farm Bureau Federation, Inc.	org-ohio-farm-bureau-federation-inc	Leah Curtis	person-leah-curtis	bill_referenced	SB 2	SB 2	bill	ocd-bill/3ca8268d-7085-44b8-b1db-07c4dee58f20	Increase power generation; improve Ohio’s electric grid	Increase power generation; improve Ohio's electric grid	1	ocd-person/10733ff7-ee19-4e86-9b5e-65619ddbf7bf	Bill Reineke	primary	direct
2025-05-01..2025-08-31	20250930LUPA1454952	Ohio Farm Bureau Federation, Inc.	org-ohio-farm-bureau-federation-inc	Leah Curtis	person-leah-curtis	bill_referenced	SB 10	SB 10	bill	ocd-bill/374030b6-309e-4737-b24d-a8010b6562d1	Revise non-recourse litigation funding agreement regulations	Revise non-recourse litigation funding agreement regulations	2	ocd-person/445d3fc7-d9a5-48d8-8869-f023aa274ae7	George F. Lang	primary	direct
2025-05-01..2025-08-31	20250930LUPA1454952	Ohio Farm Bureau Federation, Inc.	org-ohio-farm-bureau-federation-inc	Leah Curtis	person-leah-curtis	bill_referenced	SB 10	SB 10	bill	ocd-bill/374030b6-309e-4737-b24d-a8010b6562d1	Revise non-recourse litigation funding agreement regulations	Revise non-recourse litigation funding agreement regulations	2	ocd-person/26444e7e-72b2-4838-bc24-31899c90d504	Steve Wilson	primary	direct
2025-05-01..2025-08-31	20250930LUPA1454952	Ohio Farm Bureau Federation, Inc.	org-ohio-farm-bureau-federation-inc	Leah Curtis	person-leah-curtis	bill_referenced	SB 60	SB 60	bill	ocd-bill/833102ad-a867-4dee-a41a-e3942eabf8da	Establish veterinarian telehealth visit requirements, procedures	Establish veterinarian telehealth visit requirements, procedures	2	ocd-person/b21d9dcd-21e9-4071-936d-f89fc5d8f643	Stephen A. Huffman	primary	direct
2025-05-01..2025-08-31	20250930LUPA1454952	Ohio Farm Bureau Federation, Inc.	org-ohio-farm-bureau-federation-inc	Leah Curtis	person-leah-curtis	bill_referenced	SB 60	SB 60	bill	ocd-bill/833102ad-a867-4dee-a41a-e3942eabf8da	Establish veterinarian telehealth visit requirements, procedures	Establish veterinarian telehealth visit requirements, procedures	2	ocd-person/bb1ae016-cdfe-48aa-8bc5-9e3636e430f3	Shane Wilkin	primary	direct
2025-05-01..2025-08-31	20250930LUPA1454952	Ohio Farm Bureau Federation, Inc.	org-ohio-farm-bureau-federation-inc	Leah Curtis	person-leah-curtis	bill_referenced	SB 88	SB 88	bill	ocd-bill/4cc9b08c-3b2e-4858-bb03-805c84e0fcba	Enact the Ohio Property Protection Act	Enact the Ohio Property Protection Act	1	ocd-person/57300c34-0e2d-4e85-bdce-c4fb8c781541	Terry Johnson	primary	direct
2025-05-01..2025-08-31	20250930LUPA1454952	Ohio Farm Bureau Federation, Inc.	org-ohio-farm-bureau-federation-inc	Leah Curtis	person-leah-curtis	bill_referenced	SB 100	SB 100	bill	ocd-bill/67745d86-c779-400a-8b48-6b0c6c13e9a2	Exclude certain agricultural entities from insurance regulations	Exclude certain agricultural entities from insurance regulations	1	ocd-person/0e44b586-f6a4-44ee-b6b7-37fa8dc2e8cd	Susan Manchester	primary	direct
2025-05-01..2025-08-31	20250930LUPA1454952	Ohio Farm Bureau Federation, Inc.	org-ohio-farm-bureau-federation-inc	Leah Curtis	person-leah-curtis	bill_referenced	SB 120	SB 120	bill	ocd-bill/016491a3-28b2-472d-9af7-30909e732b8e	Establish the Urban Farmer Youth Initiative Pilot Program	Establish the Urban Farmer Youth Initiative Pilot Program	1	ocd-person/3329274c-22b6-4b0a-b12a-e64c5733bef9	Paula Hicks-Hudson	primary	direct
2025-05-01..2025-08-31	20250930LUPA1454952	Ohio Farm Bureau Federation, Inc.	org-ohio-farm-bureau-federation-inc	Leah Curtis	person-leah-curtis	bill_referenced	SB 122	SB 122	bill	ocd-bill/c1be441c-d451-476c-862c-356a771de268	Regards local authority for agricultural land zoning resolutions	Regards local authority for agricultural land zoning resolutions	1	ocd-person/3329274c-22b6-4b0a-b12a-e64c5733bef9	Paula Hicks-Hudson	primary	direct
2025-05-01..2025-08-31	20250930LUPA1454952	Ohio Farm Bureau Federation, Inc.	org-ohio-farm-bureau-federation-inc	Leah Curtis	person-leah-curtis	bill_referenced	SB 136	SB 136	bill	ocd-bill/c775d71e-ed25-4644-a5d7-1ce0d27e7bac	Establish process to regulate carbon capture, storage technology	Establish process to regulate carbon capture, storage technology	2	ocd-person/eb5ff860-2126-4ac5-8267-9d2d924c3967	Brian M. Chavez	primary	direct
2025-05-01..2025-08-31	20250930LUPA1454952	Ohio Farm Bureau Federation, Inc.	org-ohio-farm-bureau-federation-inc	Leah Curtis	person-leah-curtis	bill_referenced	SB 136	SB 136	bill	ocd-bill/c775d71e-ed25-4644-a5d7-1ce0d27e7bac	Establish process to regulate carbon capture, storage technology	Establish process to regulate carbon capture, storage technology	2	ocd-person/01a80305-a667-4dda-9676-1e678bddde12	Tim Schaffer	primary	direct
2025-05-01..2025-08-31	20250930LUPA1454952	Ohio Farm Bureau Federation, Inc.	org-ohio-farm-bureau-federation-inc	Leah Curtis	person-leah-curtis	bill_referenced	SB 197	SB 197	bill	ocd-bill/a810a5d5-2f1d-4c9b-8648-b95f5284ef54	Legalize, tax internet gambling; make other Gambling Law changes	Legalize, tax internet gambling; make other Gambling Law changes	1	ocd-person/d3508136-3927-461f-a2f0-a85665845ab1	Nathan H. Manning	primary	direct
2025-05-01..2025-08-31	20250930LUPA1454964	Ohio State Board of Education	org-ohio-state-board-of-education	Paul Craft	person-paul-craft	bill_referenced	HB 96	HB 96	bill	ocd-bill/4e02024d-881d-4a05-9191-b218c16ecff4	Make state operating appropriations for FY 2026-27	Make state operating appropriations for FY 2026-27	1	ocd-person/f4e6c51a-89bd-4841-848b-b1097fd3fc9d	Brian Stewart	primary	direct
2025-09-01..2025-12-31	20260106EUPA1459378	Ohio State Chiropractic Association	org-ohio-state-chiropractic-association	Matthew Forney	person-matthew-forney	subject_general	Health	Health	subject			Chiropractic Loan Repayment Program	0				subject_only
2025-09-01..2025-12-31	20260106LUPA1459616	Holistic Alternative Recovery Trust (HART)	org-holistic-alternative-recovery-trust-hart	Nathan Aichele	person-nathan-aichele	bill_referenced	SB 299	SB 299	bill	ocd-bill/f185e658-2f8d-404c-824c-d878fc22d865	Regards sales of kratom products	Regards sales of kratom products	1	ocd-person/5a9b2a16-6827-4e00-961a-f3de39538749	Louis W. Blessing, III	primary	direct
2025-09-01..2025-12-31	20260106LUPA1459734	Ohio Ambulance and Medical Transportation Association	org-ohio-ambulance-and-medical-transportation-association	Lauren Huddleston	person-lauren-huddleston	bill_referenced	HB 20	HB 20	bill	ocd-bill/a0d713a0-345e-4ad7-b8c7-45f400eca7f0	Prohibit harassing or impeding an emergency service responder	Prohibit harassing or impeding an emergency service responder	2	ocd-person/1e218942-95f6-43fe-b935-b19ab70fd5fc	Phil Plummer	primary	direct
2025-09-01..2025-12-31	20260106LUPA1459734	Ohio Ambulance and Medical Transportation Association	org-ohio-ambulance-and-medical-transportation-association	Lauren Huddleston	person-lauren-huddleston	bill_referenced	HB 20	HB 20	bill	ocd-bill/a0d713a0-345e-4ad7-b8c7-45f400eca7f0	Prohibit harassing or impeding an emergency service responder	Prohibit harassing or impeding an emergency service responder	2	ocd-person/7948afad-ec3c-4e4c-a073-305fb8cd1b21	Thomas Hall	primary	direct
2025-09-01..2025-12-31	20260106LUPA1459734	Ohio Ambulance and Medical Transportation Association	org-ohio-ambulance-and-medical-transportation-association	Lauren Huddleston	person-lauren-huddleston	bill_referenced	HB 274	HB 274	bill	ocd-bill/28ac9ac8-c718-4f36-97ef-7872dc4de6e9	Require local government firefighting and EMS; create grants	Require local government firefighting and EMS; create grants	2	ocd-person/7948afad-ec3c-4e4c-a073-305fb8cd1b21	Thomas Hall	primary	direct
2025-09-01..2025-12-31	20260106LUPA1459734	Ohio Ambulance and Medical Transportation Association	org-ohio-ambulance-and-medical-transportation-association	Lauren Huddleston	person-lauren-huddleston	bill_referenced	HB 274	HB 274	bill	ocd-bill/28ac9ac8-c718-4f36-97ef-7872dc4de6e9	Require local government firefighting and EMS; create grants	Require local government firefighting and EMS; create grants	2	ocd-person/170299dd-f2e4-463e-8b8b-ea3b75946120	David Thomas	primary	direct
2025-09-01..2025-12-31	20260106LUPA1459734	Ohio Ambulance and Medical Transportation Association	org-ohio-ambulance-and-medical-transportation-association	Lauren Huddleston	person-lauren-huddleston	bill_referenced	HB 311	HB 311	bill	ocd-bill/1d75e3f7-0577-4c56-ab42-6d6ecf8b02cc	Designate EMS week in Ohio	Designate EMS week in Ohio	2	ocd-person/1a598246-01e8-44c8-beca-2c41e1bafb77	James M. Hoops	primary	direct
2025-09-01..2025-12-31	20260106LUPA1459734	Ohio Ambulance and Medical Transportation Association	org-ohio-ambulance-and-medical-transportation-association	Lauren Huddleston	person-lauren-huddleston	bill_referenced	HB 311	HB 311	bill	ocd-bill/1d75e3f7-0577-4c56-ab42-6d6ecf8b02cc	Designate EMS week in Ohio	Designate EMS week in Ohio	2	ocd-person/ab851536-a9e6-45d7-b2fe-fad70f5acf07	Erika White	primary	direct
2025-09-01..2025-12-31	20260106LUPA1459734	Ohio Ambulance and Medical Transportation Association	org-ohio-ambulance-and-medical-transportation-association	Lauren Huddleston	person-lauren-huddleston	bill_referenced	HB 398	HB 398	bill	ocd-bill/bf433ea1-77c9-418f-8dce-ac29890b9ac8	Revise the law governing emergency medical technicians	Revise the law governing emergency medical technicians	2	ocd-person/7948afad-ec3c-4e4c-a073-305fb8cd1b21	Thomas Hall	primary	direct
2025-09-01..2025-12-31	20260106LUPA1459734	Ohio Ambulance and Medical Transportation Association	org-ohio-ambulance-and-medical-transportation-association	Lauren Huddleston	person-lauren-huddleston	bill_referenced	HB 398	HB 398	bill	ocd-bill/bf433ea1-77c9-418f-8dce-ac29890b9ac8	Revise the law governing emergency medical technicians	Revise the law governing emergency medical technicians	2	ocd-person/97821235-4116-44d1-b58b-acf822bbdc58	Kellie Deeter	primary	direct
2025-09-01..2025-12-31	20260106LUPA1459734	Ohio Ambulance and Medical Transportation Association	org-ohio-ambulance-and-medical-transportation-association	Lauren Huddleston	person-lauren-huddleston	bill_referenced	SB 220	SB 220	bill	ocd-bill/a0240a09-75fb-4353-9d79-9fce98a26b00	Establish paramedicine programs; require insurance coverage	Establish paramedicine programs; require insurance coverage	1	ocd-person/0e44b586-f6a4-44ee-b6b7-37fa8dc2e8cd	Susan Manchester	primary	direct
2025-09-01..2025-12-31	20260112EUPA1460212	Ohio Association of County Boards Serving People with Developmental Disabilities	org-ohio-association-of-county-boards-serving-people-with-developmental-disabilities	Monica Juenger	person-monica-juenger	subject_general	Early Intervention	Early Intervention	subject			Early Intervention	0				subject_only
2025-09-01..2025-12-31	20260112EUPA1460212	Ohio Association of County Boards Serving People with Developmental Disabilities	org-ohio-association-of-county-boards-serving-people-with-developmental-disabilities	Monica Juenger	person-monica-juenger	subject_general	Multi-System Youth - Children's Issues	Multi-System Youth - Children's Issues	subject			Multi-System Youth - Children's Issues	0				subject_only
2025-09-01..2025-12-31	20260112EUPA1460212	Ohio Association of County Boards Serving People with Developmental Disabilities	org-ohio-association-of-county-boards-serving-people-with-developmental-disabilities	Monica Juenger	person-monica-juenger	bill_referenced	5123-4-03	5123-4-03	oac_rule			In-service training for members of county boards of developmental disabilities	0				oac_dropped
2025-09-01..2025-12-31	20260112EUPA1460212	Ohio Association of County Boards Serving People with Developmental Disabilities	org-ohio-association-of-county-boards-serving-people-with-developmental-disabilities	Monica Juenger	person-monica-juenger	bill_referenced	5123-17-03	5123-17-03	oac_rule			Abuser registry	0				oac_dropped
2025-09-01..2025-12-31	20260112EUPA1460212	Ohio Association of County Boards Serving People with Developmental Disabilities	org-ohio-association-of-county-boards-serving-people-with-developmental-disabilities	Monica Juenger	person-monica-juenger	subject_general	Accessible Housing	Accessible Housing	subject			Accessible Housing	0				subject_only
2025-09-01..2025-12-31	20260112EUPA1460212	Ohio Association of County Boards Serving People with Developmental Disabilities	org-ohio-association-of-county-boards-serving-people-with-developmental-disabilities	Monica Juenger	person-monica-juenger	bill_referenced	5123-17-02	5123-17-02	oac_rule			Addressing major unusual incidents and unusual incidents to ensure health, welfare, and continuous quality improvement	0				oac_dropped
2025-09-01..2025-12-31	20260112EUPA1460212	Ohio Association of County Boards Serving People with Developmental Disabilities	org-ohio-association-of-county-boards-serving-people-with-developmental-disabilities	Monica Juenger	person-monica-juenger	bill_referenced	5123-4-01	5123-4-01	oac_rule			Administration and operation of county boards of developmental disabilities	0				oac_dropped
2025-09-01..2025-12-31	20260112EUPA1460212	Ohio Association of County Boards Serving People with Developmental Disabilities	org-ohio-association-of-county-boards-serving-people-with-developmental-disabilities	Monica Juenger	person-monica-juenger	bill_referenced	5123-2-02	5123-2-02	oac_rule			Background investigations for employment	0				oac_dropped
2025-09-01..2025-12-31	20260112EUPA1460212	Ohio Association of County Boards Serving People with Developmental Disabilities	org-ohio-association-of-county-boards-serving-people-with-developmental-disabilities	Monica Juenger	person-monica-juenger	bill_referenced	5123-1-03	5123-1-03	oac_rule			Community capital assistance funds - acquisition of housing	0				oac_dropped
2025-09-01..2025-12-31	20260112EUPA1460212	Ohio Association of County Boards Serving People with Developmental Disabilities	org-ohio-association-of-county-boards-serving-people-with-developmental-disabilities	Monica Juenger	person-monica-juenger	bill_referenced	5123-9-19	5123-9-19	oac_rule			Home and community-based services waivers - general requirements for adult day support, career planning, group employment support, individual employment support, non-medical transportation, and vocational habilitation	0				oac_dropped
2025-09-01..2025-12-31	20260112EUPA1460212	Ohio Association of County Boards Serving People with Developmental Disabilities	org-ohio-association-of-county-boards-serving-people-with-developmental-disabilities	Monica Juenger	person-monica-juenger	bill_referenced	5123-9-47	5123-9-47	oac_rule			Home and community-based services waivers - support brokerage under the self-empowered life funding waivers	0				oac_dropped
2025-09-01..2025-12-31	20260112EUPA1460212	Ohio Association of County Boards Serving People with Developmental Disabilities	org-ohio-association-of-county-boards-serving-people-with-developmental-disabilities	Monica Juenger	person-monica-juenger	bill_referenced	5123-9-35	5123-9-35	oac_rule			Home and community-based services waivers - remote support under the individual options, level one, and self-empowered life funding waivers	0				oac_dropped
2025-09-01..2025-12-31	20260112EUPA1460212	Ohio Association of County Boards Serving People with Developmental Disabilities	org-ohio-association-of-county-boards-serving-people-with-developmental-disabilities	Monica Juenger	person-monica-juenger	bill_referenced	5123-9-12	5123-9-12	oac_rule			Home and community-based services waivers - assistive technology under the individual options, level one, and self-empowered life funding waivers	0				oac_dropped
2025-09-01..2025-12-31	20260112EUPA1460212	Ohio Association of County Boards Serving People with Developmental Disabilities	org-ohio-association-of-county-boards-serving-people-with-developmental-disabilities	Monica Juenger	person-monica-juenger	bill_referenced	5123-15-01	5123-15-01	oac_rule			Protective services system for guardianship, trusteeship, protectorship, or conservatorship	0				oac_dropped
2025-09-01..2025-12-31	20260112EUPA1460212	Ohio Association of County Boards Serving People with Developmental Disabilities	org-ohio-association-of-county-boards-serving-people-with-developmental-disabilities	Monica Juenger	person-monica-juenger	bill_referenced	5123-4-04	5123-4-04	oac_rule			Resolution of complaints involving county boards of developmental disabilities and appeals of adverse action proposed or initiated by county boards of developmental disabilities	0				oac_dropped
2025-09-01..2025-12-31	20260112EUPA1460212	Ohio Association of County Boards Serving People with Developmental Disabilities	org-ohio-association-of-county-boards-serving-people-with-developmental-disabilities	Monica Juenger	person-monica-juenger	bill_referenced	5123-4-02	5123-4-02	oac_rule			Service and support administration	0				oac_dropped
2025-09-01..2025-12-31	20260112EUPA1460212	Ohio Association of County Boards Serving People with Developmental Disabilities	org-ohio-association-of-county-boards-serving-people-with-developmental-disabilities	Monica Juenger	person-monica-juenger	bill_referenced	5123-5-02	5123-5-02	oac_rule			Service and support administration certification standards	0				oac_dropped
2025-09-01..2025-12-31	20260112EUPA1460212	Ohio Association of County Boards Serving People with Developmental Disabilities	org-ohio-association-of-county-boards-serving-people-with-developmental-disabilities	Monica Juenger	person-monica-juenger	subject_general	Vocational Habilitation/Basic Employment Skills Training/Group Employment Support	Vocational Habilitation/Basic Employment Skills Training/Group Employment Support	subject			Vocational Habilitation/Basic Employment Skills Training/Group Employment Support	0				subject_only
2025-09-01..2025-12-31	20260112EUPA1460212	Ohio Association of County Boards Serving People with Developmental Disabilities	org-ohio-association-of-county-boards-serving-people-with-developmental-disabilities	Monica Juenger	person-monica-juenger	subject_general	Waiver Modernization	Waiver Modernization	subject			Waiver Modernization	0				subject_only
2025-09-01..2025-12-31	20260112EUPA1460212	Ohio Association of County Boards Serving People with Developmental Disabilities	org-ohio-association-of-county-boards-serving-people-with-developmental-disabilities	Monica Juenger	person-monica-juenger	bill_referenced	3301-51-09	3301-51-09	oac_rule			Supplementary provisions for county boards of developmental disabilities	0				oac_dropped
2025-09-01..2025-12-31	20260112EUPA1460212	Ohio Association of County Boards Serving People with Developmental Disabilities	org-ohio-association-of-county-boards-serving-people-with-developmental-disabilities	Monica Juenger	person-monica-juenger	bill_referenced	5160-32-03	5160-32-03	oac_rule			Alternate electronic visit verification (EVV) vendor	0				oac_dropped
2025-09-01..2025-12-31	20260112EUPA1460212	Ohio Association of County Boards Serving People with Developmental Disabilities	org-ohio-association-of-county-boards-serving-people-with-developmental-disabilities	Monica Juenger	person-monica-juenger	subject_general	Electronic Visit Verification	Electronic Visit Verification	subject			Electronic Visit Verification	0				subject_only
2025-09-01..2025-12-31	20260112EUPA1460212	Ohio Association of County Boards Serving People with Developmental Disabilities	org-ohio-association-of-county-boards-serving-people-with-developmental-disabilities	Monica Juenger	person-monica-juenger	bill_referenced	5160-32-02	5160-32-02	oac_rule			Electronic visit verification (EVV) data collection	0				oac_dropped
2025-09-01..2025-12-31	20260112EUPA1460212	Ohio Association of County Boards Serving People with Developmental Disabilities	org-ohio-association-of-county-boards-serving-people-with-developmental-disabilities	Monica Juenger	person-monica-juenger	subject_general	Federal IDEA funds/schools	Federal IDEA funds/schools	subject			Federal IDEA funds/schools	0				subject_only
2025-09-01..2025-12-31	20260112EUPA1460212	Ohio Association of County Boards Serving People with Developmental Disabilities	org-ohio-association-of-county-boards-serving-people-with-developmental-disabilities	Monica Juenger	person-monica-juenger	bill_referenced	5160-59-03.1	5160-59-031	oac_rule			OhioRISE: utilization management	0				oac_dropped
2025-09-01..2025-12-31	20260112EUPA1460212	Ohio Association of County Boards Serving People with Developmental Disabilities	org-ohio-association-of-county-boards-serving-people-with-developmental-disabilities	Monica Juenger	person-monica-juenger	bill_referenced	5123-7-28	5123-7-28	oac_rule			Intermediate care facilities for individuals with intellectual disabilities - intensive behavioral support rate add-on	0				oac_dropped
2025-09-01..2025-12-31	20260112EUPA1460212	Ohio Association of County Boards Serving People with Developmental Disabilities	org-ohio-association-of-county-boards-serving-people-with-developmental-disabilities	Monica Juenger	person-monica-juenger	bill_referenced	5123-7-03	5123-7-03	oac_rule			Intermediate care facilities for individuals with intellectual disabilities - intensive behavioral support rate add-on	0				oac_dropped
2025-09-01..2025-12-31	20260112EUPA1460212	Ohio Association of County Boards Serving People with Developmental Disabilities	org-ohio-association-of-county-boards-serving-people-with-developmental-disabilities	Monica Juenger	person-monica-juenger	bill_referenced	5123-9-23	5123-9-23	oac_rule			HCBS - environmental accessibility adaptations under the individual options and level one waivers	0				oac_dropped
2025-09-01..2025-12-31	20260112EUPA1460212	Ohio Association of County Boards Serving People with Developmental Disabilities	org-ohio-association-of-county-boards-serving-people-with-developmental-disabilities	Monica Juenger	person-monica-juenger	bill_referenced	5123-2-XX	5123-2-XX	unmatched			Use of audio or video devices in intermediate care facilities for individuals with intellectual disabilities and residences of individuals who receive home and community-based services.	0				unmatched
2025-09-01..2025-12-31	20260112EUPA1460212	Ohio Association of County Boards Serving People with Developmental Disabilities	org-ohio-association-of-county-boards-serving-people-with-developmental-disabilities	Monica Juenger	person-monica-juenger	bill_referenced	3301-35-15	3301-35-15	oac_rule			Standards for the implementation of positive behavior intervention supports and the use of restraint and seclusion	0				oac_dropped
2025-09-01..2025-12-31	20260112EUPA1460212	Ohio Association of County Boards Serving People with Developmental Disabilities	org-ohio-association-of-county-boards-serving-people-with-developmental-disabilities	Monica Juenger	person-monica-juenger	bill_referenced	3301-51-11	3301-51-11	oac_rule			Preschool children eligible for special education	0				oac_dropped
2025-09-01..2025-12-31	20260112LUPA1460744	Hondros College of Business	org-hondros-college-of-business	Rachel G Winder	person-rachel-g-winder	bill_referenced	HB 96	HB 96	bill	ocd-bill/4e02024d-881d-4a05-9191-b218c16ecff4	Make state operating appropriations for FY 2026-27	Make state operating appropriations for FY 2026-27	1	ocd-person/f4e6c51a-89bd-4841-848b-b1097fd3fc9d	Brian Stewart	primary	direct
2025-09-01..2025-12-31	20260112LUPA1460744	Hondros College of Business	org-hondros-college-of-business	Rachel G Winder	person-rachel-g-winder	bill_referenced	SB 155	SB 155	bill	ocd-bill/d54e9db9-26fe-48ae-a188-f5cb8967079f	Revise the real estate wholesaler law	Revise the real estate wholesaler law	2	ocd-person/94ba65dd-57c5-4ab0-b607-5e310d50cae0	Catherine D. Ingram	primary	direct
2025-09-01..2025-12-31	20260112LUPA1460744	Hondros College of Business	org-hondros-college-of-business	Rachel G Winder	person-rachel-g-winder	bill_referenced	SB 155	SB 155	bill	ocd-bill/d54e9db9-26fe-48ae-a188-f5cb8967079f	Revise the real estate wholesaler law	Revise the real estate wholesaler law	2	ocd-person/c61c8eaf-1de9-419d-a5dc-c96787315578	Andrew O. Brenner	primary	direct
2025-09-01..2025-12-31	20260112LUPA1461358	Lutheran Social Services of Central Ohio	org-lutheran-social-services-of-central-ohio	Andrew Minton	person-andrew-minton	bill_referenced	HB 47	HB 47	bill	ocd-bill/34ed21bc-8637-4892-b1cb-c2054fea249e	Enact the Human Trafficking Prevention Act	Enact the Human Trafficking Prevention Act	2	ocd-person/64305698-f25c-486e-b57f-00298cfbe15d	Nick Santucci	primary	direct
2025-09-01..2025-12-31	20260112LUPA1461358	Lutheran Social Services of Central Ohio	org-lutheran-social-services-of-central-ohio	Andrew Minton	person-andrew-minton	bill_referenced	HB 47	HB 47	bill	ocd-bill/34ed21bc-8637-4892-b1cb-c2054fea249e	Enact the Human Trafficking Prevention Act	Enact the Human Trafficking Prevention Act	2	ocd-person/1e52d1da-3e5c-442e-a460-d63b62709edf	Josh Williams	primary	direct
2025-09-01..2025-12-31	20260112LUPA1461358	Lutheran Social Services of Central Ohio	org-lutheran-social-services-of-central-ohio	Andrew Minton	person-andrew-minton	bill_referenced	HB 135	HB 135	bill	ocd-bill/defc6ec1-a357-4758-be74-ccc022ad5de9	Prohibit source of income discrimination in rental housing	Prohibit source of income discrimination in rental housing	2	ocd-person/4b1e7c00-c159-407e-83d8-2eb24ba175db	Meredith R. Lawson-Rowe	primary	direct
2025-09-01..2025-12-31	20260112LUPA1461358	Lutheran Social Services of Central Ohio	org-lutheran-social-services-of-central-ohio	Andrew Minton	person-andrew-minton	bill_referenced	HB 135	HB 135	bill	ocd-bill/defc6ec1-a357-4758-be74-ccc022ad5de9	Prohibit source of income discrimination in rental housing	Prohibit source of income discrimination in rental housing	2	ocd-person/a4c53220-d4a7-4591-b2d8-109516dc9401	Terrence Upchurch	primary	direct
2025-09-01..2025-12-31	20260112LUPA1461358	Lutheran Social Services of Central Ohio	org-lutheran-social-services-of-central-ohio	Andrew Minton	person-andrew-minton	bill_referenced	HB 181	HB 181	bill	ocd-bill/cf02d2f5-8836-4ed9-8896-addec54072bf	Provide counsel to destitute defendants facing eviction	Provide counsel to destitute defendants facing eviction	2	ocd-person/4b7cbc16-7a67-4a61-8fd5-77a857270774	Jamie Callender	primary	direct
2025-09-01..2025-12-31	20260112LUPA1461358	Lutheran Social Services of Central Ohio	org-lutheran-social-services-of-central-ohio	Andrew Minton	person-andrew-minton	bill_referenced	HB 181	HB 181	bill	ocd-bill/cf02d2f5-8836-4ed9-8896-addec54072bf	Provide counsel to destitute defendants facing eviction	Provide counsel to destitute defendants facing eviction	2	ocd-person/4b1e7c00-c159-407e-83d8-2eb24ba175db	Meredith R. Lawson-Rowe	primary	direct
2025-09-01..2025-12-31	20260112LUPA1461358	Lutheran Social Services of Central Ohio	org-lutheran-social-services-of-central-ohio	Andrew Minton	person-andrew-minton	bill_referenced	HB 276	HB 276	bill	ocd-bill/ca897e31-c75a-455e-853e-1bdfb5d9e15e	Prohibit certain actions re: reimbursing 340B covered entities	Prohibit certain actions re: reimbursing 340B covered entities	2	ocd-person/78912d95-3dac-4487-810a-74be41508ebb	Adam Holmes	primary	direct
2025-09-01..2025-12-31	20260112LUPA1461358	Lutheran Social Services of Central Ohio	org-lutheran-social-services-of-central-ohio	Andrew Minton	person-andrew-minton	bill_referenced	HB 276	HB 276	bill	ocd-bill/ca897e31-c75a-455e-853e-1bdfb5d9e15e	Prohibit certain actions re: reimbursing 340B covered entities	Prohibit certain actions re: reimbursing 340B covered entities	2	ocd-person/e4f9416c-1043-4737-899e-31410e94af1d	Marilyn John	primary	direct
2025-09-01..2025-12-31	20260112LUPA1461358	Lutheran Social Services of Central Ohio	org-lutheran-social-services-of-central-ohio	Andrew Minton	person-andrew-minton	bill_referenced	HB 368	HB 368	bill	ocd-bill/62d5017e-ffbb-4fbb-8d6e-64fa5a75f32f	Require eviction records to be sealed after three years	Require eviction records to be sealed after three years	2	ocd-person/a75181f0-f0e8-4af3-aefd-6cc08543af1a	Darnell T. Brewer	primary	direct
2025-09-01..2025-12-31	20260112LUPA1461358	Lutheran Social Services of Central Ohio	org-lutheran-social-services-of-central-ohio	Andrew Minton	person-andrew-minton	bill_referenced	HB 368	HB 368	bill	ocd-bill/62d5017e-ffbb-4fbb-8d6e-64fa5a75f32f	Require eviction records to be sealed after three years	Require eviction records to be sealed after three years	2	ocd-person/a4c53220-d4a7-4591-b2d8-109516dc9401	Terrence Upchurch	primary	direct
2025-09-01..2025-12-31	20260112LUPA1461358	Lutheran Social Services of Central Ohio	org-lutheran-social-services-of-central-ohio	Andrew Minton	person-andrew-minton	bill_referenced	HB 472	HB 472	bill	ocd-bill/b13a585b-a23c-4fa1-9b94-7aeae938c3b6	Waive ID, birth certificate fees for homeless individuals	Waive ID, birth certificate fees for homeless individuals	2	ocd-person/f1715f7b-6a29-4dd2-a34f-b94c87088890	Jodi Salvo	primary	direct
2025-09-01..2025-12-31	20260112LUPA1461358	Lutheran Social Services of Central Ohio	org-lutheran-social-services-of-central-ohio	Andrew Minton	person-andrew-minton	bill_referenced	HB 472	HB 472	bill	ocd-bill/b13a585b-a23c-4fa1-9b94-7aeae938c3b6	Waive ID, birth certificate fees for homeless individuals	Waive ID, birth certificate fees for homeless individuals	2	ocd-person/b76c6e1e-8b9d-42bf-b615-73270b132773	Christine Cockley	primary	direct
2025-09-01..2025-12-31	20260112LUPA1461358	Lutheran Social Services of Central Ohio	org-lutheran-social-services-of-central-ohio	Andrew Minton	person-andrew-minton	bill_referenced	HB 553	HB 553	bill	ocd-bill/cd05be2c-0367-4bfa-8ecd-ff78f50e36ff	Require landlord to notify tenant of rent default before eviction	Require landlord to notify tenant of rent default before eviction	2	ocd-person/a4c53220-d4a7-4591-b2d8-109516dc9401	Terrence Upchurch	primary	direct
2025-09-01..2025-12-31	20260112LUPA1461358	Lutheran Social Services of Central Ohio	org-lutheran-social-services-of-central-ohio	Andrew Minton	person-andrew-minton	bill_referenced	HB 553	HB 553	bill	ocd-bill/cd05be2c-0367-4bfa-8ecd-ff78f50e36ff	Require landlord to notify tenant of rent default before eviction	Require landlord to notify tenant of rent default before eviction	2	ocd-person/ed31c4e5-e835-4c4c-9352-217f5dcf1037	Ismail Mohamed	primary	direct
2025-09-01..2025-12-31	20260112LUPA1461358	Lutheran Social Services of Central Ohio	org-lutheran-social-services-of-central-ohio	Andrew Minton	person-andrew-minton	bill_referenced	SB 22	SB 22	bill	ocd-bill/2375f40c-0a36-4418-b126-89c189818a76	Authorize tax credit or rebate for certain homeowners, renters	Authorize tax credit or rebate for certain homeowners, renters	2	ocd-person/ed858ef9-97dc-4be8-97ab-006ea96923ae	Hearcel F. Craig	primary	direct
2025-09-01..2025-12-31	20260112LUPA1461358	Lutheran Social Services of Central Ohio	org-lutheran-social-services-of-central-ohio	Andrew Minton	person-andrew-minton	bill_referenced	SB 22	SB 22	bill	ocd-bill/2375f40c-0a36-4418-b126-89c189818a76	Authorize tax credit or rebate for certain homeowners, renters	Authorize tax credit or rebate for certain homeowners, renters	2	ocd-person/5a9b2a16-6827-4e00-961a-f3de39538749	Louis W. Blessing, III	primary	direct
2025-09-01..2025-12-31	20260112LUPA1461358	Lutheran Social Services of Central Ohio	org-lutheran-social-services-of-central-ohio	Andrew Minton	person-andrew-minton	bill_referenced	SB 28	SB 28	bill	ocd-bill/fd9fefc5-8b7d-4e41-abe5-261dfb075488	Levy a tax on certain high-volume landlords	Levy a tax on certain high-volume landlords	2	ocd-person/df5c391c-65e8-4d61-a9b9-0249ff6eddb7	Nickie J. Antonio	primary	direct
2025-09-01..2025-12-31	20260112LUPA1461358	Lutheran Social Services of Central Ohio	org-lutheran-social-services-of-central-ohio	Andrew Minton	person-andrew-minton	bill_referenced	SB 28	SB 28	bill	ocd-bill/fd9fefc5-8b7d-4e41-abe5-261dfb075488	Levy a tax on certain high-volume landlords	Levy a tax on certain high-volume landlords	2	ocd-person/5a9b2a16-6827-4e00-961a-f3de39538749	Louis W. Blessing, III	primary	direct
2025-09-01..2025-12-31	20260112LUPA1461358	Lutheran Social Services of Central Ohio	org-lutheran-social-services-of-central-ohio	Andrew Minton	person-andrew-minton	bill_referenced	SB 83	SB 83	bill	ocd-bill/f7d5e9dc-0846-4801-a83e-654a1cb42f0c	Revise eviction, code enforcement, and real property transfer law	Revise eviction, code enforcement, and real property transfer law	2	ocd-person/ed858ef9-97dc-4be8-97ab-006ea96923ae	Hearcel F. Craig	primary	direct
2025-09-01..2025-12-31	20260112LUPA1461358	Lutheran Social Services of Central Ohio	org-lutheran-social-services-of-central-ohio	Andrew Minton	person-andrew-minton	bill_referenced	SB 83	SB 83	bill	ocd-bill/f7d5e9dc-0846-4801-a83e-654a1cb42f0c	Revise eviction, code enforcement, and real property transfer law	Revise eviction, code enforcement, and real property transfer law	2	ocd-person/79af20c0-6eb6-44a2-ba79-9c7e5e10ea04	Michele Reynolds	primary	direct
2025-09-01..2025-12-31	20260112LUPA1461358	Lutheran Social Services of Central Ohio	org-lutheran-social-services-of-central-ohio	Andrew Minton	person-andrew-minton	bill_referenced	SB 204	SB 204	bill	ocd-bill/b3c05bcc-859c-41b1-8887-4e849bd5a0d7	Allow suppression of eviction records in certain circumstances	Allow suppression of eviction records in certain circumstances	1	ocd-person/79af20c0-6eb6-44a2-ba79-9c7e5e10ea04	Michele Reynolds	primary	direct
2025-09-01..2025-12-31	20260112LUPA1461358	Lutheran Social Services of Central Ohio	org-lutheran-social-services-of-central-ohio	Andrew Minton	person-andrew-minton	bill_referenced	SB 206	SB 206	bill	ocd-bill/5047158c-22cb-42de-a231-9e502bbbba30	Authorize property tax reduction for certain owner-occupied homes	Authorize property tax reduction for certain owner-occupied homes	1	ocd-person/6a1fc3b1-ebfd-47b7-adec-ddcd84d137c9	Al Cutrona	primary	direct
2025-09-01..2025-12-31	20260112LUPA1461358	Lutheran Social Services of Central Ohio	org-lutheran-social-services-of-central-ohio	Andrew Minton	person-andrew-minton	bill_referenced	SB 240	SB 240	bill	ocd-bill/5e011801-ec47-430b-8302-5f74a90dbc96	Authorize county marijuana tax for art, culture, entertainment	Authorize county marijuana tax for art, culture, entertainment	1	ocd-person/d9c3dfce-8b7f-402f-9dec-5179e38b528f	Kent Smith	primary	direct
2025-09-01..2025-12-31	20260112LUPA1461406	OhioHealth	org-ohiohealth	Sarah Kincaid	person-sarah-kincaid	bill_referenced	HB 12	HB 12	bill	ocd-bill/f43567bb-674b-4060-a934-182e8d23d75d	Enact the Jeff, Dave, and Angie Patient Right to Try Act	Enact the Jeff, Dave, and Angie Patient Right to Try Act	2	ocd-person/cb2ddd04-e5b0-4c96-b217-d02b732eb896	D. J. Swearingen	primary	direct
2025-09-01..2025-12-31	20260112LUPA1461406	OhioHealth	org-ohiohealth	Sarah Kincaid	person-sarah-kincaid	bill_referenced	HB 12	HB 12	bill	ocd-bill/f43567bb-674b-4060-a934-182e8d23d75d	Enact the Jeff, Dave, and Angie Patient Right to Try Act	Enact the Jeff, Dave, and Angie Patient Right to Try Act	2	ocd-person/4817cf28-df1f-4ccc-bc09-25809222e530	Jennifer Gross	primary	direct
2025-09-01..2025-12-31	20260112LUPA1461406	OhioHealth	org-ohiohealth	Sarah Kincaid	person-sarah-kincaid	bill_referenced	HB 112	HB 112	bill	ocd-bill/7f8fbc57-3b0b-41cf-94d9-3b504efd2973	Enact the Conscientious Right to Refuse Act	Enact the Conscientious Right to Refuse Act	2	ocd-person/de0a6483-7c16-43e1-a76b-c0cc98a9d7ed	Beth Lear	primary	direct
2025-09-01..2025-12-31	20260112LUPA1461406	OhioHealth	org-ohiohealth	Sarah Kincaid	person-sarah-kincaid	bill_referenced	HB 112	HB 112	bill	ocd-bill/7f8fbc57-3b0b-41cf-94d9-3b504efd2973	Enact the Conscientious Right to Refuse Act	Enact the Conscientious Right to Refuse Act	2	ocd-person/4817cf28-df1f-4ccc-bc09-25809222e530	Jennifer Gross	primary	direct
2025-09-01..2025-12-31	20260112LUPA1461406	OhioHealth	org-ohiohealth	Sarah Kincaid	person-sarah-kincaid	bill_referenced	HB 162	HB 162	bill	ocd-bill/46a304eb-6a7c-4094-9ec9-44ceeb0c3df8	Enact the My Child-My Chart Act	Enact the My Child-My Chart Act	1	ocd-person/04e3c98a-4ede-4501-b914-4fa13fbad194	Gary Click	primary	direct
2025-09-01..2025-12-31	20260112LUPA1461406	OhioHealth	org-ohiohealth	Sarah Kincaid	person-sarah-kincaid	bill_referenced	HB 172	HB 172	bill	ocd-bill/1f30bab5-5835-4dff-9c51-250b2e4f5092	Prohibit mental health service to minors without parental consent	Prohibit mental health service to minors without parental consent	1	ocd-person/9d7cc971-9ed9-4918-b93f-39d41d35e565	Johnathan Newman	primary	direct
2025-09-01..2025-12-31	20260112LUPA1461406	OhioHealth	org-ohiohealth	Sarah Kincaid	person-sarah-kincaid	bill_referenced	HB 276	HB 276	bill	ocd-bill/ca897e31-c75a-455e-853e-1bdfb5d9e15e	Prohibit certain actions re: reimbursing 340B covered entities	Prohibit certain actions re: reimbursing 340B covered entities	2	ocd-person/78912d95-3dac-4487-810a-74be41508ebb	Adam Holmes	primary	direct
2025-09-01..2025-12-31	20260112LUPA1461406	OhioHealth	org-ohiohealth	Sarah Kincaid	person-sarah-kincaid	bill_referenced	HB 276	HB 276	bill	ocd-bill/ca897e31-c75a-455e-853e-1bdfb5d9e15e	Prohibit certain actions re: reimbursing 340B covered entities	Prohibit certain actions re: reimbursing 340B covered entities	2	ocd-person/e4f9416c-1043-4737-899e-31410e94af1d	Marilyn John	primary	direct
2025-09-01..2025-12-31	20260112LUPA1461406	OhioHealth	org-ohiohealth	Sarah Kincaid	person-sarah-kincaid	bill_referenced	HB 324	HB 324	bill	ocd-bill/d02aa097-0a0a-4960-ba67-dfb5fd101d6d	Enact the Patient Protection Act	Enact the Patient Protection Act	2	ocd-person/75257af6-5d83-4d3b-b127-744aaa377c9f	Meredith Craig	primary	direct
2025-09-01..2025-12-31	20260112LUPA1461406	OhioHealth	org-ohiohealth	Sarah Kincaid	person-sarah-kincaid	bill_referenced	HB 324	HB 324	bill	ocd-bill/d02aa097-0a0a-4960-ba67-dfb5fd101d6d	Enact the Patient Protection Act	Enact the Patient Protection Act	2	ocd-person/b04e2962-e7c6-46b8-9a99-d7a6d3a32717	Adam Mathews	primary	direct
2025-09-01..2025-12-31	20260112LUPA1461406	OhioHealth	org-ohiohealth	Sarah Kincaid	person-sarah-kincaid	bill_referenced	HB 423	HB 423	bill	ocd-bill/abc41e0c-677f-4ac5-9500-31b89821b83e	Regulate practice of surgical assistants, surgical technologists	Regulate practice of surgical assistants, surgical technologists	1	ocd-person/97821235-4116-44d1-b58b-acf822bbdc58	Kellie Deeter	primary	direct
2025-09-01..2025-12-31	20260112LUPA1461406	OhioHealth	org-ohiohealth	Sarah Kincaid	person-sarah-kincaid	bill_referenced	HB 535	HB 535	bill	ocd-bill/72d3067c-77fb-4d36-819e-9162a2f91c02	Regards hospital-wide nursing care comm., nursing staffing plans	Regards hospital-wide nursing care comm., nursing staffing plans	1	ocd-person/a3ccce64-ea28-47dc-8bab-3af6ed2dd860	Brian Lorenz	primary	direct
2025-09-01..2025-12-31	20260112LUPA1461406	OhioHealth	org-ohiohealth	Sarah Kincaid	person-sarah-kincaid	bill_referenced	HB 589	HB 589	bill	ocd-bill/63c8a3da-eb2e-4a9a-886d-eddaab82b7cb	Regards contracts between health insurers, health care providers	Regards contracts between health insurers, health care providers	1	ocd-person/b04e2962-e7c6-46b8-9a99-d7a6d3a32717	Adam Mathews	primary	direct
2025-09-01..2025-12-31	20260112LUPA1461406	OhioHealth	org-ohiohealth	Sarah Kincaid	person-sarah-kincaid	bill_referenced	SB 198	SB 198	bill	ocd-bill/900bed23-31ba-4b11-a324-8df445e6b5ef	Prohibit certain actions re: reimbursing 340B covered entities	Prohibit certain actions re: reimbursing 340B covered entities	1	ocd-person/f2e79c7c-7e3a-496d-8f87-d43b62eb54a5	Kyle Koehler	primary	direct
2025-09-01..2025-12-31	20260112LUPA1461406	OhioHealth	org-ohiohealth	Sarah Kincaid	person-sarah-kincaid	bill_referenced	SB 209	SB 209	bill	ocd-bill/4148e75c-7e89-4bef-89a4-8c2d010ab8ce	Enact the Jeff, Dave, and Angie Patient Right to Try Act	Enact the Jeff, Dave, and Angie Patient Right to Try Act	2	ocd-person/79af20c0-6eb6-44a2-ba79-9c7e5e10ea04	Michele Reynolds	primary	direct
2025-09-01..2025-12-31	20260112LUPA1461406	OhioHealth	org-ohiohealth	Sarah Kincaid	person-sarah-kincaid	bill_referenced	SB 209	SB 209	bill	ocd-bill/4148e75c-7e89-4bef-89a4-8c2d010ab8ce	Enact the Jeff, Dave, and Angie Patient Right to Try Act	Enact the Jeff, Dave, and Angie Patient Right to Try Act	2	ocd-person/6a1fc3b1-ebfd-47b7-adec-ddcd84d137c9	Al Cutrona	primary	direct
2025-09-01..2025-12-31	20260112LUPA1461406	OhioHealth	org-ohiohealth	Sarah Kincaid	person-sarah-kincaid	bill_referenced	SB 230	SB 230	bill	ocd-bill/f8811f1c-66f0-49fa-9c7c-fd0ecf895e31	Authorize pharmacists to test, treat certain health conditions	Authorize pharmacists to test, treat certain health conditions	1	ocd-person/2ae62dc8-e902-4a8e-99b7-182477c50bc3	Mark Romanchuk	primary	direct
2025-09-01..2025-12-31	20260112LUPA1461406	OhioHealth	org-ohiohealth	Sarah Kincaid	person-sarah-kincaid	bill_referenced	SB 301	SB 301	bill	ocd-bill/2a132df2-f42f-4b52-a68c-9cee35db2b6f	Regards noncompete clauses in health care employment contracts	Regards noncompete clauses in health care employment contracts	1	ocd-person/57300c34-0e2d-4e85-bdce-c4fb8c781541	Terry Johnson	primary	direct
2025-09-01..2025-12-31	20260112LUPA1461472	Secretary of State	org-secretary-of-state	Leslie Piatt	person-leslie-piatt	bill_referenced	HB 1	HB 1	bill	ocd-bill/5d465c11-0107-45e7-a22a-68dd6295898d	Enact Ohio Property Protection Act	Enact Ohio Property Protection Act	2	ocd-person/73e72147-0d40-4478-bbf6-3419f0e00b46	Roy Klopfenstein	primary	direct
2025-09-01..2025-12-31	20260112LUPA1461472	Secretary of State	org-secretary-of-state	Leslie Piatt	person-leslie-piatt	bill_referenced	HB 1	HB 1	bill	ocd-bill/5d465c11-0107-45e7-a22a-68dd6295898d	Enact Ohio Property Protection Act	Enact Ohio Property Protection Act	2	ocd-person/4ed8184a-01ff-4bdc-a06c-cbf8b4c73fd6	Angela N. King	primary	direct
2025-09-01..2025-12-31	20260112LUPA1461472	Secretary of State	org-secretary-of-state	Leslie Piatt	person-leslie-piatt	bill_referenced	HB 18	HB 18	bill	ocd-bill/702704c4-4450-4d78-a3a4-6c1edb8d5f57	Enact the Ohio Strategic Cryptocurrency Reserve Act	Enact the Ohio Strategic Cryptocurrency Reserve Act	1	ocd-person/854b6ce3-a4e1-46db-959a-aa286e4e8942	Steve Demetriou	primary	direct
2025-09-01..2025-12-31	20260112LUPA1461472	Secretary of State	org-secretary-of-state	Leslie Piatt	person-leslie-piatt	bill_referenced	HB 22	HB 22	bill	ocd-bill/be051be4-2f22-40d0-96dd-5c5d9e389201	Authorize homestead exemption for surviving military spouses	Authorize homestead exemption for surviving military spouses	2	ocd-person/170299dd-f2e4-463e-8b8b-ea3b75946120	David Thomas	primary	direct
2025-09-01..2025-12-31	20260112LUPA1461472	Secretary of State	org-secretary-of-state	Leslie Piatt	person-leslie-piatt	bill_referenced	HB 22	HB 22	bill	ocd-bill/be051be4-2f22-40d0-96dd-5c5d9e389201	Authorize homestead exemption for surviving military spouses	Authorize homestead exemption for surviving military spouses	2	ocd-person/a3ccce64-ea28-47dc-8bab-3af6ed2dd860	Brian Lorenz	primary	direct
2025-09-01..2025-12-31	20260112LUPA1461472	Secretary of State	org-secretary-of-state	Leslie Piatt	person-leslie-piatt	bill_referenced	HB 123	HB 123	bill	ocd-bill/6ecac904-9ca2-4d7d-b322-4fb3f0c8d895	Modify procedures for filling vacancies in local elected offices	Modify procedures for filling vacancies in local elected offices	2	ocd-person/170299dd-f2e4-463e-8b8b-ea3b75946120	David Thomas	primary	direct
2025-09-01..2025-12-31	20260112LUPA1461472	Secretary of State	org-secretary-of-state	Leslie Piatt	person-leslie-piatt	bill_referenced	HB 123	HB 123	bill	ocd-bill/6ecac904-9ca2-4d7d-b322-4fb3f0c8d895	Modify procedures for filling vacancies in local elected offices	Modify procedures for filling vacancies in local elected offices	2	ocd-person/4af0e8db-ad18-424f-abfa-ce31e37c0b7d	Mark Johnson	primary	direct
2025-09-01..2025-12-31	20260112LUPA1461472	Secretary of State	org-secretary-of-state	Leslie Piatt	person-leslie-piatt	bill_referenced	HB 153	HB 153	bill	ocd-bill/ec35da14-02cc-4d75-94a3-33d0f0c6ebfb	Include state, district school board members on partisan ballot	Include state, district school board members on partisan ballot	2	ocd-person/7948afad-ec3c-4e4c-a073-305fb8cd1b21	Thomas Hall	primary	direct
2025-09-01..2025-12-31	20260112LUPA1461472	Secretary of State	org-secretary-of-state	Leslie Piatt	person-leslie-piatt	bill_referenced	HB 153	HB 153	bill	ocd-bill/ec35da14-02cc-4d75-94a3-33d0f0c6ebfb	Include state, district school board members on partisan ballot	Include state, district school board members on partisan ballot	2	ocd-person/de0a6483-7c16-43e1-a76b-c0cc98a9d7ed	Beth Lear	primary	direct
2025-09-01..2025-12-31	20260112LUPA1461472	Secretary of State	org-secretary-of-state	Leslie Piatt	person-leslie-piatt	bill_referenced	HB 180	HB 180	bill	ocd-bill/3f7990be-cbe9-499d-9e0b-81d2927701d4	Bar adverse employment action against precinct election officials	Bar adverse employment action against precinct election officials	2	ocd-person/bfe003c4-6a28-46d6-b831-07bfe8662926	Elgin Rogers, Jr.	primary	direct
2025-09-01..2025-12-31	20260112LUPA1461472	Secretary of State	org-secretary-of-state	Leslie Piatt	person-leslie-piatt	bill_referenced	HB 180	HB 180	bill	ocd-bill/3f7990be-cbe9-499d-9e0b-81d2927701d4	Bar adverse employment action against precinct election officials	Bar adverse employment action against precinct election officials	2	ocd-person/73e72147-0d40-4478-bbf6-3419f0e00b46	Roy Klopfenstein	primary	direct
2025-09-01..2025-12-31	20260112LUPA1461472	Secretary of State	org-secretary-of-state	Leslie Piatt	person-leslie-piatt	bill_referenced	HB 185	HB 185	bill	ocd-bill/dc938344-1eed-4df3-9a6f-28b9b5e5ca17	Regards an individual's persona usage; prohibit certain deepfakes	Regards an individual's persona usage; prohibit certain deepfakes	2	ocd-person/09c752d1-59eb-4f43-b401-5092d801f4c1	Ty D. Mathews	primary	direct
2025-09-01..2025-12-31	20260112LUPA1461472	Secretary of State	org-secretary-of-state	Leslie Piatt	person-leslie-piatt	bill_referenced	HB 185	HB 185	bill	ocd-bill/dc938344-1eed-4df3-9a6f-28b9b5e5ca17	Regards an individual's persona usage; prohibit certain deepfakes	Regards an individual's persona usage; prohibit certain deepfakes	2	ocd-person/b04e2962-e7c6-46b8-9a99-d7a6d3a32717	Adam Mathews	primary	direct
2025-09-01..2025-12-31	20260112LUPA1461472	Secretary of State	org-secretary-of-state	Leslie Piatt	person-leslie-piatt	bill_referenced	HB 196	HB 196	bill	ocd-bill/44ccf223-b87e-4764-9a57-7f8db8929bcf	Regards candidate nomination protests, names on candidacy forms	Regards candidate nomination protests, names on candidacy forms	2	ocd-person/4ed8184a-01ff-4bdc-a06c-cbf8b4c73fd6	Angela N. King	primary	direct
2025-09-01..2025-12-31	20260112LUPA1461472	Secretary of State	org-secretary-of-state	Leslie Piatt	person-leslie-piatt	bill_referenced	HB 196	HB 196	bill	ocd-bill/44ccf223-b87e-4764-9a57-7f8db8929bcf	Regards candidate nomination protests, names on candidacy forms	Regards candidate nomination protests, names on candidacy forms	2	ocd-person/c34a852a-71fc-4b21-a594-bc4a75b799c8	Rodney Creech	primary	direct
2025-09-01..2025-12-31	20260112LUPA1461472	Secretary of State	org-secretary-of-state	Leslie Piatt	person-leslie-piatt	bill_referenced	HB 197	HB 197	bill	ocd-bill/f9473d9c-5678-4eec-8526-4d0fa9ad5034	Specify day of the presidential primary election	Specify day of the presidential primary election	2	ocd-person/dc1a25bf-ebf6-4d5c-b5c3-32f9fdb8b2ed	Beryl Piccolantonio	primary	direct
2025-09-01..2025-12-31	20260112LUPA1461472	Secretary of State	org-secretary-of-state	Leslie Piatt	person-leslie-piatt	bill_referenced	HB 197	HB 197	bill	ocd-bill/f9473d9c-5678-4eec-8526-4d0fa9ad5034	Specify day of the presidential primary election	Specify day of the presidential primary election	2	ocd-person/04d4dc4f-a38a-4d50-8962-ea961550b2ff	Daniel P. Troy	primary	direct
2025-09-01..2025-12-31	20260112LUPA1461472	Secretary of State	org-secretary-of-state	Leslie Piatt	person-leslie-piatt	bill_referenced	HB 202	HB 202	bill	ocd-bill/fc7fe35c-bc73-4337-b58e-598700de904f	Establish Joint Legislative Information Technology Oversight Comm	Establish Joint Legislative Information Technology Oversight Comm	1	ocd-person/7948afad-ec3c-4e4c-a073-305fb8cd1b21	Thomas Hall	primary	direct
2025-09-01..2025-12-31	20260112LUPA1461472	Secretary of State	org-secretary-of-state	Leslie Piatt	person-leslie-piatt	bill_referenced	HB 233	HB 233	bill	ocd-bill/783cf10d-f2a3-49e0-ad2f-a0be2aef0a49	Require elector citizenship verification; revise election law	Require elector citizenship verification; revise election law	2	ocd-person/cb2ddd04-e5b0-4c96-b217-d02b732eb896	D. J. Swearingen	primary	direct
2025-09-01..2025-12-31	20260112LUPA1461472	Secretary of State	org-secretary-of-state	Leslie Piatt	person-leslie-piatt	bill_referenced	HB 233	HB 233	bill	ocd-bill/783cf10d-f2a3-49e0-ad2f-a0be2aef0a49	Require elector citizenship verification; revise election law	Require elector citizenship verification; revise election law	2	ocd-person/60fdc824-a8ab-44fa-80ca-053d8698218e	Jeff LaRe	primary	direct
2025-09-01..2025-12-31	20260112LUPA1461472	Secretary of State	org-secretary-of-state	Leslie Piatt	person-leslie-piatt	bill_referenced	HB 250	HB 250	bill	ocd-bill/9b1faaf1-0d99-4991-9672-e2a0cccac438	Enact the Ohio Anti-Corruption Act	Enact the Ohio Anti-Corruption Act	2	ocd-person/1cc15373-6101-48fb-9597-d731c115eb70	Dani Isaacsohn	primary	direct
2025-09-01..2025-12-31	20260112LUPA1461472	Secretary of State	org-secretary-of-state	Leslie Piatt	person-leslie-piatt	bill_referenced	HB 250	HB 250	bill	ocd-bill/9b1faaf1-0d99-4991-9672-e2a0cccac438	Enact the Ohio Anti-Corruption Act	Enact the Ohio Anti-Corruption Act	2	ocd-person/2481dfc7-d260-49c6-9461-9e6048ed27a2	Bride Rose Sweeney	primary	direct
2025-09-01..2025-12-31	20260112LUPA1461472	Secretary of State	org-secretary-of-state	Leslie Piatt	person-leslie-piatt	bill_referenced	HB 299	HB 299	bill	ocd-bill/0f4aec4d-57dd-4986-a63a-3d850d8a9d6e	Require licensure of statewide initiative petition circulators	Require licensure of statewide initiative petition circulators	2	ocd-person/97821235-4116-44d1-b58b-acf822bbdc58	Kellie Deeter	primary	direct
2025-09-01..2025-12-31	20260112LUPA1461472	Secretary of State	org-secretary-of-state	Leslie Piatt	person-leslie-piatt	bill_referenced	HB 299	HB 299	bill	ocd-bill/0f4aec4d-57dd-4986-a63a-3d850d8a9d6e	Require licensure of statewide initiative petition circulators	Require licensure of statewide initiative petition circulators	2	ocd-person/a3ccce64-ea28-47dc-8bab-3af6ed2dd860	Brian Lorenz	primary	direct
2025-09-01..2025-12-31	20260112LUPA1461472	Secretary of State	org-secretary-of-state	Leslie Piatt	person-leslie-piatt	bill_referenced	HB 308	HB 308	bill	ocd-bill/ff5d2b35-a791-40b8-b1e5-80c6fc079f35	Regards multiple claims as the rightful county central committee	Regards multiple claims as the rightful county central committee	1	ocd-person/550986e6-b595-4fa8-9424-8e09327cf060	Bernard Willis	primary	direct
2025-09-01..2025-12-31	20260112LUPA1461472	Secretary of State	org-secretary-of-state	Leslie Piatt	person-leslie-piatt	bill_referenced	HB 320	HB 320	bill	ocd-bill/1d81e519-8c68-432e-8ae5-88534de8cf38	Require registration as a member of a political party for primary	Require registration as a member of a political party for primary	2	ocd-person/04e3c98a-4ede-4501-b914-4fa13fbad194	Gary Click	primary	direct
2025-09-01..2025-12-31	20260112LUPA1461472	Secretary of State	org-secretary-of-state	Leslie Piatt	person-leslie-piatt	bill_referenced	HB 320	HB 320	bill	ocd-bill/1d81e519-8c68-432e-8ae5-88534de8cf38	Require registration as a member of a political party for primary	Require registration as a member of a political party for primary	2	ocd-person/de0a6483-7c16-43e1-a76b-c0cc98a9d7ed	Beth Lear	primary	direct
2025-09-01..2025-12-31	20260112LUPA1461472	Secretary of State	org-secretary-of-state	Leslie Piatt	person-leslie-piatt	bill_referenced	HB 396	HB 396	bill	ocd-bill/4fe49755-4fbc-4278-b90e-48d8aad8cfa7	Expand the Address Confidentiality Program	Expand the Address Confidentiality Program	1	ocd-person/550986e6-b595-4fa8-9424-8e09327cf060	Bernard Willis	primary	direct
2025-09-01..2025-12-31	20260112LUPA1461472	Secretary of State	org-secretary-of-state	Leslie Piatt	person-leslie-piatt	bill_referenced	HB 400	HB 400	bill	ocd-bill/a3436d40-60b9-4a93-949d-f4b0fdaaa31e	Create a permanent absent voter list	Create a permanent absent voter list	2	ocd-person/100ae6b0-0c5d-4b97-9ac5-8ccb42b9168b	Michele Grim	primary	direct
2025-09-01..2025-12-31	20260112LUPA1461472	Secretary of State	org-secretary-of-state	Leslie Piatt	person-leslie-piatt	bill_referenced	HB 400	HB 400	bill	ocd-bill/a3436d40-60b9-4a93-949d-f4b0fdaaa31e	Create a permanent absent voter list	Create a permanent absent voter list	2	ocd-person/18864718-3e48-4236-9afb-b1a61e4c52e2	Tristan Rader	primary	direct
2025-09-01..2025-12-31	20260112LUPA1461472	Secretary of State	org-secretary-of-state	Leslie Piatt	person-leslie-piatt	bill_referenced	HB 442	HB 442	bill	ocd-bill/6012055d-5c2f-4f46-87b1-f489078b7709	Designate new congressional district boundaries	Designate new congressional district boundaries	1	ocd-person/1cc15373-6101-48fb-9597-d731c115eb70	Dani Isaacsohn	primary	direct
2025-09-01..2025-12-31	20260112LUPA1461472	Secretary of State	org-secretary-of-state	Leslie Piatt	person-leslie-piatt	bill_referenced	HB 577	HB 577	bill	ocd-bill/38db4a3f-9bba-4fe6-a367-b1921c72a6a3	Require photo ID for absent voting; revise voter registration law	Require photo ID for absent voting; revise voter registration law	1	ocd-person/52608475-9678-45ce-823a-74f9c931682c	Ron Ferguson	primary	direct
2025-09-01..2025-12-31	20260112LUPA1461472	Secretary of State	org-secretary-of-state	Leslie Piatt	person-leslie-piatt	bill_referenced	HB 586	HB 586	bill	ocd-bill/c0b86f0e-a7a3-4509-a5cd-5d044fb8d1b6	Prohibit mailing out unsolicited absentee ballot request forms	Prohibit mailing out unsolicited absentee ballot request forms	2	ocd-person/de0a6483-7c16-43e1-a76b-c0cc98a9d7ed	Beth Lear	primary	direct
2025-09-01..2025-12-31	20260112LUPA1461472	Secretary of State	org-secretary-of-state	Leslie Piatt	person-leslie-piatt	bill_referenced	HB 586	HB 586	bill	ocd-bill/c0b86f0e-a7a3-4509-a5cd-5d044fb8d1b6	Prohibit mailing out unsolicited absentee ballot request forms	Prohibit mailing out unsolicited absentee ballot request forms	2	ocd-person/0c6a7bcf-e990-41a0-b59c-923f05771880	Adam C. Bird	primary	direct
2025-09-01..2025-12-31	20260112LUPA1461472	Secretary of State	org-secretary-of-state	Leslie Piatt	person-leslie-piatt	bill_referenced	HB 619	HB 619	bill	ocd-bill/7158396e-6a28-4962-a528-f41b9a7ffe6f	Authorize board of elections to meet by video conference	Authorize board of elections to meet by video conference	1	ocd-person/a3ccce64-ea28-47dc-8bab-3af6ed2dd860	Brian Lorenz	primary	direct
2025-09-01..2025-12-31	20260112LUPA1461472	Secretary of State	org-secretary-of-state	Leslie Piatt	person-leslie-piatt	bill_referenced	SB 4	SB 4	bill	ocd-bill/b9fdc1f6-62b8-465e-83c7-c941b7bb2f38	Create Election Integrity Unit; revise election law prosecution	Create Election Integrity Unit; revise election law prosecution	1	ocd-person/0fe32749-fe89-4f96-87d3-3d831bea2459	Theresa Gavarone	primary	direct
2025-09-01..2025-12-31	20260112LUPA1461472	Secretary of State	org-secretary-of-state	Leslie Piatt	person-leslie-piatt	bill_referenced	SB 37	SB 37	bill	ocd-bill/bdfc30b1-3a50-442d-92e6-0b7f1e61a5d1	Require presidential primary election to be held on specified day	Require presidential primary election to be held on specified day	1	ocd-person/bdc3493a-a22f-4a6b-b50e-b590216d8cfd	William P. DeMora	primary	direct
2025-09-01..2025-12-31	20260112LUPA1461472	Secretary of State	org-secretary-of-state	Leslie Piatt	person-leslie-piatt	bill_referenced	SB 63	SB 63	bill	ocd-bill/81ad4c68-9a26-4a8c-a5da-55e94c1cda7c	Prohibit use of ranked choice voting; withhold funding for use	Prohibit use of ranked choice voting; withhold funding for use	2	ocd-person/bdc3493a-a22f-4a6b-b50e-b590216d8cfd	William P. DeMora	primary	direct
2025-09-01..2025-12-31	20260112LUPA1461472	Secretary of State	org-secretary-of-state	Leslie Piatt	person-leslie-piatt	bill_referenced	SB 63	SB 63	bill	ocd-bill/81ad4c68-9a26-4a8c-a5da-55e94c1cda7c	Prohibit use of ranked choice voting; withhold funding for use	Prohibit use of ranked choice voting; withhold funding for use	2	ocd-person/0fe32749-fe89-4f96-87d3-3d831bea2459	Theresa Gavarone	primary	direct
2025-09-01..2025-12-31	20260112LUPA1461472	Secretary of State	org-secretary-of-state	Leslie Piatt	person-leslie-piatt	bill_referenced	SB 82	SB 82	bill	ocd-bill/eeda94f1-20a2-4c04-b68b-488ad8b5c30e	Specify election official status for public records law purposes	Specify election official status for public records law purposes	2	ocd-person/0fe32749-fe89-4f96-87d3-3d831bea2459	Theresa Gavarone	primary	direct
2025-09-01..2025-12-31	20260112LUPA1461472	Secretary of State	org-secretary-of-state	Leslie Piatt	person-leslie-piatt	bill_referenced	SB 82	SB 82	bill	ocd-bill/eeda94f1-20a2-4c04-b68b-488ad8b5c30e	Specify election official status for public records law purposes	Specify election official status for public records law purposes	2	ocd-person/bdc3493a-a22f-4a6b-b50e-b590216d8cfd	William P. DeMora	primary	direct
2025-09-01..2025-12-31	20260112LUPA1461472	Secretary of State	org-secretary-of-state	Leslie Piatt	person-leslie-piatt	bill_referenced	SB 88	SB 88	bill	ocd-bill/4cc9b08c-3b2e-4858-bb03-805c84e0fcba	Enact the Ohio Property Protection Act	Enact the Ohio Property Protection Act	1	ocd-person/57300c34-0e2d-4e85-bdce-c4fb8c781541	Terry Johnson	primary	direct
2025-09-01..2025-12-31	20260112LUPA1461472	Secretary of State	org-secretary-of-state	Leslie Piatt	person-leslie-piatt	bill_referenced	SB 107	SB 107	bill	ocd-bill/38a10f3d-0b75-4d90-b3ff-45d0597ce0c6	Include state, district school board members on partisan ballot	Include state, district school board members on partisan ballot	1	ocd-person/c61c8eaf-1de9-419d-a5dc-c96787315578	Andrew O. Brenner	primary	direct
2025-09-01..2025-12-31	20260112LUPA1461472	Secretary of State	org-secretary-of-state	Leslie Piatt	person-leslie-piatt	bill_referenced	SB 153	SB 153	bill	ocd-bill/0e6e284b-e99e-4789-843f-a709543a8df6	Require citizenship verification before an elector may vote	Require citizenship verification before an elector may vote	2	ocd-person/c61c8eaf-1de9-419d-a5dc-c96787315578	Andrew O. Brenner	primary	direct
2025-09-01..2025-12-31	20260112LUPA1461472	Secretary of State	org-secretary-of-state	Leslie Piatt	person-leslie-piatt	bill_referenced	SB 153	SB 153	bill	ocd-bill/0e6e284b-e99e-4789-843f-a709543a8df6	Require citizenship verification before an elector may vote	Require citizenship verification before an elector may vote	2	ocd-person/0fe32749-fe89-4f96-87d3-3d831bea2459	Theresa Gavarone	primary	direct
2025-09-01..2025-12-31	20260112LUPA1461472	Secretary of State	org-secretary-of-state	Leslie Piatt	person-leslie-piatt	bill_referenced	SB 225	SB 225	bill	ocd-bill/7d1987f9-2e95-45d5-acd1-126e4026b19a	Expand the Address Confidentiality Program	Expand the Address Confidentiality Program	1	ocd-person/0e44b586-f6a4-44ee-b6b7-37fa8dc2e8cd	Susan Manchester	primary	direct
2025-09-01..2025-12-31	20260112LUPA1461472	Secretary of State	org-secretary-of-state	Leslie Piatt	person-leslie-piatt	bill_referenced	SB 260	SB 260	bill	ocd-bill/ee68d5a9-425e-4307-bbe9-0f4fa55fdf00	Enact the Voter Registration Modernization Act	Enact the Voter Registration Modernization Act	1	ocd-person/79af20c0-6eb6-44a2-ba79-9c7e5e10ea04	Michele Reynolds	primary	direct
2025-09-01..2025-12-31	20260112LUPA1461472	Secretary of State	org-secretary-of-state	Leslie Piatt	person-leslie-piatt	bill_referenced	SB 293	SB 293	bill	ocd-bill/979987b4-2494-4159-b32f-027e4f029ef9	Revise deadline to return absent voter ballots	Revise deadline to return absent voter ballots	2	ocd-person/c61c8eaf-1de9-419d-a5dc-c96787315578	Andrew O. Brenner	primary	direct
2025-09-01..2025-12-31	20260112LUPA1461472	Secretary of State	org-secretary-of-state	Leslie Piatt	person-leslie-piatt	bill_referenced	SB 293	SB 293	bill	ocd-bill/979987b4-2494-4159-b32f-027e4f029ef9	Revise deadline to return absent voter ballots	Revise deadline to return absent voter ballots	2	ocd-person/0fe32749-fe89-4f96-87d3-3d831bea2459	Theresa Gavarone	primary	direct
2025-09-01..2025-12-31	20260112LUPA1461472	Secretary of State	org-secretary-of-state	Leslie Piatt	person-leslie-piatt	bill_referenced	SB 327	SB 327	bill	ocd-bill/65b574f9-a061-468a-9a5a-c5ad8efb5318	Enact PEACE Act	Enact PEACE Act	1	ocd-person/6a1fc3b1-ebfd-47b7-adec-ddcd84d137c9	Al Cutrona	primary	direct
2025-09-01..2025-12-31	20260112LUPA1461472	Secretary of State	org-secretary-of-state	Leslie Piatt	person-leslie-piatt	bill_referenced	SB 335	SB 335	bill	ocd-bill/37dadffd-6446-4a78-848d-8ad1439533ff	Make Election Day a holiday	Make Election Day a holiday	1	ocd-person/d9c3dfce-8b7f-402f-9dec-5179e38b528f	Kent Smith	primary	direct
2025-09-01..2025-12-31	20260121LUPA1467768	City of Oregon	org-city-of-oregon	Stanley E. Gates, II	person-stanley-e-gates-ii	bill_referenced	HB 96	HB 96	bill	ocd-bill/4e02024d-881d-4a05-9191-b218c16ecff4	Make state operating appropriations for FY 2026-27	Make state operating appropriations for FY 2026-27	1	ocd-person/f4e6c51a-89bd-4841-848b-b1097fd3fc9d	Brian Stewart	primary	direct
2025-09-01..2025-12-31	20260121LUPA1468130	Marathon Petroleum Corporation & its Subsidiaries and Affiliates	org-marathon-petroleum-corporation-its-subsidiaries-and-affiliates	Daniel P Leite	person-daniel-p-leite	bill_referenced	HB 15	HB 15	bill	ocd-bill/dde5117e-486e-42d3-913a-4a88cb7c7af7	Amend competitive retail electric service law	Amend competitive retail electric service law	1	ocd-person/73e72147-0d40-4478-bbf6-3419f0e00b46	Roy Klopfenstein	primary	direct
2025-09-01..2025-12-31	20260121LUPA1468130	Marathon Petroleum Corporation & its Subsidiaries and Affiliates	org-marathon-petroleum-corporation-its-subsidiaries-and-affiliates	Daniel P Leite	person-daniel-p-leite	bill_referenced	HB 54	HB 54	bill	ocd-bill/03729a21-e915-43b7-a8c6-758bf3753c6c	Make appropriations for transportation for FY 2026-27 biennium	Make appropriations for transportation for FY 2026-27 biennium	1	ocd-person/f4e6c51a-89bd-4841-848b-b1097fd3fc9d	Brian Stewart	primary	direct
2025-09-01..2025-12-31	20260121LUPA1468130	Marathon Petroleum Corporation & its Subsidiaries and Affiliates	org-marathon-petroleum-corporation-its-subsidiaries-and-affiliates	Daniel P Leite	person-daniel-p-leite	bill_referenced	HB 66	HB 66	bill	ocd-bill/14e49fca-5e92-4b3f-bfb2-3008731b7654	Repeal H.B. 6 - 133rd GA legacy generation resource provisions	Repeal H.B. 6 - 133rd GA legacy generation resource provisions	2	ocd-person/1dcb1bfa-861d-4d16-8d7d-02364e1b4def	Levi Dean	primary	direct
2025-09-01..2025-12-31	20260121LUPA1468130	Marathon Petroleum Corporation & its Subsidiaries and Affiliates	org-marathon-petroleum-corporation-its-subsidiaries-and-affiliates	Daniel P Leite	person-daniel-p-leite	bill_referenced	HB 66	HB 66	bill	ocd-bill/14e49fca-5e92-4b3f-bfb2-3008731b7654	Repeal H.B. 6 - 133rd GA legacy generation resource provisions	Repeal H.B. 6 - 133rd GA legacy generation resource provisions	2	ocd-person/993f089c-60bf-418d-9704-fa92e4f01c71	Sean P. Brennan	primary	direct
2025-09-01..2025-12-31	20260121LUPA1468130	Marathon Petroleum Corporation & its Subsidiaries and Affiliates	org-marathon-petroleum-corporation-its-subsidiaries-and-affiliates	Daniel P Leite	person-daniel-p-leite	bill_referenced	HB 71	HB 71	bill	ocd-bill/b2097dc4-1889-42e6-8884-f01a88c47558	Require certain info disclosure for wells drilled in state parks	Require certain info disclosure for wells drilled in state parks	1	ocd-person/993f089c-60bf-418d-9704-fa92e4f01c71	Sean P. Brennan	primary	direct
2025-09-01..2025-12-31	20260121LUPA1468130	Marathon Petroleum Corporation & its Subsidiaries and Affiliates	org-marathon-petroleum-corporation-its-subsidiaries-and-affiliates	Daniel P Leite	person-daniel-p-leite	bill_referenced	HB 96	HB 96	bill	ocd-bill/4e02024d-881d-4a05-9191-b218c16ecff4	Make state operating appropriations for FY 2026-27	Make state operating appropriations for FY 2026-27	1	ocd-person/f4e6c51a-89bd-4841-848b-b1097fd3fc9d	Brian Stewart	primary	direct
2025-09-01..2025-12-31	20260121LUPA1468130	Marathon Petroleum Corporation & its Subsidiaries and Affiliates	org-marathon-petroleum-corporation-its-subsidiaries-and-affiliates	Daniel P Leite	person-daniel-p-leite	bill_referenced	HB 142	HB 142	bill	ocd-bill/2a218d8b-b682-4002-b0ed-52048137161f	Regards natural gas company rate plans, property valuation	Regards natural gas company rate plans, property valuation	2	ocd-person/16e469e4-8014-4ba2-8fc4-91804d6ef491	Tex Fischer	primary	direct
2025-09-01..2025-12-31	20260121LUPA1468130	Marathon Petroleum Corporation & its Subsidiaries and Affiliates	org-marathon-petroleum-corporation-its-subsidiaries-and-affiliates	Daniel P Leite	person-daniel-p-leite	bill_referenced	HB 142	HB 142	bill	ocd-bill/2a218d8b-b682-4002-b0ed-52048137161f	Regards natural gas company rate plans, property valuation	Regards natural gas company rate plans, property valuation	2	ocd-person/cc85c295-299f-4de7-bb56-1de3a451951e	Michael D. Dovilla	primary	direct
2025-09-01..2025-12-31	20260121LUPA1468130	Marathon Petroleum Corporation & its Subsidiaries and Affiliates	org-marathon-petroleum-corporation-its-subsidiaries-and-affiliates	Daniel P Leite	person-daniel-p-leite	bill_referenced	HB 170	HB 170	bill	ocd-bill/64e09568-b268-4f04-95a0-aa78a46d8884	Establish process to regulate carbon capture, storage technology	Establish process to regulate carbon capture, storage technology	2	ocd-person/cdc9f705-514e-4445-ac17-9aeac8f67e97	Bob Peterson	primary	direct
2025-09-01..2025-12-31	20260121LUPA1468130	Marathon Petroleum Corporation & its Subsidiaries and Affiliates	org-marathon-petroleum-corporation-its-subsidiaries-and-affiliates	Daniel P Leite	person-daniel-p-leite	bill_referenced	HB 170	HB 170	bill	ocd-bill/64e09568-b268-4f04-95a0-aa78a46d8884	Establish process to regulate carbon capture, storage technology	Establish process to regulate carbon capture, storage technology	2	ocd-person/062b9622-c2fa-4af2-bbea-704f0450dd47	Monica Robb Blasdel	primary	direct
2025-09-01..2025-12-31	20260121LUPA1468130	Marathon Petroleum Corporation & its Subsidiaries and Affiliates	org-marathon-petroleum-corporation-its-subsidiaries-and-affiliates	Daniel P Leite	person-daniel-p-leite	bill_referenced	HB 226	HB 226	bill	ocd-bill/1ac792eb-0cf0-460a-b362-755a0b49d08e	Require application stores to offer parental control options	Require application stores to offer parental control options	1	ocd-person/fb957ddc-f41c-400d-ae32-47f7e729555b	Melanie Miller	primary	direct
2025-09-01..2025-12-31	20260121LUPA1468130	Marathon Petroleum Corporation & its Subsidiaries and Affiliates	org-marathon-petroleum-corporation-its-subsidiaries-and-affiliates	Daniel P Leite	person-daniel-p-leite	bill_referenced	HB 227	HB 227	bill	ocd-bill/15a2c24f-d963-44c8-9c8a-a861692d0274	Modify excavation requirements	Modify excavation requirements	2	ocd-person/4af0e8db-ad18-424f-abfa-ce31e37c0b7d	Mark Johnson	primary	direct
2025-09-01..2025-12-31	20260121LUPA1468130	Marathon Petroleum Corporation & its Subsidiaries and Affiliates	org-marathon-petroleum-corporation-its-subsidiaries-and-affiliates	Daniel P Leite	person-daniel-p-leite	bill_referenced	HB 227	HB 227	bill	ocd-bill/15a2c24f-d963-44c8-9c8a-a861692d0274	Modify excavation requirements	Modify excavation requirements	2	ocd-person/062b9622-c2fa-4af2-bbea-704f0450dd47	Monica Robb Blasdel	primary	direct
2025-09-01..2025-12-31	20260121LUPA1468130	Marathon Petroleum Corporation & its Subsidiaries and Affiliates	org-marathon-petroleum-corporation-its-subsidiaries-and-affiliates	Daniel P Leite	person-daniel-p-leite	bill_referenced	HB 246	HB 246	bill	ocd-bill/d16707fb-1401-4375-9509-413fcd8d619d	Require certain construction industry employers to use E-verify	Require certain construction industry employers to use E-verify	2	ocd-person/16e469e4-8014-4ba2-8fc4-91804d6ef491	Tex Fischer	primary	direct
2025-09-01..2025-12-31	20260121LUPA1468130	Marathon Petroleum Corporation & its Subsidiaries and Affiliates	org-marathon-petroleum-corporation-its-subsidiaries-and-affiliates	Daniel P Leite	person-daniel-p-leite	bill_referenced	HB 246	HB 246	bill	ocd-bill/d16707fb-1401-4375-9509-413fcd8d619d	Require certain construction industry employers to use E-verify	Require certain construction industry employers to use E-verify	2	ocd-person/cb2ddd04-e5b0-4c96-b217-d02b732eb896	D. J. Swearingen	primary	direct
2025-09-01..2025-12-31	20260121LUPA1468130	Marathon Petroleum Corporation & its Subsidiaries and Affiliates	org-marathon-petroleum-corporation-its-subsidiaries-and-affiliates	Daniel P Leite	person-daniel-p-leite	bill_referenced	HB 399	HB 399	bill	ocd-bill/58d3d4d6-c5b3-43ea-bc03-f3a869ada398	Prohibit oil and gas removal from under Lake Erie or a state park	Prohibit oil and gas removal from under Lake Erie or a state park	2	ocd-person/b76c6e1e-8b9d-42bf-b615-73270b132773	Christine Cockley	primary	direct
2025-09-01..2025-12-31	20260121LUPA1468130	Marathon Petroleum Corporation & its Subsidiaries and Affiliates	org-marathon-petroleum-corporation-its-subsidiaries-and-affiliates	Daniel P Leite	person-daniel-p-leite	bill_referenced	HB 399	HB 399	bill	ocd-bill/58d3d4d6-c5b3-43ea-bc03-f3a869ada398	Prohibit oil and gas removal from under Lake Erie or a state park	Prohibit oil and gas removal from under Lake Erie or a state park	2	ocd-person/18864718-3e48-4236-9afb-b1a61e4c52e2	Tristan Rader	primary	direct
2025-09-01..2025-12-31	20260121LUPA1468130	Marathon Petroleum Corporation & its Subsidiaries and Affiliates	org-marathon-petroleum-corporation-its-subsidiaries-and-affiliates	Daniel P Leite	person-daniel-p-leite	bill_referenced	HB 425	HB 425	bill	ocd-bill/adb24362-53d7-4b21-94e4-d5af4e924566	Prohibit trespass and unauthorized recording by drones	Prohibit trespass and unauthorized recording by drones	1	ocd-person/1a598246-01e8-44c8-beca-2c41e1bafb77	James M. Hoops	primary	direct
2025-09-01..2025-12-31	20260121LUPA1468130	Marathon Petroleum Corporation & its Subsidiaries and Affiliates	org-marathon-petroleum-corporation-its-subsidiaries-and-affiliates	Daniel P Leite	person-daniel-p-leite	bill_referenced	SB 2	SB 2	bill	ocd-bill/3ca8268d-7085-44b8-b1db-07c4dee58f20	Increase power generation; improve Ohio’s electric grid	Increase power generation; improve Ohio's electric grid	1	ocd-person/10733ff7-ee19-4e86-9b5e-65619ddbf7bf	Bill Reineke	primary	direct
2025-09-01..2025-12-31	20260121LUPA1468130	Marathon Petroleum Corporation & its Subsidiaries and Affiliates	org-marathon-petroleum-corporation-its-subsidiaries-and-affiliates	Daniel P Leite	person-daniel-p-leite	bill_referenced	SB 33	SB 33	bill	ocd-bill/0ed4ede2-53a2-4183-8447-1ec451ee2cbd	Allow employers to post certain labor law notices on the internet	Allow employers to post certain labor law notices on the internet	2	ocd-person/445d3fc7-d9a5-48d8-8869-f023aa274ae7	George F. Lang	primary	direct
2025-09-01..2025-12-31	20260121LUPA1468130	Marathon Petroleum Corporation & its Subsidiaries and Affiliates	org-marathon-petroleum-corporation-its-subsidiaries-and-affiliates	Daniel P Leite	person-daniel-p-leite	bill_referenced	SB 33	SB 33	bill	ocd-bill/0ed4ede2-53a2-4183-8447-1ec451ee2cbd	Allow employers to post certain labor law notices on the internet	Allow employers to post certain labor law notices on the internet	2	ocd-person/26444e7e-72b2-4838-bc24-31899c90d504	Steve Wilson	primary	direct
2025-09-01..2025-12-31	20260121LUPA1468130	Marathon Petroleum Corporation & its Subsidiaries and Affiliates	org-marathon-petroleum-corporation-its-subsidiaries-and-affiliates	Daniel P Leite	person-daniel-p-leite	bill_referenced	SB 80	SB 80	bill	ocd-bill/9ed3cf23-d586-44fb-a9e5-ed35306d1efc	Allow a county to implement a motor fuel quality testing program	Allow a county to implement a motor fuel quality testing program	2	ocd-person/23c443b0-e2f7-4c7a-af1e-d67d7aa366ce	Willis E. Blackshear, Jr.	primary	direct
2025-09-01..2025-12-31	20260121LUPA1468130	Marathon Petroleum Corporation & its Subsidiaries and Affiliates	org-marathon-petroleum-corporation-its-subsidiaries-and-affiliates	Daniel P Leite	person-daniel-p-leite	bill_referenced	SB 80	SB 80	bill	ocd-bill/9ed3cf23-d586-44fb-a9e5-ed35306d1efc	Allow a county to implement a motor fuel quality testing program	Allow a county to implement a motor fuel quality testing program	2	ocd-person/94ba65dd-57c5-4ab0-b607-5e310d50cae0	Catherine D. Ingram	primary	direct
2025-09-01..2025-12-31	20260121LUPA1468130	Marathon Petroleum Corporation & its Subsidiaries and Affiliates	org-marathon-petroleum-corporation-its-subsidiaries-and-affiliates	Daniel P Leite	person-daniel-p-leite	bill_referenced	SB 103	SB 103	bill	ocd-bill/cffed967-069b-4c2d-8502-35c5a92a1fbb	Allow alternative rate plans for certain natural gas companies	Allow alternative rate plans for certain natural gas companies	1	ocd-person/bb1ae016-cdfe-48aa-8bc5-9e3636e430f3	Shane Wilkin	primary	direct
2025-09-01..2025-12-31	20260121LUPA1468130	Marathon Petroleum Corporation & its Subsidiaries and Affiliates	org-marathon-petroleum-corporation-its-subsidiaries-and-affiliates	Daniel P Leite	person-daniel-p-leite	bill_referenced	SB 116	SB 116	bill	ocd-bill/762cec2d-800c-4f8e-bd4f-3f49dde71948	Reduce tangible personal property tax for pipe-line companies	Reduce tangible personal property tax for pipe-line companies	1	ocd-person/445d3fc7-d9a5-48d8-8869-f023aa274ae7	George F. Lang	primary	direct
2025-09-01..2025-12-31	20260121LUPA1468130	Marathon Petroleum Corporation & its Subsidiaries and Affiliates	org-marathon-petroleum-corporation-its-subsidiaries-and-affiliates	Daniel P Leite	person-daniel-p-leite	bill_referenced	SB 132	SB 132	bill	ocd-bill/70ebb0d4-2110-4de4-a7b6-e19e0125f725	Enact the PRESERVE Act	Enact the PRESERVE Act	1	ocd-person/df5c391c-65e8-4d61-a9b9-0249ff6eddb7	Nickie J. Antonio	primary	direct
2025-09-01..2025-12-31	20260121LUPA1468130	Marathon Petroleum Corporation & its Subsidiaries and Affiliates	org-marathon-petroleum-corporation-its-subsidiaries-and-affiliates	Daniel P Leite	person-daniel-p-leite	bill_referenced	SB 136	SB 136	bill	ocd-bill/c775d71e-ed25-4644-a5d7-1ce0d27e7bac	Establish process to regulate carbon capture, storage technology	Establish process to regulate carbon capture, storage technology	2	ocd-person/eb5ff860-2126-4ac5-8267-9d2d924c3967	Brian M. Chavez	primary	direct
2025-09-01..2025-12-31	20260121LUPA1468130	Marathon Petroleum Corporation & its Subsidiaries and Affiliates	org-marathon-petroleum-corporation-its-subsidiaries-and-affiliates	Daniel P Leite	person-daniel-p-leite	bill_referenced	SB 136	SB 136	bill	ocd-bill/c775d71e-ed25-4644-a5d7-1ce0d27e7bac	Establish process to regulate carbon capture, storage technology	Establish process to regulate carbon capture, storage technology	2	ocd-person/01a80305-a667-4dda-9676-1e678bddde12	Tim Schaffer	primary	direct
2025-09-01..2025-12-31	20260121LUPA1468130	Marathon Petroleum Corporation & its Subsidiaries and Affiliates	org-marathon-petroleum-corporation-its-subsidiaries-and-affiliates	Daniel P Leite	person-daniel-p-leite	bill_referenced	SB 143	SB 143	bill	ocd-bill/eb977cad-0aa6-4aa5-a132-76875f3cd548	Prohibit employment application question re: criminal background	Prohibit employment application question re: criminal background	2	ocd-person/5a9b2a16-6827-4e00-961a-f3de39538749	Louis W. Blessing, III	primary	direct
2025-09-01..2025-12-31	20260121LUPA1468130	Marathon Petroleum Corporation & its Subsidiaries and Affiliates	org-marathon-petroleum-corporation-its-subsidiaries-and-affiliates	Daniel P Leite	person-daniel-p-leite	bill_referenced	SB 143	SB 143	bill	ocd-bill/eb977cad-0aa6-4aa5-a132-76875f3cd548	Prohibit employment application question re: criminal background	Prohibit employment application question re: criminal background	2	ocd-person/ed858ef9-97dc-4be8-97ab-006ea96923ae	Hearcel F. Craig	primary	direct
2025-09-01..2025-12-31	20260121LUPA1468130	Marathon Petroleum Corporation & its Subsidiaries and Affiliates	org-marathon-petroleum-corporation-its-subsidiaries-and-affiliates	Daniel P Leite	person-daniel-p-leite	bill_referenced	SB 151	SB 151	bill	ocd-bill/d11b928e-91ce-45ee-b625-72f3b248a939	Allow certain natural gas suppliers to offer carbon offsets	Allow certain natural gas suppliers to offer carbon offsets	1	ocd-person/bb1ae016-cdfe-48aa-8bc5-9e3636e430f3	Shane Wilkin	primary	direct
2025-09-01..2025-12-31	20260121LUPA1468130	Marathon Petroleum Corporation & its Subsidiaries and Affiliates	org-marathon-petroleum-corporation-its-subsidiaries-and-affiliates	Daniel P Leite	person-daniel-p-leite	bill_referenced	SB 181	SB 181	bill	ocd-bill/e6b89ac3-12d5-47ae-89da-80a7a16893be	Regards limestone, dolomite mining; increase severance taxes	Regards limestone, dolomite mining; increase severance taxes	1	ocd-person/bb1ae016-cdfe-48aa-8bc5-9e3636e430f3	Shane Wilkin	primary	direct
2025-09-01..2025-12-31	20260121LUPA1468130	Marathon Petroleum Corporation & its Subsidiaries and Affiliates	org-marathon-petroleum-corporation-its-subsidiaries-and-affiliates	Daniel P Leite	person-daniel-p-leite	bill_referenced	SB 183	SB 183	bill	ocd-bill/6b1f589a-a168-42c8-aa1b-358273314447	Require certain construction industry employers to use E-verify	Require certain construction industry employers to use E-verify	2	ocd-person/79af20c0-6eb6-44a2-ba79-9c7e5e10ea04	Michele Reynolds	primary	direct
2025-09-01..2025-12-31	20260121LUPA1468130	Marathon Petroleum Corporation & its Subsidiaries and Affiliates	org-marathon-petroleum-corporation-its-subsidiaries-and-affiliates	Daniel P Leite	person-daniel-p-leite	bill_referenced	SB 183	SB 183	bill	ocd-bill/6b1f589a-a168-42c8-aa1b-358273314447	Require certain construction industry employers to use E-verify	Require certain construction industry employers to use E-verify	2	ocd-person/b27fdceb-e9c1-46b8-9fc2-323c3f6f784c	Jerry C. Cirino	primary	direct
2025-09-01..2025-12-31	20260121LUPA1468130	Marathon Petroleum Corporation & its Subsidiaries and Affiliates	org-marathon-petroleum-corporation-its-subsidiaries-and-affiliates	Daniel P Leite	person-daniel-p-leite	bill_referenced	SB 219	SB 219	bill	ocd-bill/e656a358-af40-41f7-b502-ec0323381336	Revise the law governing oil and gas wells	Revise the law governing oil and gas wells	1	ocd-person/debec71d-fcfb-4422-9c9e-c6a8709cbb3a	Al Landis	primary	direct
2025-09-01..2025-12-31	20260121LUPA1468130	Marathon Petroleum Corporation & its Subsidiaries and Affiliates	org-marathon-petroleum-corporation-its-subsidiaries-and-affiliates	Daniel P Leite	person-daniel-p-leite	bill_referenced	SB 294	SB 294	bill	ocd-bill/84c952b3-39bd-43f0-b9af-f2c7bab9c0c1	Declare the state's energy siting policy	Declare the state's energy siting policy	2	ocd-person/2ae62dc8-e902-4a8e-99b7-182477c50bc3	Mark Romanchuk	primary	direct
2025-09-01..2025-12-31	20260121LUPA1468130	Marathon Petroleum Corporation & its Subsidiaries and Affiliates	org-marathon-petroleum-corporation-its-subsidiaries-and-affiliates	Daniel P Leite	person-daniel-p-leite	bill_referenced	SB 294	SB 294	bill	ocd-bill/84c952b3-39bd-43f0-b9af-f2c7bab9c0c1	Declare the state's energy siting policy	Declare the state's energy siting policy	2	ocd-person/445d3fc7-d9a5-48d8-8869-f023aa274ae7	George F. Lang	primary	direct
2025-09-01..2025-12-31	20260123LUPA1470154	New Albany Company	org-new-albany-company	Matthew G Kallner	person-matthew-g-kallner	bill_referenced	HB 361	HB 361	bill	ocd-bill/dd8faced-4061-4fc9-ad64-3d271491375b	Regards building inspections, local regulations, and zoning	Regards building inspections, local regulations, and zoning	2	ocd-person/16e469e4-8014-4ba2-8fc4-91804d6ef491	Tex Fischer	primary	direct
2025-09-01..2025-12-31	20260123LUPA1470154	New Albany Company	org-new-albany-company	Matthew G Kallner	person-matthew-g-kallner	bill_referenced	HB 361	HB 361	bill	ocd-bill/dd8faced-4061-4fc9-ad64-3d271491375b	Regards building inspections, local regulations, and zoning	Regards building inspections, local regulations, and zoning	2	ocd-person/a3ccce64-ea28-47dc-8bab-3af6ed2dd860	Brian Lorenz	primary	direct
2025-09-01..2025-12-31	20260123LUPA1470266	ALS United Ohio	org-als-united-ohio	William Schwartz	person-william-schwartz	bill_referenced	HB 24	HB 24	bill	ocd-bill/cc4e3376-39c6-4f33-8226-f6d901f36cc7	Provide Medigap policies for certain Medicare-eligible persons	Provide Medigap policies for certain Medicare-eligible persons	2	ocd-person/2481dfc7-d260-49c6-9461-9e6048ed27a2	Bride Rose Sweeney	primary	direct
2025-09-01..2025-12-31	20260123LUPA1470266	ALS United Ohio	org-als-united-ohio	William Schwartz	person-william-schwartz	bill_referenced	HB 24	HB 24	bill	ocd-bill/cc4e3376-39c6-4f33-8226-f6d901f36cc7	Provide Medigap policies for certain Medicare-eligible persons	Provide Medigap policies for certain Medicare-eligible persons	2	ocd-person/4b7cbc16-7a67-4a61-8fd5-77a857270774	Jamie Callender	primary	direct
2025-09-01..2025-12-31	20260126LUPA1473298	Ohio Alliance of Recovery Providers	org-ohio-alliance-of-recovery-providers	Kelsey Woolard	person-kelsey-woolard	bill_referenced	HB 58	HB 58	bill	ocd-bill/38bc2b30-8475-4c83-a815-3d94d0bcf216	Create recovery housing residences certificate of need program	Create recovery housing residences certificate of need program	2	ocd-person/74c1210d-fb56-4522-8d3a-0a2bb08c972b	Dontavius L. Jarrells	primary	direct
2025-09-01..2025-12-31	20260126LUPA1473298	Ohio Alliance of Recovery Providers	org-ohio-alliance-of-recovery-providers	Kelsey Woolard	person-kelsey-woolard	bill_referenced	HB 58	HB 58	bill	ocd-bill/38bc2b30-8475-4c83-a815-3d94d0bcf216	Create recovery housing residences certificate of need program	Create recovery housing residences certificate of need program	2	ocd-person/9892fcd7-9432-425f-85a6-7599fbe3177d	Justin Pizzulli	primary	direct
2025-09-01..2025-12-31	20260126LUPA1473298	Ohio Alliance of Recovery Providers	org-ohio-alliance-of-recovery-providers	Kelsey Woolard	person-kelsey-woolard	bill_referenced	HB 96	HB 96	bill	ocd-bill/4e02024d-881d-4a05-9191-b218c16ecff4	Make state operating appropriations for FY 2026-27	Make state operating appropriations for FY 2026-27	1	ocd-person/f4e6c51a-89bd-4841-848b-b1097fd3fc9d	Brian Stewart	primary	direct
2025-09-01..2025-12-31	20260126LUPA1473298	Ohio Alliance of Recovery Providers	org-ohio-alliance-of-recovery-providers	Kelsey Woolard	person-kelsey-woolard	bill_referenced	HB 587	HB 587	bill	ocd-bill/71bd8945-74f0-4e28-b5d3-e635ec044e48	Regards sales of kratom products	Regards sales of kratom products	2	ocd-person/a3ccce64-ea28-47dc-8bab-3af6ed2dd860	Brian Lorenz	primary	direct
2025-09-01..2025-12-31	20260126LUPA1473298	Ohio Alliance of Recovery Providers	org-ohio-alliance-of-recovery-providers	Kelsey Woolard	person-kelsey-woolard	bill_referenced	HB 587	HB 587	bill	ocd-bill/71bd8945-74f0-4e28-b5d3-e635ec044e48	Regards sales of kratom products	Regards sales of kratom products	2	ocd-person/72bb7360-10c1-42d9-8781-32ddf8fef5fd	Mike Odioso	primary	direct
2025-09-01..2025-12-31	20260126LUPA1473298	Ohio Alliance of Recovery Providers	org-ohio-alliance-of-recovery-providers	Kelsey Woolard	person-kelsey-woolard	bill_referenced	SB 56	SB 56	bill	ocd-bill/13d7e8bc-8b9c-4614-b904-cbe045635140	Revise medical and adult-use marijuana laws; levy marijuana taxes	Revise medical and adult-use marijuana laws; levy marijuana taxes	1	ocd-person/b21d9dcd-21e9-4071-936d-f89fc5d8f643	Stephen A. Huffman	primary	direct
2025-09-01..2025-12-31	20260126LUPA1473298	Ohio Alliance of Recovery Providers	org-ohio-alliance-of-recovery-providers	Kelsey Woolard	person-kelsey-woolard	bill_referenced	SB 138	SB 138	bill	ocd-bill/d189045f-65cf-4cd7-91d5-5ea1bcc06bff	Modify alcohol, drug addiction, and mental health services laws	Modify alcohol, drug addiction, and mental health services laws	1	ocd-person/57300c34-0e2d-4e85-bdce-c4fb8c781541	Terry Johnson	primary	direct
2025-09-01..2025-12-31	20260126LUPA1473298	Ohio Alliance of Recovery Providers	org-ohio-alliance-of-recovery-providers	Kelsey Woolard	person-kelsey-woolard	bill_referenced	SB 299	SB 299	bill	ocd-bill/f185e658-2f8d-404c-824c-d878fc22d865	Regards sales of kratom products	Regards sales of kratom products	1	ocd-person/5a9b2a16-6827-4e00-961a-f3de39538749	Louis W. Blessing, III	primary	direct
2025-09-01..2025-12-31	20260126LUPA1473498	Cleveland Browns	org-cleveland-browns	Ted Tywang	person-ted-tywang	bill_referenced	HB 255	HB 255	bill	ocd-bill/334d2202-ddf5-418e-9c0b-7c3223da9d09	Create the Ohio Sports Commission	Create the Ohio Sports Commission	2	ocd-person/fb957ddc-f41c-400d-ae32-47f7e729555b	Melanie Miller	primary	direct
2025-09-01..2025-12-31	20260126LUPA1473498	Cleveland Browns	org-cleveland-browns	Ted Tywang	person-ted-tywang	bill_referenced	HB 255	HB 255	bill	ocd-bill/334d2202-ddf5-418e-9c0b-7c3223da9d09	Create the Ohio Sports Commission	Create the Ohio Sports Commission	2	ocd-person/74c1210d-fb56-4522-8d3a-0a2bb08c972b	Dontavius L. Jarrells	primary	direct
2025-09-01..2025-12-31	20260126LUPA1473498	Cleveland Browns	org-cleveland-browns	Ted Tywang	person-ted-tywang	bill_referenced	HB 476	HB 476	bill	ocd-bill/4cff84fd-20da-4ce8-b0d0-dacbbeefaec4	Authorize online raffles under the Charitable Gaming Law	Authorize online raffles under the Charitable Gaming Law	2	ocd-person/170299dd-f2e4-463e-8b8b-ea3b75946120	David Thomas	primary	direct
2025-09-01..2025-12-31	20260126LUPA1473498	Cleveland Browns	org-cleveland-browns	Ted Tywang	person-ted-tywang	bill_referenced	HB 476	HB 476	bill	ocd-bill/4cff84fd-20da-4ce8-b0d0-dacbbeefaec4	Authorize online raffles under the Charitable Gaming Law	Authorize online raffles under the Charitable Gaming Law	2	ocd-person/75257af6-5d83-4d3b-b127-744aaa377c9f	Meredith Craig	primary	direct
2025-09-01..2025-12-31	20260126LUPA1473498	Cleveland Browns	org-cleveland-browns	Ted Tywang	person-ted-tywang	bill_referenced	HB 563	HB 563	bill	ocd-bill/eb754511-a5b8-4762-8a42-5e3e7c3c8715	Regulate ticket sales	Regulate ticket sales	1	ocd-person/292d1329-8a45-402b-8d6e-8f3b4726187a	Mark Hiner	primary	direct
2025-09-01..2025-12-31	20260128EUPA1477978	Xavier University	org-xavier-university	Michael Guastella	person-michael-guastella	subject_general	Commerce	Commerce	subject			Liquor License Transfer	0				subject_only
2025-09-01..2025-12-31	20260128EUPA1477978	Xavier University	org-xavier-university	Michael Guastella	person-michael-guastella	bill_referenced	HB 96	HB 96	bill	ocd-bill/4e02024d-881d-4a05-9191-b218c16ecff4	Make state operating appropriations for FY 2026-27	College of Osteopathic Medicine: HB 96	1	ocd-person/f4e6c51a-89bd-4841-848b-b1097fd3fc9d	Brian Stewart	primary	direct
2025-09-01..2025-12-31	20260128EUPA1477978	Xavier University	org-xavier-university	Michael Guastella	person-michael-guastella	bill_referenced	HB 96	HB 96	bill	ocd-bill/4e02024d-881d-4a05-9191-b218c16ecff4	Make state operating appropriations for FY 2026-27	College of Osteopathic Medicine; HB 96	1	ocd-person/f4e6c51a-89bd-4841-848b-b1097fd3fc9d	Brian Stewart	primary	direct
2025-09-01..2025-12-31	20260128EUPA1477978	Xavier University	org-xavier-university	Michael Guastella	person-michael-guastella	subject_general	Budget & Management	Budget & Management	subject			College of Osteopathic Medicine funding	0				subject_only
2025-09-01..2025-12-31	20260128LUPA1459440	National Federation of Independent Business/Ohio	org-national-federation-of-independent-business-ohio	Jared Weiser	person-jared-weiser	bill_referenced	HB 2	HB 2	bill	ocd-bill/7254f227-b69b-4df5-9dcb-0d29fe4bc461	Establish the Child Care Cred Program	Establish the Child Care Cred Program	1	ocd-person/4af0e8db-ad18-424f-abfa-ce31e37c0b7d	Mark Johnson	primary	direct
2025-09-01..2025-12-31	20260128LUPA1459440	National Federation of Independent Business/Ohio	org-national-federation-of-independent-business-ohio	Jared Weiser	person-jared-weiser	bill_referenced	HB 8	HB 8	bill	ocd-bill/ba77a847-ab42-486d-943e-50526c0062b6	Require health plan and Medicaid coverage of biomarker testing	Require health plan and Medicaid coverage of biomarker testing	1	ocd-person/07c054e9-9a51-41b2-994a-8f63b0148d07	Andrea White	primary	direct
2025-09-01..2025-12-31	20260128LUPA1459440	National Federation of Independent Business/Ohio	org-national-federation-of-independent-business-ohio	Jared Weiser	person-jared-weiser	bill_referenced	HB 11	HB 11	bill	ocd-bill/e00c3398-09fe-4c80-9c9e-698c47153e99	Regards legislative rule approval and fiscal analyses of rules	Regards legislative rule approval and fiscal analyses of rules	2	ocd-person/a3ccce64-ea28-47dc-8bab-3af6ed2dd860	Brian Lorenz	primary	direct
2025-09-01..2025-12-31	20260128LUPA1459440	National Federation of Independent Business/Ohio	org-national-federation-of-independent-business-ohio	Jared Weiser	person-jared-weiser	bill_referenced	HB 11	HB 11	bill	ocd-bill/e00c3398-09fe-4c80-9c9e-698c47153e99	Regards legislative rule approval and fiscal analyses of rules	Regards legislative rule approval and fiscal analyses of rules	2	ocd-person/52608475-9678-45ce-823a-74f9c931682c	Ron Ferguson	primary	direct
2025-09-01..2025-12-31	20260128LUPA1459440	National Federation of Independent Business/Ohio	org-national-federation-of-independent-business-ohio	Jared Weiser	person-jared-weiser	bill_referenced	HB 28	HB 28	bill	ocd-bill/af5dfef9-c3d8-43f7-9f8a-caf0d05a7655	Eliminate the authority to levy replacement property tax levies	Eliminate the authority to levy replacement property tax levies	2	ocd-person/7948afad-ec3c-4e4c-a073-305fb8cd1b21	Thomas Hall	primary	direct
2025-09-01..2025-12-31	20260128LUPA1459440	National Federation of Independent Business/Ohio	org-national-federation-of-independent-business-ohio	Jared Weiser	person-jared-weiser	bill_referenced	HB 28	HB 28	bill	ocd-bill/af5dfef9-c3d8-43f7-9f8a-caf0d05a7655	Eliminate the authority to levy replacement property tax levies	Eliminate the authority to levy replacement property tax levies	2	ocd-person/b04e2962-e7c6-46b8-9a99-d7a6d3a32717	Adam Mathews	primary	direct
2025-09-01..2025-12-31	20260128LUPA1459440	National Federation of Independent Business/Ohio	org-national-federation-of-independent-business-ohio	Jared Weiser	person-jared-weiser	bill_referenced	HB 33	HB 33	bill	ocd-bill/6280ba3c-368f-4aca-9d7a-7bedc7109fde	Require insurance coverage for certain prostate cancer screening	Require insurance coverage for certain prostate cancer screening	2	ocd-person/4af0e8db-ad18-424f-abfa-ce31e37c0b7d	Mark Johnson	primary	direct
2025-09-01..2025-12-31	20260128LUPA1459440	National Federation of Independent Business/Ohio	org-national-federation-of-independent-business-ohio	Jared Weiser	person-jared-weiser	bill_referenced	HB 33	HB 33	bill	ocd-bill/6280ba3c-368f-4aca-9d7a-7bedc7109fde	Require insurance coverage for certain prostate cancer screening	Require insurance coverage for certain prostate cancer screening	2	ocd-person/74c1210d-fb56-4522-8d3a-0a2bb08c972b	Dontavius L. Jarrells	primary	direct
2025-09-01..2025-12-31	20260128LUPA1459440	National Federation of Independent Business/Ohio	org-national-federation-of-independent-business-ohio	Jared Weiser	person-jared-weiser	bill_referenced	HB 34	HB 34	bill	ocd-bill/eeae765b-6851-4d3a-af46-6b0a19131c6b	Increase the state minimum wage	Increase the state minimum wage	2	ocd-person/ed31c4e5-e835-4c4c-9352-217f5dcf1037	Ismail Mohamed	primary	direct
2025-09-01..2025-12-31	20260128LUPA1459440	National Federation of Independent Business/Ohio	org-national-federation-of-independent-business-ohio	Jared Weiser	person-jared-weiser	bill_referenced	HB 34	HB 34	bill	ocd-bill/eeae765b-6851-4d3a-af46-6b0a19131c6b	Increase the state minimum wage	Increase the state minimum wage	2	ocd-person/74c1210d-fb56-4522-8d3a-0a2bb08c972b	Dontavius L. Jarrells	primary	direct
2025-09-01..2025-12-31	20260128LUPA1459440	National Federation of Independent Business/Ohio	org-national-federation-of-independent-business-ohio	Jared Weiser	person-jared-weiser	bill_referenced	HB 59	HB 59	bill	ocd-bill/fb115da8-ed86-4096-9722-414b03ebb134	Revise and streamline the state's occupational regulations	Revise and streamline the state's occupational regulations	2	ocd-person/292d1329-8a45-402b-8d6e-8f3b4726187a	Mark Hiner	primary	direct
2025-09-01..2025-12-31	20260128LUPA1459440	National Federation of Independent Business/Ohio	org-national-federation-of-independent-business-ohio	Jared Weiser	person-jared-weiser	bill_referenced	HB 59	HB 59	bill	ocd-bill/fb115da8-ed86-4096-9722-414b03ebb134	Revise and streamline the state's occupational regulations	Revise and streamline the state's occupational regulations	2	ocd-person/5b3a7d10-e745-4985-ade9-d7fff6ae6af4	Sarah Fowler Arthur	primary	direct
2025-09-01..2025-12-31	20260128LUPA1459440	National Federation of Independent Business/Ohio	org-national-federation-of-independent-business-ohio	Jared Weiser	person-jared-weiser	bill_referenced	HB 66	HB 66	bill	ocd-bill/14e49fca-5e92-4b3f-bfb2-3008731b7654	Repeal H.B. 6 - 133rd GA legacy generation resource provisions	Repeal H.B. 6 - 133rd GA legacy generation resource provisions	2	ocd-person/1dcb1bfa-861d-4d16-8d7d-02364e1b4def	Levi Dean	primary	direct
2025-09-01..2025-12-31	20260128LUPA1459440	National Federation of Independent Business/Ohio	org-national-federation-of-independent-business-ohio	Jared Weiser	person-jared-weiser	bill_referenced	HB 66	HB 66	bill	ocd-bill/14e49fca-5e92-4b3f-bfb2-3008731b7654	Repeal H.B. 6 - 133rd GA legacy generation resource provisions	Repeal H.B. 6 - 133rd GA legacy generation resource provisions	2	ocd-person/993f089c-60bf-418d-9704-fa92e4f01c71	Sean P. Brennan	primary	direct
2025-09-01..2025-12-31	20260128LUPA1459440	National Federation of Independent Business/Ohio	org-national-federation-of-independent-business-ohio	Jared Weiser	person-jared-weiser	bill_referenced	HB 69	HB 69	bill	ocd-bill/32a2fa3c-1685-4a8c-a031-521c65f729ea	Regards taxpayer deduction for depreciation, enhanced expensing	Regards taxpayer deduction for depreciation, enhanced expensing	2	ocd-person/081534e7-8952-47f0-a722-ed627fb32069	Thaddeus J. Claggett	primary	direct
2025-09-01..2025-12-31	20260128LUPA1459440	National Federation of Independent Business/Ohio	org-national-federation-of-independent-business-ohio	Jared Weiser	person-jared-weiser	bill_referenced	HB 69	HB 69	bill	ocd-bill/32a2fa3c-1685-4a8c-a031-521c65f729ea	Regards taxpayer deduction for depreciation, enhanced expensing	Regards taxpayer deduction for depreciation, enhanced expensing	2	ocd-person/cdc9f705-514e-4445-ac17-9aeac8f67e97	Bob Peterson	primary	direct
2025-09-01..2025-12-31	20260128LUPA1459440	National Federation of Independent Business/Ohio	org-national-federation-of-independent-business-ohio	Jared Weiser	person-jared-weiser	bill_referenced	HB 89	HB 89	bill	ocd-bill/955c1f88-c62c-434e-a763-0c01f9a00a89	Authorize temporary property tax reduction	Authorize temporary property tax reduction	1	ocd-person/392629a2-7bb2-47df-8128-d4cd7d858324	Jean Schmidt	primary	direct
2025-09-01..2025-12-31	20260128LUPA1459440	National Federation of Independent Business/Ohio	org-national-federation-of-independent-business-ohio	Jared Weiser	person-jared-weiser	bill_referenced	HB 92	HB 92	bill	ocd-bill/9654f62d-3271-4457-bcc6-a7cd1631d37f	Regards unpaid water, sewer, and trash charges at rented property	Regards unpaid water, sewer, and trash charges at rented property	2	ocd-person/d6ca7e4f-dcf2-4aad-a919-a2740bae649a	Riordan T. McClain	primary	direct
2025-09-01..2025-12-31	20260128LUPA1459440	National Federation of Independent Business/Ohio	org-national-federation-of-independent-business-ohio	Jared Weiser	person-jared-weiser	bill_referenced	HB 92	HB 92	bill	ocd-bill/9654f62d-3271-4457-bcc6-a7cd1631d37f	Regards unpaid water, sewer, and trash charges at rented property	Regards unpaid water, sewer, and trash charges at rented property	2	ocd-person/4af0e8db-ad18-424f-abfa-ce31e37c0b7d	Mark Johnson	primary	direct
2025-09-01..2025-12-31	20260128LUPA1459440	National Federation of Independent Business/Ohio	org-national-federation-of-independent-business-ohio	Jared Weiser	person-jared-weiser	bill_referenced	HB 105	HB 105	bill	ocd-bill/853db8db-9418-4e84-bab1-195bbb721443	Revise non-recourse litigation funding agreement regulations	Revise non-recourse litigation funding agreement regulations	2	ocd-person/ba95511f-3692-426c-bf85-c41ff737eeec	Jim Thomas	primary	direct
2025-09-01..2025-12-31	20260128LUPA1459440	National Federation of Independent Business/Ohio	org-national-federation-of-independent-business-ohio	Jared Weiser	person-jared-weiser	bill_referenced	HB 105	HB 105	bill	ocd-bill/853db8db-9418-4e84-bab1-195bbb721443	Revise non-recourse litigation funding agreement regulations	Revise non-recourse litigation funding agreement regulations	2	ocd-person/75257af6-5d83-4d3b-b127-744aaa377c9f	Meredith Craig	primary	direct
2025-09-01..2025-12-31	20260128LUPA1459440	National Federation of Independent Business/Ohio	org-national-federation-of-independent-business-ohio	Jared Weiser	person-jared-weiser	bill_referenced	HB 126	HB 126	bill	ocd-bill/d8e2bc26-f8dc-4844-b6fd-f3ec34a2edb4	Prohibit certain public nuisance actions	Prohibit certain public nuisance actions	2	ocd-person/75257af6-5d83-4d3b-b127-744aaa377c9f	Meredith Craig	primary	direct
2025-09-01..2025-12-31	20260128LUPA1459440	National Federation of Independent Business/Ohio	org-national-federation-of-independent-business-ohio	Jared Weiser	person-jared-weiser	bill_referenced	HB 126	HB 126	bill	ocd-bill/d8e2bc26-f8dc-4844-b6fd-f3ec34a2edb4	Prohibit certain public nuisance actions	Prohibit certain public nuisance actions	2	ocd-person/b04e2962-e7c6-46b8-9a99-d7a6d3a32717	Adam Mathews	primary	direct
2025-09-01..2025-12-31	20260128LUPA1459440	National Federation of Independent Business/Ohio	org-national-federation-of-independent-business-ohio	Jared Weiser	person-jared-weiser	bill_referenced	HB 129	HB 129	bill	ocd-bill/db1463b7-7d2c-4136-9a97-03f21b72dbef	Limit ability to reallocate certain school property tax millage	Limit ability to reallocate certain school property tax millage	1	ocd-person/170299dd-f2e4-463e-8b8b-ea3b75946120	David Thomas	primary	direct
2025-09-01..2025-12-31	20260128LUPA1459440	National Federation of Independent Business/Ohio	org-national-federation-of-independent-business-ohio	Jared Weiser	person-jared-weiser	bill_referenced	HB 133	HB 133	bill	ocd-bill/b9152119-16de-4e74-a4c6-75c0c0f82491	Authorize tax credit - small employers with health reimbursement	Authorize tax credit - small employers with health reimbursement	1	ocd-person/75257af6-5d83-4d3b-b127-744aaa377c9f	Meredith Craig	primary	direct
2025-09-01..2025-12-31	20260128LUPA1459440	National Federation of Independent Business/Ohio	org-national-federation-of-independent-business-ohio	Jared Weiser	person-jared-weiser	bill_referenced	HB 136	HB 136	bill	ocd-bill/9f1c683d-480a-4ce7-8714-79e44b5b8275	Prohibit sexual orientation or gender identity discrimination	Prohibit sexual orientation or gender identity discrimination	2	ocd-person/aede29b6-7798-45b7-8401-5004cf1c29f9	Crystal Lett	primary	direct
2025-09-01..2025-12-31	20260128LUPA1459440	National Federation of Independent Business/Ohio	org-national-federation-of-independent-business-ohio	Jared Weiser	person-jared-weiser	bill_referenced	HB 136	HB 136	bill	ocd-bill/9f1c683d-480a-4ce7-8714-79e44b5b8275	Prohibit sexual orientation or gender identity discrimination	Prohibit sexual orientation or gender identity discrimination	2	ocd-person/18864718-3e48-4236-9afb-b1a61e4c52e2	Tristan Rader	primary	direct
2025-09-01..2025-12-31	20260128LUPA1459440	National Federation of Independent Business/Ohio	org-national-federation-of-independent-business-ohio	Jared Weiser	person-jared-weiser	bill_referenced	HB 152	HB 152	bill	ocd-bill/3e6ddf42-2adb-4438-8dd0-dabcea53c09b	Regulate the provision of earned wage access services	Regulate the provision of earned wage access services	2	ocd-person/a4c53220-d4a7-4591-b2d8-109516dc9401	Terrence Upchurch	primary	direct
2025-09-01..2025-12-31	20260128LUPA1459440	National Federation of Independent Business/Ohio	org-national-federation-of-independent-business-ohio	Jared Weiser	person-jared-weiser	bill_referenced	HB 152	HB 152	bill	ocd-bill/3e6ddf42-2adb-4438-8dd0-dabcea53c09b	Regulate the provision of earned wage access services	Regulate the provision of earned wage access services	2	ocd-person/1e52d1da-3e5c-442e-a460-d63b62709edf	Josh Williams	primary	direct
2025-09-01..2025-12-31	20260128LUPA1459440	National Federation of Independent Business/Ohio	org-national-federation-of-independent-business-ohio	Jared Weiser	person-jared-weiser	bill_referenced	HB 158	HB 158	bill	ocd-bill/dcc78890-0987-4dfb-87e6-cd8d0b9c653c	Enact the Consumer Utility Billing Transparency Act	Enact the Consumer Utility Billing Transparency Act	2	ocd-person/170299dd-f2e4-463e-8b8b-ea3b75946120	David Thomas	primary	direct
2025-09-01..2025-12-31	20260128LUPA1459440	National Federation of Independent Business/Ohio	org-national-federation-of-independent-business-ohio	Jared Weiser	person-jared-weiser	bill_referenced	HB 158	HB 158	bill	ocd-bill/dcc78890-0987-4dfb-87e6-cd8d0b9c653c	Enact the Consumer Utility Billing Transparency Act	Enact the Consumer Utility Billing Transparency Act	2	ocd-person/993f089c-60bf-418d-9704-fa92e4f01c71	Sean P. Brennan	primary	direct
2025-09-01..2025-12-31	20260128LUPA1459440	National Federation of Independent Business/Ohio	org-national-federation-of-independent-business-ohio	Jared Weiser	person-jared-weiser	bill_referenced	HB 159	HB 159	bill	ocd-bill/eb91544a-aa53-49ef-8795-780f2abc0e67	Create the manufacturing technologies assistance grant program	Create the manufacturing technologies assistance grant program	2	ocd-person/854b6ce3-a4e1-46db-959a-aa286e4e8942	Steve Demetriou	primary	direct
2025-09-01..2025-12-31	20260128LUPA1459440	National Federation of Independent Business/Ohio	org-national-federation-of-independent-business-ohio	Jared Weiser	person-jared-weiser	bill_referenced	HB 159	HB 159	bill	ocd-bill/eb91544a-aa53-49ef-8795-780f2abc0e67	Create the manufacturing technologies assistance grant program	Create the manufacturing technologies assistance grant program	2	ocd-person/64305698-f25c-486e-b57f-00298cfbe15d	Nick Santucci	primary	direct
2025-09-01..2025-12-31	20260128LUPA1459440	National Federation of Independent Business/Ohio	org-national-federation-of-independent-business-ohio	Jared Weiser	person-jared-weiser	bill_referenced	HB 176	HB 176	bill	ocd-bill/6a700a50-ed8f-47b4-91cf-3bb848a1568c	Establish a universal regulatory sandbox program	Establish a universal regulatory sandbox program	2	ocd-person/a3ccce64-ea28-47dc-8bab-3af6ed2dd860	Brian Lorenz	primary	direct
2025-09-01..2025-12-31	20260128LUPA1459440	National Federation of Independent Business/Ohio	org-national-federation-of-independent-business-ohio	Jared Weiser	person-jared-weiser	bill_referenced	HB 176	HB 176	bill	ocd-bill/6a700a50-ed8f-47b4-91cf-3bb848a1568c	Establish a universal regulatory sandbox program	Establish a universal regulatory sandbox program	2	ocd-person/16e469e4-8014-4ba2-8fc4-91804d6ef491	Tex Fischer	primary	direct
2025-09-01..2025-12-31	20260128LUPA1459440	National Federation of Independent Business/Ohio	org-national-federation-of-independent-business-ohio	Jared Weiser	person-jared-weiser	bill_referenced	HB 186	HB 186	bill	ocd-bill/df441a1d-6ba0-4438-89f6-c6b95779a736	Regards school district property taxes, school funding formula	Regards school district property taxes, school funding formula	2	ocd-person/170299dd-f2e4-463e-8b8b-ea3b75946120	David Thomas	primary	direct
2025-09-01..2025-12-31	20260128LUPA1459440	National Federation of Independent Business/Ohio	org-national-federation-of-independent-business-ohio	Jared Weiser	person-jared-weiser	bill_referenced	HB 186	HB 186	bill	ocd-bill/df441a1d-6ba0-4438-89f6-c6b95779a736	Regards school district property taxes, school funding formula	Regards school district property taxes, school funding formula	2	ocd-person/1a598246-01e8-44c8-beca-2c41e1bafb77	James M. Hoops	primary	direct
2025-09-01..2025-12-31	20260128LUPA1459440	National Federation of Independent Business/Ohio	org-national-federation-of-independent-business-ohio	Jared Weiser	person-jared-weiser	bill_referenced	HB 192	HB 192	bill	ocd-bill/86c1c417-ef53-48be-81dc-cf4c8c594a1f	Enact the Community Pharmacy Protection Act	Enact the Community Pharmacy Protection Act	2	ocd-person/16e469e4-8014-4ba2-8fc4-91804d6ef491	Tex Fischer	primary	direct
2025-09-01..2025-12-31	20260128LUPA1459440	National Federation of Independent Business/Ohio	org-national-federation-of-independent-business-ohio	Jared Weiser	person-jared-weiser	bill_referenced	HB 192	HB 192	bill	ocd-bill/86c1c417-ef53-48be-81dc-cf4c8c594a1f	Enact the Community Pharmacy Protection Act	Enact the Community Pharmacy Protection Act	2	ocd-person/fa5ff978-34ff-49d1-958e-4e356a8ef9d4	Tim Barhorst	primary	direct
2025-09-01..2025-12-31	20260128LUPA1459440	National Federation of Independent Business/Ohio	org-national-federation-of-independent-business-ohio	Jared Weiser	person-jared-weiser	bill_referenced	HB 219	HB 219	bill	ocd-bill/d7726f4a-3a49-4ba8-a522-050b184c7bf1	Establish network adequacy standards for health insurers	Establish network adequacy standards for health insurers	1	ocd-person/97821235-4116-44d1-b58b-acf822bbdc58	Kellie Deeter	primary	direct
2025-09-01..2025-12-31	20260128LUPA1459440	National Federation of Independent Business/Ohio	org-national-federation-of-independent-business-ohio	Jared Weiser	person-jared-weiser	bill_referenced	HB 220	HB 220	bill	ocd-bill/4ad01ea6-c534-4777-b66c-c45bf65221bd	Regards health insurance, Medicaid prior authorization	Regards health insurance, Medicaid prior authorization	1	ocd-person/098614cd-1972-4b98-ade6-4f5fa7cefe5b	Heidi Workman	primary	direct
2025-09-01..2025-12-31	20260128LUPA1459440	National Federation of Independent Business/Ohio	org-national-federation-of-independent-business-ohio	Jared Weiser	person-jared-weiser	bill_referenced	HB 222	HB 222	bill	ocd-bill/b58469ef-164a-4f01-8df6-09a30ee63658	Revise solid waste and construction and demolition debris laws	Revise solid waste and construction and demolition debris laws	2	ocd-person/09c752d1-59eb-4f43-b401-5092d801f4c1	Ty D. Mathews	primary	direct
2025-09-01..2025-12-31	20260128LUPA1459440	National Federation of Independent Business/Ohio	org-national-federation-of-independent-business-ohio	Jared Weiser	person-jared-weiser	bill_referenced	HB 222	HB 222	bill	ocd-bill/b58469ef-164a-4f01-8df6-09a30ee63658	Revise solid waste and construction and demolition debris laws	Revise solid waste and construction and demolition debris laws	2	ocd-person/04e3c98a-4ede-4501-b914-4fa13fbad194	Gary Click	primary	direct
2025-09-01..2025-12-31	20260128LUPA1459440	National Federation of Independent Business/Ohio	org-national-federation-of-independent-business-ohio	Jared Weiser	person-jared-weiser	bill_referenced	HB 229	HB 229	bill	ocd-bill/c1f69328-232b-43a2-a683-57b47df045f7	Establish licensing process, contract requirements for PBMs	Establish licensing process, contract requirements for PBMs	1	ocd-person/97821235-4116-44d1-b58b-acf822bbdc58	Kellie Deeter	primary	direct
2025-09-01..2025-12-31	20260128LUPA1459440	National Federation of Independent Business/Ohio	org-national-federation-of-independent-business-ohio	Jared Weiser	person-jared-weiser	bill_referenced	HB 231	HB 231	bill	ocd-bill/01a75671-744f-4e72-9d83-9d6b094a134c	Enact the Paid Parental Leave Act	Enact the Paid Parental Leave Act	2	ocd-person/fb957ddc-f41c-400d-ae32-47f7e729555b	Melanie Miller	primary	direct
2025-09-01..2025-12-31	20260128LUPA1459440	National Federation of Independent Business/Ohio	org-national-federation-of-independent-business-ohio	Jared Weiser	person-jared-weiser	bill_referenced	HB 231	HB 231	bill	ocd-bill/01a75671-744f-4e72-9d83-9d6b094a134c	Enact the Paid Parental Leave Act	Enact the Paid Parental Leave Act	2	ocd-person/1e52d1da-3e5c-442e-a460-d63b62709edf	Josh Williams	primary	direct
2025-09-01..2025-12-31	20260128LUPA1459440	National Federation of Independent Business/Ohio	org-national-federation-of-independent-business-ohio	Jared Weiser	person-jared-weiser	bill_referenced	HB 246	HB 246	bill	ocd-bill/d16707fb-1401-4375-9509-413fcd8d619d	Require certain construction industry employers to use E-verify	Require certain construction industry employers to use E-verify	2	ocd-person/16e469e4-8014-4ba2-8fc4-91804d6ef491	Tex Fischer	primary	direct
2025-09-01..2025-12-31	20260128LUPA1459440	National Federation of Independent Business/Ohio	org-national-federation-of-independent-business-ohio	Jared Weiser	person-jared-weiser	bill_referenced	HB 246	HB 246	bill	ocd-bill/d16707fb-1401-4375-9509-413fcd8d619d	Require certain construction industry employers to use E-verify	Require certain construction industry employers to use E-verify	2	ocd-person/cb2ddd04-e5b0-4c96-b217-d02b732eb896	D. J. Swearingen	primary	direct
2025-09-01..2025-12-31	20260128LUPA1459440	National Federation of Independent Business/Ohio	org-national-federation-of-independent-business-ohio	Jared Weiser	person-jared-weiser	bill_referenced	HB 271	HB 271	bill	ocd-bill/b8237be9-8d9e-4a05-bd3d-b999cf189999	Enact Breast Examination and Screening Transformation (BEST) Act	Enact Breast Examination and Screening Transformation (BEST) Act	2	ocd-person/1e52d1da-3e5c-442e-a460-d63b62709edf	Josh Williams	primary	direct
2025-09-01..2025-12-31	20260128LUPA1459440	National Federation of Independent Business/Ohio	org-national-federation-of-independent-business-ohio	Jared Weiser	person-jared-weiser	bill_referenced	HB 271	HB 271	bill	ocd-bill/b8237be9-8d9e-4a05-bd3d-b999cf189999	Enact Breast Examination and Screening Transformation (BEST) Act	Enact Breast Examination and Screening Transformation (BEST) Act	2	ocd-person/392629a2-7bb2-47df-8128-d4cd7d858324	Jean Schmidt	primary	direct
2025-09-01..2025-12-31	20260128LUPA1459440	National Federation of Independent Business/Ohio	org-national-federation-of-independent-business-ohio	Jared Weiser	person-jared-weiser	bill_referenced	HB 272	HB 272	bill	ocd-bill/b8c6d6bf-4d22-422c-a33f-716e51906b13	Regards food dyes, PFAS, fluoride, and certain substance releases	Regards food dyes, PFAS, fluoride, and certain substance releases	2	ocd-person/062b9622-c2fa-4af2-bbea-704f0450dd47	Monica Robb Blasdel	primary	direct
2025-09-01..2025-12-31	20260128LUPA1459440	National Federation of Independent Business/Ohio	org-national-federation-of-independent-business-ohio	Jared Weiser	person-jared-weiser	bill_referenced	HB 272	HB 272	bill	ocd-bill/b8c6d6bf-4d22-422c-a33f-716e51906b13	Regards food dyes, PFAS, fluoride, and certain substance releases	Regards food dyes, PFAS, fluoride, and certain substance releases	2	ocd-person/9892fcd7-9432-425f-85a6-7599fbe3177d	Justin Pizzulli	primary	direct
2025-09-01..2025-12-31	20260128LUPA1459440	National Federation of Independent Business/Ohio	org-national-federation-of-independent-business-ohio	Jared Weiser	person-jared-weiser	bill_referenced	HB 288	HB 288	bill	ocd-bill/f10f0b0d-a385-478f-b49d-64bde88e7f89	Require construction project owners to timely pay contractors	Require construction project owners to timely pay contractors	2	ocd-person/2481dfc7-d260-49c6-9461-9e6048ed27a2	Bride Rose Sweeney	primary	direct
2025-09-01..2025-12-31	20260128LUPA1459440	National Federation of Independent Business/Ohio	org-national-federation-of-independent-business-ohio	Jared Weiser	person-jared-weiser	bill_referenced	HB 288	HB 288	bill	ocd-bill/f10f0b0d-a385-478f-b49d-64bde88e7f89	Require construction project owners to timely pay contractors	Require construction project owners to timely pay contractors	2	ocd-person/4cece9f3-e252-438b-8255-a2150a4ed599	Bill Roemer	primary	direct
2025-09-01..2025-12-31	20260128LUPA1459440	National Federation of Independent Business/Ohio	org-national-federation-of-independent-business-ohio	Jared Weiser	person-jared-weiser	bill_referenced	HB 289	HB 289	bill	ocd-bill/08f4b39f-6644-43d9-98e2-58919a699d91	Establish Ohio Health Care Plan for universal health coverage	Establish Ohio Health Care Plan for universal health coverage	2	ocd-person/100ae6b0-0c5d-4b97-9ac5-8ccb42b9168b	Michele Grim	primary	direct
2025-09-01..2025-12-31	20260128LUPA1459440	National Federation of Independent Business/Ohio	org-national-federation-of-independent-business-ohio	Jared Weiser	person-jared-weiser	bill_referenced	HB 289	HB 289	bill	ocd-bill/08f4b39f-6644-43d9-98e2-58919a699d91	Establish Ohio Health Care Plan for universal health coverage	Establish Ohio Health Care Plan for universal health coverage	2	ocd-person/18864718-3e48-4236-9afb-b1a61e4c52e2	Tristan Rader	primary	direct
2025-09-01..2025-12-31	20260128LUPA1459440	National Federation of Independent Business/Ohio	org-national-federation-of-independent-business-ohio	Jared Weiser	person-jared-weiser	bill_referenced	HB 298	HB 298	bill	ocd-bill/3455944e-055b-4cc8-98aa-9479f4b6948b	Legalize, tax internet gambling; make other Gambling Law changes	Legalize, tax internet gambling; make other Gambling Law changes	2	ocd-person/e4f9416c-1043-4737-899e-31410e94af1d	Marilyn John	primary	direct
2025-09-01..2025-12-31	20260128LUPA1459440	National Federation of Independent Business/Ohio	org-national-federation-of-independent-business-ohio	Jared Weiser	person-jared-weiser	bill_referenced	HB 298	HB 298	bill	ocd-bill/3455944e-055b-4cc8-98aa-9479f4b6948b	Legalize, tax internet gambling; make other Gambling Law changes	Legalize, tax internet gambling; make other Gambling Law changes	2	ocd-person/f4e6c51a-89bd-4841-848b-b1097fd3fc9d	Brian Stewart	primary	direct
2025-09-01..2025-12-31	20260128LUPA1459440	National Federation of Independent Business/Ohio	org-national-federation-of-independent-business-ohio	Jared Weiser	person-jared-weiser	bill_referenced	HB 299	HB 299	bill	ocd-bill/0f4aec4d-57dd-4986-a63a-3d850d8a9d6e	Require licensure of statewide initiative petition circulators	Require licensure of statewide initiative petition circulators	2	ocd-person/97821235-4116-44d1-b58b-acf822bbdc58	Kellie Deeter	primary	direct
2025-09-01..2025-12-31	20260128LUPA1459440	National Federation of Independent Business/Ohio	org-national-federation-of-independent-business-ohio	Jared Weiser	person-jared-weiser	bill_referenced	HB 299	HB 299	bill	ocd-bill/0f4aec4d-57dd-4986-a63a-3d850d8a9d6e	Require licensure of statewide initiative petition circulators	Require licensure of statewide initiative petition circulators	2	ocd-person/a3ccce64-ea28-47dc-8bab-3af6ed2dd860	Brian Lorenz	primary	direct
2025-09-01..2025-12-31	20260128LUPA1459440	National Federation of Independent Business/Ohio	org-national-federation-of-independent-business-ohio	Jared Weiser	person-jared-weiser	bill_referenced	HB 301	HB 301	bill	ocd-bill/6f1bc148-98bb-4d6e-b210-5e561814df53	Enact the Digital Fair Repair Act	Enact the Digital Fair Repair Act	1	ocd-person/b04e2962-e7c6-46b8-9a99-d7a6d3a32717	Adam Mathews	primary	direct
2025-09-01..2025-12-31	20260128LUPA1459440	National Federation of Independent Business/Ohio	org-national-federation-of-independent-business-ohio	Jared Weiser	person-jared-weiser	bill_referenced	HB 321	HB 321	bill	ocd-bill/21e00fd0-8be9-4754-a93a-ff0162ea99b5	Revise Unemployment Compensation Law	Revise Unemployment Compensation Law	1	ocd-person/cdc9f705-514e-4445-ac17-9aeac8f67e97	Bob Peterson	primary	direct
2025-09-01..2025-12-31	20260128LUPA1459440	National Federation of Independent Business/Ohio	org-national-federation-of-independent-business-ohio	Jared Weiser	person-jared-weiser	bill_referenced	HB 335	HB 335	bill	ocd-bill/9e90629d-1d16-4112-bf35-64b935424266	Regards county budget commissions, property and sales tax, funds	Regards county budget commissions, property and sales tax, funds	1	ocd-person/170299dd-f2e4-463e-8b8b-ea3b75946120	David Thomas	primary	direct
2025-09-01..2025-12-31	20260128LUPA1459440	National Federation of Independent Business/Ohio	org-national-federation-of-independent-business-ohio	Jared Weiser	person-jared-weiser	bill_referenced	HB 376	HB 376	bill	ocd-bill/eb40d202-4696-41b7-abe6-fbe1ea98a302	Reduce the maximum weeks an individual may receive unemployment	Reduce the maximum weeks an individual may receive unemployment	1	ocd-person/d06c06f8-2f63-4a29-8388-ed0747b97f48	Michelle Teska	primary	direct
2025-09-01..2025-12-31	20260128LUPA1459440	National Federation of Independent Business/Ohio	org-national-federation-of-independent-business-ohio	Jared Weiser	person-jared-weiser	bill_referenced	HB 390	HB 390	bill	ocd-bill/67b8f542-d87d-4276-910b-30ddc1445dcf	Prohibit health plans from requiring providers to collect copays	Prohibit health plans from requiring providers to collect copays	1	ocd-person/392629a2-7bb2-47df-8128-d4cd7d858324	Jean Schmidt	primary	direct
2025-09-01..2025-12-31	20260128LUPA1459440	National Federation of Independent Business/Ohio	org-national-federation-of-independent-business-ohio	Jared Weiser	person-jared-weiser	bill_referenced	HB 391	HB 391	bill	ocd-bill/402af7a0-046e-41d3-83b0-ccb0879b332a	Require tax rate as a true value percentage on tax bills, ballots	Require tax rate as a true value percentage on tax bills, ballots	2	ocd-person/098614cd-1972-4b98-ade6-4f5fa7cefe5b	Heidi Workman	primary	direct
2025-09-01..2025-12-31	20260128LUPA1459440	National Federation of Independent Business/Ohio	org-national-federation-of-independent-business-ohio	Jared Weiser	person-jared-weiser	bill_referenced	HB 391	HB 391	bill	ocd-bill/402af7a0-046e-41d3-83b0-ccb0879b332a	Require tax rate as a true value percentage on tax bills, ballots	Require tax rate as a true value percentage on tax bills, ballots	2	ocd-person/9c459852-5ff7-4607-a09a-6ee2480dece1	Jack K. Daniels	primary	direct
2025-09-01..2025-12-31	20260128LUPA1459440	National Federation of Independent Business/Ohio	org-national-federation-of-independent-business-ohio	Jared Weiser	person-jared-weiser	bill_referenced	HB 395	HB 395	bill	ocd-bill/571cb647-e3ef-4a75-84d0-160a14922d00	Require ODJFS online process to report job interview no-shows	Require ODJFS online process to report job interview no-shows	2	ocd-person/4817cf28-df1f-4ccc-bc09-25809222e530	Jennifer Gross	primary	direct
2025-09-01..2025-12-31	20260128LUPA1459440	National Federation of Independent Business/Ohio	org-national-federation-of-independent-business-ohio	Jared Weiser	person-jared-weiser	bill_referenced	HB 395	HB 395	bill	ocd-bill/571cb647-e3ef-4a75-84d0-160a14922d00	Require ODJFS online process to report job interview no-shows	Require ODJFS online process to report job interview no-shows	2	ocd-person/a3ccce64-ea28-47dc-8bab-3af6ed2dd860	Brian Lorenz	primary	direct
2025-09-01..2025-12-31	20260128LUPA1459440	National Federation of Independent Business/Ohio	org-national-federation-of-independent-business-ohio	Jared Weiser	person-jared-weiser	bill_referenced	HB 413	HB 413	bill	ocd-bill/e62c9ba1-1667-4497-a0ff-d1c0d6e81904	Regards Ohio State, Local Government Expenditure Databases	Regards Ohio State, Local Government Expenditure Databases	2	ocd-person/cdc9f705-514e-4445-ac17-9aeac8f67e97	Bob Peterson	primary	direct
2025-09-01..2025-12-31	20260128LUPA1459440	National Federation of Independent Business/Ohio	org-national-federation-of-independent-business-ohio	Jared Weiser	person-jared-weiser	bill_referenced	HB 413	HB 413	bill	ocd-bill/e62c9ba1-1667-4497-a0ff-d1c0d6e81904	Regards Ohio State, Local Government Expenditure Databases	Regards Ohio State, Local Government Expenditure Databases	2	ocd-person/d2ecec1d-db13-4a47-836b-9e75f3a31c78	Tom Young	primary	direct
2025-09-01..2025-12-31	20260128LUPA1459440	National Federation of Independent Business/Ohio	org-national-federation-of-independent-business-ohio	Jared Weiser	person-jared-weiser	bill_referenced	HB 420	HB 420	bill	ocd-bill/a0edffb1-39fb-4935-a8dc-2020f5615b37	Enact Taxpayers Freedom Trilogy–Act I:Discontinuing the Continuum	Enact Taxpayers Freedom Trilogy-Act I:Discontinuing the Continuum	2	ocd-person/550986e6-b595-4fa8-9424-8e09327cf060	Bernard Willis	primary	direct
2025-09-01..2025-12-31	20260128LUPA1459440	National Federation of Independent Business/Ohio	org-national-federation-of-independent-business-ohio	Jared Weiser	person-jared-weiser	bill_referenced	HB 420	HB 420	bill	ocd-bill/a0edffb1-39fb-4935-a8dc-2020f5615b37	Enact Taxpayers Freedom Trilogy–Act I:Discontinuing the Continuum	Enact Taxpayers Freedom Trilogy-Act I:Discontinuing the Continuum	2	ocd-person/04e3c98a-4ede-4501-b914-4fa13fbad194	Gary Click	primary	direct
2025-09-01..2025-12-31	20260128LUPA1459440	National Federation of Independent Business/Ohio	org-national-federation-of-independent-business-ohio	Jared Weiser	person-jared-weiser	bill_referenced	HB 421	HB 421	bill	ocd-bill/ded4a319-d54e-4477-80e4-eb44df147a6f	Enact Taxpayers Freedom Trilogy–Act II: Arresting Inside Millage	Enact Taxpayers Freedom Trilogy-Act II: Arresting Inside Millage	2	ocd-person/170299dd-f2e4-463e-8b8b-ea3b75946120	David Thomas	primary	direct
2025-09-01..2025-12-31	20260128LUPA1459440	National Federation of Independent Business/Ohio	org-national-federation-of-independent-business-ohio	Jared Weiser	person-jared-weiser	bill_referenced	HB 421	HB 421	bill	ocd-bill/ded4a319-d54e-4477-80e4-eb44df147a6f	Enact Taxpayers Freedom Trilogy–Act II: Arresting Inside Millage	Enact Taxpayers Freedom Trilogy-Act II: Arresting Inside Millage	2	ocd-person/04e3c98a-4ede-4501-b914-4fa13fbad194	Gary Click	primary	direct
2025-09-01..2025-12-31	20260128LUPA1459440	National Federation of Independent Business/Ohio	org-national-federation-of-independent-business-ohio	Jared Weiser	person-jared-weiser	bill_referenced	HB 422	HB 422	bill	ocd-bill/56aedd2d-758d-4ca3-99b8-e57bb0a5047b	Enact Taxpayers Freedom Trilogy–Act III: Triumph of the Taxpayer	Enact Taxpayers Freedom Trilogy-Act III: Triumph of the Taxpayer	2	ocd-person/9d7cc971-9ed9-4918-b93f-39d41d35e565	Johnathan Newman	primary	direct
2025-09-01..2025-12-31	20260128LUPA1459440	National Federation of Independent Business/Ohio	org-national-federation-of-independent-business-ohio	Jared Weiser	person-jared-weiser	bill_referenced	HB 422	HB 422	bill	ocd-bill/56aedd2d-758d-4ca3-99b8-e57bb0a5047b	Enact Taxpayers Freedom Trilogy–Act III: Triumph of the Taxpayer	Enact Taxpayers Freedom Trilogy-Act III: Triumph of the Taxpayer	2	ocd-person/04e3c98a-4ede-4501-b914-4fa13fbad194	Gary Click	primary	direct
2025-09-01..2025-12-31	20260128LUPA1459440	National Federation of Independent Business/Ohio	org-national-federation-of-independent-business-ohio	Jared Weiser	person-jared-weiser	bill_referenced	HB 427	HB 427	bill	ocd-bill/298580de-1b58-4b9e-b418-6c2904d83d09	Authorize voluntary demand response program for certain customers	Authorize voluntary demand response program for certain customers	1	ocd-person/73e72147-0d40-4478-bbf6-3419f0e00b46	Roy Klopfenstein	primary	direct
2025-09-01..2025-12-31	20260128LUPA1459440	National Federation of Independent Business/Ohio	org-national-federation-of-independent-business-ohio	Jared Weiser	person-jared-weiser	bill_referenced	HB 429	HB 429	bill	ocd-bill/f500bc97-889a-4d2b-befe-8e3ec4cd2144	Ban health care reimbursement reduction based on certain factors	Ban health care reimbursement reduction based on certain factors	1	ocd-person/1a598246-01e8-44c8-beca-2c41e1bafb77	James M. Hoops	primary	direct
2025-09-01..2025-12-31	20260128LUPA1459440	National Federation of Independent Business/Ohio	org-national-federation-of-independent-business-ohio	Jared Weiser	person-jared-weiser	bill_referenced	HB 438	HB 438	bill	ocd-bill/6a10ae07-bf74-4577-b096-978858b8373c	Enact the FAMILY Act	Enact the FAMILY Act	2	ocd-person/a13af74a-5ade-4769-8a76-db942fe71002	Karen Brownlee	primary	direct
2025-09-01..2025-12-31	20260128LUPA1459440	National Federation of Independent Business/Ohio	org-national-federation-of-independent-business-ohio	Jared Weiser	person-jared-weiser	bill_referenced	HB 438	HB 438	bill	ocd-bill/6a10ae07-bf74-4577-b096-978858b8373c	Enact the FAMILY Act	Enact the FAMILY Act	2	ocd-person/18864718-3e48-4236-9afb-b1a61e4c52e2	Tristan Rader	primary	direct
2025-09-01..2025-12-31	20260128LUPA1459440	National Federation of Independent Business/Ohio	org-national-federation-of-independent-business-ohio	Jared Weiser	person-jared-weiser	bill_referenced	HB 447	HB 447	bill	ocd-bill/9a8953ea-4650-4677-85f8-5ce6adac0c30	Regards the dollar caps on certain damages in civil actions	Regards the dollar caps on certain damages in civil actions	1	ocd-person/f4e6c51a-89bd-4841-848b-b1097fd3fc9d	Brian Stewart	primary	direct
2025-09-01..2025-12-31	20260128LUPA1459440	National Federation of Independent Business/Ohio	org-national-federation-of-independent-business-ohio	Jared Weiser	person-jared-weiser	bill_referenced	HB 448	HB 448	bill	ocd-bill/4eb83d16-79d3-493f-9313-56c479ca6bd0	Apply prescription drug rebates to cost-sharing requirements	Apply prescription drug rebates to cost-sharing requirements	2	ocd-person/fa5ff978-34ff-49d1-958e-4e356a8ef9d4	Tim Barhorst	primary	direct
2025-09-01..2025-12-31	20260128LUPA1459440	National Federation of Independent Business/Ohio	org-national-federation-of-independent-business-ohio	Jared Weiser	person-jared-weiser	bill_referenced	HB 448	HB 448	bill	ocd-bill/4eb83d16-79d3-493f-9313-56c479ca6bd0	Apply prescription drug rebates to cost-sharing requirements	Apply prescription drug rebates to cost-sharing requirements	2	ocd-person/36f320a8-be34-43c2-ac73-ee87fbce6b0c	Rachel B. Baker	primary	direct
2025-09-01..2025-12-31	20260128LUPA1459440	National Federation of Independent Business/Ohio	org-national-federation-of-independent-business-ohio	Jared Weiser	person-jared-weiser	bill_referenced	HB 453	HB 453	bill	ocd-bill/0cebe3c3-5992-4ecb-acfe-7c1094023cff	Regards insurance, Medicaid coverage of certain autism therapy	Regards insurance, Medicaid coverage of certain autism therapy	1	ocd-person/a3ccce64-ea28-47dc-8bab-3af6ed2dd860	Brian Lorenz	primary	direct
2025-09-01..2025-12-31	20260128LUPA1459440	National Federation of Independent Business/Ohio	org-national-federation-of-independent-business-ohio	Jared Weiser	person-jared-weiser	bill_referenced	HB 454	HB 454	bill	ocd-bill/c8de3a26-dd67-4237-a48c-84d08002acd4	Create the State Government Efficiency Commission	Create the State Government Efficiency Commission	2	ocd-person/09c752d1-59eb-4f43-b401-5092d801f4c1	Ty D. Mathews	primary	direct
2025-09-01..2025-12-31	20260128LUPA1459440	National Federation of Independent Business/Ohio	org-national-federation-of-independent-business-ohio	Jared Weiser	person-jared-weiser	bill_referenced	HB 454	HB 454	bill	ocd-bill/c8de3a26-dd67-4237-a48c-84d08002acd4	Create the State Government Efficiency Commission	Create the State Government Efficiency Commission	2	ocd-person/292d1329-8a45-402b-8d6e-8f3b4726187a	Mark Hiner	primary	direct
2025-09-01..2025-12-31	20260128LUPA1459440	National Federation of Independent Business/Ohio	org-national-federation-of-independent-business-ohio	Jared Weiser	person-jared-weiser	bill_referenced	HB 493	HB 493	bill	ocd-bill/c80bc8f7-e981-4e50-937a-41b5a23fd5fa	Sunset the sale of delinquent property tax certificates	Sunset the sale of delinquent property tax certificates	2	ocd-person/04d4dc4f-a38a-4d50-8962-ea961550b2ff	Daniel P. Troy	primary	direct
2025-09-01..2025-12-31	20260128LUPA1459440	National Federation of Independent Business/Ohio	org-national-federation-of-independent-business-ohio	Jared Weiser	person-jared-weiser	bill_referenced	HB 493	HB 493	bill	ocd-bill/c80bc8f7-e981-4e50-937a-41b5a23fd5fa	Sunset the sale of delinquent property tax certificates	Sunset the sale of delinquent property tax certificates	2	ocd-person/170299dd-f2e4-463e-8b8b-ea3b75946120	David Thomas	primary	direct
2025-09-01..2025-12-31	20260128LUPA1459440	National Federation of Independent Business/Ohio	org-national-federation-of-independent-business-ohio	Jared Weiser	person-jared-weiser	bill_referenced	HB 503	HB 503	bill	ocd-bill/213412d6-48a4-42d1-b900-c0474f8c77e9	Regards voter approval of municipal income tax reciprocity credit	Regards voter approval of municipal income tax reciprocity credit	2	ocd-person/098614cd-1972-4b98-ade6-4f5fa7cefe5b	Heidi Workman	primary	direct
2025-09-01..2025-12-31	20260128LUPA1459440	National Federation of Independent Business/Ohio	org-national-federation-of-independent-business-ohio	Jared Weiser	person-jared-weiser	bill_referenced	HB 503	HB 503	bill	ocd-bill/213412d6-48a4-42d1-b900-c0474f8c77e9	Regards voter approval of municipal income tax reciprocity credit	Regards voter approval of municipal income tax reciprocity credit	2	ocd-person/4cece9f3-e252-438b-8255-a2150a4ed599	Bill Roemer	primary	direct
2025-09-01..2025-12-31	20260128LUPA1459440	National Federation of Independent Business/Ohio	org-national-federation-of-independent-business-ohio	Jared Weiser	person-jared-weiser	bill_referenced	HB 510	HB 510	bill	ocd-bill/847c5457-f060-4035-8742-2127c138cc21	Prohibit requiring employees to join, pay dues to employee org.	Prohibit requiring employees to join, pay dues to employee org.	1	ocd-person/1dcb1bfa-861d-4d16-8d7d-02364e1b4def	Levi Dean	primary	direct
2025-09-01..2025-12-31	20260128LUPA1459440	National Federation of Independent Business/Ohio	org-national-federation-of-independent-business-ohio	Jared Weiser	person-jared-weiser	bill_referenced	HB 512	HB 512	bill	ocd-bill/d4b46109-1a2a-43b2-a1f5-a0a9b3b73da6	Modify law re: project labor agreements in public contracts	Modify law re: project labor agreements in public contracts	2	ocd-person/098614cd-1972-4b98-ade6-4f5fa7cefe5b	Heidi Workman	primary	direct
2025-09-01..2025-12-31	20260128LUPA1459440	National Federation of Independent Business/Ohio	org-national-federation-of-independent-business-ohio	Jared Weiser	person-jared-weiser	bill_referenced	HB 512	HB 512	bill	ocd-bill/d4b46109-1a2a-43b2-a1f5-a0a9b3b73da6	Modify law re: project labor agreements in public contracts	Modify law re: project labor agreements in public contracts	2	ocd-person/081534e7-8952-47f0-a722-ed627fb32069	Thaddeus J. Claggett	primary	direct
2025-09-01..2025-12-31	20260128LUPA1459440	National Federation of Independent Business/Ohio	org-national-federation-of-independent-business-ohio	Jared Weiser	person-jared-weiser	bill_referenced	HB 513	HB 513	bill	ocd-bill/ccc24cd8-ed5d-45fe-8f51-bbecc82421eb	Let certain entities apply Prevailing Wage to public projects	Let certain entities apply Prevailing Wage to public projects	2	ocd-person/75257af6-5d83-4d3b-b127-744aaa377c9f	Meredith Craig	primary	direct
2025-09-01..2025-12-31	20260128LUPA1459440	National Federation of Independent Business/Ohio	org-national-federation-of-independent-business-ohio	Jared Weiser	person-jared-weiser	bill_referenced	HB 513	HB 513	bill	ocd-bill/ccc24cd8-ed5d-45fe-8f51-bbecc82421eb	Let certain entities apply Prevailing Wage to public projects	Let certain entities apply Prevailing Wage to public projects	2	ocd-person/de0a6483-7c16-43e1-a76b-c0cc98a9d7ed	Beth Lear	primary	direct
2025-09-01..2025-12-31	20260128LUPA1459440	National Federation of Independent Business/Ohio	org-national-federation-of-independent-business-ohio	Jared Weiser	person-jared-weiser	bill_referenced	HB 554	HB 554	bill	ocd-bill/a17fcb44-fad9-4188-9383-b0f0534af0f4	Require government, private sellers to accept cash as payment	Require government, private sellers to accept cash as payment	1	ocd-person/170299dd-f2e4-463e-8b8b-ea3b75946120	David Thomas	primary	direct
2025-09-01..2025-12-31	20260128LUPA1459440	National Federation of Independent Business/Ohio	org-national-federation-of-independent-business-ohio	Jared Weiser	person-jared-weiser	bill_referenced	HB 564	HB 564	bill	ocd-bill/5276cf1f-a404-4c83-ab29-3cbebde9f45a	Require health insurance coverage of orthotic, prosthetic devices	Require health insurance coverage of orthotic, prosthetic devices	2	ocd-person/392629a2-7bb2-47df-8128-d4cd7d858324	Jean Schmidt	primary	direct
2025-09-01..2025-12-31	20260128LUPA1459440	National Federation of Independent Business/Ohio	org-national-federation-of-independent-business-ohio	Jared Weiser	person-jared-weiser	bill_referenced	HB 564	HB 564	bill	ocd-bill/5276cf1f-a404-4c83-ab29-3cbebde9f45a	Require health insurance coverage of orthotic, prosthetic devices	Require health insurance coverage of orthotic, prosthetic devices	2	ocd-person/74c1210d-fb56-4522-8d3a-0a2bb08c972b	Dontavius L. Jarrells	primary	direct
2025-09-01..2025-12-31	20260128LUPA1459440	National Federation of Independent Business/Ohio	org-national-federation-of-independent-business-ohio	Jared Weiser	person-jared-weiser	bill_referenced	HB 568	HB 568	bill	ocd-bill/e3aef7fb-3e3f-4cb9-93c1-4205704ffbe0	Limit retainage in certain private construction projects	Limit retainage in certain private construction projects	2	ocd-person/64305698-f25c-486e-b57f-00298cfbe15d	Nick Santucci	primary	direct
2025-09-01..2025-12-31	20260128LUPA1459440	National Federation of Independent Business/Ohio	org-national-federation-of-independent-business-ohio	Jared Weiser	person-jared-weiser	bill_referenced	HB 568	HB 568	bill	ocd-bill/e3aef7fb-3e3f-4cb9-93c1-4205704ffbe0	Limit retainage in certain private construction projects	Limit retainage in certain private construction projects	2	ocd-person/09c752d1-59eb-4f43-b401-5092d801f4c1	Ty D. Mathews	primary	direct
2025-09-01..2025-12-31	20260128LUPA1459440	National Federation of Independent Business/Ohio	org-national-federation-of-independent-business-ohio	Jared Weiser	person-jared-weiser	bill_referenced	HB 624	HB 624	bill	ocd-bill/65c199aa-dbab-4473-956b-1c6c7dfd83d0	Regards employment under Ohio's overtime and minimum wage laws	Regards employment under Ohio's overtime and minimum wage laws	1	ocd-person/19cbe255-2cdb-47c4-b70a-693b6bf6665b	Lauren McNally	primary	direct
2025-09-01..2025-12-31	20260128LUPA1459440	National Federation of Independent Business/Ohio	org-national-federation-of-independent-business-ohio	Jared Weiser	person-jared-weiser	bill_referenced	HB 633	HB 633	bill	ocd-bill/22d9839b-6540-4ac6-80a4-a20f32f9ca1e	Enact the The Fee Transparency Act	Enact the The Fee Transparency Act	2	ocd-person/538fefb8-d8ae-48f5-bb07-4161e2ccac55	Munira Abdullahi	primary	direct
2025-09-01..2025-12-31	20260128LUPA1459440	National Federation of Independent Business/Ohio	org-national-federation-of-independent-business-ohio	Jared Weiser	person-jared-weiser	bill_referenced	HB 633	HB 633	bill	ocd-bill/22d9839b-6540-4ac6-80a4-a20f32f9ca1e	Enact the The Fee Transparency Act	Enact the The Fee Transparency Act	2	ocd-person/100ae6b0-0c5d-4b97-9ac5-8ccb42b9168b	Michele Grim	primary	direct
2025-09-01..2025-12-31	20260128LUPA1459440	National Federation of Independent Business/Ohio	org-national-federation-of-independent-business-ohio	Jared Weiser	person-jared-weiser	bill_referenced	HB 636	HB 636	bill	ocd-bill/cd88b0c4-1584-458a-af4b-c09b5f8f63d5	Enact the Auto Insurance Transparency Act	Enact the Auto Insurance Transparency Act	1	ocd-person/4af0e8db-ad18-424f-abfa-ce31e37c0b7d	Mark Johnson	primary	direct
2025-09-01..2025-12-31	20260128LUPA1459440	National Federation of Independent Business/Ohio	org-national-federation-of-independent-business-ohio	Jared Weiser	person-jared-weiser	bill_referenced	SB 2	SB 2	bill	ocd-bill/3ca8268d-7085-44b8-b1db-07c4dee58f20	Increase power generation; improve Ohio’s electric grid	Increase power generation; improve Ohio's electric grid	1	ocd-person/10733ff7-ee19-4e86-9b5e-65619ddbf7bf	Bill Reineke	primary	direct
2025-09-01..2025-12-31	20260128LUPA1459440	National Federation of Independent Business/Ohio	org-national-federation-of-independent-business-ohio	Jared Weiser	person-jared-weiser	bill_referenced	SB 9	SB 9	bill	ocd-bill/f1766027-3f06-4e38-8f05-55924f4f4cda	Incorporate Internal Revenue Code changes into Ohio law	Incorporate Internal Revenue Code changes into Ohio law	1	ocd-person/5a9b2a16-6827-4e00-961a-f3de39538749	Louis W. Blessing, III	primary	direct
2025-09-01..2025-12-31	20260128LUPA1459440	National Federation of Independent Business/Ohio	org-national-federation-of-independent-business-ohio	Jared Weiser	person-jared-weiser	bill_referenced	SB 10	SB 10	bill	ocd-bill/374030b6-309e-4737-b24d-a8010b6562d1	Revise non-recourse litigation funding agreement regulations	Revise non-recourse litigation funding agreement regulations	2	ocd-person/445d3fc7-d9a5-48d8-8869-f023aa274ae7	George F. Lang	primary	direct
2025-09-01..2025-12-31	20260128LUPA1459440	National Federation of Independent Business/Ohio	org-national-federation-of-independent-business-ohio	Jared Weiser	person-jared-weiser	bill_referenced	SB 10	SB 10	bill	ocd-bill/374030b6-309e-4737-b24d-a8010b6562d1	Revise non-recourse litigation funding agreement regulations	Revise non-recourse litigation funding agreement regulations	2	ocd-person/26444e7e-72b2-4838-bc24-31899c90d504	Steve Wilson	primary	direct
2025-09-01..2025-12-31	20260128LUPA1459440	National Federation of Independent Business/Ohio	org-national-federation-of-independent-business-ohio	Jared Weiser	person-jared-weiser	bill_referenced	SB 11	SB 11	bill	ocd-bill/22c54d3e-efce-477c-97d2-916f4710a6c0	Prohibit post-employment agreement restraining career or business	Prohibit post-employment agreement restraining career or business	2	ocd-person/bdc3493a-a22f-4a6b-b50e-b590216d8cfd	William P. DeMora	primary	direct
2025-09-01..2025-12-31	20260128LUPA1459440	National Federation of Independent Business/Ohio	org-national-federation-of-independent-business-ohio	Jared Weiser	person-jared-weiser	bill_referenced	SB 11	SB 11	bill	ocd-bill/22c54d3e-efce-477c-97d2-916f4710a6c0	Prohibit post-employment agreement restraining career or business	Prohibit post-employment agreement restraining career or business	2	ocd-person/5a9b2a16-6827-4e00-961a-f3de39538749	Louis W. Blessing, III	primary	direct
2025-09-01..2025-12-31	20260128LUPA1459440	National Federation of Independent Business/Ohio	org-national-federation-of-independent-business-ohio	Jared Weiser	person-jared-weiser	bill_referenced	SB 25	SB 25	bill	ocd-bill/0d99615b-dadd-4a24-b248-9f487628ec9d	Prohibit sun lamp tanning services to individuals under age 16	Prohibit sun lamp tanning services to individuals under age 16	1	ocd-person/57300c34-0e2d-4e85-bdce-c4fb8c781541	Terry Johnson	primary	direct
2025-09-01..2025-12-31	20260128LUPA1459440	National Federation of Independent Business/Ohio	org-national-federation-of-independent-business-ohio	Jared Weiser	person-jared-weiser	bill_referenced	SB 29	SB 29	bill	ocd-bill/bc0aeb22-a683-4706-a195-aa23e6ccf883	Allow municipalities create joint economic development district	Allow municipalities create joint economic development district	2	ocd-person/94ba65dd-57c5-4ab0-b607-5e310d50cae0	Catherine D. Ingram	primary	direct
2025-09-01..2025-12-31	20260128LUPA1459440	National Federation of Independent Business/Ohio	org-national-federation-of-independent-business-ohio	Jared Weiser	person-jared-weiser	bill_referenced	SB 29	SB 29	bill	ocd-bill/bc0aeb22-a683-4706-a195-aa23e6ccf883	Allow municipalities create joint economic development district	Allow municipalities create joint economic development district	2	ocd-person/5a9b2a16-6827-4e00-961a-f3de39538749	Louis W. Blessing, III	primary	direct
2025-09-01..2025-12-31	20260128LUPA1459440	National Federation of Independent Business/Ohio	org-national-federation-of-independent-business-ohio	Jared Weiser	person-jared-weiser	bill_referenced	SB 30	SB 30	bill	ocd-bill/83c987b7-1a84-42b8-819b-ac5432129859	Require retail merchants to give customers the option to pay cash	Require retail merchants to give customers the option to pay cash	2	ocd-person/94ba65dd-57c5-4ab0-b607-5e310d50cae0	Catherine D. Ingram	primary	direct
2025-09-01..2025-12-31	20260128LUPA1459440	National Federation of Independent Business/Ohio	org-national-federation-of-independent-business-ohio	Jared Weiser	person-jared-weiser	bill_referenced	SB 30	SB 30	bill	ocd-bill/83c987b7-1a84-42b8-819b-ac5432129859	Require retail merchants to give customers the option to pay cash	Require retail merchants to give customers the option to pay cash	2	ocd-person/5a9b2a16-6827-4e00-961a-f3de39538749	Louis W. Blessing, III	primary	direct
2025-09-01..2025-12-31	20260128LUPA1459440	National Federation of Independent Business/Ohio	org-national-federation-of-independent-business-ohio	Jared Weiser	person-jared-weiser	bill_referenced	SB 32	SB 32	bill	ocd-bill/7f867c71-2069-40fc-b448-7b4401532eae	Establish the Child Care Cred Program	Establish the Child Care Cred Program	2	ocd-person/01a80305-a667-4dda-9676-1e678bddde12	Tim Schaffer	primary	direct
2025-09-01..2025-12-31	20260128LUPA1459440	National Federation of Independent Business/Ohio	org-national-federation-of-independent-business-ohio	Jared Weiser	person-jared-weiser	bill_referenced	SB 32	SB 32	bill	ocd-bill/7f867c71-2069-40fc-b448-7b4401532eae	Establish the Child Care Cred Program	Establish the Child Care Cred Program	2	ocd-person/79af20c0-6eb6-44a2-ba79-9c7e5e10ea04	Michele Reynolds	primary	direct
2025-09-01..2025-12-31	20260128LUPA1459440	National Federation of Independent Business/Ohio	org-national-federation-of-independent-business-ohio	Jared Weiser	person-jared-weiser	bill_referenced	SB 50	SB 50	bill	ocd-bill/6bf045fa-71cc-4f44-9e40-6c9ad86367bb	Regards age and schooling certificates, minor work hours	Regards age and schooling certificates, minor work hours	1	ocd-person/01a80305-a667-4dda-9676-1e678bddde12	Tim Schaffer	primary	direct
2025-09-01..2025-12-31	20260128LUPA1459440	National Federation of Independent Business/Ohio	org-national-federation-of-independent-business-ohio	Jared Weiser	person-jared-weiser	bill_referenced	SB 66	SB 66	bill	ocd-bill/3b7358f4-50dd-47b5-be23-7e25383bd858	Include certain levies, taxes in school millage floor calculation	Include certain levies, taxes in school millage floor calculation	2	ocd-person/445d3fc7-d9a5-48d8-8869-f023aa274ae7	George F. Lang	primary	direct
2025-09-01..2025-12-31	20260128LUPA1459440	National Federation of Independent Business/Ohio	org-national-federation-of-independent-business-ohio	Jared Weiser	person-jared-weiser	bill_referenced	SB 66	SB 66	bill	ocd-bill/3b7358f4-50dd-47b5-be23-7e25383bd858	Include certain levies, taxes in school millage floor calculation	Include certain levies, taxes in school millage floor calculation	2	ocd-person/d665e333-f7e3-43e2-b440-17920f62c60b	Sandra O'Brien	primary	direct
2025-09-01..2025-12-31	20260128LUPA1459440	National Federation of Independent Business/Ohio	org-national-federation-of-independent-business-ohio	Jared Weiser	person-jared-weiser	bill_referenced	SB 70	SB 70	bill	ocd-bill/33e258d1-ac5e-4a03-9361-cad895e3d238	Enact the Ohio Fairness Act	Enact the Ohio Fairness Act	1	ocd-person/df5c391c-65e8-4d61-a9b9-0249ff6eddb7	Nickie J. Antonio	primary	direct
2025-09-01..2025-12-31	20260128LUPA1459440	National Federation of Independent Business/Ohio	org-national-federation-of-independent-business-ohio	Jared Weiser	person-jared-weiser	bill_referenced	SB 72	SB 72	bill	ocd-bill/b0cdcfb6-7c7b-4edf-bdca-af3a13a8c4a7	Regards filing false claims with the state, defrauding the state	Regards filing false claims with the state, defrauding the state	2	ocd-person/bdc3493a-a22f-4a6b-b50e-b590216d8cfd	William P. DeMora	primary	direct
2025-09-01..2025-12-31	20260128LUPA1459440	National Federation of Independent Business/Ohio	org-national-federation-of-independent-business-ohio	Jared Weiser	person-jared-weiser	bill_referenced	SB 72	SB 72	bill	ocd-bill/b0cdcfb6-7c7b-4edf-bdca-af3a13a8c4a7	Regards filing false claims with the state, defrauding the state	Regards filing false claims with the state, defrauding the state	2	ocd-person/3329274c-22b6-4b0a-b12a-e64c5733bef9	Paula Hicks-Hudson	primary	direct
2025-09-01..2025-12-31	20260128LUPA1459440	National Federation of Independent Business/Ohio	org-national-federation-of-independent-business-ohio	Jared Weiser	person-jared-weiser	bill_referenced	SB 77	SB 77	bill	ocd-bill/c550b5c0-e68d-4e18-8b48-b84e8be37a54	Require a system to anonymously report wage discrimination	Require a system to anonymously report wage discrimination	2	ocd-person/d9c3dfce-8b7f-402f-9dec-5179e38b528f	Kent Smith	primary	direct
2025-09-01..2025-12-31	20260128LUPA1459440	National Federation of Independent Business/Ohio	org-national-federation-of-independent-business-ohio	Jared Weiser	person-jared-weiser	bill_referenced	SB 77	SB 77	bill	ocd-bill/c550b5c0-e68d-4e18-8b48-b84e8be37a54	Require a system to anonymously report wage discrimination	Require a system to anonymously report wage discrimination	2	ocd-person/3329274c-22b6-4b0a-b12a-e64c5733bef9	Paula Hicks-Hudson	primary	direct
2025-09-01..2025-12-31	20260128LUPA1459440	National Federation of Independent Business/Ohio	org-national-federation-of-independent-business-ohio	Jared Weiser	person-jared-weiser	bill_referenced	SB 78	SB 78	bill	ocd-bill/889270da-a4da-4dd1-b161-bdbc0b73241b	Establish and operate the Ohio Health Care Plan	Establish and operate the Ohio Health Care Plan	2	ocd-person/bdc3493a-a22f-4a6b-b50e-b590216d8cfd	William P. DeMora	primary	direct
2025-09-01..2025-12-31	20260128LUPA1459440	National Federation of Independent Business/Ohio	org-national-federation-of-independent-business-ohio	Jared Weiser	person-jared-weiser	bill_referenced	SB 78	SB 78	bill	ocd-bill/889270da-a4da-4dd1-b161-bdbc0b73241b	Establish and operate the Ohio Health Care Plan	Establish and operate the Ohio Health Care Plan	2	ocd-person/3329274c-22b6-4b0a-b12a-e64c5733bef9	Paula Hicks-Hudson	primary	direct
2025-09-01..2025-12-31	20260128LUPA1459440	National Federation of Independent Business/Ohio	org-national-federation-of-independent-business-ohio	Jared Weiser	person-jared-weiser	bill_referenced	SB 79	SB 79	bill	ocd-bill/64d8ac1d-61b4-46cc-b84d-ff16db83cf05	Regulate the use of pricing algorithms	Regulate the use of pricing algorithms	2	ocd-person/23c443b0-e2f7-4c7a-af1e-d67d7aa366ce	Willis E. Blackshear, Jr.	primary	direct
2025-09-01..2025-12-31	20260128LUPA1459440	National Federation of Independent Business/Ohio	org-national-federation-of-independent-business-ohio	Jared Weiser	person-jared-weiser	bill_referenced	SB 79	SB 79	bill	ocd-bill/64d8ac1d-61b4-46cc-b84d-ff16db83cf05	Regulate the use of pricing algorithms	Regulate the use of pricing algorithms	2	ocd-person/5a9b2a16-6827-4e00-961a-f3de39538749	Louis W. Blessing, III	primary	direct
2025-09-01..2025-12-31	20260128LUPA1459440	National Federation of Independent Business/Ohio	org-national-federation-of-independent-business-ohio	Jared Weiser	person-jared-weiser	bill_referenced	SB 90	SB 90	bill	ocd-bill/a863dbc1-8296-4af9-8b31-2a03073a7b49	Create regulatory relief division; establish regulatory sandbox	Create regulatory relief division; establish regulatory sandbox	2	ocd-person/445d3fc7-d9a5-48d8-8869-f023aa274ae7	George F. Lang	primary	direct
2025-09-01..2025-12-31	20260128LUPA1459440	National Federation of Independent Business/Ohio	org-national-federation-of-independent-business-ohio	Jared Weiser	person-jared-weiser	bill_referenced	SB 90	SB 90	bill	ocd-bill/a863dbc1-8296-4af9-8b31-2a03073a7b49	Create regulatory relief division; establish regulatory sandbox	Create regulatory relief division; establish regulatory sandbox	2	ocd-person/6a1fc3b1-ebfd-47b7-adec-ddcd84d137c9	Al Cutrona	primary	direct
2025-09-01..2025-12-31	20260128LUPA1459440	National Federation of Independent Business/Ohio	org-national-federation-of-independent-business-ohio	Jared Weiser	person-jared-weiser	bill_referenced	SB 93	SB 93	bill	ocd-bill/7f1ba96b-6ab6-491f-b23c-2f32d62ec214	Create new school financing system with state property, sales tax	Create new school financing system with state property, sales tax	1	ocd-person/c61c8eaf-1de9-419d-a5dc-c96787315578	Andrew O. Brenner	primary	direct
2025-09-01..2025-12-31	20260128LUPA1459440	National Federation of Independent Business/Ohio	org-national-federation-of-independent-business-ohio	Jared Weiser	person-jared-weiser	bill_referenced	SB 108	SB 108	bill	ocd-bill/fae5e111-7765-41a7-9d32-3f63d753b466	Regards entities providing behind-the-meter utility services	Regards entities providing behind-the-meter utility services	1	ocd-person/c61c8eaf-1de9-419d-a5dc-c96787315578	Andrew O. Brenner	primary	direct
2025-09-01..2025-12-31	20260128LUPA1459440	National Federation of Independent Business/Ohio	org-national-federation-of-independent-business-ohio	Jared Weiser	person-jared-weiser	bill_referenced	SB 117	SB 117	bill	ocd-bill/5dfbbe13-3197-43e6-91ff-00d2b184d0dc	Regulate the provision of earned wage access services	Regulate the provision of earned wage access services	1	ocd-person/445d3fc7-d9a5-48d8-8869-f023aa274ae7	George F. Lang	primary	direct
2025-09-01..2025-12-31	20260128LUPA1459440	National Federation of Independent Business/Ohio	org-national-federation-of-independent-business-ohio	Jared Weiser	person-jared-weiser	bill_referenced	SB 118	SB 118	bill	ocd-bill/67b85047-9187-4600-822d-443bdd3aa109	Regards lien limits for unpaid water, sewer, disposal services	Regards lien limits for unpaid water, sewer, disposal services	1	ocd-person/445d3fc7-d9a5-48d8-8869-f023aa274ae7	George F. Lang	primary	direct
2025-09-01..2025-12-31	20260128LUPA1459440	National Federation of Independent Business/Ohio	org-national-federation-of-independent-business-ohio	Jared Weiser	person-jared-weiser	bill_referenced	SB 129	SB 129	bill	ocd-bill/b2039cc3-8f24-40bc-b64b-1d9601cf36a0	Authorize tax credit for employer group health plan premiums	Authorize tax credit for employer group health plan premiums	1	ocd-person/f2e79c7c-7e3a-496d-8f87-d43b62eb54a5	Kyle Koehler	primary	direct
2025-09-01..2025-12-31	20260128LUPA1459440	National Federation of Independent Business/Ohio	org-national-federation-of-independent-business-ohio	Jared Weiser	person-jared-weiser	bill_referenced	SB 143	SB 143	bill	ocd-bill/eb977cad-0aa6-4aa5-a132-76875f3cd548	Prohibit employment application question re: criminal background	Prohibit employment application question re: criminal background	2	ocd-person/5a9b2a16-6827-4e00-961a-f3de39538749	Louis W. Blessing, III	primary	direct
2025-09-01..2025-12-31	20260128LUPA1459440	National Federation of Independent Business/Ohio	org-national-federation-of-independent-business-ohio	Jared Weiser	person-jared-weiser	bill_referenced	SB 143	SB 143	bill	ocd-bill/eb977cad-0aa6-4aa5-a132-76875f3cd548	Prohibit employment application question re: criminal background	Prohibit employment application question re: criminal background	2	ocd-person/ed858ef9-97dc-4be8-97ab-006ea96923ae	Hearcel F. Craig	primary	direct
2025-09-01..2025-12-31	20260128LUPA1459440	National Federation of Independent Business/Ohio	org-national-federation-of-independent-business-ohio	Jared Weiser	person-jared-weiser	bill_referenced	SB 146	SB 146	bill	ocd-bill/93390411-9015-405f-9caa-815b6f05a50c	Codify the common law action for piercing the corporate veil	Codify the common law action for piercing the corporate veil	2	ocd-person/c3b1dc5e-4913-4e2f-b2a8-4db5b3faa1bd	Jane M. Timken	primary	direct
2025-09-01..2025-12-31	20260128LUPA1459440	National Federation of Independent Business/Ohio	org-national-federation-of-independent-business-ohio	Jared Weiser	person-jared-weiser	bill_referenced	SB 146	SB 146	bill	ocd-bill/93390411-9015-405f-9caa-815b6f05a50c	Codify the common law action for piercing the corporate veil	Codify the common law action for piercing the corporate veil	2	ocd-person/0fe32749-fe89-4f96-87d3-3d831bea2459	Theresa Gavarone	primary	direct
2025-09-01..2025-12-31	20260128LUPA1459440	National Federation of Independent Business/Ohio	org-national-federation-of-independent-business-ohio	Jared Weiser	person-jared-weiser	bill_referenced	SB 160	SB 160	bill	ocd-bill/915ae4f0-b6dd-4742-b3d4-1230e2a69a4a	Regards prescription drugs and medication switching	Regards prescription drugs and medication switching	2	ocd-person/57300c34-0e2d-4e85-bdce-c4fb8c781541	Terry Johnson	primary	direct
2025-09-01..2025-12-31	20260128LUPA1459440	National Federation of Independent Business/Ohio	org-national-federation-of-independent-business-ohio	Jared Weiser	person-jared-weiser	bill_referenced	SB 160	SB 160	bill	ocd-bill/915ae4f0-b6dd-4742-b3d4-1230e2a69a4a	Regards prescription drugs and medication switching	Regards prescription drugs and medication switching	2	ocd-person/2d01ff0c-25a8-49a2-b571-ab3a7866fcf2	Beth Liston	primary	direct
2025-09-01..2025-12-31	20260128LUPA1459440	National Federation of Independent Business/Ohio	org-national-federation-of-independent-business-ohio	Jared Weiser	person-jared-weiser	bill_referenced	SB 162	SB 162	bill	ocd-bill/4fe21090-d845-41a3-9cd7-ff26baccfb10	Regards timing of health insurer recoupment from providers	Regards timing of health insurer recoupment from providers	1	ocd-person/5a9b2a16-6827-4e00-961a-f3de39538749	Louis W. Blessing, III	primary	direct
2025-09-01..2025-12-31	20260128LUPA1459440	National Federation of Independent Business/Ohio	org-national-federation-of-independent-business-ohio	Jared Weiser	person-jared-weiser	bill_referenced	SB 164	SB 164	bill	ocd-bill/43851aef-176d-4db0-910f-29c855878c9b	Regulate the use of artificial intelligence by health insurers	Regulate the use of artificial intelligence by health insurers	1	ocd-person/6a1fc3b1-ebfd-47b7-adec-ddcd84d137c9	Al Cutrona	primary	direct
2025-09-01..2025-12-31	20260128LUPA1459440	National Federation of Independent Business/Ohio	org-national-federation-of-independent-business-ohio	Jared Weiser	person-jared-weiser	bill_referenced	SB 165	SB 165	bill	ocd-bill/d29ce614-f92f-461d-912d-12afb9666764	Prohibit denial of health insurance claim for certain factors	Prohibit denial of health insurance claim for certain factors	1	ocd-person/0e44b586-f6a4-44ee-b6b7-37fa8dc2e8cd	Susan Manchester	primary	direct
2025-09-01..2025-12-31	20260128LUPA1459440	National Federation of Independent Business/Ohio	org-national-federation-of-independent-business-ohio	Jared Weiser	person-jared-weiser	bill_referenced	SB 176	SB 176	bill	ocd-bill/e3812dd0-32ff-4a89-b22a-afaa2cd98186	Enact the Digital Fair Repair Act	Enact the Digital Fair Repair Act	1	ocd-person/5a9b2a16-6827-4e00-961a-f3de39538749	Louis W. Blessing, III	primary	direct
2025-09-01..2025-12-31	20260128LUPA1459440	National Federation of Independent Business/Ohio	org-national-federation-of-independent-business-ohio	Jared Weiser	person-jared-weiser	bill_referenced	SB 183	SB 183	bill	ocd-bill/6b1f589a-a168-42c8-aa1b-358273314447	Require certain construction industry employers to use E-verify	Require certain construction industry employers to use E-verify	2	ocd-person/79af20c0-6eb6-44a2-ba79-9c7e5e10ea04	Michele Reynolds	primary	direct
2025-09-01..2025-12-31	20260128LUPA1459440	National Federation of Independent Business/Ohio	org-national-federation-of-independent-business-ohio	Jared Weiser	person-jared-weiser	bill_referenced	SB 183	SB 183	bill	ocd-bill/6b1f589a-a168-42c8-aa1b-358273314447	Require certain construction industry employers to use E-verify	Require certain construction industry employers to use E-verify	2	ocd-person/b27fdceb-e9c1-46b8-9fc2-323c3f6f784c	Jerry C. Cirino	primary	direct
2025-09-01..2025-12-31	20260128LUPA1459440	National Federation of Independent Business/Ohio	org-national-federation-of-independent-business-ohio	Jared Weiser	person-jared-weiser	bill_referenced	SB 190	SB 190	bill	ocd-bill/54b2232d-1faa-401c-bd7a-2e2bae7a7a15	Enact A Good Deal for Ohio Act	Enact A Good Deal for Ohio Act	2	ocd-person/d9c3dfce-8b7f-402f-9dec-5179e38b528f	Kent Smith	primary	direct
2025-09-01..2025-12-31	20260128LUPA1459440	National Federation of Independent Business/Ohio	org-national-federation-of-independent-business-ohio	Jared Weiser	person-jared-weiser	bill_referenced	SB 190	SB 190	bill	ocd-bill/54b2232d-1faa-401c-bd7a-2e2bae7a7a15	Enact A Good Deal for Ohio Act	Enact A Good Deal for Ohio Act	2	ocd-person/5a9b2a16-6827-4e00-961a-f3de39538749	Louis W. Blessing, III	primary	direct
2025-09-01..2025-12-31	20260128LUPA1459440	National Federation of Independent Business/Ohio	org-national-federation-of-independent-business-ohio	Jared Weiser	person-jared-weiser	bill_referenced	SB 197	SB 197	bill	ocd-bill/a810a5d5-2f1d-4c9b-8648-b95f5284ef54	Legalize, tax internet gambling; make other Gambling Law changes	Legalize, tax internet gambling; make other Gambling Law changes	1	ocd-person/d3508136-3927-461f-a2f0-a85665845ab1	Nathan H. Manning	primary	direct
2025-09-01..2025-12-31	20260128LUPA1459440	National Federation of Independent Business/Ohio	org-national-federation-of-independent-business-ohio	Jared Weiser	person-jared-weiser	bill_referenced	SB 207	SB 207	bill	ocd-bill/f2831bf5-3efa-47c0-be15-bedfef815b37	Prohibit certain health insurance cost-sharing practices	Prohibit certain health insurance cost-sharing practices	2	ocd-person/2d01ff0c-25a8-49a2-b571-ab3a7866fcf2	Beth Liston	primary	direct
2025-09-01..2025-12-31	20260128LUPA1459440	National Federation of Independent Business/Ohio	org-national-federation-of-independent-business-ohio	Jared Weiser	person-jared-weiser	bill_referenced	SB 207	SB 207	bill	ocd-bill/f2831bf5-3efa-47c0-be15-bedfef815b37	Prohibit certain health insurance cost-sharing practices	Prohibit certain health insurance cost-sharing practices	2	ocd-person/0e44b586-f6a4-44ee-b6b7-37fa8dc2e8cd	Susan Manchester	primary	direct
2025-09-01..2025-12-31	20260128LUPA1459440	National Federation of Independent Business/Ohio	org-national-federation-of-independent-business-ohio	Jared Weiser	person-jared-weiser	bill_referenced	SB 210	SB 210	bill	ocd-bill/40e2dd3b-6912-46fb-8055-d964384c9305	Regards licensing, contracts for pharmacy benefit managers	Regards licensing, contracts for pharmacy benefit managers	1	ocd-person/5a9b2a16-6827-4e00-961a-f3de39538749	Louis W. Blessing, III	primary	direct
2025-09-01..2025-12-31	20260128LUPA1459440	National Federation of Independent Business/Ohio	org-national-federation-of-independent-business-ohio	Jared Weiser	person-jared-weiser	bill_referenced	SB 220	SB 220	bill	ocd-bill/a0240a09-75fb-4353-9d79-9fce98a26b00	Establish paramedicine programs; require insurance coverage	Establish paramedicine programs; require insurance coverage	1	ocd-person/0e44b586-f6a4-44ee-b6b7-37fa8dc2e8cd	Susan Manchester	primary	direct
2025-09-01..2025-12-31	20260128LUPA1459440	National Federation of Independent Business/Ohio	org-national-federation-of-independent-business-ohio	Jared Weiser	person-jared-weiser	bill_referenced	SB 227	SB 227	bill	ocd-bill/e558ddc4-3a41-46a6-8703-cbcca8654937	Cap cost sharing for prescription insulin drugs	Cap cost sharing for prescription insulin drugs	1	ocd-person/ed858ef9-97dc-4be8-97ab-006ea96923ae	Hearcel F. Craig	primary	direct
2025-09-01..2025-12-31	20260128LUPA1459440	National Federation of Independent Business/Ohio	org-national-federation-of-independent-business-ohio	Jared Weiser	person-jared-weiser	bill_referenced	SB 241	SB 241	bill	ocd-bill/d7c99147-df7b-4bc3-bb27-30f0c49294ff	Regards specified workers' compensation employer appeals	Regards specified workers' compensation employer appeals	1	ocd-person/a57f6c78-ac58-4f7d-870e-0d8052984cd9	Thomas F. Patton	primary	direct
2025-09-01..2025-12-31	20260128LUPA1459440	National Federation of Independent Business/Ohio	org-national-federation-of-independent-business-ohio	Jared Weiser	person-jared-weiser	bill_referenced	SB 264	SB 264	bill	ocd-bill/d1d7419a-f087-4577-b093-babe9ea5ccfe	Enact Megan's Way Out Act	Enact Megan's Way Out Act	1	ocd-person/d7949531-f267-4e99-9611-87b3ec3e04ac	Casey Weinstein	primary	direct
2025-09-01..2025-12-31	20260128LUPA1459440	National Federation of Independent Business/Ohio	org-national-federation-of-independent-business-ohio	Jared Weiser	person-jared-weiser	bill_referenced	SB 313	SB 313	bill	ocd-bill/d10b1b93-be9e-4846-bc91-2f8b9c020bd5	Regards insurance, Medicaid coverage of scalp cooling systems	Regards insurance, Medicaid coverage of scalp cooling systems	1	ocd-person/eb5ff860-2126-4ac5-8267-9d2d924c3967	Brian M. Chavez	primary	direct
2025-09-01..2025-12-31	20260128LUPA1459440	National Federation of Independent Business/Ohio	org-national-federation-of-independent-business-ohio	Jared Weiser	person-jared-weiser	bill_referenced	SB 336	SB 336	bill	ocd-bill/69c28f4d-14a9-4ffc-a977-cc5b1aa0e593	Require disclosure of mandatory fees in consumer transactions	Require disclosure of mandatory fees in consumer transactions	1	ocd-person/5a9b2a16-6827-4e00-961a-f3de39538749	Louis W. Blessing, III	primary	direct
2025-09-01..2025-12-31	20260128LUPA1459440	National Federation of Independent Business/Ohio	org-national-federation-of-independent-business-ohio	Jared Weiser	person-jared-weiser	bill_referenced	SB 337	SB 337	bill	ocd-bill/c088b875-f703-4da5-b08e-39582b8c6db6	Require disclosure of credit card surcharges	Require disclosure of credit card surcharges	1	ocd-person/23c443b0-e2f7-4c7a-af1e-d67d7aa366ce	Willis E. Blackshear, Jr.	primary	direct
2025-09-01..2025-12-31	20260128LUPA1459440	National Federation of Independent Business/Ohio	org-national-federation-of-independent-business-ohio	Jared Weiser	person-jared-weiser	bill_referenced	SCR 3	SCR 3	bill	ocd-bill/a6247250-36a5-4162-a173-56624ee0c28d	Urge Fair Labor Standards Act changes for employees under 16	Urge Fair Labor Standards Act changes for employees under 16	1	ocd-person/01a80305-a667-4dda-9676-1e678bddde12	Tim Schaffer	primary	direct
2025-09-01..2025-12-31	20260128LUPA1475972	State Medical Board of Ohio	org-state-medical-board-of-ohio	Melinda Snyder	person-melinda-snyder	bill_referenced	HB 11	HB 11	bill	ocd-bill/e00c3398-09fe-4c80-9c9e-698c47153e99	Regards legislative rule approval and fiscal analyses of rules	Regards legislative rule approval and fiscal analyses of rules	2	ocd-person/a3ccce64-ea28-47dc-8bab-3af6ed2dd860	Brian Lorenz	primary	direct
2025-09-01..2025-12-31	20260128LUPA1475972	State Medical Board of Ohio	org-state-medical-board-of-ohio	Melinda Snyder	person-melinda-snyder	bill_referenced	HB 11	HB 11	bill	ocd-bill/e00c3398-09fe-4c80-9c9e-698c47153e99	Regards legislative rule approval and fiscal analyses of rules	Regards legislative rule approval and fiscal analyses of rules	2	ocd-person/52608475-9678-45ce-823a-74f9c931682c	Ron Ferguson	primary	direct
2025-09-01..2025-12-31	20260128LUPA1475972	State Medical Board of Ohio	org-state-medical-board-of-ohio	Melinda Snyder	person-melinda-snyder	bill_referenced	HB 12	HB 12	bill	ocd-bill/f43567bb-674b-4060-a934-182e8d23d75d	Enact the Jeff, Dave, and Angie Patient Right to Try Act	Enact the Jeff, Dave, and Angie Patient Right to Try Act	2	ocd-person/cb2ddd04-e5b0-4c96-b217-d02b732eb896	D. J. Swearingen	primary	direct
2025-09-01..2025-12-31	20260128LUPA1475972	State Medical Board of Ohio	org-state-medical-board-of-ohio	Melinda Snyder	person-melinda-snyder	bill_referenced	HB 12	HB 12	bill	ocd-bill/f43567bb-674b-4060-a934-182e8d23d75d	Enact the Jeff, Dave, and Angie Patient Right to Try Act	Enact the Jeff, Dave, and Angie Patient Right to Try Act	2	ocd-person/4817cf28-df1f-4ccc-bc09-25809222e530	Jennifer Gross	primary	direct
2025-09-01..2025-12-31	20260128LUPA1475972	State Medical Board of Ohio	org-state-medical-board-of-ohio	Melinda Snyder	person-melinda-snyder	bill_referenced	HB 52	HB 52	bill	ocd-bill/2bf63244-b0d9-43e1-8131-d49cf32b1842	Revise the practice of certified registered nurse anesthetists	Revise the practice of certified registered nurse anesthetists	1	ocd-person/97821235-4116-44d1-b58b-acf822bbdc58	Kellie Deeter	primary	direct
2025-09-01..2025-12-31	20260128LUPA1475972	State Medical Board of Ohio	org-state-medical-board-of-ohio	Melinda Snyder	person-melinda-snyder	bill_referenced	HB 59	HB 59	bill	ocd-bill/fb115da8-ed86-4096-9722-414b03ebb134	Revise and streamline the state's occupational regulations	Revise and streamline the state's occupational regulations	2	ocd-person/292d1329-8a45-402b-8d6e-8f3b4726187a	Mark Hiner	primary	direct
2025-09-01..2025-12-31	20260128LUPA1475972	State Medical Board of Ohio	org-state-medical-board-of-ohio	Melinda Snyder	person-melinda-snyder	bill_referenced	HB 59	HB 59	bill	ocd-bill/fb115da8-ed86-4096-9722-414b03ebb134	Revise and streamline the state's occupational regulations	Revise and streamline the state's occupational regulations	2	ocd-person/5b3a7d10-e745-4985-ade9-d7fff6ae6af4	Sarah Fowler Arthur	primary	direct
2025-09-01..2025-12-31	20260128LUPA1475972	State Medical Board of Ohio	org-state-medical-board-of-ohio	Melinda Snyder	person-melinda-snyder	bill_referenced	HB 96	HB 96	bill	ocd-bill/4e02024d-881d-4a05-9191-b218c16ecff4	Make state operating appropriations for FY 2026-27	Make state operating appropriations for FY 2026-27	1	ocd-person/f4e6c51a-89bd-4841-848b-b1097fd3fc9d	Brian Stewart	primary	direct
2025-09-01..2025-12-31	20260128LUPA1475972	State Medical Board of Ohio	org-state-medical-board-of-ohio	Melinda Snyder	person-melinda-snyder	bill_referenced	HB 253	HB 253	bill	ocd-bill/d53d6f9d-3d20-4c42-b9f2-cb0783a77af1	License advanced practice respiratory therapists	License advanced practice respiratory therapists	2	ocd-person/d2ecec1d-db13-4a47-836b-9e75f3a31c78	Tom Young	primary	direct
2025-09-01..2025-12-31	20260128LUPA1475972	State Medical Board of Ohio	org-state-medical-board-of-ohio	Melinda Snyder	person-melinda-snyder	bill_referenced	HB 253	HB 253	bill	ocd-bill/d53d6f9d-3d20-4c42-b9f2-cb0783a77af1	License advanced practice respiratory therapists	License advanced practice respiratory therapists	2	ocd-person/e4f9416c-1043-4737-899e-31410e94af1d	Marilyn John	primary	direct
2025-09-01..2025-12-31	20260128LUPA1475972	State Medical Board of Ohio	org-state-medical-board-of-ohio	Melinda Snyder	person-melinda-snyder	bill_referenced	HB 324	HB 324	bill	ocd-bill/d02aa097-0a0a-4960-ba67-dfb5fd101d6d	Enact the Patient Protection Act	Enact the Patient Protection Act	2	ocd-person/75257af6-5d83-4d3b-b127-744aaa377c9f	Meredith Craig	primary	direct
2025-09-01..2025-12-31	20260128LUPA1475972	State Medical Board of Ohio	org-state-medical-board-of-ohio	Melinda Snyder	person-melinda-snyder	bill_referenced	HB 324	HB 324	bill	ocd-bill/d02aa097-0a0a-4960-ba67-dfb5fd101d6d	Enact the Patient Protection Act	Enact the Patient Protection Act	2	ocd-person/b04e2962-e7c6-46b8-9a99-d7a6d3a32717	Adam Mathews	primary	direct
2025-09-01..2025-12-31	20260128LUPA1475972	State Medical Board of Ohio	org-state-medical-board-of-ohio	Melinda Snyder	person-melinda-snyder	bill_referenced	HB 353	HB 353	bill	ocd-bill/3612fb2f-c295-4b8c-9c8a-0ff0699a7acf	Change title used by physician assistants to physician associate	Change title used by physician assistants to physician associate	2	ocd-person/b29aadca-f2da-4f09-8a1d-7aa328768507	Gayle Manning	primary	direct
2025-09-01..2025-12-31	20260128LUPA1475972	State Medical Board of Ohio	org-state-medical-board-of-ohio	Melinda Snyder	person-melinda-snyder	bill_referenced	HB 353	HB 353	bill	ocd-bill/3612fb2f-c295-4b8c-9c8a-0ff0699a7acf	Change title used by physician assistants to physician associate	Change title used by physician assistants to physician associate	2	ocd-person/1895e223-ba42-4e25-8cd0-915ca5cc2829	Brian Lampton	primary	direct
2025-09-01..2025-12-31	20260128LUPA1475972	State Medical Board of Ohio	org-state-medical-board-of-ohio	Melinda Snyder	person-melinda-snyder	bill_referenced	HB 377	HB 377	bill	ocd-bill/67c1a9c3-55f6-4d24-8339-40273aed9ed2	Regards use of light-based medical devices for hair removal	Regards use of light-based medical devices for hair removal	1	ocd-person/97821235-4116-44d1-b58b-acf822bbdc58	Kellie Deeter	primary	direct
2025-09-01..2025-12-31	20260128LUPA1475972	State Medical Board of Ohio	org-state-medical-board-of-ohio	Melinda Snyder	person-melinda-snyder	bill_referenced	HB 398	HB 398	bill	ocd-bill/bf433ea1-77c9-418f-8dce-ac29890b9ac8	Revise the law governing emergency medical technicians	Revise the law governing emergency medical technicians	2	ocd-person/7948afad-ec3c-4e4c-a073-305fb8cd1b21	Thomas Hall	primary	direct
2025-09-01..2025-12-31	20260128LUPA1475972	State Medical Board of Ohio	org-state-medical-board-of-ohio	Melinda Snyder	person-melinda-snyder	bill_referenced	HB 398	HB 398	bill	ocd-bill/bf433ea1-77c9-418f-8dce-ac29890b9ac8	Revise the law governing emergency medical technicians	Revise the law governing emergency medical technicians	2	ocd-person/97821235-4116-44d1-b58b-acf822bbdc58	Kellie Deeter	primary	direct
2025-09-01..2025-12-31	20260128LUPA1475972	State Medical Board of Ohio	org-state-medical-board-of-ohio	Melinda Snyder	person-melinda-snyder	bill_referenced	HB 423	HB 423	bill	ocd-bill/abc41e0c-677f-4ac5-9500-31b89821b83e	Regulate practice of surgical assistants, surgical technologists	Regulate practice of surgical assistants, surgical technologists	1	ocd-person/97821235-4116-44d1-b58b-acf822bbdc58	Kellie Deeter	primary	direct
2025-09-01..2025-12-31	20260128LUPA1475972	State Medical Board of Ohio	org-state-medical-board-of-ohio	Melinda Snyder	person-melinda-snyder	bill_referenced	HB 437	HB 437	bill	ocd-bill/5bd842b1-504b-4582-876e-f655a98c66b9	Enact the Healthy Cardiac Monitoring Act	Enact the Healthy Cardiac Monitoring Act	2	ocd-person/392629a2-7bb2-47df-8128-d4cd7d858324	Jean Schmidt	primary	direct
2025-09-01..2025-12-31	20260128LUPA1475972	State Medical Board of Ohio	org-state-medical-board-of-ohio	Melinda Snyder	person-melinda-snyder	bill_referenced	HB 437	HB 437	bill	ocd-bill/5bd842b1-504b-4582-876e-f655a98c66b9	Enact the Healthy Cardiac Monitoring Act	Enact the Healthy Cardiac Monitoring Act	2	ocd-person/18864718-3e48-4236-9afb-b1a61e4c52e2	Tristan Rader	primary	direct
2025-09-01..2025-12-31	20260128LUPA1475972	State Medical Board of Ohio	org-state-medical-board-of-ohio	Melinda Snyder	person-melinda-snyder	bill_referenced	HB 449	HB 449	bill	ocd-bill/e4224fdb-f7a4-48d2-8e0e-8d2e03428b7b	Enact the Better Access to Health Care Act	Enact the Better Access to Health Care Act	2	ocd-person/d6ca7e4f-dcf2-4aad-a919-a2740bae649a	Riordan T. McClain	primary	direct
2025-09-01..2025-12-31	20260128LUPA1475972	State Medical Board of Ohio	org-state-medical-board-of-ohio	Melinda Snyder	person-melinda-snyder	bill_referenced	HB 449	HB 449	bill	ocd-bill/e4224fdb-f7a4-48d2-8e0e-8d2e03428b7b	Enact the Better Access to Health Care Act	Enact the Better Access to Health Care Act	2	ocd-person/fa5ff978-34ff-49d1-958e-4e356a8ef9d4	Tim Barhorst	primary	direct
2025-09-01..2025-12-31	20260128LUPA1475972	State Medical Board of Ohio	org-state-medical-board-of-ohio	Melinda Snyder	person-melinda-snyder	bill_referenced	HB 477	HB 477	bill	ocd-bill/88935b10-8725-4ef5-aa99-48964d85219b	Require state agencies compensate AG for legal representation	Require state agencies compensate AG for legal representation	1	ocd-person/081534e7-8952-47f0-a722-ed627fb32069	Thaddeus J. Claggett	primary	direct
2025-09-01..2025-12-31	20260128LUPA1475972	State Medical Board of Ohio	org-state-medical-board-of-ohio	Melinda Snyder	person-melinda-snyder	bill_referenced	HB 479	HB 479	bill	ocd-bill/d3f46103-503a-43b2-8643-deb78cd5550a	Regards physician supervision of imaging contrast administration	Regards physician supervision of imaging contrast administration	1	ocd-person/392629a2-7bb2-47df-8128-d4cd7d858324	Jean Schmidt	primary	direct
2025-09-01..2025-12-31	20260128LUPA1475972	State Medical Board of Ohio	org-state-medical-board-of-ohio	Melinda Snyder	person-melinda-snyder	bill_referenced	HB 508	HB 508	bill	ocd-bill/1b91c90b-7bc7-4f09-a6e3-f0c407fcd2ec	Enact the Better Access to Health Care Act	Enact the Better Access to Health Care Act	2	ocd-person/36f320a8-be34-43c2-ac73-ee87fbce6b0c	Rachel B. Baker	primary	direct
2025-09-01..2025-12-31	20260128LUPA1475972	State Medical Board of Ohio	org-state-medical-board-of-ohio	Melinda Snyder	person-melinda-snyder	bill_referenced	HB 508	HB 508	bill	ocd-bill/1b91c90b-7bc7-4f09-a6e3-f0c407fcd2ec	Enact the Better Access to Health Care Act	Enact the Better Access to Health Care Act	2	ocd-person/4817cf28-df1f-4ccc-bc09-25809222e530	Jennifer Gross	primary	direct
2025-09-01..2025-12-31	20260128LUPA1475972	State Medical Board of Ohio	org-state-medical-board-of-ohio	Melinda Snyder	person-melinda-snyder	bill_referenced	HB 609	HB 609	bill	ocd-bill/035c5b8a-82dd-4ff0-9b35-6a1a659c70d4	Require public body to allow public comment before taking action	Require public body to allow public comment before taking action	2	ocd-person/75257af6-5d83-4d3b-b127-744aaa377c9f	Meredith Craig	primary	direct
2025-09-01..2025-12-31	20260128LUPA1475972	State Medical Board of Ohio	org-state-medical-board-of-ohio	Melinda Snyder	person-melinda-snyder	bill_referenced	HB 609	HB 609	bill	ocd-bill/035c5b8a-82dd-4ff0-9b35-6a1a659c70d4	Require public body to allow public comment before taking action	Require public body to allow public comment before taking action	2	ocd-person/170299dd-f2e4-463e-8b8b-ea3b75946120	David Thomas	primary	direct
2025-09-01..2025-12-31	20260128LUPA1475972	State Medical Board of Ohio	org-state-medical-board-of-ohio	Melinda Snyder	person-melinda-snyder	bill_referenced	JC 4778-1-01	JC 4778-1-01	jcarr				0				oac_dropped
2025-09-01..2025-12-31	20260128LUPA1475972	State Medical Board of Ohio	org-state-medical-board-of-ohio	Melinda Snyder	person-melinda-snyder	bill_referenced	JC 4778-1-03	JC 4778-1-03	jcarr				0				oac_dropped
2025-09-01..2025-12-31	20260128LUPA1475972	State Medical Board of Ohio	org-state-medical-board-of-ohio	Melinda Snyder	person-melinda-snyder	bill_referenced	JC 4778-1-05	JC 4778-1-05	jcarr				0				oac_dropped
2025-09-01..2025-12-31	20260128LUPA1475972	State Medical Board of Ohio	org-state-medical-board-of-ohio	Melinda Snyder	person-melinda-snyder	bill_referenced	JC 4759-4-01	JC 4759-4-01	jcarr				0				oac_dropped
2025-09-01..2025-12-31	20260128LUPA1475972	State Medical Board of Ohio	org-state-medical-board-of-ohio	Melinda Snyder	person-melinda-snyder	bill_referenced	JC 4759-4-03	JC 4759-4-03	jcarr				0				oac_dropped
2025-09-01..2025-12-31	20260128LUPA1475972	State Medical Board of Ohio	org-state-medical-board-of-ohio	Melinda Snyder	person-melinda-snyder	bill_referenced	JC 4759-4-04	JC 4759-4-04	jcarr				0				oac_dropped
2025-09-01..2025-12-31	20260128LUPA1475972	State Medical Board of Ohio	org-state-medical-board-of-ohio	Melinda Snyder	person-melinda-snyder	bill_referenced	JC 4759-4-08	JC 4759-4-08	jcarr				0				oac_dropped
2025-09-01..2025-12-31	20260128LUPA1475972	State Medical Board of Ohio	org-state-medical-board-of-ohio	Melinda Snyder	person-melinda-snyder	bill_referenced	JC 4759-4-09	JC 4759-4-09	jcarr				0				oac_dropped
2025-09-01..2025-12-31	20260128LUPA1475972	State Medical Board of Ohio	org-state-medical-board-of-ohio	Melinda Snyder	person-melinda-snyder	bill_referenced	JC 4759-5-02	JC 4759-5-02	jcarr				0				oac_dropped
2025-09-01..2025-12-31	20260128LUPA1475972	State Medical Board of Ohio	org-state-medical-board-of-ohio	Melinda Snyder	person-melinda-snyder	bill_referenced	JC 4759-5-03	JC 4759-5-03	jcarr				0				oac_dropped
2025-09-01..2025-12-31	20260128LUPA1475972	State Medical Board of Ohio	org-state-medical-board-of-ohio	Melinda Snyder	person-melinda-snyder	bill_referenced	JC 4759-5-04	JC 4759-5-04	jcarr				0				oac_dropped
2025-09-01..2025-12-31	20260128LUPA1475972	State Medical Board of Ohio	org-state-medical-board-of-ohio	Melinda Snyder	person-melinda-snyder	bill_referenced	JC 4759-5-05	JC 4759-5-05	jcarr				0				oac_dropped
2025-09-01..2025-12-31	20260128LUPA1475972	State Medical Board of Ohio	org-state-medical-board-of-ohio	Melinda Snyder	person-melinda-snyder	bill_referenced	JC 4759-5-06	JC 4759-5-06	jcarr				0				oac_dropped
2025-09-01..2025-12-31	20260128LUPA1475972	State Medical Board of Ohio	org-state-medical-board-of-ohio	Melinda Snyder	person-melinda-snyder	bill_referenced	JC 4730-2-04	JC 4730-2-04	jcarr				0				oac_dropped
2025-09-01..2025-12-31	20260128LUPA1475972	State Medical Board of Ohio	org-state-medical-board-of-ohio	Melinda Snyder	person-melinda-snyder	bill_referenced	JC 4730-2-05	JC 4730-2-05	jcarr				0				oac_dropped
2025-09-01..2025-12-31	20260128LUPA1475972	State Medical Board of Ohio	org-state-medical-board-of-ohio	Melinda Snyder	person-melinda-snyder	bill_referenced	JC 4730-2-10	JC 4730-2-10	jcarr				0				oac_dropped
2025-09-01..2025-12-31	20260128LUPA1475972	State Medical Board of Ohio	org-state-medical-board-of-ohio	Melinda Snyder	person-melinda-snyder	bill_referenced	JC 4731-24-02	JC 4731-24-02	jcarr				0				oac_dropped
2025-09-01..2025-12-31	20260128LUPA1475972	State Medical Board of Ohio	org-state-medical-board-of-ohio	Melinda Snyder	person-melinda-snyder	bill_referenced	JC 4731-6-02	JC 4731-6-02	jcarr				0				oac_dropped
2025-09-01..2025-12-31	20260128LUPA1475972	State Medical Board of Ohio	org-state-medical-board-of-ohio	Melinda Snyder	person-melinda-snyder	bill_referenced	JC 4731-6-21	JC 4731-6-21	jcarr				0				oac_dropped
2025-09-01..2025-12-31	20260128LUPA1475972	State Medical Board of Ohio	org-state-medical-board-of-ohio	Melinda Snyder	person-melinda-snyder	bill_referenced	JC 4731-6-33	JC 4731-6-33	jcarr				0				oac_dropped
2025-09-01..2025-12-31	20260128LUPA1475972	State Medical Board of Ohio	org-state-medical-board-of-ohio	Melinda Snyder	person-melinda-snyder	bill_referenced	JC 4778-1-02	JC 4778-1-02	jcarr				0				oac_dropped
2025-09-01..2025-12-31	20260128LUPA1475972	State Medical Board of Ohio	org-state-medical-board-of-ohio	Melinda Snyder	person-melinda-snyder	bill_referenced	JC 4731-9-01	JC 4731-9-01	jcarr				0				oac_dropped
2025-09-01..2025-12-31	20260128LUPA1475972	State Medical Board of Ohio	org-state-medical-board-of-ohio	Melinda Snyder	person-melinda-snyder	bill_referenced	JC 4730-1-06	JC 4730-1-06	jcarr				0				oac_dropped
2025-09-01..2025-12-31	20260128LUPA1475972	State Medical Board of Ohio	org-state-medical-board-of-ohio	Melinda Snyder	person-melinda-snyder	bill_referenced	JC 4759-2-01	JC 4759-2-01	jcarr				0				oac_dropped
2025-09-01..2025-12-31	20260128LUPA1475972	State Medical Board of Ohio	org-state-medical-board-of-ohio	Melinda Snyder	person-melinda-snyder	bill_referenced	JC 4759-4-02	JC 4759-4-02	jcarr				0				oac_dropped
2025-09-01..2025-12-31	20260128LUPA1475972	State Medical Board of Ohio	org-state-medical-board-of-ohio	Melinda Snyder	person-melinda-snyder	bill_referenced	JC 4759-5-01	JC 4759-5-01	jcarr				0				oac_dropped
2025-09-01..2025-12-31	20260128LUPA1475972	State Medical Board of Ohio	org-state-medical-board-of-ohio	Melinda Snyder	person-melinda-snyder	bill_referenced	JC 4759-6-01	JC 4759-6-01	jcarr				0				oac_dropped
2025-09-01..2025-12-31	20260128LUPA1475972	State Medical Board of Ohio	org-state-medical-board-of-ohio	Melinda Snyder	person-melinda-snyder	bill_referenced	JC 4759-6-02	JC 4759-6-02	jcarr				0				oac_dropped
2025-09-01..2025-12-31	20260128LUPA1475972	State Medical Board of Ohio	org-state-medical-board-of-ohio	Melinda Snyder	person-melinda-snyder	bill_referenced	JC 4759-6-03	JC 4759-6-03	jcarr				0				oac_dropped
2025-09-01..2025-12-31	20260128LUPA1475972	State Medical Board of Ohio	org-state-medical-board-of-ohio	Melinda Snyder	person-melinda-snyder	bill_referenced	JC 4759-9-01	JC 4759-9-01	jcarr				0				oac_dropped
2025-09-01..2025-12-31	20260128LUPA1475972	State Medical Board of Ohio	org-state-medical-board-of-ohio	Melinda Snyder	person-melinda-snyder	bill_referenced	JC 4731-6-01	JC 4731-6-01	jcarr				0				oac_dropped
2025-09-01..2025-12-31	20260128LUPA1475972	State Medical Board of Ohio	org-state-medical-board-of-ohio	Melinda Snyder	person-melinda-snyder	bill_referenced	JC 4731-6-14	JC 4731-6-14	jcarr				0				oac_dropped
2025-09-01..2025-12-31	20260128LUPA1475972	State Medical Board of Ohio	org-state-medical-board-of-ohio	Melinda Snyder	person-melinda-snyder	bill_referenced	JC 4731-6-15	JC 4731-6-15	jcarr				0				oac_dropped
2025-09-01..2025-12-31	20260128LUPA1475972	State Medical Board of Ohio	org-state-medical-board-of-ohio	Melinda Snyder	person-melinda-snyder	bill_referenced	JC 4731-6-22	JC 4731-6-22	jcarr				0				oac_dropped
2025-09-01..2025-12-31	20260128LUPA1475972	State Medical Board of Ohio	org-state-medical-board-of-ohio	Melinda Snyder	person-melinda-snyder	bill_referenced	JC 4731-6-30	JC 4731-6-30	jcarr				0				oac_dropped
2025-09-01..2025-12-31	20260128LUPA1475972	State Medical Board of Ohio	org-state-medical-board-of-ohio	Melinda Snyder	person-melinda-snyder	bill_referenced	JC 4731-6-31	JC 4731-6-31	jcarr				0				oac_dropped
2025-09-01..2025-12-31	20260128LUPA1475972	State Medical Board of Ohio	org-state-medical-board-of-ohio	Melinda Snyder	person-melinda-snyder	bill_referenced	JC 4731-6-34	JC 4731-6-34	jcarr				0				oac_dropped
2025-09-01..2025-12-31	20260128LUPA1475972	State Medical Board of Ohio	org-state-medical-board-of-ohio	Melinda Snyder	person-melinda-snyder	bill_referenced	JC 4731-24-01	JC 4731-24-01	jcarr				0				oac_dropped
2025-09-01..2025-12-31	20260128LUPA1475972	State Medical Board of Ohio	org-state-medical-board-of-ohio	Melinda Snyder	person-melinda-snyder	bill_referenced	JC 4731-24-03	JC 4731-24-03	jcarr				0				oac_dropped
2025-09-01..2025-12-31	20260128LUPA1475972	State Medical Board of Ohio	org-state-medical-board-of-ohio	Melinda Snyder	person-melinda-snyder	bill_referenced	JC 4731-4-01	JC 4731-4-01	jcarr				0				oac_dropped
2025-09-01..2025-12-31	20260128LUPA1475972	State Medical Board of Ohio	org-state-medical-board-of-ohio	Melinda Snyder	person-melinda-snyder	bill_referenced	JC 4731-4-02	JC 4731-4-02	jcarr				0				oac_dropped
2025-09-01..2025-12-31	20260128LUPA1475972	State Medical Board of Ohio	org-state-medical-board-of-ohio	Melinda Snyder	person-melinda-snyder	bill_referenced	JC 4731-1-02	JC 4731-1-02	jcarr				0				oac_dropped
2025-09-01..2025-12-31	20260128LUPA1475972	State Medical Board of Ohio	org-state-medical-board-of-ohio	Melinda Snyder	person-melinda-snyder	bill_referenced	JC 4731-1-05	JC 4731-1-05	jcarr				0				oac_dropped
2025-09-01..2025-12-31	20260128LUPA1475972	State Medical Board of Ohio	org-state-medical-board-of-ohio	Melinda Snyder	person-melinda-snyder	bill_referenced	JC 4731-1-06	JC 4731-1-06	jcarr				0				oac_dropped
2025-09-01..2025-12-31	20260128LUPA1475972	State Medical Board of Ohio	org-state-medical-board-of-ohio	Melinda Snyder	person-melinda-snyder	bill_referenced	JC 4731-35-01	JC 4731-35-01	jcarr				0				oac_dropped
2025-09-01..2025-12-31	20260128LUPA1475972	State Medical Board of Ohio	org-state-medical-board-of-ohio	Melinda Snyder	person-melinda-snyder	bill_referenced	JC 4731-35-02	JC 4731-35-02	jcarr				0				oac_dropped
2025-09-01..2025-12-31	20260128LUPA1475972	State Medical Board of Ohio	org-state-medical-board-of-ohio	Melinda Snyder	person-melinda-snyder	bill_referenced	JC 4731-36-01	JC 4731-36-01	jcarr				0				oac_dropped
2025-09-01..2025-12-31	20260128LUPA1475972	State Medical Board of Ohio	org-state-medical-board-of-ohio	Melinda Snyder	person-melinda-snyder	bill_referenced	JC 4731-36-02	JC 4731-36-02	jcarr				0				oac_dropped
2025-09-01..2025-12-31	20260128LUPA1475972	State Medical Board of Ohio	org-state-medical-board-of-ohio	Melinda Snyder	person-melinda-snyder	bill_referenced	JC 4731-36-03	JC 4731-36-03	jcarr				0				oac_dropped
2025-09-01..2025-12-31	20260128LUPA1475972	State Medical Board of Ohio	org-state-medical-board-of-ohio	Melinda Snyder	person-melinda-snyder	bill_referenced	JC 4731-36-04	JC 4731-36-04	jcarr				0				oac_dropped
2025-09-01..2025-12-31	20260128LUPA1475972	State Medical Board of Ohio	org-state-medical-board-of-ohio	Melinda Snyder	person-melinda-snyder	bill_referenced	JC 4731-11-01	JC 4731-11-01	jcarr				0				oac_dropped
2025-09-01..2025-12-31	20260128LUPA1475972	State Medical Board of Ohio	org-state-medical-board-of-ohio	Melinda Snyder	person-melinda-snyder	bill_referenced	JC 4731-11-13	JC 4731-11-13	jcarr				0				oac_dropped
2025-09-01..2025-12-31	20260128LUPA1475972	State Medical Board of Ohio	org-state-medical-board-of-ohio	Melinda Snyder	person-melinda-snyder	bill_referenced	JC 4731-11-14	JC 4731-11-14	jcarr				0				oac_dropped
2025-09-01..2025-12-31	20260128LUPA1475972	State Medical Board of Ohio	org-state-medical-board-of-ohio	Melinda Snyder	person-melinda-snyder	bill_referenced	JC 4731-29-01	JC 4731-29-01	jcarr				0				oac_dropped
2025-09-01..2025-12-31	20260128LUPA1475972	State Medical Board of Ohio	org-state-medical-board-of-ohio	Melinda Snyder	person-melinda-snyder	bill_referenced	JC 4761-2-03	JC 4761-2-03	jcarr				0				oac_dropped
2025-09-01..2025-12-31	20260128LUPA1475972	State Medical Board of Ohio	org-state-medical-board-of-ohio	Melinda Snyder	person-melinda-snyder	bill_referenced	JC 4761-3-01	JC 4761-3-01	jcarr				0				oac_dropped
2025-09-01..2025-12-31	20260128LUPA1475972	State Medical Board of Ohio	org-state-medical-board-of-ohio	Melinda Snyder	person-melinda-snyder	bill_referenced	JC 4761-4-01	JC 4761-4-01	jcarr				0				oac_dropped
2025-09-01..2025-12-31	20260128LUPA1475972	State Medical Board of Ohio	org-state-medical-board-of-ohio	Melinda Snyder	person-melinda-snyder	bill_referenced	JC 4761-4-02	JC 4761-4-02	jcarr				0				oac_dropped
2025-09-01..2025-12-31	20260128LUPA1475972	State Medical Board of Ohio	org-state-medical-board-of-ohio	Melinda Snyder	person-melinda-snyder	bill_referenced	JC 4761-5-02	JC 4761-5-02	jcarr				0				oac_dropped
2025-09-01..2025-12-31	20260128LUPA1475972	State Medical Board of Ohio	org-state-medical-board-of-ohio	Melinda Snyder	person-melinda-snyder	bill_referenced	JC 4761-5-04	JC 4761-5-04	jcarr				0				oac_dropped
2025-09-01..2025-12-31	20260128LUPA1475972	State Medical Board of Ohio	org-state-medical-board-of-ohio	Melinda Snyder	person-melinda-snyder	bill_referenced	JC 4761-5-06	JC 4761-5-06	jcarr				0				oac_dropped
2025-09-01..2025-12-31	20260128LUPA1475972	State Medical Board of Ohio	org-state-medical-board-of-ohio	Melinda Snyder	person-melinda-snyder	bill_referenced	JC 4761-7-04	JC 4761-7-04	jcarr				0				oac_dropped
2025-09-01..2025-12-31	20260128LUPA1475972	State Medical Board of Ohio	org-state-medical-board-of-ohio	Melinda Snyder	person-melinda-snyder	bill_referenced	JC 4761-7-01	JC 4761-7-01	jcarr				0				oac_dropped
2025-09-01..2025-12-31	20260128LUPA1475972	State Medical Board of Ohio	org-state-medical-board-of-ohio	Melinda Snyder	person-melinda-snyder	bill_referenced	JC 4761-7-03	JC 4761-7-03	jcarr				0				oac_dropped
2025-09-01..2025-12-31	20260128LUPA1475972	State Medical Board of Ohio	org-state-medical-board-of-ohio	Melinda Snyder	person-melinda-snyder	bill_referenced	JC 4761-7-05	JC 4761-7-05	jcarr				0				oac_dropped
2025-09-01..2025-12-31	20260128LUPA1475972	State Medical Board of Ohio	org-state-medical-board-of-ohio	Melinda Snyder	person-melinda-snyder	bill_referenced	JC 4761-8-01	JC 4761-8-01	jcarr				0				oac_dropped
2025-09-01..2025-12-31	20260128LUPA1475972	State Medical Board of Ohio	org-state-medical-board-of-ohio	Melinda Snyder	person-melinda-snyder	bill_referenced	JC 4761-9-01	JC 4761-9-01	jcarr				0				oac_dropped
2025-09-01..2025-12-31	20260128LUPA1475972	State Medical Board of Ohio	org-state-medical-board-of-ohio	Melinda Snyder	person-melinda-snyder	bill_referenced	JC 4761-9-03	JC 4761-9-03	jcarr				0				oac_dropped
2025-09-01..2025-12-31	20260128LUPA1475972	State Medical Board of Ohio	org-state-medical-board-of-ohio	Melinda Snyder	person-melinda-snyder	bill_referenced	JC 4761-9-04	JC 4761-9-04	jcarr				0				oac_dropped
2025-09-01..2025-12-31	20260128LUPA1475972	State Medical Board of Ohio	org-state-medical-board-of-ohio	Melinda Snyder	person-melinda-snyder	bill_referenced	JC 4761-9-05	JC 4761-9-05	jcarr				0				oac_dropped
2025-09-01..2025-12-31	20260128LUPA1475972	State Medical Board of Ohio	org-state-medical-board-of-ohio	Melinda Snyder	person-melinda-snyder	bill_referenced	JC 4761-6-01	JC 4761-6-01	jcarr				0				oac_dropped
2025-09-01..2025-12-31	20260128LUPA1475972	State Medical Board of Ohio	org-state-medical-board-of-ohio	Melinda Snyder	person-melinda-snyder	bill_referenced	JC 4761-10-01	JC 4761-10-01	jcarr				0				oac_dropped
2025-09-01..2025-12-31	20260128LUPA1475972	State Medical Board of Ohio	org-state-medical-board-of-ohio	Melinda Snyder	person-melinda-snyder	bill_referenced	JC 4761-10-02	JC 4761-10-02	jcarr				0				oac_dropped
2025-09-01..2025-12-31	20260128LUPA1475972	State Medical Board of Ohio	org-state-medical-board-of-ohio	Melinda Snyder	person-melinda-snyder	bill_referenced	JC 4761-10-03	JC 4761-10-03	jcarr				0				oac_dropped
2025-09-01..2025-12-31	20260128LUPA1475972	State Medical Board of Ohio	org-state-medical-board-of-ohio	Melinda Snyder	person-melinda-snyder	bill_referenced	JC 4761-5-01	JC 4761-5-01	jcarr				0				oac_dropped
2025-09-01..2025-12-31	20260128LUPA1475972	State Medical Board of Ohio	org-state-medical-board-of-ohio	Melinda Snyder	person-melinda-snyder	bill_referenced	JC 4761-9-07	JC 4761-9-07	jcarr				0				oac_dropped
2025-09-01..2025-12-31	20260128LUPA1475972	State Medical Board of Ohio	org-state-medical-board-of-ohio	Melinda Snyder	person-melinda-snyder	bill_referenced	JC 4761-9-02	JC 4761-9-02	jcarr				0				oac_dropped
2025-09-01..2025-12-31	20260128LUPA1475972	State Medical Board of Ohio	org-state-medical-board-of-ohio	Melinda Snyder	person-melinda-snyder	bill_referenced	JC 4731-25-01	JC 4731-25-01	jcarr				0				oac_dropped
2025-09-01..2025-12-31	20260128LUPA1475972	State Medical Board of Ohio	org-state-medical-board-of-ohio	Melinda Snyder	person-melinda-snyder	bill_referenced	JC 4731-25-02	JC 4731-25-02	jcarr				0				oac_dropped
2025-09-01..2025-12-31	20260128LUPA1475972	State Medical Board of Ohio	org-state-medical-board-of-ohio	Melinda Snyder	person-melinda-snyder	bill_referenced	JC 4731-25-03	JC 4731-25-03	jcarr				0				oac_dropped
2025-09-01..2025-12-31	20260128LUPA1475972	State Medical Board of Ohio	org-state-medical-board-of-ohio	Melinda Snyder	person-melinda-snyder	bill_referenced	JC 4731-25-04	JC 4731-25-04	jcarr				0				oac_dropped
2025-09-01..2025-12-31	20260128LUPA1475972	State Medical Board of Ohio	org-state-medical-board-of-ohio	Melinda Snyder	person-melinda-snyder	bill_referenced	JC 4731-25-05	JC 4731-25-05	jcarr				0				oac_dropped
2025-09-01..2025-12-31	20260128LUPA1475972	State Medical Board of Ohio	org-state-medical-board-of-ohio	Melinda Snyder	person-melinda-snyder	bill_referenced	JC 4731-25-06	JC 4731-25-06	jcarr				0				oac_dropped
2025-09-01..2025-12-31	20260128LUPA1475972	State Medical Board of Ohio	org-state-medical-board-of-ohio	Melinda Snyder	person-melinda-snyder	bill_referenced	JC 4731-25-07	JC 4731-25-07	jcarr				0				oac_dropped
2025-09-01..2025-12-31	20260128LUPA1475972	State Medical Board of Ohio	org-state-medical-board-of-ohio	Melinda Snyder	person-melinda-snyder	bill_referenced	JC 4731-25-08	JC 4731-25-08	jcarr				0				oac_dropped
2025-09-01..2025-12-31	20260128LUPA1475972	State Medical Board of Ohio	org-state-medical-board-of-ohio	Melinda Snyder	person-melinda-snyder	bill_referenced	SB 25	SB 25	bill	ocd-bill/0d99615b-dadd-4a24-b248-9f487628ec9d	Prohibit sun lamp tanning services to individuals under age 16	Prohibit sun lamp tanning services to individuals under age 16	1	ocd-person/57300c34-0e2d-4e85-bdce-c4fb8c781541	Terry Johnson	primary	direct
2025-09-01..2025-12-31	20260128LUPA1475972	State Medical Board of Ohio	org-state-medical-board-of-ohio	Melinda Snyder	person-melinda-snyder	bill_referenced	SB 149	SB 149	bill	ocd-bill/42cd45d6-4a7f-4e42-9212-28f48a9d5985	Enter into the Respiratory Care Interstate Compact	Enter into the Respiratory Care Interstate Compact	1	ocd-person/936e5d50-e145-494b-a397-f56570530816	Kristina D. Roegner	primary	direct
2025-09-01..2025-12-31	20260128LUPA1475972	State Medical Board of Ohio	org-state-medical-board-of-ohio	Melinda Snyder	person-melinda-snyder	bill_referenced	SB 170	SB 170	bill	ocd-bill/aea078f4-9aa5-4efb-a953-5806f99317ec	Regards investigational treatments for certain illnesses	Regards investigational treatments for certain illnesses	2	ocd-person/936e5d50-e145-494b-a397-f56570530816	Kristina D. Roegner	primary	direct
2025-09-01..2025-12-31	20260128LUPA1475972	State Medical Board of Ohio	org-state-medical-board-of-ohio	Melinda Snyder	person-melinda-snyder	bill_referenced	SB 170	SB 170	bill	ocd-bill/aea078f4-9aa5-4efb-a953-5806f99317ec	Regards investigational treatments for certain illnesses	Regards investigational treatments for certain illnesses	2	ocd-person/b21d9dcd-21e9-4071-936d-f89fc5d8f643	Stephen A. Huffman	primary	direct
2025-09-01..2025-12-31	20260128LUPA1475972	State Medical Board of Ohio	org-state-medical-board-of-ohio	Melinda Snyder	person-melinda-snyder	bill_referenced	SB 226	SB 226	bill	ocd-bill/c48c0140-3330-4f82-81f6-3c6e511a7a2f	Regards use of light-based medical devices for hair removal	Regards use of light-based medical devices for hair removal	1	ocd-person/0fe32749-fe89-4f96-87d3-3d831bea2459	Theresa Gavarone	primary	direct
2025-09-01..2025-12-31	20260128LUPA1475972	State Medical Board of Ohio	org-state-medical-board-of-ohio	Melinda Snyder	person-melinda-snyder	bill_referenced	SB 230	SB 230	bill	ocd-bill/f8811f1c-66f0-49fa-9c7c-fd0ecf895e31	Authorize pharmacists to test, treat certain health conditions	Authorize pharmacists to test, treat certain health conditions	1	ocd-person/2ae62dc8-e902-4a8e-99b7-182477c50bc3	Mark Romanchuk	primary	direct
2025-09-01..2025-12-31	20260128LUPA1475972	State Medical Board of Ohio	org-state-medical-board-of-ohio	Melinda Snyder	person-melinda-snyder	bill_referenced	SB 258	SB 258	bill	ocd-bill/25480510-c582-4094-b5e9-351b988400f5	Enact the Better Access to Health Care Act	Enact the Better Access to Health Care Act	2	ocd-person/2ae62dc8-e902-4a8e-99b7-182477c50bc3	Mark Romanchuk	primary	direct
2025-09-01..2025-12-31	20260128LUPA1475972	State Medical Board of Ohio	org-state-medical-board-of-ohio	Melinda Snyder	person-melinda-snyder	bill_referenced	SB 258	SB 258	bill	ocd-bill/25480510-c582-4094-b5e9-351b988400f5	Enact the Better Access to Health Care Act	Enact the Better Access to Health Care Act	2	ocd-person/445d3fc7-d9a5-48d8-8869-f023aa274ae7	George F. Lang	primary	direct
2025-09-01..2025-12-31	20260128LUPA1477660	Pharmaceutical Research and Manufacturers of America(PhRMA)	org-pharmaceutical-research-and-manufacturers-of-america-phrma	Robert N Eshenbaugh, Jr	person-robert-n-eshenbaugh-jr	bill_referenced	HB 8	HB 8	bill	ocd-bill/ba77a847-ab42-486d-943e-50526c0062b6	Require health plan and Medicaid coverage of biomarker testing	Require health plan and Medicaid coverage of biomarker testing	1	ocd-person/07c054e9-9a51-41b2-994a-8f63b0148d07	Andrea White	primary	direct
2025-09-01..2025-12-31	20260128LUPA1477660	Pharmaceutical Research and Manufacturers of America(PhRMA)	org-pharmaceutical-research-and-manufacturers-of-america-phrma	Robert N Eshenbaugh, Jr	person-robert-n-eshenbaugh-jr	bill_referenced	HB 12	HB 12	bill	ocd-bill/f43567bb-674b-4060-a934-182e8d23d75d	Enact the Jeff, Dave, and Angie Patient Right to Try Act	Enact the Jeff, Dave, and Angie Patient Right to Try Act	2	ocd-person/cb2ddd04-e5b0-4c96-b217-d02b732eb896	D. J. Swearingen	primary	direct
2025-09-01..2025-12-31	20260128LUPA1477660	Pharmaceutical Research and Manufacturers of America(PhRMA)	org-pharmaceutical-research-and-manufacturers-of-america-phrma	Robert N Eshenbaugh, Jr	person-robert-n-eshenbaugh-jr	bill_referenced	HB 12	HB 12	bill	ocd-bill/f43567bb-674b-4060-a934-182e8d23d75d	Enact the Jeff, Dave, and Angie Patient Right to Try Act	Enact the Jeff, Dave, and Angie Patient Right to Try Act	2	ocd-person/4817cf28-df1f-4ccc-bc09-25809222e530	Jennifer Gross	primary	direct
2025-09-01..2025-12-31	20260128LUPA1477660	Pharmaceutical Research and Manufacturers of America(PhRMA)	org-pharmaceutical-research-and-manufacturers-of-america-phrma	Robert N Eshenbaugh, Jr	person-robert-n-eshenbaugh-jr	bill_referenced	HB 96	HB 96	bill	ocd-bill/4e02024d-881d-4a05-9191-b218c16ecff4	Make state operating appropriations for FY 2026-27	Make state operating appropriations for FY 2026-27	1	ocd-person/f4e6c51a-89bd-4841-848b-b1097fd3fc9d	Brian Stewart	primary	direct
2025-09-01..2025-12-31	20260128LUPA1477660	Pharmaceutical Research and Manufacturers of America(PhRMA)	org-pharmaceutical-research-and-manufacturers-of-america-phrma	Robert N Eshenbaugh, Jr	person-robert-n-eshenbaugh-jr	bill_referenced	HB 192	HB 192	bill	ocd-bill/86c1c417-ef53-48be-81dc-cf4c8c594a1f	Enact the Community Pharmacy Protection Act	Enact the Community Pharmacy Protection Act	2	ocd-person/16e469e4-8014-4ba2-8fc4-91804d6ef491	Tex Fischer	primary	direct
2025-09-01..2025-12-31	20260128LUPA1477660	Pharmaceutical Research and Manufacturers of America(PhRMA)	org-pharmaceutical-research-and-manufacturers-of-america-phrma	Robert N Eshenbaugh, Jr	person-robert-n-eshenbaugh-jr	bill_referenced	HB 192	HB 192	bill	ocd-bill/86c1c417-ef53-48be-81dc-cf4c8c594a1f	Enact the Community Pharmacy Protection Act	Enact the Community Pharmacy Protection Act	2	ocd-person/fa5ff978-34ff-49d1-958e-4e356a8ef9d4	Tim Barhorst	primary	direct
2025-09-01..2025-12-31	20260128LUPA1477660	Pharmaceutical Research and Manufacturers of America(PhRMA)	org-pharmaceutical-research-and-manufacturers-of-america-phrma	Robert N Eshenbaugh, Jr	person-robert-n-eshenbaugh-jr	bill_referenced	HB 214	HB 214	bill	ocd-bill/f0070aae-3379-416b-bf86-f23f64365eea	Require Medicaid, health insurers report on prior authorization	Require Medicaid, health insurers report on prior authorization	1	ocd-person/cefb7a31-f46c-4145-9f38-901be3b70e60	Kevin D. Miller	primary	direct
2025-09-01..2025-12-31	20260128LUPA1477660	Pharmaceutical Research and Manufacturers of America(PhRMA)	org-pharmaceutical-research-and-manufacturers-of-america-phrma	Robert N Eshenbaugh, Jr	person-robert-n-eshenbaugh-jr	bill_referenced	HB 219	HB 219	bill	ocd-bill/d7726f4a-3a49-4ba8-a522-050b184c7bf1	Establish network adequacy standards for health insurers	Establish network adequacy standards for health insurers	1	ocd-person/97821235-4116-44d1-b58b-acf822bbdc58	Kellie Deeter	primary	direct
2025-09-01..2025-12-31	20260128LUPA1477660	Pharmaceutical Research and Manufacturers of America(PhRMA)	org-pharmaceutical-research-and-manufacturers-of-america-phrma	Robert N Eshenbaugh, Jr	person-robert-n-eshenbaugh-jr	bill_referenced	HB 220	HB 220	bill	ocd-bill/4ad01ea6-c534-4777-b66c-c45bf65221bd	Regards health insurance, Medicaid prior authorization	Regards health insurance, Medicaid prior authorization	1	ocd-person/098614cd-1972-4b98-ade6-4f5fa7cefe5b	Heidi Workman	primary	direct
2025-09-01..2025-12-31	20260128LUPA1477660	Pharmaceutical Research and Manufacturers of America(PhRMA)	org-pharmaceutical-research-and-manufacturers-of-america-phrma	Robert N Eshenbaugh, Jr	person-robert-n-eshenbaugh-jr	bill_referenced	HB 229	HB 229	bill	ocd-bill/c1f69328-232b-43a2-a683-57b47df045f7	Establish licensing process, contract requirements for PBMs	Establish licensing process, contract requirements for PBMs	1	ocd-person/97821235-4116-44d1-b58b-acf822bbdc58	Kellie Deeter	primary	direct
2025-09-01..2025-12-31	20260128LUPA1477660	Pharmaceutical Research and Manufacturers of America(PhRMA)	org-pharmaceutical-research-and-manufacturers-of-america-phrma	Robert N Eshenbaugh, Jr	person-robert-n-eshenbaugh-jr	bill_referenced	HB 263	HB 263	bill	ocd-bill/c67feef2-654f-445f-ba21-63a829441c9f	Cap cost sharing for prescription insulin drugs, diabetes devices	Cap cost sharing for prescription insulin drugs, diabetes devices	2	ocd-person/7948afad-ec3c-4e4c-a073-305fb8cd1b21	Thomas Hall	primary	direct
2025-09-01..2025-12-31	20260128LUPA1477660	Pharmaceutical Research and Manufacturers of America(PhRMA)	org-pharmaceutical-research-and-manufacturers-of-america-phrma	Robert N Eshenbaugh, Jr	person-robert-n-eshenbaugh-jr	bill_referenced	HB 263	HB 263	bill	ocd-bill/c67feef2-654f-445f-ba21-63a829441c9f	Cap cost sharing for prescription insulin drugs, diabetes devices	Cap cost sharing for prescription insulin drugs, diabetes devices	2	ocd-person/538fefb8-d8ae-48f5-bb07-4161e2ccac55	Munira Abdullahi	primary	direct
2025-09-01..2025-12-31	20260128LUPA1477660	Pharmaceutical Research and Manufacturers of America(PhRMA)	org-pharmaceutical-research-and-manufacturers-of-america-phrma	Robert N Eshenbaugh, Jr	person-robert-n-eshenbaugh-jr	bill_referenced	HB 276	HB 276	bill	ocd-bill/ca897e31-c75a-455e-853e-1bdfb5d9e15e	Prohibit certain actions re: reimbursing 340B covered entities	Prohibit certain actions re: reimbursing 340B covered entities	2	ocd-person/78912d95-3dac-4487-810a-74be41508ebb	Adam Holmes	primary	direct
2025-09-01..2025-12-31	20260128LUPA1477660	Pharmaceutical Research and Manufacturers of America(PhRMA)	org-pharmaceutical-research-and-manufacturers-of-america-phrma	Robert N Eshenbaugh, Jr	person-robert-n-eshenbaugh-jr	bill_referenced	HB 276	HB 276	bill	ocd-bill/ca897e31-c75a-455e-853e-1bdfb5d9e15e	Prohibit certain actions re: reimbursing 340B covered entities	Prohibit certain actions re: reimbursing 340B covered entities	2	ocd-person/e4f9416c-1043-4737-899e-31410e94af1d	Marilyn John	primary	direct
2025-09-01..2025-12-31	20260128LUPA1477660	Pharmaceutical Research and Manufacturers of America(PhRMA)	org-pharmaceutical-research-and-manufacturers-of-america-phrma	Robert N Eshenbaugh, Jr	person-robert-n-eshenbaugh-jr	bill_referenced	HB 324	HB 324	bill	ocd-bill/d02aa097-0a0a-4960-ba67-dfb5fd101d6d	Enact the Patient Protection Act	Enact the Patient Protection Act	2	ocd-person/75257af6-5d83-4d3b-b127-744aaa377c9f	Meredith Craig	primary	direct
2025-09-01..2025-12-31	20260128LUPA1477660	Pharmaceutical Research and Manufacturers of America(PhRMA)	org-pharmaceutical-research-and-manufacturers-of-america-phrma	Robert N Eshenbaugh, Jr	person-robert-n-eshenbaugh-jr	bill_referenced	HB 324	HB 324	bill	ocd-bill/d02aa097-0a0a-4960-ba67-dfb5fd101d6d	Enact the Patient Protection Act	Enact the Patient Protection Act	2	ocd-person/b04e2962-e7c6-46b8-9a99-d7a6d3a32717	Adam Mathews	primary	direct
2025-09-01..2025-12-31	20260128LUPA1477660	Pharmaceutical Research and Manufacturers of America(PhRMA)	org-pharmaceutical-research-and-manufacturers-of-america-phrma	Robert N Eshenbaugh, Jr	person-robert-n-eshenbaugh-jr	bill_referenced	HB 434	HB 434	bill	ocd-bill/b29324ad-92f5-446f-87b1-52bcf6d20ee4	Exempt military driver's license applicants from driver's ed	Exempt military driver's license applicants from driver's ed	2	ocd-person/1895e223-ba42-4e25-8cd0-915ca5cc2829	Brian Lampton	primary	direct
2025-09-01..2025-12-31	20260128LUPA1477660	Pharmaceutical Research and Manufacturers of America(PhRMA)	org-pharmaceutical-research-and-manufacturers-of-america-phrma	Robert N Eshenbaugh, Jr	person-robert-n-eshenbaugh-jr	bill_referenced	HB 434	HB 434	bill	ocd-bill/b29324ad-92f5-446f-87b1-52bcf6d20ee4	Exempt military driver's license applicants from driver's ed	Exempt military driver's license applicants from driver's ed	2	ocd-person/550986e6-b595-4fa8-9424-8e09327cf060	Bernard Willis	primary	direct
2025-09-01..2025-12-31	20260128LUPA1477660	Pharmaceutical Research and Manufacturers of America(PhRMA)	org-pharmaceutical-research-and-manufacturers-of-america-phrma	Robert N Eshenbaugh, Jr	person-robert-n-eshenbaugh-jr	bill_referenced	HB 448	HB 448	bill	ocd-bill/4eb83d16-79d3-493f-9313-56c479ca6bd0	Apply prescription drug rebates to cost-sharing requirements	Apply prescription drug rebates to cost-sharing requirements	2	ocd-person/fa5ff978-34ff-49d1-958e-4e356a8ef9d4	Tim Barhorst	primary	direct
2025-09-01..2025-12-31	20260128LUPA1477660	Pharmaceutical Research and Manufacturers of America(PhRMA)	org-pharmaceutical-research-and-manufacturers-of-america-phrma	Robert N Eshenbaugh, Jr	person-robert-n-eshenbaugh-jr	bill_referenced	HB 448	HB 448	bill	ocd-bill/4eb83d16-79d3-493f-9313-56c479ca6bd0	Apply prescription drug rebates to cost-sharing requirements	Apply prescription drug rebates to cost-sharing requirements	2	ocd-person/36f320a8-be34-43c2-ac73-ee87fbce6b0c	Rachel B. Baker	primary	direct
2025-09-01..2025-12-31	20260128LUPA1477660	Pharmaceutical Research and Manufacturers of America(PhRMA)	org-pharmaceutical-research-and-manufacturers-of-america-phrma	Robert N Eshenbaugh, Jr	person-robert-n-eshenbaugh-jr	bill_referenced	HB 561	HB 561	bill	ocd-bill/85693180-34b5-4a6e-83fb-edc7a8c6f466	Enact the C.H.O.I.C.E. Act	Enact the C.H.O.I.C.E. Act	2	ocd-person/062b9622-c2fa-4af2-bbea-704f0450dd47	Monica Robb Blasdel	primary	direct
2025-09-01..2025-12-31	20260128LUPA1477660	Pharmaceutical Research and Manufacturers of America(PhRMA)	org-pharmaceutical-research-and-manufacturers-of-america-phrma	Robert N Eshenbaugh, Jr	person-robert-n-eshenbaugh-jr	bill_referenced	HB 561	HB 561	bill	ocd-bill/85693180-34b5-4a6e-83fb-edc7a8c6f466	Enact the C.H.O.I.C.E. Act	Enact the C.H.O.I.C.E. Act	2	ocd-person/fb957ddc-f41c-400d-ae32-47f7e729555b	Melanie Miller	primary	direct
2025-09-01..2025-12-31	20260128LUPA1477660	Pharmaceutical Research and Manufacturers of America(PhRMA)	org-pharmaceutical-research-and-manufacturers-of-america-phrma	Robert N Eshenbaugh, Jr	person-robert-n-eshenbaugh-jr	bill_referenced	SB 78	SB 78	bill	ocd-bill/889270da-a4da-4dd1-b161-bdbc0b73241b	Establish and operate the Ohio Health Care Plan	Establish and operate the Ohio Health Care Plan	2	ocd-person/bdc3493a-a22f-4a6b-b50e-b590216d8cfd	William P. DeMora	primary	direct
2025-09-01..2025-12-31	20260128LUPA1477660	Pharmaceutical Research and Manufacturers of America(PhRMA)	org-pharmaceutical-research-and-manufacturers-of-america-phrma	Robert N Eshenbaugh, Jr	person-robert-n-eshenbaugh-jr	bill_referenced	SB 78	SB 78	bill	ocd-bill/889270da-a4da-4dd1-b161-bdbc0b73241b	Establish and operate the Ohio Health Care Plan	Establish and operate the Ohio Health Care Plan	2	ocd-person/3329274c-22b6-4b0a-b12a-e64c5733bef9	Paula Hicks-Hudson	primary	direct
2025-09-01..2025-12-31	20260128LUPA1477660	Pharmaceutical Research and Manufacturers of America(PhRMA)	org-pharmaceutical-research-and-manufacturers-of-america-phrma	Robert N Eshenbaugh, Jr	person-robert-n-eshenbaugh-jr	bill_referenced	SB 160	SB 160	bill	ocd-bill/915ae4f0-b6dd-4742-b3d4-1230e2a69a4a	Regards prescription drugs and medication switching	Regards prescription drugs and medication switching	2	ocd-person/57300c34-0e2d-4e85-bdce-c4fb8c781541	Terry Johnson	primary	direct
2025-09-01..2025-12-31	20260128LUPA1477660	Pharmaceutical Research and Manufacturers of America(PhRMA)	org-pharmaceutical-research-and-manufacturers-of-america-phrma	Robert N Eshenbaugh, Jr	person-robert-n-eshenbaugh-jr	bill_referenced	SB 160	SB 160	bill	ocd-bill/915ae4f0-b6dd-4742-b3d4-1230e2a69a4a	Regards prescription drugs and medication switching	Regards prescription drugs and medication switching	2	ocd-person/2d01ff0c-25a8-49a2-b571-ab3a7866fcf2	Beth Liston	primary	direct
2025-09-01..2025-12-31	20260128LUPA1477660	Pharmaceutical Research and Manufacturers of America(PhRMA)	org-pharmaceutical-research-and-manufacturers-of-america-phrma	Robert N Eshenbaugh, Jr	person-robert-n-eshenbaugh-jr	bill_referenced	SB 170	SB 170	bill	ocd-bill/aea078f4-9aa5-4efb-a953-5806f99317ec	Regards investigational treatments for certain illnesses	Regards investigational treatments for certain illnesses	2	ocd-person/936e5d50-e145-494b-a397-f56570530816	Kristina D. Roegner	primary	direct
2025-09-01..2025-12-31	20260128LUPA1477660	Pharmaceutical Research and Manufacturers of America(PhRMA)	org-pharmaceutical-research-and-manufacturers-of-america-phrma	Robert N Eshenbaugh, Jr	person-robert-n-eshenbaugh-jr	bill_referenced	SB 170	SB 170	bill	ocd-bill/aea078f4-9aa5-4efb-a953-5806f99317ec	Regards investigational treatments for certain illnesses	Regards investigational treatments for certain illnesses	2	ocd-person/b21d9dcd-21e9-4071-936d-f89fc5d8f643	Stephen A. Huffman	primary	direct
2025-09-01..2025-12-31	20260128LUPA1477660	Pharmaceutical Research and Manufacturers of America(PhRMA)	org-pharmaceutical-research-and-manufacturers-of-america-phrma	Robert N Eshenbaugh, Jr	person-robert-n-eshenbaugh-jr	bill_referenced	SB 198	SB 198	bill	ocd-bill/900bed23-31ba-4b11-a324-8df445e6b5ef	Prohibit certain actions re: reimbursing 340B covered entities	Prohibit certain actions re: reimbursing 340B covered entities	1	ocd-person/f2e79c7c-7e3a-496d-8f87-d43b62eb54a5	Kyle Koehler	primary	direct
2025-09-01..2025-12-31	20260128LUPA1477660	Pharmaceutical Research and Manufacturers of America(PhRMA)	org-pharmaceutical-research-and-manufacturers-of-america-phrma	Robert N Eshenbaugh, Jr	person-robert-n-eshenbaugh-jr	bill_referenced	SB 207	SB 207	bill	ocd-bill/f2831bf5-3efa-47c0-be15-bedfef815b37	Prohibit certain health insurance cost-sharing practices	Prohibit certain health insurance cost-sharing practices	2	ocd-person/2d01ff0c-25a8-49a2-b571-ab3a7866fcf2	Beth Liston	primary	direct
2025-09-01..2025-12-31	20260128LUPA1477660	Pharmaceutical Research and Manufacturers of America(PhRMA)	org-pharmaceutical-research-and-manufacturers-of-america-phrma	Robert N Eshenbaugh, Jr	person-robert-n-eshenbaugh-jr	bill_referenced	SB 207	SB 207	bill	ocd-bill/f2831bf5-3efa-47c0-be15-bedfef815b37	Prohibit certain health insurance cost-sharing practices	Prohibit certain health insurance cost-sharing practices	2	ocd-person/0e44b586-f6a4-44ee-b6b7-37fa8dc2e8cd	Susan Manchester	primary	direct
2025-09-01..2025-12-31	20260128LUPA1477660	Pharmaceutical Research and Manufacturers of America(PhRMA)	org-pharmaceutical-research-and-manufacturers-of-america-phrma	Robert N Eshenbaugh, Jr	person-robert-n-eshenbaugh-jr	bill_referenced	SB 209	SB 209	bill	ocd-bill/4148e75c-7e89-4bef-89a4-8c2d010ab8ce	Enact the Jeff, Dave, and Angie Patient Right to Try Act	Enact the Jeff, Dave, and Angie Patient Right to Try Act	2	ocd-person/79af20c0-6eb6-44a2-ba79-9c7e5e10ea04	Michele Reynolds	primary	direct
2025-09-01..2025-12-31	20260128LUPA1477660	Pharmaceutical Research and Manufacturers of America(PhRMA)	org-pharmaceutical-research-and-manufacturers-of-america-phrma	Robert N Eshenbaugh, Jr	person-robert-n-eshenbaugh-jr	bill_referenced	SB 209	SB 209	bill	ocd-bill/4148e75c-7e89-4bef-89a4-8c2d010ab8ce	Enact the Jeff, Dave, and Angie Patient Right to Try Act	Enact the Jeff, Dave, and Angie Patient Right to Try Act	2	ocd-person/6a1fc3b1-ebfd-47b7-adec-ddcd84d137c9	Al Cutrona	primary	direct
2025-09-01..2025-12-31	20260128LUPA1477660	Pharmaceutical Research and Manufacturers of America(PhRMA)	org-pharmaceutical-research-and-manufacturers-of-america-phrma	Robert N Eshenbaugh, Jr	person-robert-n-eshenbaugh-jr	bill_referenced	SB 210	SB 210	bill	ocd-bill/40e2dd3b-6912-46fb-8055-d964384c9305	Regards licensing, contracts for pharmacy benefit managers	Regards licensing, contracts for pharmacy benefit managers	1	ocd-person/5a9b2a16-6827-4e00-961a-f3de39538749	Louis W. Blessing, III	primary	direct
2025-09-01..2025-12-31	20260128LUPA1477660	Pharmaceutical Research and Manufacturers of America(PhRMA)	org-pharmaceutical-research-and-manufacturers-of-america-phrma	Robert N Eshenbaugh, Jr	person-robert-n-eshenbaugh-jr	bill_referenced	SB 227	SB 227	bill	ocd-bill/e558ddc4-3a41-46a6-8703-cbcca8654937	Cap cost sharing for prescription insulin drugs	Cap cost sharing for prescription insulin drugs	1	ocd-person/ed858ef9-97dc-4be8-97ab-006ea96923ae	Hearcel F. Craig	primary	direct
2025-09-01..2025-12-31	20260128LUPA1477660	Pharmaceutical Research and Manufacturers of America(PhRMA)	org-pharmaceutical-research-and-manufacturers-of-america-phrma	Robert N Eshenbaugh, Jr	person-robert-n-eshenbaugh-jr	bill_referenced	SB 313	SB 313	bill	ocd-bill/d10b1b93-be9e-4846-bc91-2f8b9c020bd5	Regards insurance, Medicaid coverage of scalp cooling systems	Regards insurance, Medicaid coverage of scalp cooling systems	1	ocd-person/eb5ff860-2126-4ac5-8267-9d2d924c3967	Brian M. Chavez	primary	direct
2025-09-01..2025-12-31	20260128LUPA1477660	Pharmaceutical Research and Manufacturers of America(PhRMA)	org-pharmaceutical-research-and-manufacturers-of-america-phrma	Robert N Eshenbaugh, Jr	person-robert-n-eshenbaugh-jr	bill_referenced	SJR 2	SJR 2	bill	ocd-bill/5f8454a0-1831-41d4-87ba-25dd5391412b	CA: Modify process for statutes proposed by initiative petition	CA: Modify process for statutes proposed by initiative petition	1	ocd-person/5a9b2a16-6827-4e00-961a-f3de39538749	Louis W. Blessing, III	primary	direct
2025-09-01..2025-12-31	20260128LUPA1477904	TeamHealth, Inc.	org-teamhealth-inc	Victor F Hipsley	person-victor-f-hipsley	bill_referenced	HB 219	HB 219	bill	ocd-bill/d7726f4a-3a49-4ba8-a522-050b184c7bf1	Establish network adequacy standards for health insurers	Establish network adequacy standards for health insurers	1	ocd-person/97821235-4116-44d1-b58b-acf822bbdc58	Kellie Deeter	primary	direct
2025-09-01..2025-12-31	20260128LUPA1477904	TeamHealth, Inc.	org-teamhealth-inc	Victor F Hipsley	person-victor-f-hipsley	bill_referenced	HB 257	HB 257	bill	ocd-bill/c6fd740f-064d-44e1-9854-e6aac381f727	Enact the Ohio Medical Debt Fairness Act	Enact the Ohio Medical Debt Fairness Act	2	ocd-person/392629a2-7bb2-47df-8128-d4cd7d858324	Jean Schmidt	primary	direct
2025-09-01..2025-12-31	20260128LUPA1477904	TeamHealth, Inc.	org-teamhealth-inc	Victor F Hipsley	person-victor-f-hipsley	bill_referenced	HB 257	HB 257	bill	ocd-bill/c6fd740f-064d-44e1-9854-e6aac381f727	Enact the Ohio Medical Debt Fairness Act	Enact the Ohio Medical Debt Fairness Act	2	ocd-person/100ae6b0-0c5d-4b97-9ac5-8ccb42b9168b	Michele Grim	primary	direct
2025-09-01..2025-12-31	20260128LUPA1477904	TeamHealth, Inc.	org-teamhealth-inc	Victor F Hipsley	person-victor-f-hipsley	bill_referenced	HB 390	HB 390	bill	ocd-bill/67b8f542-d87d-4276-910b-30ddc1445dcf	Prohibit health plans from requiring providers to collect copays	Prohibit health plans from requiring providers to collect copays	1	ocd-person/392629a2-7bb2-47df-8128-d4cd7d858324	Jean Schmidt	primary	direct
2025-09-01..2025-12-31	20260128LUPA1477904	TeamHealth, Inc.	org-teamhealth-inc	Victor F Hipsley	person-victor-f-hipsley	bill_referenced	HB 398	HB 398	bill	ocd-bill/bf433ea1-77c9-418f-8dce-ac29890b9ac8	Revise the law governing emergency medical technicians	Revise the law governing emergency medical technicians	2	ocd-person/7948afad-ec3c-4e4c-a073-305fb8cd1b21	Thomas Hall	primary	direct
2025-09-01..2025-12-31	20260128LUPA1477904	TeamHealth, Inc.	org-teamhealth-inc	Victor F Hipsley	person-victor-f-hipsley	bill_referenced	HB 398	HB 398	bill	ocd-bill/bf433ea1-77c9-418f-8dce-ac29890b9ac8	Revise the law governing emergency medical technicians	Revise the law governing emergency medical technicians	2	ocd-person/97821235-4116-44d1-b58b-acf822bbdc58	Kellie Deeter	primary	direct
2025-09-01..2025-12-31	20260128LUPA1477904	TeamHealth, Inc.	org-teamhealth-inc	Victor F Hipsley	person-victor-f-hipsley	bill_referenced	HB 429	HB 429	bill	ocd-bill/f500bc97-889a-4d2b-befe-8e3ec4cd2144	Ban health care reimbursement reduction based on certain factors	Ban health care reimbursement reduction based on certain factors	1	ocd-person/1a598246-01e8-44c8-beca-2c41e1bafb77	James M. Hoops	primary	direct
2025-09-01..2025-12-31	20260128LUPA1477904	TeamHealth, Inc.	org-teamhealth-inc	Victor F Hipsley	person-victor-f-hipsley	bill_referenced	HB 447	HB 447	bill	ocd-bill/9a8953ea-4650-4677-85f8-5ce6adac0c30	Regards the dollar caps on certain damages in civil actions	Regards the dollar caps on certain damages in civil actions	1	ocd-person/f4e6c51a-89bd-4841-848b-b1097fd3fc9d	Brian Stewart	primary	direct
2025-09-01..2025-12-31	20260128LUPA1477904	TeamHealth, Inc.	org-teamhealth-inc	Victor F Hipsley	person-victor-f-hipsley	bill_referenced	HB 579	HB 579	bill	ocd-bill/d5dbf7b2-de8c-4c63-be58-efaf9d3edd50	Regulate the use of artificial intelligence by health insurers	Regulate the use of artificial intelligence by health insurers	1	ocd-person/392629a2-7bb2-47df-8128-d4cd7d858324	Jean Schmidt	primary	direct
2025-09-01..2025-12-31	20260128LUPA1477904	TeamHealth, Inc.	org-teamhealth-inc	Victor F Hipsley	person-victor-f-hipsley	bill_referenced	SB 137	SB 137	bill	ocd-bill/5577d237-eabc-4417-a026-d82ebb9abb0f	Require hospitals to provide overdose reversal drugs	Require hospitals to provide overdose reversal drugs	1	ocd-person/57300c34-0e2d-4e85-bdce-c4fb8c781541	Terry Johnson	primary	direct
2025-09-01..2025-12-31	20260128LUPA1477904	TeamHealth, Inc.	org-teamhealth-inc	Victor F Hipsley	person-victor-f-hipsley	bill_referenced	SB 164	SB 164	bill	ocd-bill/43851aef-176d-4db0-910f-29c855878c9b	Regulate the use of artificial intelligence by health insurers	Regulate the use of artificial intelligence by health insurers	1	ocd-person/6a1fc3b1-ebfd-47b7-adec-ddcd84d137c9	Al Cutrona	primary	direct
2025-09-01..2025-12-31	20260128LUPA1477904	TeamHealth, Inc.	org-teamhealth-inc	Victor F Hipsley	person-victor-f-hipsley	bill_referenced	SB 165	SB 165	bill	ocd-bill/d29ce614-f92f-461d-912d-12afb9666764	Prohibit denial of health insurance claim for certain factors	Prohibit denial of health insurance claim for certain factors	1	ocd-person/0e44b586-f6a4-44ee-b6b7-37fa8dc2e8cd	Susan Manchester	primary	direct
2025-09-01..2025-12-31	20260128LUPA1477904	TeamHealth, Inc.	org-teamhealth-inc	Victor F Hipsley	person-victor-f-hipsley	bill_referenced	SB 292	SB 292	bill	ocd-bill/a9c4108c-ce22-4317-bf44-ab44e72e94de	Revise caps on noneconomic, punitive, and exemplary damages	Revise caps on noneconomic, punitive, and exemplary damages	1	ocd-person/5a9b2a16-6827-4e00-961a-f3de39538749	Louis W. Blessing, III	primary	direct
2025-09-01..2025-12-31	20260129LUPA1480814	Ohio Aggregates & Industrial Minerals Association	org-ohio-aggregates-industrial-minerals-association	R Daniel Mapes	person-r-daniel-mapes	bill_referenced	HB 227	HB 227	bill	ocd-bill/15a2c24f-d963-44c8-9c8a-a861692d0274	Modify excavation requirements	Modify excavation requirements	2	ocd-person/4af0e8db-ad18-424f-abfa-ce31e37c0b7d	Mark Johnson	primary	direct
2025-09-01..2025-12-31	20260129LUPA1480814	Ohio Aggregates & Industrial Minerals Association	org-ohio-aggregates-industrial-minerals-association	R Daniel Mapes	person-r-daniel-mapes	bill_referenced	HB 227	HB 227	bill	ocd-bill/15a2c24f-d963-44c8-9c8a-a861692d0274	Modify excavation requirements	Modify excavation requirements	2	ocd-person/062b9622-c2fa-4af2-bbea-704f0450dd47	Monica Robb Blasdel	primary	direct
2025-09-01..2025-12-31	20260129LUPA1480814	Ohio Aggregates & Industrial Minerals Association	org-ohio-aggregates-industrial-minerals-association	R Daniel Mapes	person-r-daniel-mapes	bill_referenced	SB 181	SB 181	bill	ocd-bill/e6b89ac3-12d5-47ae-89da-80a7a16893be	Regards limestone, dolomite mining; increase severance taxes	Regards limestone, dolomite mining; increase severance taxes	1	ocd-person/bb1ae016-cdfe-48aa-8bc5-9e3636e430f3	Shane Wilkin	primary	direct
2025-09-01..2025-12-31	20260130EUPA1482982	Fuyao Glass America, Inc.	org-fuyao-glass-america-inc	Shannon Strow	person-shannon-strow	subject_hoisted_from_description	Foreign Adversary Property Protection	Foreign Adversary Property Protection	subject				0				subject_only
2025-09-01..2025-12-31	20260130LUPA1482470	Milan Laser Corporate, LLC dba Milan Laser Hair Removal	org-milan-laser-corporate-llc-dba-milan-laser-hair-removal	Leah Pappas Porner	person-leah-pappas-porner	bill_referenced	HB 377	HB 377	bill	ocd-bill/67c1a9c3-55f6-4d24-8339-40273aed9ed2	Regards use of light-based medical devices for hair removal	Regards use of light-based medical devices for hair removal	1	ocd-person/97821235-4116-44d1-b58b-acf822bbdc58	Kellie Deeter	primary	direct
2025-09-01..2025-12-31	20260130LUPA1482902	Fuyao Glass America, Inc.	org-fuyao-glass-america-inc	Lori Kershner	person-lori-kershner	bill_referenced	HB 1	HB 1	bill	ocd-bill/5d465c11-0107-45e7-a22a-68dd6295898d	Enact Ohio Property Protection Act	Enact Ohio Property Protection Act	2	ocd-person/73e72147-0d40-4478-bbf6-3419f0e00b46	Roy Klopfenstein	primary	direct
2025-09-01..2025-12-31	20260130LUPA1482902	Fuyao Glass America, Inc.	org-fuyao-glass-america-inc	Lori Kershner	person-lori-kershner	bill_referenced	HB 1	HB 1	bill	ocd-bill/5d465c11-0107-45e7-a22a-68dd6295898d	Enact Ohio Property Protection Act	Enact Ohio Property Protection Act	2	ocd-person/4ed8184a-01ff-4bdc-a06c-cbf8b4c73fd6	Angela N. King	primary	direct
2025-09-01..2025-12-31	20260130LUPA1482902	Fuyao Glass America, Inc.	org-fuyao-glass-america-inc	Lori Kershner	person-lori-kershner	bill_referenced	HB 42	HB 42	bill	ocd-bill/9c2700f6-9387-4071-b758-111d93d299b3	Require certain agencies to collect and report citizenship data	Require certain agencies to collect and report citizenship data	2	ocd-person/1e52d1da-3e5c-442e-a460-d63b62709edf	Josh Williams	primary	direct
2025-09-01..2025-12-31	20260130LUPA1482902	Fuyao Glass America, Inc.	org-fuyao-glass-america-inc	Lori Kershner	person-lori-kershner	bill_referenced	HB 42	HB 42	bill	ocd-bill/9c2700f6-9387-4071-b758-111d93d299b3	Require certain agencies to collect and report citizenship data	Require certain agencies to collect and report citizenship data	2	ocd-person/16e469e4-8014-4ba2-8fc4-91804d6ef491	Tex Fischer	primary	direct
2025-09-01..2025-12-31	20260130LUPA1482902	Fuyao Glass America, Inc.	org-fuyao-glass-america-inc	Lori Kershner	person-lori-kershner	bill_referenced	SB 88	SB 88	bill	ocd-bill/4cc9b08c-3b2e-4858-bb03-805c84e0fcba	Enact the Ohio Property Protection Act	Enact the Ohio Property Protection Act	1	ocd-person/57300c34-0e2d-4e85-bdce-c4fb8c781541	Terry Johnson	primary	direct
2025-09-01..2025-12-31	20260130LUPA1482928	AARP	org-aarp	Jennifer Carlson	person-jennifer-carlson	bill_referenced	HB 279	HB 279	bill	ocd-bill/1af811d4-b33d-45a3-9604-5a177158a36d	Authorize an income tax credit for family caregiving expenses	Authorize an income tax credit for family caregiving expenses	2	ocd-person/1e52d1da-3e5c-442e-a460-d63b62709edf	Josh Williams	primary	direct
2025-09-01..2025-12-31	20260130LUPA1482928	AARP	org-aarp	Jennifer Carlson	person-jennifer-carlson	bill_referenced	HB 279	HB 279	bill	ocd-bill/1af811d4-b33d-45a3-9604-5a177158a36d	Authorize an income tax credit for family caregiving expenses	Authorize an income tax credit for family caregiving expenses	2	ocd-person/b04e2962-e7c6-46b8-9a99-d7a6d3a32717	Adam Mathews	primary	direct
2025-09-01..2025-12-31	20260130LUPA1482928	AARP	org-aarp	Jennifer Carlson	person-jennifer-carlson	bill_referenced	HB 287	HB 287	bill	ocd-bill/90df82f3-d4fa-477c-b04c-ca36157af5ac	Revise law related to real estate wholesalers	Revise law related to real estate wholesalers	2	ocd-person/1e52d1da-3e5c-442e-a460-d63b62709edf	Josh Williams	primary	direct
2025-09-01..2025-12-31	20260130LUPA1482928	AARP	org-aarp	Jennifer Carlson	person-jennifer-carlson	bill_referenced	HB 287	HB 287	bill	ocd-bill/90df82f3-d4fa-477c-b04c-ca36157af5ac	Revise law related to real estate wholesalers	Revise law related to real estate wholesalers	2	ocd-person/e4f9416c-1043-4737-899e-31410e94af1d	Marilyn John	primary	direct
2025-09-01..2025-12-31	20260130LUPA1482928	AARP	org-aarp	Jennifer Carlson	person-jennifer-carlson	bill_referenced	SB 155	SB 155	bill	ocd-bill/d54e9db9-26fe-48ae-a188-f5cb8967079f	Revise the real estate wholesaler law	Revise the real estate wholesaler law	2	ocd-person/94ba65dd-57c5-4ab0-b607-5e310d50cae0	Catherine D. Ingram	primary	direct
2025-09-01..2025-12-31	20260130LUPA1482928	AARP	org-aarp	Jennifer Carlson	person-jennifer-carlson	bill_referenced	SB 155	SB 155	bill	ocd-bill/d54e9db9-26fe-48ae-a188-f5cb8967079f	Revise the real estate wholesaler law	Revise the real estate wholesaler law	2	ocd-person/c61c8eaf-1de9-419d-a5dc-c96787315578	Andrew O. Brenner	primary	direct
2025-09-01..2025-12-31	20260130LUPA1482928	AARP	org-aarp	Jennifer Carlson	person-jennifer-carlson	bill_referenced	SB 205	SB 205	bill	ocd-bill/1306575c-7cb3-469b-ad06-1b6e344be691	Authorize an income tax credit for family caregiving expenses	Authorize an income tax credit for family caregiving expenses	1	ocd-person/79af20c0-6eb6-44a2-ba79-9c7e5e10ea04	Michele Reynolds	primary	direct
2025-09-01..2025-12-31	20260201EUPA1485334	Triple P America Inc.	org-triple-p-america-inc	Michael Hall	person-michael-hall	subject_general	Children and Youth	Children and Youth	subject			parenting program funding	0				subject_only
2025-09-01..2025-12-31	20260201EUPA1485334	Triple P America Inc.	org-triple-p-america-inc	Michael Hall	person-michael-hall	subject_general	Children's Trust Fund Board	Children's Trust Fund Board	subject			parenting program funding	0				subject_only
2025-09-01..2025-12-31	20260201EUPA1485334	Triple P America Inc.	org-triple-p-america-inc	Michael Hall	person-michael-hall	subject_general	Fatherhood Commission	Fatherhood Commission	subject			parenting program funding	0				subject_only
2025-09-01..2025-12-31	20260201EUPA1485334	Triple P America Inc.	org-triple-p-america-inc	Michael Hall	person-michael-hall	subject_general	Governor	Governor	subject			parenting program funding	0				subject_only
2025-09-01..2025-12-31	20260201EUPA1485334	Triple P America Inc.	org-triple-p-america-inc	Michael Hall	person-michael-hall	subject_general	Mental Health & Addiction Services	Mental Health & Addiction Services	subject			parenting program funding	0				subject_only
2025-09-01..2025-12-31	20260201EUPA1485334	Triple P America Inc.	org-triple-p-america-inc	Michael Hall	person-michael-hall	subject_general	Youth Services	Youth Services	subject			parenting program funding	0				subject_only
2025-09-01..2025-12-31	20260202EUPA1483138	Mental Health & Addiction Advocacy Coalition	org-mental-health-addiction-advocacy-coalition	Joan Englund	person-joan-englund	subject_general	Behavioral Health	Behavioral Health	subject			Behavioral Health Workforce	0				subject_only
2025-09-01..2025-12-31	20260202EUPA1483138	Mental Health & Addiction Advocacy Coalition	org-mental-health-addiction-advocacy-coalition	Joan Englund	person-joan-englund	subject_general	Medicaid	Medicaid	subject			Buckeye Health Plan's Behavioral Health PA Policy	0				subject_only
2025-09-01..2025-12-31	20260202EUPA1483138	Mental Health & Addiction Advocacy Coalition	org-mental-health-addiction-advocacy-coalition	Joan Englund	person-joan-englund	subject_general	Governor	Governor	subject			DBH Adult Mobile Crisis RFA and Crisis Services Development	0				subject_only
2025-09-01..2025-12-31	20260202EUPA1483138	Mental Health & Addiction Advocacy Coalition	org-mental-health-addiction-advocacy-coalition	Joan Englund	person-joan-englund	bill_referenced	SB 295	SB 295	bill	ocd-bill/ca9524f1-6664-4fdf-b874-cf021d3d1d33	Regards the timeline for restoring competency in criminal cases	SB 295	2	ocd-person/a57f6c78-ac58-4f7d-870e-0d8052984cd9	Thomas F. Patton	primary	direct
2025-09-01..2025-12-31	20260202EUPA1483138	Mental Health & Addiction Advocacy Coalition	org-mental-health-addiction-advocacy-coalition	Joan Englund	person-joan-englund	bill_referenced	SB 295	SB 295	bill	ocd-bill/ca9524f1-6664-4fdf-b874-cf021d3d1d33	Regards the timeline for restoring competency in criminal cases	SB 295	2	ocd-person/d3508136-3927-461f-a2f0-a85665845ab1	Nathan H. Manning	primary	direct
2025-09-01..2025-12-31	20260202EUPA1483138	Mental Health & Addiction Advocacy Coalition	org-mental-health-addiction-advocacy-coalition	Joan Englund	person-joan-englund	subject_general	Behavioral Health	Behavioral Health	subject			Adult Mobile Crisis RFA and Crisis Services Development	0				subject_only
2025-09-01..2025-12-31	20260202LUPA1485892	Department of Job and Family Services	org-department-of-job-and-family-services	Margaret Camma	person-margaret-camma	bill_referenced	HB 10	HB 10	bill	ocd-bill/a2ff0a3d-83b4-4ed5-bdc5-44ab40e5f0ba	Regulate imitation meat and egg products	Regulate imitation meat and egg products	2	ocd-person/9c459852-5ff7-4607-a09a-6ee2480dece1	Jack K. Daniels	primary	direct
2025-09-01..2025-12-31	20260202LUPA1485892	Department of Job and Family Services	org-department-of-job-and-family-services	Margaret Camma	person-margaret-camma	bill_referenced	HB 10	HB 10	bill	ocd-bill/a2ff0a3d-83b4-4ed5-bdc5-44ab40e5f0ba	Regulate imitation meat and egg products	Regulate imitation meat and egg products	2	ocd-person/73e72147-0d40-4478-bbf6-3419f0e00b46	Roy Klopfenstein	primary	direct
2025-09-01..2025-12-31	20260202LUPA1485892	Department of Job and Family Services	org-department-of-job-and-family-services	Margaret Camma	person-margaret-camma	bill_referenced	HB 42	HB 42	bill	ocd-bill/9c2700f6-9387-4071-b758-111d93d299b3	Require certain agencies to collect and report citizenship data	Require certain agencies to collect and report citizenship data	2	ocd-person/1e52d1da-3e5c-442e-a460-d63b62709edf	Josh Williams	primary	direct
2025-09-01..2025-12-31	20260202LUPA1485892	Department of Job and Family Services	org-department-of-job-and-family-services	Margaret Camma	person-margaret-camma	bill_referenced	HB 42	HB 42	bill	ocd-bill/9c2700f6-9387-4071-b758-111d93d299b3	Require certain agencies to collect and report citizenship data	Require certain agencies to collect and report citizenship data	2	ocd-person/16e469e4-8014-4ba2-8fc4-91804d6ef491	Tex Fischer	primary	direct
2025-09-01..2025-12-31	20260202LUPA1485892	Department of Job and Family Services	org-department-of-job-and-family-services	Margaret Camma	person-margaret-camma	bill_referenced	HB 216	HB 216	bill	ocd-bill/e81d21e8-9133-4632-83c9-19b8f1d79863	Enact A HAND UP Act	Enact A HAND UP Act	2	ocd-person/74c1210d-fb56-4522-8d3a-0a2bb08c972b	Dontavius L. Jarrells	primary	direct
2025-09-01..2025-12-31	20260202LUPA1485892	Department of Job and Family Services	org-department-of-job-and-family-services	Margaret Camma	person-margaret-camma	bill_referenced	HB 216	HB 216	bill	ocd-bill/e81d21e8-9133-4632-83c9-19b8f1d79863	Enact A HAND UP Act	Enact A HAND UP Act	2	ocd-person/1e52d1da-3e5c-442e-a460-d63b62709edf	Josh Williams	primary	direct
2025-09-01..2025-12-31	20260202LUPA1485892	Department of Job and Family Services	org-department-of-job-and-family-services	Margaret Camma	person-margaret-camma	bill_referenced	HB 256	HB 256	bill	ocd-bill/ff0e1468-900e-44e8-a215-3141d9837cb3	Revise the law regarding child custody for unwed parents	Revise the law regarding child custody for unwed parents	2	ocd-person/60fdc824-a8ab-44fa-80ca-053d8698218e	Jeff LaRe	primary	direct
2025-09-01..2025-12-31	20260202LUPA1485892	Department of Job and Family Services	org-department-of-job-and-family-services	Margaret Camma	person-margaret-camma	bill_referenced	HB 256	HB 256	bill	ocd-bill/ff0e1468-900e-44e8-a215-3141d9837cb3	Revise the law regarding child custody for unwed parents	Revise the law regarding child custody for unwed parents	2	ocd-person/1e52d1da-3e5c-442e-a460-d63b62709edf	Josh Williams	primary	direct
2025-09-01..2025-12-31	20260202LUPA1485892	Department of Job and Family Services	org-department-of-job-and-family-services	Margaret Camma	person-margaret-camma	bill_referenced	HB 376	HB 376	bill	ocd-bill/eb40d202-4696-41b7-abe6-fbe1ea98a302	Reduce the maximum weeks an individual may receive unemployment	Reduce the maximum weeks an individual may receive unemployment	1	ocd-person/d06c06f8-2f63-4a29-8388-ed0747b97f48	Michelle Teska	primary	direct
2025-09-01..2025-12-31	20260202LUPA1485892	Department of Job and Family Services	org-department-of-job-and-family-services	Margaret Camma	person-margaret-camma	bill_referenced	HB 395	HB 395	bill	ocd-bill/571cb647-e3ef-4a75-84d0-160a14922d00	Require ODJFS online process to report job interview no-shows	Require ODJFS online process to report job interview no-shows	2	ocd-person/4817cf28-df1f-4ccc-bc09-25809222e530	Jennifer Gross	primary	direct
2025-09-01..2025-12-31	20260202LUPA1485892	Department of Job and Family Services	org-department-of-job-and-family-services	Margaret Camma	person-margaret-camma	bill_referenced	HB 395	HB 395	bill	ocd-bill/571cb647-e3ef-4a75-84d0-160a14922d00	Require ODJFS online process to report job interview no-shows	Require ODJFS online process to report job interview no-shows	2	ocd-person/a3ccce64-ea28-47dc-8bab-3af6ed2dd860	Brian Lorenz	primary	direct
2025-09-01..2025-12-31	20260202LUPA1485892	Department of Job and Family Services	org-department-of-job-and-family-services	Margaret Camma	person-margaret-camma	bill_referenced	HB 434	HB 434	bill	ocd-bill/b29324ad-92f5-446f-87b1-52bcf6d20ee4	Exempt military driver's license applicants from driver's ed	Exempt military driver's license applicants from driver's ed	2	ocd-person/1895e223-ba42-4e25-8cd0-915ca5cc2829	Brian Lampton	primary	direct
2025-09-01..2025-12-31	20260202LUPA1485892	Department of Job and Family Services	org-department-of-job-and-family-services	Margaret Camma	person-margaret-camma	bill_referenced	HB 434	HB 434	bill	ocd-bill/b29324ad-92f5-446f-87b1-52bcf6d20ee4	Exempt military driver's license applicants from driver's ed	Exempt military driver's license applicants from driver's ed	2	ocd-person/550986e6-b595-4fa8-9424-8e09327cf060	Bernard Willis	primary	direct
2025-09-01..2025-12-31	20260202LUPA1485892	Department of Job and Family Services	org-department-of-job-and-family-services	Margaret Camma	person-margaret-camma	bill_referenced	HB 435	HB 435	bill	ocd-bill/dca55815-ad37-4697-a7a3-f135953a7bcd	Enact the Right to Know Act	Enact the Right to Know Act	2	ocd-person/fb957ddc-f41c-400d-ae32-47f7e729555b	Melanie Miller	primary	direct
2025-09-01..2025-12-31	20260202LUPA1485892	Department of Job and Family Services	org-department-of-job-and-family-services	Margaret Camma	person-margaret-camma	bill_referenced	HB 435	HB 435	bill	ocd-bill/dca55815-ad37-4697-a7a3-f135953a7bcd	Enact the Right to Know Act	Enact the Right to Know Act	2	ocd-person/1e52d1da-3e5c-442e-a460-d63b62709edf	Josh Williams	primary	direct
2025-09-01..2025-12-31	20260202LUPA1485892	Department of Job and Family Services	org-department-of-job-and-family-services	Margaret Camma	person-margaret-camma	bill_referenced	HB 502	HB 502	bill	ocd-bill/32ef21e6-c844-4b32-b5f8-daf701c6c57e	Appropriate funds for SNAP, TANF, WIC upon lapse in federal funds	Appropriate funds for SNAP, TANF, WIC upon lapse in federal funds	1	ocd-person/b2c76bf8-569f-4e80-bd3d-fa8273a8356c	Latyna M. Humphrey	primary	direct
2025-09-01..2025-12-31	20260202LUPA1485892	Department of Job and Family Services	org-department-of-job-and-family-services	Margaret Camma	person-margaret-camma	bill_referenced	HB 523	HB 523	bill	ocd-bill/e1202189-1192-4acb-bc33-7fb31d4b5961	Enact the Future Educators Support Act	Enact the Future Educators Support Act	2	ocd-person/b29aadca-f2da-4f09-8a1d-7aa328768507	Gayle Manning	primary	direct
2025-09-01..2025-12-31	20260202LUPA1485892	Department of Job and Family Services	org-department-of-job-and-family-services	Margaret Camma	person-margaret-camma	bill_referenced	HB 523	HB 523	bill	ocd-bill/e1202189-1192-4acb-bc33-7fb31d4b5961	Enact the Future Educators Support Act	Enact the Future Educators Support Act	2	ocd-person/993f089c-60bf-418d-9704-fa92e4f01c71	Sean P. Brennan	primary	direct
2025-09-01..2025-12-31	20260202LUPA1485892	Department of Job and Family Services	org-department-of-job-and-family-services	Margaret Camma	person-margaret-camma	bill_referenced	SB 67	SB 67	bill	ocd-bill/69d5d7bb-e6b3-4189-ba81-6468d47c008e	Regards support payments under the Ohio Works First program	Regards support payments under the Ohio Works First program	2	ocd-person/2ae62dc8-e902-4a8e-99b7-182477c50bc3	Mark Romanchuk	primary	direct
2025-09-01..2025-12-31	20260202LUPA1485892	Department of Job and Family Services	org-department-of-job-and-family-services	Margaret Camma	person-margaret-camma	bill_referenced	SB 67	SB 67	bill	ocd-bill/69d5d7bb-e6b3-4189-ba81-6468d47c008e	Regards support payments under the Ohio Works First program	Regards support payments under the Ohio Works First program	2	ocd-person/2d01ff0c-25a8-49a2-b571-ab3a7866fcf2	Beth Liston	primary	direct
2025-09-01..2025-12-31	20260202LUPA1485892	Department of Job and Family Services	org-department-of-job-and-family-services	Margaret Camma	person-margaret-camma	bill_referenced	SB 174	SB 174	bill	ocd-bill/2c4e2457-bda8-4383-a361-3195709391fb	Regards allocation of parenting responsibilities	Regards allocation of parenting responsibilities	2	ocd-person/3329274c-22b6-4b0a-b12a-e64c5733bef9	Paula Hicks-Hudson	primary	direct
2025-09-01..2025-12-31	20260202LUPA1485892	Department of Job and Family Services	org-department-of-job-and-family-services	Margaret Camma	person-margaret-camma	bill_referenced	SB 174	SB 174	bill	ocd-bill/2c4e2457-bda8-4383-a361-3195709391fb	Regards allocation of parenting responsibilities	Regards allocation of parenting responsibilities	2	ocd-person/0fe32749-fe89-4f96-87d3-3d831bea2459	Theresa Gavarone	primary	direct
2025-09-01..2025-12-31	20260202LUPA1485892	Department of Job and Family Services	org-department-of-job-and-family-services	Margaret Camma	person-margaret-camma	bill_referenced	SB 263	SB 263	bill	ocd-bill/ad3d7e4e-d66e-4de4-9566-e1ce65d3dd7a	Regards professional employer organizations and Unemployment Law	Regards professional employer organizations and Unemployment Law	1	ocd-person/936e5d50-e145-494b-a397-f56570530816	Kristina D. Roegner	primary	direct
2025-09-01..2025-12-31	20260202LUPA1485892	Department of Job and Family Services	org-department-of-job-and-family-services	Margaret Camma	person-margaret-camma	bill_referenced	SB 305	SB 305	bill	ocd-bill/fdb7448a-45a9-49aa-a961-832eec79d705	Appropriate funds for SNAP, TANF, WIC upon lapse in federal funds	Appropriate funds for SNAP, TANF, WIC upon lapse in federal funds	1	ocd-person/3329274c-22b6-4b0a-b12a-e64c5733bef9	Paula Hicks-Hudson	primary	direct
2025-09-01..2025-12-31	20260202LUPA1485892	Department of Job and Family Services	org-department-of-job-and-family-services	Margaret Camma	person-margaret-camma	bill_referenced	SB 319	SB 319	bill	ocd-bill/250db8c2-26b9-4a71-8b69-3a721639a694	Regards adult protective services provided by county JFS	Regards adult protective services provided by county JFS	2	ocd-person/26444e7e-72b2-4838-bc24-31899c90d504	Steve Wilson	primary	direct
2025-09-01..2025-12-31	20260202LUPA1485892	Department of Job and Family Services	org-department-of-job-and-family-services	Margaret Camma	person-margaret-camma	bill_referenced	SB 319	SB 319	bill	ocd-bill/250db8c2-26b9-4a71-8b69-3a721639a694	Regards adult protective services provided by county JFS	Regards adult protective services provided by county JFS	2	ocd-person/3329274c-22b6-4b0a-b12a-e64c5733bef9	Paula Hicks-Hudson	primary	direct
2025-09-01..2025-12-31	20260202LUPA1487434	Ohio High School Athletic Association	org-ohio-high-school-athletic-association	Douglas J Preisse	person-douglas-j-preisse	bill_referenced	HB 625	HB 625	bill	ocd-bill/3c820d1f-860a-4cf2-99f6-9e2650941cfb	Enact the Student Athlete Mobility (SAM) Act	Enact the Student Athlete Mobility (SAM) Act	2	ocd-person/4ed8184a-01ff-4bdc-a06c-cbf8b4c73fd6	Angela N. King	primary	direct
2025-09-01..2025-12-31	20260202LUPA1487434	Ohio High School Athletic Association	org-ohio-high-school-athletic-association	Douglas J Preisse	person-douglas-j-preisse	bill_referenced	HB 625	HB 625	bill	ocd-bill/3c820d1f-860a-4cf2-99f6-9e2650941cfb	Enact the Student Athlete Mobility (SAM) Act	Enact the Student Athlete Mobility (SAM) Act	2	ocd-person/04e3c98a-4ede-4501-b914-4fa13fbad194	Gary Click	primary	direct
2025-09-01..2025-12-31	20260202LUPA1487434	Ohio High School Athletic Association	org-ohio-high-school-athletic-association	Douglas J Preisse	person-douglas-j-preisse	bill_referenced	HB 634	HB 634	bill	ocd-bill/7616386d-8375-4afa-b010-3e2faf373967	Regards eligibility to participate in interscholastic athletics	Regards eligibility to participate in interscholastic athletics	2	ocd-person/7ab0cf86-d569-4a6e-8677-8cd7721a9475	Matthew Kishman	primary	direct
2025-09-01..2025-12-31	20260202LUPA1487434	Ohio High School Athletic Association	org-ohio-high-school-athletic-association	Douglas J Preisse	person-douglas-j-preisse	bill_referenced	HB 634	HB 634	bill	ocd-bill/7616386d-8375-4afa-b010-3e2faf373967	Regards eligibility to participate in interscholastic athletics	Regards eligibility to participate in interscholastic athletics	2	ocd-person/d2ecec1d-db13-4a47-836b-9e75f3a31c78	Tom Young	primary	direct
2025-09-01..2025-12-31	20260202LUPA1489308	McLane Company, Inc.	org-mclane-company-inc	Rachael Guastella	person-rachael-guastella	bill_referenced	HB 2	HB 2	bill	ocd-bill/7254f227-b69b-4df5-9dcb-0d29fe4bc461	Establish the Child Care Cred Program	Establish the Child Care Cred Program	1	ocd-person/4af0e8db-ad18-424f-abfa-ce31e37c0b7d	Mark Johnson	primary	direct
2025-09-01..2025-12-31	20260202LUPA1489308	McLane Company, Inc.	org-mclane-company-inc	Rachael Guastella	person-rachael-guastella	bill_referenced	HB 11	HB 11	bill	ocd-bill/e00c3398-09fe-4c80-9c9e-698c47153e99	Regards legislative rule approval and fiscal analyses of rules	Regards legislative rule approval and fiscal analyses of rules	2	ocd-person/a3ccce64-ea28-47dc-8bab-3af6ed2dd860	Brian Lorenz	primary	direct
2025-09-01..2025-12-31	20260202LUPA1489308	McLane Company, Inc.	org-mclane-company-inc	Rachael Guastella	person-rachael-guastella	bill_referenced	HB 11	HB 11	bill	ocd-bill/e00c3398-09fe-4c80-9c9e-698c47153e99	Regards legislative rule approval and fiscal analyses of rules	Regards legislative rule approval and fiscal analyses of rules	2	ocd-person/52608475-9678-45ce-823a-74f9c931682c	Ron Ferguson	primary	direct
2025-09-01..2025-12-31	20260202LUPA1489308	McLane Company, Inc.	org-mclane-company-inc	Rachael Guastella	person-rachael-guastella	bill_referenced	HB 30	HB 30	bill	ocd-bill/de03ad6f-03b1-47f3-bb42-76ce5d1e86a7	Phase-down the state income tax to a flat rate of 2.75%	Phase-down the state income tax to a flat rate of 2.75%	2	ocd-person/1895e223-ba42-4e25-8cd0-915ca5cc2829	Brian Lampton	primary	direct
2025-09-01..2025-12-31	20260202LUPA1489308	McLane Company, Inc.	org-mclane-company-inc	Rachael Guastella	person-rachael-guastella	bill_referenced	HB 30	HB 30	bill	ocd-bill/de03ad6f-03b1-47f3-bb42-76ce5d1e86a7	Phase-down the state income tax to a flat rate of 2.75%	Phase-down the state income tax to a flat rate of 2.75%	2	ocd-person/b04e2962-e7c6-46b8-9a99-d7a6d3a32717	Adam Mathews	primary	direct
2025-09-01..2025-12-31	20260202LUPA1489308	McLane Company, Inc.	org-mclane-company-inc	Rachael Guastella	person-rachael-guastella	bill_referenced	HB 34	HB 34	bill	ocd-bill/eeae765b-6851-4d3a-af46-6b0a19131c6b	Increase the state minimum wage	Increase the state minimum wage	2	ocd-person/ed31c4e5-e835-4c4c-9352-217f5dcf1037	Ismail Mohamed	primary	direct
2025-09-01..2025-12-31	20260202LUPA1489308	McLane Company, Inc.	org-mclane-company-inc	Rachael Guastella	person-rachael-guastella	bill_referenced	HB 34	HB 34	bill	ocd-bill/eeae765b-6851-4d3a-af46-6b0a19131c6b	Increase the state minimum wage	Increase the state minimum wage	2	ocd-person/74c1210d-fb56-4522-8d3a-0a2bb08c972b	Dontavius L. Jarrells	primary	direct
2025-09-01..2025-12-31	20260202LUPA1489308	McLane Company, Inc.	org-mclane-company-inc	Rachael Guastella	person-rachael-guastella	bill_referenced	HB 96	HB 96	bill	ocd-bill/4e02024d-881d-4a05-9191-b218c16ecff4	Make state operating appropriations for FY 2026-27	Make state operating appropriations for FY 2026-27	1	ocd-person/f4e6c51a-89bd-4841-848b-b1097fd3fc9d	Brian Stewart	primary	direct
2025-09-01..2025-12-31	20260202LUPA1489308	McLane Company, Inc.	org-mclane-company-inc	Rachael Guastella	person-rachael-guastella	bill_referenced	HB 136	HB 136	bill	ocd-bill/9f1c683d-480a-4ce7-8714-79e44b5b8275	Prohibit sexual orientation or gender identity discrimination	Prohibit sexual orientation or gender identity discrimination	2	ocd-person/aede29b6-7798-45b7-8401-5004cf1c29f9	Crystal Lett	primary	direct
2025-09-01..2025-12-31	20260202LUPA1489308	McLane Company, Inc.	org-mclane-company-inc	Rachael Guastella	person-rachael-guastella	bill_referenced	HB 136	HB 136	bill	ocd-bill/9f1c683d-480a-4ce7-8714-79e44b5b8275	Prohibit sexual orientation or gender identity discrimination	Prohibit sexual orientation or gender identity discrimination	2	ocd-person/18864718-3e48-4236-9afb-b1a61e4c52e2	Tristan Rader	primary	direct
2025-09-01..2025-12-31	20260202LUPA1489308	McLane Company, Inc.	org-mclane-company-inc	Rachael Guastella	person-rachael-guastella	bill_referenced	HB 152	HB 152	bill	ocd-bill/3e6ddf42-2adb-4438-8dd0-dabcea53c09b	Regulate the provision of earned wage access services	Regulate the provision of earned wage access services	2	ocd-person/a4c53220-d4a7-4591-b2d8-109516dc9401	Terrence Upchurch	primary	direct
2025-09-01..2025-12-31	20260202LUPA1489308	McLane Company, Inc.	org-mclane-company-inc	Rachael Guastella	person-rachael-guastella	bill_referenced	HB 152	HB 152	bill	ocd-bill/3e6ddf42-2adb-4438-8dd0-dabcea53c09b	Regulate the provision of earned wage access services	Regulate the provision of earned wage access services	2	ocd-person/1e52d1da-3e5c-442e-a460-d63b62709edf	Josh Williams	primary	direct
2025-09-01..2025-12-31	20260202LUPA1489308	McLane Company, Inc.	org-mclane-company-inc	Rachael Guastella	person-rachael-guastella	bill_referenced	HB 167	HB 167	bill	ocd-bill/2babbfd0-1dd7-481e-a22f-dca2becaf81e	Authorize tax credits for certain child care expenditures	Authorize tax credits for certain child care expenditures	1	ocd-person/07c054e9-9a51-41b2-994a-8f63b0148d07	Andrea White	primary	direct
2025-09-01..2025-12-31	20260202LUPA1489308	McLane Company, Inc.	org-mclane-company-inc	Rachael Guastella	person-rachael-guastella	bill_referenced	HB 231	HB 231	bill	ocd-bill/01a75671-744f-4e72-9d83-9d6b094a134c	Enact the Paid Parental Leave Act	Enact the Paid Parental Leave Act	2	ocd-person/fb957ddc-f41c-400d-ae32-47f7e729555b	Melanie Miller	primary	direct
2025-09-01..2025-12-31	20260202LUPA1489308	McLane Company, Inc.	org-mclane-company-inc	Rachael Guastella	person-rachael-guastella	bill_referenced	HB 231	HB 231	bill	ocd-bill/01a75671-744f-4e72-9d83-9d6b094a134c	Enact the Paid Parental Leave Act	Enact the Paid Parental Leave Act	2	ocd-person/1e52d1da-3e5c-442e-a460-d63b62709edf	Josh Williams	primary	direct
2025-09-01..2025-12-31	20260202LUPA1489308	McLane Company, Inc.	org-mclane-company-inc	Rachael Guastella	person-rachael-guastella	bill_referenced	HB 321	HB 321	bill	ocd-bill/21e00fd0-8be9-4754-a93a-ff0162ea99b5	Revise Unemployment Compensation Law	Revise Unemployment Compensation Law	1	ocd-person/cdc9f705-514e-4445-ac17-9aeac8f67e97	Bob Peterson	primary	direct
2025-09-01..2025-12-31	20260202LUPA1489308	McLane Company, Inc.	org-mclane-company-inc	Rachael Guastella	person-rachael-guastella	bill_referenced	HB 392	HB 392	bill	ocd-bill/67bbfc23-1730-40e1-b588-e230c2d03a3b	Enact the Ohio Right to Compute Act	Enact the Ohio Right to Compute Act	2	ocd-person/854b6ce3-a4e1-46db-959a-aa286e4e8942	Steve Demetriou	primary	direct
2025-09-01..2025-12-31	20260202LUPA1489308	McLane Company, Inc.	org-mclane-company-inc	Rachael Guastella	person-rachael-guastella	bill_referenced	HB 392	HB 392	bill	ocd-bill/67bbfc23-1730-40e1-b588-e230c2d03a3b	Enact the Ohio Right to Compute Act	Enact the Ohio Right to Compute Act	2	ocd-person/16e469e4-8014-4ba2-8fc4-91804d6ef491	Tex Fischer	primary	direct
2025-09-01..2025-12-31	20260202LUPA1489308	McLane Company, Inc.	org-mclane-company-inc	Rachael Guastella	person-rachael-guastella	bill_referenced	HB 624	HB 624	bill	ocd-bill/65c199aa-dbab-4473-956b-1c6c7dfd83d0	Regards employment under Ohio's overtime and minimum wage laws	Regards employment under Ohio's overtime and minimum wage laws	1	ocd-person/19cbe255-2cdb-47c4-b70a-693b6bf6665b	Lauren McNally	primary	direct
2025-09-01..2025-12-31	20260202LUPA1489308	McLane Company, Inc.	org-mclane-company-inc	Rachael Guastella	person-rachael-guastella	bill_referenced	SB 3	SB 3	bill	ocd-bill/0084ffe5-adcb-4629-8e26-e8a7a279dd3c	Phase-down the state income tax to a flat rate of 2.75%	Phase-down the state income tax to a flat rate of 2.75%	2	ocd-person/b21d9dcd-21e9-4071-936d-f89fc5d8f643	Stephen A. Huffman	primary	direct
2025-09-01..2025-12-31	20260202LUPA1489308	McLane Company, Inc.	org-mclane-company-inc	Rachael Guastella	person-rachael-guastella	bill_referenced	SB 3	SB 3	bill	ocd-bill/0084ffe5-adcb-4629-8e26-e8a7a279dd3c	Phase-down the state income tax to a flat rate of 2.75%	Phase-down the state income tax to a flat rate of 2.75%	2	ocd-person/445d3fc7-d9a5-48d8-8869-f023aa274ae7	George F. Lang	primary	direct
2025-09-01..2025-12-31	20260202LUPA1489308	McLane Company, Inc.	org-mclane-company-inc	Rachael Guastella	person-rachael-guastella	bill_referenced	SB 11	SB 11	bill	ocd-bill/22c54d3e-efce-477c-97d2-916f4710a6c0	Prohibit post-employment agreement restraining career or business	Prohibit post-employment agreement restraining career or business	2	ocd-person/bdc3493a-a22f-4a6b-b50e-b590216d8cfd	William P. DeMora	primary	direct
2025-09-01..2025-12-31	20260202LUPA1489308	McLane Company, Inc.	org-mclane-company-inc	Rachael Guastella	person-rachael-guastella	bill_referenced	SB 11	SB 11	bill	ocd-bill/22c54d3e-efce-477c-97d2-916f4710a6c0	Prohibit post-employment agreement restraining career or business	Prohibit post-employment agreement restraining career or business	2	ocd-person/5a9b2a16-6827-4e00-961a-f3de39538749	Louis W. Blessing, III	primary	direct
2025-09-01..2025-12-31	20260202LUPA1489308	McLane Company, Inc.	org-mclane-company-inc	Rachael Guastella	person-rachael-guastella	bill_referenced	SB 32	SB 32	bill	ocd-bill/7f867c71-2069-40fc-b448-7b4401532eae	Establish the Child Care Cred Program	Establish the Child Care Cred Program	2	ocd-person/01a80305-a667-4dda-9676-1e678bddde12	Tim Schaffer	primary	direct
2025-09-01..2025-12-31	20260202LUPA1489308	McLane Company, Inc.	org-mclane-company-inc	Rachael Guastella	person-rachael-guastella	bill_referenced	SB 32	SB 32	bill	ocd-bill/7f867c71-2069-40fc-b448-7b4401532eae	Establish the Child Care Cred Program	Establish the Child Care Cred Program	2	ocd-person/79af20c0-6eb6-44a2-ba79-9c7e5e10ea04	Michele Reynolds	primary	direct
2025-09-01..2025-12-31	20260202LUPA1489308	McLane Company, Inc.	org-mclane-company-inc	Rachael Guastella	person-rachael-guastella	bill_referenced	SB 33	SB 33	bill	ocd-bill/0ed4ede2-53a2-4183-8447-1ec451ee2cbd	Allow employers to post certain labor law notices on the internet	Allow employers to post certain labor law notices on the internet	2	ocd-person/445d3fc7-d9a5-48d8-8869-f023aa274ae7	George F. Lang	primary	direct
2025-09-01..2025-12-31	20260202LUPA1489308	McLane Company, Inc.	org-mclane-company-inc	Rachael Guastella	person-rachael-guastella	bill_referenced	SB 33	SB 33	bill	ocd-bill/0ed4ede2-53a2-4183-8447-1ec451ee2cbd	Allow employers to post certain labor law notices on the internet	Allow employers to post certain labor law notices on the internet	2	ocd-person/26444e7e-72b2-4838-bc24-31899c90d504	Steve Wilson	primary	direct
2025-09-01..2025-12-31	20260202LUPA1489308	McLane Company, Inc.	org-mclane-company-inc	Rachael Guastella	person-rachael-guastella	bill_referenced	SB 70	SB 70	bill	ocd-bill/33e258d1-ac5e-4a03-9361-cad895e3d238	Enact the Ohio Fairness Act	Enact the Ohio Fairness Act	1	ocd-person/df5c391c-65e8-4d61-a9b9-0249ff6eddb7	Nickie J. Antonio	primary	direct
2025-09-01..2025-12-31	20260202LUPA1489308	McLane Company, Inc.	org-mclane-company-inc	Rachael Guastella	person-rachael-guastella	bill_referenced	SB 73	SB 73	bill	ocd-bill/f1bf835f-4bda-4039-bb92-4135625224ee	Enact Creating a Respectful and Open World for Natural Hair Act	Enact Creating a Respectful and Open World for Natural Hair Act	2	ocd-person/94ba65dd-57c5-4ab0-b607-5e310d50cae0	Catherine D. Ingram	primary	direct
2025-09-01..2025-12-31	20260202LUPA1489308	McLane Company, Inc.	org-mclane-company-inc	Rachael Guastella	person-rachael-guastella	bill_referenced	SB 73	SB 73	bill	ocd-bill/f1bf835f-4bda-4039-bb92-4135625224ee	Enact Creating a Respectful and Open World for Natural Hair Act	Enact Creating a Respectful and Open World for Natural Hair Act	2	ocd-person/3329274c-22b6-4b0a-b12a-e64c5733bef9	Paula Hicks-Hudson	primary	direct
2025-09-01..2025-12-31	20260202LUPA1489308	McLane Company, Inc.	org-mclane-company-inc	Rachael Guastella	person-rachael-guastella	bill_referenced	SB 74	SB 74	bill	ocd-bill/56af6dc1-9efd-4a64-8835-8757727335c7	Create the fair paycheck workplace certificate	Create the fair paycheck workplace certificate	2	ocd-person/d9c3dfce-8b7f-402f-9dec-5179e38b528f	Kent Smith	primary	direct
2025-09-01..2025-12-31	20260202LUPA1489308	McLane Company, Inc.	org-mclane-company-inc	Rachael Guastella	person-rachael-guastella	bill_referenced	SB 74	SB 74	bill	ocd-bill/56af6dc1-9efd-4a64-8835-8757727335c7	Create the fair paycheck workplace certificate	Create the fair paycheck workplace certificate	2	ocd-person/3329274c-22b6-4b0a-b12a-e64c5733bef9	Paula Hicks-Hudson	primary	direct
2025-09-01..2025-12-31	20260202LUPA1489308	McLane Company, Inc.	org-mclane-company-inc	Rachael Guastella	person-rachael-guastella	bill_referenced	SB 126	SB 126	bill	ocd-bill/f35c5024-92b9-4d0c-8d85-433d85101a9d	Exempt from sales and use tax certain logistics business items	Exempt from sales and use tax certain logistics business items	2	ocd-person/445d3fc7-d9a5-48d8-8869-f023aa274ae7	George F. Lang	primary	direct
2025-09-01..2025-12-31	20260202LUPA1489308	McLane Company, Inc.	org-mclane-company-inc	Rachael Guastella	person-rachael-guastella	bill_referenced	SB 126	SB 126	bill	ocd-bill/f35c5024-92b9-4d0c-8d85-433d85101a9d	Exempt from sales and use tax certain logistics business items	Exempt from sales and use tax certain logistics business items	2	ocd-person/bb1ae016-cdfe-48aa-8bc5-9e3636e430f3	Shane Wilkin	primary	direct
2025-09-01..2025-12-31	20260202LUPA1489308	McLane Company, Inc.	org-mclane-company-inc	Rachael Guastella	person-rachael-guastella	bill_referenced	SB 143	SB 143	bill	ocd-bill/eb977cad-0aa6-4aa5-a132-76875f3cd548	Prohibit employment application question re: criminal background	Prohibit employment application question re: criminal background	2	ocd-person/5a9b2a16-6827-4e00-961a-f3de39538749	Louis W. Blessing, III	primary	direct
2025-09-01..2025-12-31	20260202LUPA1489308	McLane Company, Inc.	org-mclane-company-inc	Rachael Guastella	person-rachael-guastella	bill_referenced	SB 143	SB 143	bill	ocd-bill/eb977cad-0aa6-4aa5-a132-76875f3cd548	Prohibit employment application question re: criminal background	Prohibit employment application question re: criminal background	2	ocd-person/ed858ef9-97dc-4be8-97ab-006ea96923ae	Hearcel F. Craig	primary	direct
2025-09-01..2025-12-31	20260202LUPA1489308	McLane Company, Inc.	org-mclane-company-inc	Rachael Guastella	person-rachael-guastella	bill_referenced	SB 157	SB 157	bill	ocd-bill/253db446-0c0a-486b-9d4f-c3c0d76ec015	Reduce statute of limitations for contract actions	Reduce statute of limitations for contract actions	1	ocd-person/445d3fc7-d9a5-48d8-8869-f023aa274ae7	George F. Lang	primary	direct
2026-01-01..2026-04-30	20260507LUPA1493736	Central Ohio Transit Authority (COTA)	org-central-ohio-transit-authority-cota	Stephen Nielson	person-stephen-nielson	bill_referenced	HB 2	HB 2	bill	ocd-bill/7254f227-b69b-4df5-9dcb-0d29fe4bc461	Establish the Child Care Cred Program	Establish the Child Care Cred Program	1	ocd-person/4af0e8db-ad18-424f-abfa-ce31e37c0b7d	Mark Johnson	primary	direct
2026-01-01..2026-04-30	20260507LUPA1493736	Central Ohio Transit Authority (COTA)	org-central-ohio-transit-authority-cota	Stephen Nielson	person-stephen-nielson	bill_referenced	HB 41	HB 41	bill	ocd-bill/a9573710-79c9-4df6-84d9-673425b4621f	Establish certain child care grant programs	Establish certain child care grant programs	2	ocd-person/4cece9f3-e252-438b-8255-a2150a4ed599	Bill Roemer	primary	direct
2026-01-01..2026-04-30	20260507LUPA1493736	Central Ohio Transit Authority (COTA)	org-central-ohio-transit-authority-cota	Stephen Nielson	person-stephen-nielson	bill_referenced	HB 41	HB 41	bill	ocd-bill/a9573710-79c9-4df6-84d9-673425b4621f	Establish certain child care grant programs	Establish certain child care grant programs	2	ocd-person/07c054e9-9a51-41b2-994a-8f63b0148d07	Andrea White	primary	direct
2026-01-01..2026-04-30	20260507LUPA1493736	Central Ohio Transit Authority (COTA)	org-central-ohio-transit-authority-cota	Stephen Nielson	person-stephen-nielson	bill_referenced	HB 314	HB 314	bill	ocd-bill/ca7c6552-ed1a-4b69-a92c-0b527e932ede	Limit certain public record requests; allow contractor response	Limit certain public record requests; allow contractor response	2	ocd-person/352d7ee9-256c-4195-a673-17b7ee200948	Sharon A. Ray	primary	direct
2026-01-01..2026-04-30	20260507LUPA1493736	Central Ohio Transit Authority (COTA)	org-central-ohio-transit-authority-cota	Stephen Nielson	person-stephen-nielson	bill_referenced	HB 314	HB 314	bill	ocd-bill/ca7c6552-ed1a-4b69-a92c-0b527e932ede	Limit certain public record requests; allow contractor response	Limit certain public record requests; allow contractor response	2	ocd-person/1cc15373-6101-48fb-9597-d731c115eb70	Dani Isaacsohn	primary	direct
2026-01-01..2026-04-30	20260507LUPA1493736	Central Ohio Transit Authority (COTA)	org-central-ohio-transit-authority-cota	Stephen Nielson	person-stephen-nielson	bill_referenced	HB 413	HB 413	bill	ocd-bill/e62c9ba1-1667-4497-a0ff-d1c0d6e81904	Regards Ohio State, Local Government Expenditure Databases	Regards Ohio State, Local Government Expenditure Databases	2	ocd-person/cdc9f705-514e-4445-ac17-9aeac8f67e97	Bob Peterson	primary	direct
2026-01-01..2026-04-30	20260507LUPA1493736	Central Ohio Transit Authority (COTA)	org-central-ohio-transit-authority-cota	Stephen Nielson	person-stephen-nielson	bill_referenced	HB 413	HB 413	bill	ocd-bill/e62c9ba1-1667-4497-a0ff-d1c0d6e81904	Regards Ohio State, Local Government Expenditure Databases	Regards Ohio State, Local Government Expenditure Databases	2	ocd-person/d2ecec1d-db13-4a47-836b-9e75f3a31c78	Tom Young	primary	direct
2026-01-01..2026-04-30	20260507LUPA1493736	Central Ohio Transit Authority (COTA)	org-central-ohio-transit-authority-cota	Stephen Nielson	person-stephen-nielson	bill_referenced	HB 481	HB 481	bill	ocd-bill/e9aeb3d2-c1a1-4fde-a267-9889e32dfb12	Allow public body executive session for employee performance	Allow public body executive session for employee performance	2	ocd-person/dc1a25bf-ebf6-4d5c-b5c3-32f9fdb8b2ed	Beryl Piccolantonio	primary	direct
2026-01-01..2026-04-30	20260507LUPA1493736	Central Ohio Transit Authority (COTA)	org-central-ohio-transit-authority-cota	Stephen Nielson	person-stephen-nielson	bill_referenced	HB 481	HB 481	bill	ocd-bill/e9aeb3d2-c1a1-4fde-a267-9889e32dfb12	Allow public body executive session for employee performance	Allow public body executive session for employee performance	2	ocd-person/5b3a7d10-e745-4985-ade9-d7fff6ae6af4	Sarah Fowler Arthur	primary	direct
2026-01-01..2026-04-30	20260507LUPA1493736	Central Ohio Transit Authority (COTA)	org-central-ohio-transit-authority-cota	Stephen Nielson	person-stephen-nielson	bill_referenced	HB 609	HB 609	bill	ocd-bill/035c5b8a-82dd-4ff0-9b35-6a1a659c70d4	Require public body to allow public comment before taking action	Require public body to allow public comment before taking action	2	ocd-person/75257af6-5d83-4d3b-b127-744aaa377c9f	Meredith Craig	primary	direct
2026-01-01..2026-04-30	20260507LUPA1493736	Central Ohio Transit Authority (COTA)	org-central-ohio-transit-authority-cota	Stephen Nielson	person-stephen-nielson	bill_referenced	HB 609	HB 609	bill	ocd-bill/035c5b8a-82dd-4ff0-9b35-6a1a659c70d4	Require public body to allow public comment before taking action	Require public body to allow public comment before taking action	2	ocd-person/170299dd-f2e4-463e-8b8b-ea3b75946120	David Thomas	primary	direct
2026-01-01..2026-04-30	20260507LUPA1493736	Central Ohio Transit Authority (COTA)	org-central-ohio-transit-authority-cota	Stephen Nielson	person-stephen-nielson	bill_referenced	SB 8	SB 8	bill	ocd-bill/68d4591e-1728-4b46-bfbd-8cd24ad9537f	Prohibit paid public employee leave for certain union activities	Prohibit paid public employee leave for certain union activities	1	ocd-person/b21d9dcd-21e9-4071-936d-f89fc5d8f643	Stephen A. Huffman	primary	direct
2026-01-01..2026-04-30	20260507LUPA1493736	Central Ohio Transit Authority (COTA)	org-central-ohio-transit-authority-cota	Stephen Nielson	person-stephen-nielson	bill_referenced	SB 281	SB 281	bill	ocd-bill/6b647212-a0d2-47f0-b0e4-3afc85fcd9e2	Allow county comm to award a franchise for public transit system	Allow county comm to award a franchise for public transit system	1	ocd-person/936e5d50-e145-494b-a397-f56570530816	Kristina D. Roegner	primary	direct
2026-01-01..2026-04-30	20260511LUPA1494376	Amgen	org-amgen	Deborah Hackathorn	person-deborah-hackathorn	bill_referenced	HB 8	HB 8	bill	ocd-bill/ba77a847-ab42-486d-943e-50526c0062b6	Require health plan and Medicaid coverage of biomarker testing	Require health plan and Medicaid coverage of biomarker testing	1	ocd-person/07c054e9-9a51-41b2-994a-8f63b0148d07	Andrea White	primary	direct
2026-01-01..2026-04-30	20260511LUPA1494376	Amgen	org-amgen	Deborah Hackathorn	person-deborah-hackathorn	bill_referenced	HB 276	HB 276	bill	ocd-bill/ca897e31-c75a-455e-853e-1bdfb5d9e15e	Prohibit certain actions re: reimbursing 340B covered entities	Prohibit certain actions re: reimbursing 340B covered entities	2	ocd-person/78912d95-3dac-4487-810a-74be41508ebb	Adam Holmes	primary	direct
2026-01-01..2026-04-30	20260511LUPA1494376	Amgen	org-amgen	Deborah Hackathorn	person-deborah-hackathorn	bill_referenced	HB 276	HB 276	bill	ocd-bill/ca897e31-c75a-455e-853e-1bdfb5d9e15e	Prohibit certain actions re: reimbursing 340B covered entities	Prohibit certain actions re: reimbursing 340B covered entities	2	ocd-person/e4f9416c-1043-4737-899e-31410e94af1d	Marilyn John	primary	direct
2026-01-01..2026-04-30	20260511LUPA1494376	Amgen	org-amgen	Deborah Hackathorn	person-deborah-hackathorn	bill_referenced	SB 198	SB 198	bill	ocd-bill/900bed23-31ba-4b11-a324-8df445e6b5ef	Prohibit certain actions re: reimbursing 340B covered entities	Prohibit certain actions re: reimbursing 340B covered entities	1	ocd-person/f2e79c7c-7e3a-496d-8f87-d43b62eb54a5	Kyle Koehler	primary	direct
2026-01-01..2026-04-30	20260511LUPA1494376	Amgen	org-amgen	Deborah Hackathorn	person-deborah-hackathorn	bill_referenced	SB 207	SB 207	bill	ocd-bill/f2831bf5-3efa-47c0-be15-bedfef815b37	Prohibit certain health insurance cost-sharing practices	Prohibit certain health insurance cost-sharing practices	2	ocd-person/2d01ff0c-25a8-49a2-b571-ab3a7866fcf2	Beth Liston	primary	direct
2026-01-01..2026-04-30	20260511LUPA1494376	Amgen	org-amgen	Deborah Hackathorn	person-deborah-hackathorn	bill_referenced	SB 207	SB 207	bill	ocd-bill/f2831bf5-3efa-47c0-be15-bedfef815b37	Prohibit certain health insurance cost-sharing practices	Prohibit certain health insurance cost-sharing practices	2	ocd-person/0e44b586-f6a4-44ee-b6b7-37fa8dc2e8cd	Susan Manchester	primary	direct
2026-01-01..2026-04-30	20260512LUPA1494960	Ohio Association of Foodbanks	org-ohio-association-of-foodbanks	Joree Novotny	person-joree-novotny	bill_referenced	HB 163	HB 163	bill	ocd-bill/e79c04b8-0842-481b-b3f4-3589869c32db	Enact the Enhanced Cybersecurity for SNAP Act of 2025	Enact the Enhanced Cybersecurity for SNAP Act of 2025	2	ocd-person/97821235-4116-44d1-b58b-acf822bbdc58	Kellie Deeter	primary	direct
2026-01-01..2026-04-30	20260512LUPA1494960	Ohio Association of Foodbanks	org-ohio-association-of-foodbanks	Joree Novotny	person-joree-novotny	bill_referenced	HB 163	HB 163	bill	ocd-bill/e79c04b8-0842-481b-b3f4-3589869c32db	Enact the Enhanced Cybersecurity for SNAP Act of 2025	Enact the Enhanced Cybersecurity for SNAP Act of 2025	2	ocd-person/18864718-3e48-4236-9afb-b1a61e4c52e2	Tristan Rader	primary	direct
2026-01-01..2026-04-30	20260512LUPA1494960	Ohio Association of Foodbanks	org-ohio-association-of-foodbanks	Joree Novotny	person-joree-novotny	bill_referenced	SB 120	SB 120	bill	ocd-bill/016491a3-28b2-472d-9af7-30909e732b8e	Establish the Urban Farmer Youth Initiative Pilot Program	Establish the Urban Farmer Youth Initiative Pilot Program	1	ocd-person/3329274c-22b6-4b0a-b12a-e64c5733bef9	Paula Hicks-Hudson	primary	direct
2026-01-01..2026-04-30	20260512LUPA1494960	Ohio Association of Foodbanks	org-ohio-association-of-foodbanks	Joree Novotny	person-joree-novotny	bill_referenced	SB 315	SB 315	bill	ocd-bill/8b47cf89-6313-441e-9515-2787d6c66de8	Enact the Enhanced Cybersecurity for SNAP Act	Enact the Enhanced Cybersecurity for SNAP Act	2	ocd-person/ed858ef9-97dc-4be8-97ab-006ea96923ae	Hearcel F. Craig	primary	direct
2026-01-01..2026-04-30	20260512LUPA1494960	Ohio Association of Foodbanks	org-ohio-association-of-foodbanks	Joree Novotny	person-joree-novotny	bill_referenced	SB 315	SB 315	bill	ocd-bill/8b47cf89-6313-441e-9515-2787d6c66de8	Enact the Enhanced Cybersecurity for SNAP Act	Enact the Enhanced Cybersecurity for SNAP Act	2	ocd-person/01a80305-a667-4dda-9676-1e678bddde12	Tim Schaffer	primary	direct
2026-01-01..2026-04-30	20260512LUPA1495224	Cigna Corporate Services, LLC	org-cigna-corporate-services-llc	McKenzie K Davis	person-mckenzie-k-davis	bill_referenced	HB 192	HB 192	bill	ocd-bill/86c1c417-ef53-48be-81dc-cf4c8c594a1f	Enact the Community Pharmacy Protection Act	Enact the Community Pharmacy Protection Act	2	ocd-person/16e469e4-8014-4ba2-8fc4-91804d6ef491	Tex Fischer	primary	direct
2026-01-01..2026-04-30	20260512LUPA1495224	Cigna Corporate Services, LLC	org-cigna-corporate-services-llc	McKenzie K Davis	person-mckenzie-k-davis	bill_referenced	HB 192	HB 192	bill	ocd-bill/86c1c417-ef53-48be-81dc-cf4c8c594a1f	Enact the Community Pharmacy Protection Act	Enact the Community Pharmacy Protection Act	2	ocd-person/fa5ff978-34ff-49d1-958e-4e356a8ef9d4	Tim Barhorst	primary	direct
2026-01-01..2026-04-30	20260512LUPA1495224	Cigna Corporate Services, LLC	org-cigna-corporate-services-llc	McKenzie K Davis	person-mckenzie-k-davis	bill_referenced	HB 219	HB 219	bill	ocd-bill/d7726f4a-3a49-4ba8-a522-050b184c7bf1	Establish network adequacy standards for health insurers	Establish network adequacy standards for health insurers	1	ocd-person/97821235-4116-44d1-b58b-acf822bbdc58	Kellie Deeter	primary	direct
2026-01-01..2026-04-30	20260512LUPA1495224	Cigna Corporate Services, LLC	org-cigna-corporate-services-llc	McKenzie K Davis	person-mckenzie-k-davis	bill_referenced	HB 220	HB 220	bill	ocd-bill/4ad01ea6-c534-4777-b66c-c45bf65221bd	Regards health insurance, Medicaid prior authorization	Regards health insurance, Medicaid prior authorization	1	ocd-person/098614cd-1972-4b98-ade6-4f5fa7cefe5b	Heidi Workman	primary	direct
2026-01-01..2026-04-30	20260512LUPA1495224	Cigna Corporate Services, LLC	org-cigna-corporate-services-llc	McKenzie K Davis	person-mckenzie-k-davis	bill_referenced	HB 229	HB 229	bill	ocd-bill/c1f69328-232b-43a2-a683-57b47df045f7	Establish licensing process, contract requirements for PBMs	Establish licensing process, contract requirements for PBMs	1	ocd-person/97821235-4116-44d1-b58b-acf822bbdc58	Kellie Deeter	primary	direct
2026-01-01..2026-04-30	20260513LUPA1495792	Ohio Council of Behavioral Health & Family Services Providers	org-ohio-council-of-behavioral-health-family-services-providers	Michael Toman	person-michael-toman	bill_referenced	HB 58	HB 58	bill	ocd-bill/38bc2b30-8475-4c83-a815-3d94d0bcf216	Create recovery housing residences certificate of need program	Create recovery housing residences certificate of need program	2	ocd-person/74c1210d-fb56-4522-8d3a-0a2bb08c972b	Dontavius L. Jarrells	primary	direct
2026-01-01..2026-04-30	20260513LUPA1495792	Ohio Council of Behavioral Health & Family Services Providers	org-ohio-council-of-behavioral-health-family-services-providers	Michael Toman	person-michael-toman	bill_referenced	HB 58	HB 58	bill	ocd-bill/38bc2b30-8475-4c83-a815-3d94d0bcf216	Create recovery housing residences certificate of need program	Create recovery housing residences certificate of need program	2	ocd-person/9892fcd7-9432-425f-85a6-7599fbe3177d	Justin Pizzulli	primary	direct
2026-01-01..2026-04-30	20260513LUPA1495792	Ohio Council of Behavioral Health & Family Services Providers	org-ohio-council-of-behavioral-health-family-services-providers	Michael Toman	person-michael-toman	bill_referenced	HB 172	HB 172	bill	ocd-bill/1f30bab5-5835-4dff-9c51-250b2e4f5092	Prohibit mental health service to minors without parental consent	Prohibit mental health service to minors without parental consent	1	ocd-person/9d7cc971-9ed9-4918-b93f-39d41d35e565	Johnathan Newman	primary	direct
2026-01-01..2026-04-30	20260513LUPA1495792	Ohio Council of Behavioral Health & Family Services Providers	org-ohio-council-of-behavioral-health-family-services-providers	Michael Toman	person-michael-toman	bill_referenced	HB 508	HB 508	bill	ocd-bill/1b91c90b-7bc7-4f09-a6e3-f0c407fcd2ec	Enact the Better Access to Health Care Act	Enact the Better Access to Health Care Act	2	ocd-person/36f320a8-be34-43c2-ac73-ee87fbce6b0c	Rachel B. Baker	primary	direct
2026-01-01..2026-04-30	20260513LUPA1495792	Ohio Council of Behavioral Health & Family Services Providers	org-ohio-council-of-behavioral-health-family-services-providers	Michael Toman	person-michael-toman	bill_referenced	HB 508	HB 508	bill	ocd-bill/1b91c90b-7bc7-4f09-a6e3-f0c407fcd2ec	Enact the Better Access to Health Care Act	Enact the Better Access to Health Care Act	2	ocd-person/4817cf28-df1f-4ccc-bc09-25809222e530	Jennifer Gross	primary	direct
2026-01-01..2026-04-30	20260513LUPA1495792	Ohio Council of Behavioral Health & Family Services Providers	org-ohio-council-of-behavioral-health-family-services-providers	Michael Toman	person-michael-toman	bill_referenced	HB 709	HB 709	bill	ocd-bill/736c8b65-bf56-431b-a500-2fc7102813fd	Require private insurers cover telehealth mental health services	Require private insurers cover telehealth mental health services	2	ocd-person/75257af6-5d83-4d3b-b127-744aaa377c9f	Meredith Craig	primary	direct
2026-01-01..2026-04-30	20260513LUPA1495792	Ohio Council of Behavioral Health & Family Services Providers	org-ohio-council-of-behavioral-health-family-services-providers	Michael Toman	person-michael-toman	bill_referenced	HB 709	HB 709	bill	ocd-bill/736c8b65-bf56-431b-a500-2fc7102813fd	Require private insurers cover telehealth mental health services	Require private insurers cover telehealth mental health services	2	ocd-person/a13af74a-5ade-4769-8a76-db942fe71002	Karen Brownlee	primary	direct
2026-01-01..2026-04-30	20260513LUPA1495792	Ohio Council of Behavioral Health & Family Services Providers	org-ohio-council-of-behavioral-health-family-services-providers	Michael Toman	person-michael-toman	bill_referenced	HB 724	HB 724	bill	ocd-bill/de0386e8-d4c0-4d95-9976-514149c7cf22	Require health benefit plans cover behavioral health well checks	Require health benefit plans cover behavioral health well checks	2	ocd-person/07c054e9-9a51-41b2-994a-8f63b0148d07	Andrea White	primary	direct
2026-01-01..2026-04-30	20260513LUPA1495792	Ohio Council of Behavioral Health & Family Services Providers	org-ohio-council-of-behavioral-health-family-services-providers	Michael Toman	person-michael-toman	bill_referenced	HB 724	HB 724	bill	ocd-bill/de0386e8-d4c0-4d95-9976-514149c7cf22	Require health benefit plans cover behavioral health well checks	Require health benefit plans cover behavioral health well checks	2	ocd-person/f1715f7b-6a29-4dd2-a34f-b94c87088890	Jodi Salvo	primary	direct
2026-01-01..2026-04-30	20260513LUPA1495960	CoinFlip	org-coinflip	W. Fletch Zimpher	person-w-fletch-zimpher	bill_referenced	HB 18	HB 18	bill	ocd-bill/702704c4-4450-4d78-a3a4-6c1edb8d5f57	Enact the Ohio Strategic Cryptocurrency Reserve Act	Enact the Ohio Strategic Cryptocurrency Reserve Act	1	ocd-person/854b6ce3-a4e1-46db-959a-aa286e4e8942	Steve Demetriou	primary	direct
2026-01-01..2026-04-30	20260513LUPA1495960	CoinFlip	org-coinflip	W. Fletch Zimpher	person-w-fletch-zimpher	bill_referenced	HB 116	HB 116	bill	ocd-bill/84ab6005-9cef-44be-bf2a-502a032d86e0	Enact the Ohio Blockchain Basics Act	Enact the Ohio Blockchain Basics Act	1	ocd-person/854b6ce3-a4e1-46db-959a-aa286e4e8942	Steve Demetriou	primary	direct
2026-01-01..2026-04-30	20260513LUPA1495960	CoinFlip	org-coinflip	W. Fletch Zimpher	person-w-fletch-zimpher	bill_referenced	HB 648	HB 648	bill	ocd-bill/27fe50f3-0c7d-4c18-ad3a-46d2830722b6	Regulate digital asset kiosks; register as money transmitters	Regulate digital asset kiosks; register as money transmitters	2	ocd-person/fb957ddc-f41c-400d-ae32-47f7e729555b	Melanie Miller	primary	direct
2026-01-01..2026-04-30	20260513LUPA1495960	CoinFlip	org-coinflip	W. Fletch Zimpher	person-w-fletch-zimpher	bill_referenced	HB 648	HB 648	bill	ocd-bill/27fe50f3-0c7d-4c18-ad3a-46d2830722b6	Regulate digital asset kiosks; register as money transmitters	Regulate digital asset kiosks; register as money transmitters	2	ocd-person/7ab0cf86-d569-4a6e-8677-8cd7721a9475	Matthew Kishman	primary	direct
2026-01-01..2026-04-30	20260513LUPA1495960	CoinFlip	org-coinflip	W. Fletch Zimpher	person-w-fletch-zimpher	bill_referenced	SB 57	SB 57	bill	ocd-bill/8dbd4452-d3e7-46d6-b75e-05e90ea48d13	Enact the Ohio Bitcoin Reserve Act	Enact the Ohio Bitcoin Reserve Act	1	ocd-person/d665e333-f7e3-43e2-b440-17920f62c60b	Sandra O'Brien	primary	direct
2026-01-01..2026-04-30	20260515EUPA1496748	The Repair Association	org-the-repair-association	William Hinman	person-william-hinman	subject_general	Consumer Rights	Consumer Rights	subject			Decisions regarding consumer rights	0				subject_only
2026-01-01..2026-04-30	20260515EUPA1496748	The Repair Association	org-the-repair-association	William Hinman	person-william-hinman	subject_general	Consumer Rights	Consumer Rights	subject			Decisions regarding consumer rights	0				subject_only
2026-01-01..2026-04-30	20260515EUPA1496748	The Repair Association	org-the-repair-association	William Hinman	person-william-hinman	subject_general	Consumer Rights	Consumer Rights	subject			Decisions regarding consumer rights	0				subject_only
2026-01-01..2026-04-30	20260519LUPA1498832	Johnson & Johnson	org-johnson-johnson	Kelsey Woolard	person-kelsey-woolard	bill_referenced	HB 8	HB 8	bill	ocd-bill/ba77a847-ab42-486d-943e-50526c0062b6	Require health plan and Medicaid coverage of biomarker testing	Require health plan and Medicaid coverage of biomarker testing	1	ocd-person/07c054e9-9a51-41b2-994a-8f63b0148d07	Andrea White	primary	direct
2026-01-01..2026-04-30	20260519LUPA1498832	Johnson & Johnson	org-johnson-johnson	Kelsey Woolard	person-kelsey-woolard	bill_referenced	HB 105	HB 105	bill	ocd-bill/853db8db-9418-4e84-bab1-195bbb721443	Revise non-recourse litigation funding agreement regulations	Revise non-recourse litigation funding agreement regulations	2	ocd-person/ba95511f-3692-426c-bf85-c41ff737eeec	Jim Thomas	primary	direct
2026-01-01..2026-04-30	20260519LUPA1498832	Johnson & Johnson	org-johnson-johnson	Kelsey Woolard	person-kelsey-woolard	bill_referenced	HB 105	HB 105	bill	ocd-bill/853db8db-9418-4e84-bab1-195bbb721443	Revise non-recourse litigation funding agreement regulations	Revise non-recourse litigation funding agreement regulations	2	ocd-person/75257af6-5d83-4d3b-b127-744aaa377c9f	Meredith Craig	primary	direct
2026-01-01..2026-04-30	20260519LUPA1498832	Johnson & Johnson	org-johnson-johnson	Kelsey Woolard	person-kelsey-woolard	bill_referenced	HB 276	HB 276	bill	ocd-bill/ca897e31-c75a-455e-853e-1bdfb5d9e15e	Prohibit certain actions re: reimbursing 340B covered entities	Prohibit certain actions re: reimbursing 340B covered entities	2	ocd-person/78912d95-3dac-4487-810a-74be41508ebb	Adam Holmes	primary	direct
2026-01-01..2026-04-30	20260519LUPA1498832	Johnson & Johnson	org-johnson-johnson	Kelsey Woolard	person-kelsey-woolard	bill_referenced	HB 276	HB 276	bill	ocd-bill/ca897e31-c75a-455e-853e-1bdfb5d9e15e	Prohibit certain actions re: reimbursing 340B covered entities	Prohibit certain actions re: reimbursing 340B covered entities	2	ocd-person/e4f9416c-1043-4737-899e-31410e94af1d	Marilyn John	primary	direct
2026-01-01..2026-04-30	20260519LUPA1498832	Johnson & Johnson	org-johnson-johnson	Kelsey Woolard	person-kelsey-woolard	bill_referenced	SB 10	SB 10	bill	ocd-bill/374030b6-309e-4737-b24d-a8010b6562d1	Revise non-recourse litigation funding agreement regulations	Revise non-recourse litigation funding agreement regulations	2	ocd-person/445d3fc7-d9a5-48d8-8869-f023aa274ae7	George F. Lang	primary	direct
2026-01-01..2026-04-30	20260519LUPA1498832	Johnson & Johnson	org-johnson-johnson	Kelsey Woolard	person-kelsey-woolard	bill_referenced	SB 10	SB 10	bill	ocd-bill/374030b6-309e-4737-b24d-a8010b6562d1	Revise non-recourse litigation funding agreement regulations	Revise non-recourse litigation funding agreement regulations	2	ocd-person/26444e7e-72b2-4838-bc24-31899c90d504	Steve Wilson	primary	direct
2026-01-01..2026-04-30	20260519LUPA1498832	Johnson & Johnson	org-johnson-johnson	Kelsey Woolard	person-kelsey-woolard	bill_referenced	SB 198	SB 198	bill	ocd-bill/900bed23-31ba-4b11-a324-8df445e6b5ef	Prohibit certain actions re: reimbursing 340B covered entities	Prohibit certain actions re: reimbursing 340B covered entities	1	ocd-person/f2e79c7c-7e3a-496d-8f87-d43b62eb54a5	Kyle Koehler	primary	direct
2026-01-01..2026-04-30	20260519LUPA1498832	Johnson & Johnson	org-johnson-johnson	Kelsey Woolard	person-kelsey-woolard	bill_referenced	SB 207	SB 207	bill	ocd-bill/f2831bf5-3efa-47c0-be15-bedfef815b37	Prohibit certain health insurance cost-sharing practices	Prohibit certain health insurance cost-sharing practices	2	ocd-person/2d01ff0c-25a8-49a2-b571-ab3a7866fcf2	Beth Liston	primary	direct
2026-01-01..2026-04-30	20260519LUPA1498832	Johnson & Johnson	org-johnson-johnson	Kelsey Woolard	person-kelsey-woolard	bill_referenced	SB 207	SB 207	bill	ocd-bill/f2831bf5-3efa-47c0-be15-bedfef815b37	Prohibit certain health insurance cost-sharing practices	Prohibit certain health insurance cost-sharing practices	2	ocd-person/0e44b586-f6a4-44ee-b6b7-37fa8dc2e8cd	Susan Manchester	primary	direct
2026-01-01..2026-04-30	20260520LUPA1499942	Ohio Credit Union League & Affiliates	org-ohio-credit-union-league-affiliates	David A Battocletti	person-david-a-battocletti	bill_referenced	HB 1	HB 1	bill	ocd-bill/5d465c11-0107-45e7-a22a-68dd6295898d	Enact Ohio Property Protection Act	Enact Ohio Property Protection Act	2	ocd-person/73e72147-0d40-4478-bbf6-3419f0e00b46	Roy Klopfenstein	primary	direct
2026-01-01..2026-04-30	20260520LUPA1499942	Ohio Credit Union League & Affiliates	org-ohio-credit-union-league-affiliates	David A Battocletti	person-david-a-battocletti	bill_referenced	HB 1	HB 1	bill	ocd-bill/5d465c11-0107-45e7-a22a-68dd6295898d	Enact Ohio Property Protection Act	Enact Ohio Property Protection Act	2	ocd-person/4ed8184a-01ff-4bdc-a06c-cbf8b4c73fd6	Angela N. King	primary	direct
2026-01-01..2026-04-30	20260520LUPA1499942	Ohio Credit Union League & Affiliates	org-ohio-credit-union-league-affiliates	David A Battocletti	person-david-a-battocletti	bill_referenced	HB 18	HB 18	bill	ocd-bill/702704c4-4450-4d78-a3a4-6c1edb8d5f57	Enact the Ohio Strategic Cryptocurrency Reserve Act	Enact the Ohio Strategic Cryptocurrency Reserve Act	1	ocd-person/854b6ce3-a4e1-46db-959a-aa286e4e8942	Steve Demetriou	primary	direct
2026-01-01..2026-04-30	20260520LUPA1499942	Ohio Credit Union League & Affiliates	org-ohio-credit-union-league-affiliates	David A Battocletti	person-david-a-battocletti	bill_referenced	HB 55	HB 55	bill	ocd-bill/2666cdc3-63b3-492c-9bdc-e1d241c5049e	Revise fees for the administration of a probate estate	Revise fees for the administration of a probate estate	1	ocd-person/f4e6c51a-89bd-4841-848b-b1097fd3fc9d	Brian Stewart	primary	direct
2026-01-01..2026-04-30	20260520LUPA1499942	Ohio Credit Union League & Affiliates	org-ohio-credit-union-league-affiliates	David A Battocletti	person-david-a-battocletti	bill_referenced	HB 94	HB 94	bill	ocd-bill/7745ac28-5f5f-4b1c-8095-00e991e1d5bf	Allow employers to post certain labor law notices on the internet	Allow employers to post certain labor law notices on the internet	2	ocd-person/7948afad-ec3c-4e4c-a073-305fb8cd1b21	Thomas Hall	primary	direct
2026-01-01..2026-04-30	20260520LUPA1499942	Ohio Credit Union League & Affiliates	org-ohio-credit-union-league-affiliates	David A Battocletti	person-david-a-battocletti	bill_referenced	HB 94	HB 94	bill	ocd-bill/7745ac28-5f5f-4b1c-8095-00e991e1d5bf	Allow employers to post certain labor law notices on the internet	Allow employers to post certain labor law notices on the internet	2	ocd-person/b04e2962-e7c6-46b8-9a99-d7a6d3a32717	Adam Mathews	primary	direct
2026-01-01..2026-04-30	20260520LUPA1499942	Ohio Credit Union League & Affiliates	org-ohio-credit-union-league-affiliates	David A Battocletti	person-david-a-battocletti	bill_referenced	HB 116	HB 116	bill	ocd-bill/84ab6005-9cef-44be-bf2a-502a032d86e0	Enact the Ohio Blockchain Basics Act	Enact the Ohio Blockchain Basics Act	1	ocd-person/854b6ce3-a4e1-46db-959a-aa286e4e8942	Steve Demetriou	primary	direct
2026-01-01..2026-04-30	20260520LUPA1499942	Ohio Credit Union League & Affiliates	org-ohio-credit-union-league-affiliates	David A Battocletti	person-david-a-battocletti	bill_referenced	HB 152	HB 152	bill	ocd-bill/3e6ddf42-2adb-4438-8dd0-dabcea53c09b	Regulate the provision of earned wage access services	Regulate the provision of earned wage access services	2	ocd-person/a4c53220-d4a7-4591-b2d8-109516dc9401	Terrence Upchurch	primary	direct
2026-01-01..2026-04-30	20260520LUPA1499942	Ohio Credit Union League & Affiliates	org-ohio-credit-union-league-affiliates	David A Battocletti	person-david-a-battocletti	bill_referenced	HB 152	HB 152	bill	ocd-bill/3e6ddf42-2adb-4438-8dd0-dabcea53c09b	Regulate the provision of earned wage access services	Regulate the provision of earned wage access services	2	ocd-person/1e52d1da-3e5c-442e-a460-d63b62709edf	Josh Williams	primary	direct
2026-01-01..2026-04-30	20260520LUPA1499942	Ohio Credit Union League & Affiliates	org-ohio-credit-union-league-affiliates	David A Battocletti	person-david-a-battocletti	bill_referenced	HB 195	HB 195	bill	ocd-bill/e132ad38-3478-4e50-bd91-cca667c237d9	Revise the Ohio Uniform Commercial Code	Revise the Ohio Uniform Commercial Code	2	ocd-person/b04e2962-e7c6-46b8-9a99-d7a6d3a32717	Adam Mathews	primary	direct
2026-01-01..2026-04-30	20260520LUPA1499942	Ohio Credit Union League & Affiliates	org-ohio-credit-union-league-affiliates	David A Battocletti	person-david-a-battocletti	bill_referenced	HB 195	HB 195	bill	ocd-bill/e132ad38-3478-4e50-bd91-cca667c237d9	Revise the Ohio Uniform Commercial Code	Revise the Ohio Uniform Commercial Code	2	ocd-person/1cc15373-6101-48fb-9597-d731c115eb70	Dani Isaacsohn	primary	direct
2026-01-01..2026-04-30	20260520LUPA1499942	Ohio Credit Union League & Affiliates	org-ohio-credit-union-league-affiliates	David A Battocletti	person-david-a-battocletti	bill_referenced	HB 206	HB 206	bill	ocd-bill/fdcead3f-e62b-4af4-b1e0-10825a2bfe22	Establish a transactional currency based on gold and silver	Establish a transactional currency based on gold and silver	2	ocd-person/d6ca7e4f-dcf2-4aad-a919-a2740bae649a	Riordan T. McClain	primary	direct
2026-01-01..2026-04-30	20260520LUPA1499942	Ohio Credit Union League & Affiliates	org-ohio-credit-union-league-affiliates	David A Battocletti	person-david-a-battocletti	bill_referenced	HB 206	HB 206	bill	ocd-bill/fdcead3f-e62b-4af4-b1e0-10825a2bfe22	Establish a transactional currency based on gold and silver	Establish a transactional currency based on gold and silver	2	ocd-person/4817cf28-df1f-4ccc-bc09-25809222e530	Jennifer Gross	primary	direct
2026-01-01..2026-04-30	20260520LUPA1499942	Ohio Credit Union League & Affiliates	org-ohio-credit-union-league-affiliates	David A Battocletti	person-david-a-battocletti	bill_referenced	HB 257	HB 257	bill	ocd-bill/c6fd740f-064d-44e1-9854-e6aac381f727	Enact the Ohio Medical Debt Fairness Act	Enact the Ohio Medical Debt Fairness Act	2	ocd-person/392629a2-7bb2-47df-8128-d4cd7d858324	Jean Schmidt	primary	direct
2026-01-01..2026-04-30	20260520LUPA1499942	Ohio Credit Union League & Affiliates	org-ohio-credit-union-league-affiliates	David A Battocletti	person-david-a-battocletti	bill_referenced	HB 257	HB 257	bill	ocd-bill/c6fd740f-064d-44e1-9854-e6aac381f727	Enact the Ohio Medical Debt Fairness Act	Enact the Ohio Medical Debt Fairness Act	2	ocd-person/100ae6b0-0c5d-4b97-9ac5-8ccb42b9168b	Michele Grim	primary	direct
2026-01-01..2026-04-30	20260520LUPA1499942	Ohio Credit Union League & Affiliates	org-ohio-credit-union-league-affiliates	David A Battocletti	person-david-a-battocletti	bill_referenced	HB 278	HB 278	bill	ocd-bill/93fc588b-2895-42ff-af48-39718c71dd24	Regards the Treasurer of State	Regards the Treasurer of State	2	ocd-person/7948afad-ec3c-4e4c-a073-305fb8cd1b21	Thomas Hall	primary	direct
2026-01-01..2026-04-30	20260520LUPA1499942	Ohio Credit Union League & Affiliates	org-ohio-credit-union-league-affiliates	David A Battocletti	person-david-a-battocletti	bill_referenced	HB 278	HB 278	bill	ocd-bill/93fc588b-2895-42ff-af48-39718c71dd24	Regards the Treasurer of State	Regards the Treasurer of State	2	ocd-person/09c752d1-59eb-4f43-b401-5092d801f4c1	Ty D. Mathews	primary	direct
2026-01-01..2026-04-30	20260520LUPA1499942	Ohio Credit Union League & Affiliates	org-ohio-credit-union-league-affiliates	David A Battocletti	person-david-a-battocletti	bill_referenced	HB 313	HB 313	bill	ocd-bill/9064c303-7148-475c-815b-b5c5b602f0cd	Create a grant program for pro-housing political subdivisions	Create a grant program for pro-housing political subdivisions	2	ocd-person/1cc15373-6101-48fb-9597-d731c115eb70	Dani Isaacsohn	primary	direct
2026-01-01..2026-04-30	20260520LUPA1499942	Ohio Credit Union League & Affiliates	org-ohio-credit-union-league-affiliates	David A Battocletti	person-david-a-battocletti	bill_referenced	HB 313	HB 313	bill	ocd-bill/9064c303-7148-475c-815b-b5c5b602f0cd	Create a grant program for pro-housing political subdivisions	Create a grant program for pro-housing political subdivisions	2	ocd-person/b04e2962-e7c6-46b8-9a99-d7a6d3a32717	Adam Mathews	primary	direct
2026-01-01..2026-04-30	20260520LUPA1499942	Ohio Credit Union League & Affiliates	org-ohio-credit-union-league-affiliates	David A Battocletti	person-david-a-battocletti	bill_referenced	HB 332	HB 332	bill	ocd-bill/423827a6-8033-4df1-bdee-e3abc39a1978	Create the small defense business linked deposit program	Create the small defense business linked deposit program	2	ocd-person/292d1329-8a45-402b-8d6e-8f3b4726187a	Mark Hiner	primary	direct
2026-01-01..2026-04-30	20260520LUPA1499942	Ohio Credit Union League & Affiliates	org-ohio-credit-union-league-affiliates	David A Battocletti	person-david-a-battocletti	bill_referenced	HB 332	HB 332	bill	ocd-bill/423827a6-8033-4df1-bdee-e3abc39a1978	Create the small defense business linked deposit program	Create the small defense business linked deposit program	2	ocd-person/09c752d1-59eb-4f43-b401-5092d801f4c1	Ty D. Mathews	primary	direct
2026-01-01..2026-04-30	20260520LUPA1499942	Ohio Credit Union League & Affiliates	org-ohio-credit-union-league-affiliates	David A Battocletti	person-david-a-battocletti	bill_referenced	HB 396	HB 396	bill	ocd-bill/4fe49755-4fbc-4278-b90e-48d8aad8cfa7	Expand the Address Confidentiality Program	Expand the Address Confidentiality Program	1	ocd-person/550986e6-b595-4fa8-9424-8e09327cf060	Bernard Willis	primary	direct
2026-01-01..2026-04-30	20260520LUPA1499942	Ohio Credit Union League & Affiliates	org-ohio-credit-union-league-affiliates	David A Battocletti	person-david-a-battocletti	bill_referenced	HB 426	HB 426	bill	ocd-bill/6ac6b000-ad9d-451e-aaff-6ee700821849	Regards safekeeping and management of unclaimed digital assets	Regards safekeeping and management of unclaimed digital assets	2	ocd-person/854b6ce3-a4e1-46db-959a-aa286e4e8942	Steve Demetriou	primary	direct
2026-01-01..2026-04-30	20260520LUPA1499942	Ohio Credit Union League & Affiliates	org-ohio-credit-union-league-affiliates	David A Battocletti	person-david-a-battocletti	bill_referenced	HB 426	HB 426	bill	ocd-bill/6ac6b000-ad9d-451e-aaff-6ee700821849	Regards safekeeping and management of unclaimed digital assets	Regards safekeeping and management of unclaimed digital assets	2	ocd-person/1e52d1da-3e5c-442e-a460-d63b62709edf	Josh Williams	primary	direct
2026-01-01..2026-04-30	20260520LUPA1499942	Ohio Credit Union League & Affiliates	org-ohio-credit-union-league-affiliates	David A Battocletti	person-david-a-battocletti	bill_referenced	HB 446	HB 446	bill	ocd-bill/93b752e7-f6f3-4ffe-b7e4-b74743563867	Modify trust and probate laws	Modify trust and probate laws	2	ocd-person/f4e6c51a-89bd-4841-848b-b1097fd3fc9d	Brian Stewart	primary	direct
2026-01-01..2026-04-30	20260520LUPA1499942	Ohio Credit Union League & Affiliates	org-ohio-credit-union-league-affiliates	David A Battocletti	person-david-a-battocletti	bill_referenced	HB 446	HB 446	bill	ocd-bill/93b752e7-f6f3-4ffe-b7e4-b74743563867	Modify trust and probate laws	Modify trust and probate laws	2	ocd-person/b04e2962-e7c6-46b8-9a99-d7a6d3a32717	Adam Mathews	primary	direct
2026-01-01..2026-04-30	20260520LUPA1499942	Ohio Credit Union League & Affiliates	org-ohio-credit-union-league-affiliates	David A Battocletti	person-david-a-battocletti	bill_referenced	HB 458	HB 458	bill	ocd-bill/0fac6c03-0fcc-4878-8f56-467f630aa683	Regards real property foreclosures	Regards real property foreclosures	1	ocd-person/a3ccce64-ea28-47dc-8bab-3af6ed2dd860	Brian Lorenz	primary	direct
2026-01-01..2026-04-30	20260520LUPA1499942	Ohio Credit Union League & Affiliates	org-ohio-credit-union-league-affiliates	David A Battocletti	person-david-a-battocletti	bill_referenced	HB 480	HB 480	bill	ocd-bill/883bdefa-77ee-477f-936c-e1e08a08d95c	Revise the Unclaimed Funds Law	Revise the Unclaimed Funds Law	2	ocd-person/cc85c295-299f-4de7-bb56-1de3a451951e	Michael D. Dovilla	primary	direct
2026-01-01..2026-04-30	20260520LUPA1499942	Ohio Credit Union League & Affiliates	org-ohio-credit-union-league-affiliates	David A Battocletti	person-david-a-battocletti	bill_referenced	HB 480	HB 480	bill	ocd-bill/883bdefa-77ee-477f-936c-e1e08a08d95c	Revise the Unclaimed Funds Law	Revise the Unclaimed Funds Law	2	ocd-person/4cece9f3-e252-438b-8255-a2150a4ed599	Bill Roemer	primary	direct
2026-01-01..2026-04-30	20260520LUPA1499942	Ohio Credit Union League & Affiliates	org-ohio-credit-union-league-affiliates	David A Battocletti	person-david-a-battocletti	bill_referenced	HB 483	HB 483	bill	ocd-bill/87242d1c-7306-4f39-9533-7d97780ecc16	Allow partial property tax deferral for eligible homeowners	Allow partial property tax deferral for eligible homeowners	2	ocd-person/1e52d1da-3e5c-442e-a460-d63b62709edf	Josh Williams	primary	direct
2026-01-01..2026-04-30	20260520LUPA1499942	Ohio Credit Union League & Affiliates	org-ohio-credit-union-league-affiliates	David A Battocletti	person-david-a-battocletti	bill_referenced	HB 483	HB 483	bill	ocd-bill/87242d1c-7306-4f39-9533-7d97780ecc16	Allow partial property tax deferral for eligible homeowners	Allow partial property tax deferral for eligible homeowners	2	ocd-person/b04e2962-e7c6-46b8-9a99-d7a6d3a32717	Adam Mathews	primary	direct
2026-01-01..2026-04-30	20260520LUPA1499942	Ohio Credit Union League & Affiliates	org-ohio-credit-union-league-affiliates	David A Battocletti	person-david-a-battocletti	bill_referenced	HB 554	HB 554	bill	ocd-bill/a17fcb44-fad9-4188-9383-b0f0534af0f4	Require government, private sellers to accept cash as payment	Require government, private sellers to accept cash as payment	1	ocd-person/170299dd-f2e4-463e-8b8b-ea3b75946120	David Thomas	primary	direct
2026-01-01..2026-04-30	20260520LUPA1499942	Ohio Credit Union League & Affiliates	org-ohio-credit-union-league-affiliates	David A Battocletti	person-david-a-battocletti	bill_referenced	HB 560	HB 560	bill	ocd-bill/95be6f30-f67b-4eb2-8cea-51204c466d4b	Enact the Protect Our Parents Act	Enact the Protect Our Parents Act	2	ocd-person/07c054e9-9a51-41b2-994a-8f63b0148d07	Andrea White	primary	direct
2026-01-01..2026-04-30	20260520LUPA1499942	Ohio Credit Union League & Affiliates	org-ohio-credit-union-league-affiliates	David A Battocletti	person-david-a-battocletti	bill_referenced	HB 560	HB 560	bill	ocd-bill/95be6f30-f67b-4eb2-8cea-51204c466d4b	Enact the Protect Our Parents Act	Enact the Protect Our Parents Act	2	ocd-person/cb2ddd04-e5b0-4c96-b217-d02b732eb896	D. J. Swearingen	primary	direct
2026-01-01..2026-04-30	20260520LUPA1499942	Ohio Credit Union League & Affiliates	org-ohio-credit-union-league-affiliates	David A Battocletti	person-david-a-battocletti	bill_referenced	HB 612	HB 612	bill	ocd-bill/de551e8f-8ff0-4b31-844b-55b0a2b95729	Regards credit union share guaranty corporations	Regards credit union share guaranty corporations	1	ocd-person/9892fcd7-9432-425f-85a6-7599fbe3177d	Justin Pizzulli	primary	direct
2026-01-01..2026-04-30	20260520LUPA1499942	Ohio Credit Union League & Affiliates	org-ohio-credit-union-league-affiliates	David A Battocletti	person-david-a-battocletti	bill_referenced	HB 648	HB 648	bill	ocd-bill/27fe50f3-0c7d-4c18-ad3a-46d2830722b6	Regulate digital asset kiosks; register as money transmitters	Regulate digital asset kiosks; register as money transmitters	2	ocd-person/fb957ddc-f41c-400d-ae32-47f7e729555b	Melanie Miller	primary	direct
2026-01-01..2026-04-30	20260520LUPA1499942	Ohio Credit Union League & Affiliates	org-ohio-credit-union-league-affiliates	David A Battocletti	person-david-a-battocletti	bill_referenced	HB 648	HB 648	bill	ocd-bill/27fe50f3-0c7d-4c18-ad3a-46d2830722b6	Regulate digital asset kiosks; register as money transmitters	Regulate digital asset kiosks; register as money transmitters	2	ocd-person/7ab0cf86-d569-4a6e-8677-8cd7721a9475	Matthew Kishman	primary	direct
2026-01-01..2026-04-30	20260520LUPA1499942	Ohio Credit Union League & Affiliates	org-ohio-credit-union-league-affiliates	David A Battocletti	person-david-a-battocletti	bill_referenced	HB 669	HB 669	bill	ocd-bill/8824e15f-31d1-42f7-b324-bd6da901a4d2	Permit AP Business fulfill high school financial lit requirement	Permit AP Business fulfill high school financial lit requirement	2	ocd-person/993f089c-60bf-418d-9704-fa92e4f01c71	Sean P. Brennan	primary	direct
2026-01-01..2026-04-30	20260520LUPA1499942	Ohio Credit Union League & Affiliates	org-ohio-credit-union-league-affiliates	David A Battocletti	person-david-a-battocletti	bill_referenced	HB 669	HB 669	bill	ocd-bill/8824e15f-31d1-42f7-b324-bd6da901a4d2	Permit AP Business fulfill high school financial lit requirement	Permit AP Business fulfill high school financial lit requirement	2	ocd-person/9b5a9ff9-b35a-49aa-aa64-5d2bab574843	Joseph A. Miller, III	primary	direct
2026-01-01..2026-04-30	20260520LUPA1499942	Ohio Credit Union League & Affiliates	org-ohio-credit-union-league-affiliates	David A Battocletti	person-david-a-battocletti	bill_referenced	SB 30	SB 30	bill	ocd-bill/83c987b7-1a84-42b8-819b-ac5432129859	Require retail merchants to give customers the option to pay cash	Require retail merchants to give customers the option to pay cash	2	ocd-person/94ba65dd-57c5-4ab0-b607-5e310d50cae0	Catherine D. Ingram	primary	direct
2026-01-01..2026-04-30	20260520LUPA1499942	Ohio Credit Union League & Affiliates	org-ohio-credit-union-league-affiliates	David A Battocletti	person-david-a-battocletti	bill_referenced	SB 30	SB 30	bill	ocd-bill/83c987b7-1a84-42b8-819b-ac5432129859	Require retail merchants to give customers the option to pay cash	Require retail merchants to give customers the option to pay cash	2	ocd-person/5a9b2a16-6827-4e00-961a-f3de39538749	Louis W. Blessing, III	primary	direct
2026-01-01..2026-04-30	20260520LUPA1499942	Ohio Credit Union League & Affiliates	org-ohio-credit-union-league-affiliates	David A Battocletti	person-david-a-battocletti	bill_referenced	SB 33	SB 33	bill	ocd-bill/0ed4ede2-53a2-4183-8447-1ec451ee2cbd	Allow employers to post certain labor law notices on the internet	Allow employers to post certain labor law notices on the internet	2	ocd-person/445d3fc7-d9a5-48d8-8869-f023aa274ae7	George F. Lang	primary	direct
2026-01-01..2026-04-30	20260520LUPA1499942	Ohio Credit Union League & Affiliates	org-ohio-credit-union-league-affiliates	David A Battocletti	person-david-a-battocletti	bill_referenced	SB 33	SB 33	bill	ocd-bill/0ed4ede2-53a2-4183-8447-1ec451ee2cbd	Allow employers to post certain labor law notices on the internet	Allow employers to post certain labor law notices on the internet	2	ocd-person/26444e7e-72b2-4838-bc24-31899c90d504	Steve Wilson	primary	direct
2026-01-01..2026-04-30	20260520LUPA1499942	Ohio Credit Union League & Affiliates	org-ohio-credit-union-league-affiliates	David A Battocletti	person-david-a-battocletti	bill_referenced	SB 57	SB 57	bill	ocd-bill/8dbd4452-d3e7-46d6-b75e-05e90ea48d13	Enact the Ohio Bitcoin Reserve Act	Enact the Ohio Bitcoin Reserve Act	1	ocd-person/d665e333-f7e3-43e2-b440-17920f62c60b	Sandra O'Brien	primary	direct
2026-01-01..2026-04-30	20260520LUPA1499942	Ohio Credit Union League & Affiliates	org-ohio-credit-union-league-affiliates	David A Battocletti	person-david-a-battocletti	bill_referenced	SB 65	SB 65	bill	ocd-bill/3c87e13e-e54b-408e-84d5-7dddf2d5c331	Revise product contracts, vehicle agreements, motor vehicle laws	Revise product contracts, vehicle agreements, motor vehicle laws	1	ocd-person/445d3fc7-d9a5-48d8-8869-f023aa274ae7	George F. Lang	primary	direct
2026-01-01..2026-04-30	20260520LUPA1499942	Ohio Credit Union League & Affiliates	org-ohio-credit-union-league-affiliates	David A Battocletti	person-david-a-battocletti	bill_referenced	SB 83	SB 83	bill	ocd-bill/f7d5e9dc-0846-4801-a83e-654a1cb42f0c	Revise eviction, code enforcement, and real property transfer law	Revise eviction, code enforcement, and real property transfer law	2	ocd-person/ed858ef9-97dc-4be8-97ab-006ea96923ae	Hearcel F. Craig	primary	direct
2026-01-01..2026-04-30	20260520LUPA1499942	Ohio Credit Union League & Affiliates	org-ohio-credit-union-league-affiliates	David A Battocletti	person-david-a-battocletti	bill_referenced	SB 83	SB 83	bill	ocd-bill/f7d5e9dc-0846-4801-a83e-654a1cb42f0c	Revise eviction, code enforcement, and real property transfer law	Revise eviction, code enforcement, and real property transfer law	2	ocd-person/79af20c0-6eb6-44a2-ba79-9c7e5e10ea04	Michele Reynolds	primary	direct
2026-01-01..2026-04-30	20260520LUPA1499942	Ohio Credit Union League & Affiliates	org-ohio-credit-union-league-affiliates	David A Battocletti	person-david-a-battocletti	bill_referenced	SB 88	SB 88	bill	ocd-bill/4cc9b08c-3b2e-4858-bb03-805c84e0fcba	Enact the Ohio Property Protection Act	Enact the Ohio Property Protection Act	1	ocd-person/57300c34-0e2d-4e85-bdce-c4fb8c781541	Terry Johnson	primary	direct
2026-01-01..2026-04-30	20260520LUPA1499942	Ohio Credit Union League & Affiliates	org-ohio-credit-union-league-affiliates	David A Battocletti	person-david-a-battocletti	bill_referenced	SB 117	SB 117	bill	ocd-bill/5dfbbe13-3197-43e6-91ff-00d2b184d0dc	Regulate the provision of earned wage access services	Regulate the provision of earned wage access services	1	ocd-person/445d3fc7-d9a5-48d8-8869-f023aa274ae7	George F. Lang	primary	direct
2026-01-01..2026-04-30	20260520LUPA1499942	Ohio Credit Union League & Affiliates	org-ohio-credit-union-league-affiliates	David A Battocletti	person-david-a-battocletti	bill_referenced	SB 135	SB 135	bill	ocd-bill/c79a98c2-ca6a-4838-8aa3-f12dbef6f82b	Regards real property foreclosures and estate sales	Regards real property foreclosures and estate sales	1	ocd-person/c61c8eaf-1de9-419d-a5dc-c96787315578	Andrew O. Brenner	primary	direct
2026-01-01..2026-04-30	20260520LUPA1499942	Ohio Credit Union League & Affiliates	org-ohio-credit-union-league-affiliates	David A Battocletti	person-david-a-battocletti	bill_referenced	SB 145	SB 145	bill	ocd-bill/efac2602-e5ac-4c86-82b7-dcb46084693b	Rename the Department of Development; modify the housing law	Rename the Department of Development; modify the housing law	2	ocd-person/ed858ef9-97dc-4be8-97ab-006ea96923ae	Hearcel F. Craig	primary	direct
2026-01-01..2026-04-30	20260520LUPA1499942	Ohio Credit Union League & Affiliates	org-ohio-credit-union-league-affiliates	David A Battocletti	person-david-a-battocletti	bill_referenced	SB 145	SB 145	bill	ocd-bill/efac2602-e5ac-4c86-82b7-dcb46084693b	Rename the Department of Development; modify the housing law	Rename the Department of Development; modify the housing law	2	ocd-person/79af20c0-6eb6-44a2-ba79-9c7e5e10ea04	Michele Reynolds	primary	direct
2026-01-01..2026-04-30	20260520LUPA1499942	Ohio Credit Union League & Affiliates	org-ohio-credit-union-league-affiliates	David A Battocletti	person-david-a-battocletti	bill_referenced	SB 166	SB 166	bill	ocd-bill/c718b6a1-6e0d-477b-8a30-a44353e3066b	Prohibit health insurance, Medicaid electronic claim fees	Prohibit health insurance, Medicaid electronic claim fees	1	ocd-person/d3508136-3927-461f-a2f0-a85665845ab1	Nathan H. Manning	primary	direct
2026-01-01..2026-04-30	20260520LUPA1499942	Ohio Credit Union League & Affiliates	org-ohio-credit-union-league-affiliates	David A Battocletti	person-david-a-battocletti	bill_referenced	SB 184	SB 184	bill	ocd-bill/e2df8b73-7a79-44eb-8ebc-0df40bcd59ca	Create residential development districts, housing grant program	Create residential development districts, housing grant program	1	ocd-person/79af20c0-6eb6-44a2-ba79-9c7e5e10ea04	Michele Reynolds	primary	direct
2026-01-01..2026-04-30	20260520LUPA1499942	Ohio Credit Union League & Affiliates	org-ohio-credit-union-league-affiliates	David A Battocletti	person-david-a-battocletti	bill_referenced	SB 192	SB 192	bill	ocd-bill/c4f2d9e2-9d2f-46d9-bf61-b283046a411a	Declare intent to provide funding re: housing in rural counties	Declare intent to provide funding re: housing in rural counties	1	ocd-person/79af20c0-6eb6-44a2-ba79-9c7e5e10ea04	Michele Reynolds	primary	direct
2026-01-01..2026-04-30	20260520LUPA1499942	Ohio Credit Union League & Affiliates	org-ohio-credit-union-league-affiliates	David A Battocletti	person-david-a-battocletti	bill_referenced	SB 208	SB 208	bill	ocd-bill/6076b1c4-16d8-4fd0-b1b0-15f55b591cec	Require certain conveyance fees be allocated for housing purposes	Require certain conveyance fees be allocated for housing purposes	2	ocd-person/79af20c0-6eb6-44a2-ba79-9c7e5e10ea04	Michele Reynolds	primary	direct
2026-01-01..2026-04-30	20260520LUPA1499942	Ohio Credit Union League & Affiliates	org-ohio-credit-union-league-affiliates	David A Battocletti	person-david-a-battocletti	bill_referenced	SB 208	SB 208	bill	ocd-bill/6076b1c4-16d8-4fd0-b1b0-15f55b591cec	Require certain conveyance fees be allocated for housing purposes	Require certain conveyance fees be allocated for housing purposes	2	ocd-person/c61c8eaf-1de9-419d-a5dc-c96787315578	Andrew O. Brenner	primary	direct
2026-01-01..2026-04-30	20260520LUPA1499942	Ohio Credit Union League & Affiliates	org-ohio-credit-union-league-affiliates	David A Battocletti	person-david-a-battocletti	bill_referenced	SB 225	SB 225	bill	ocd-bill/7d1987f9-2e95-45d5-acd1-126e4026b19a	Expand the Address Confidentiality Program	Expand the Address Confidentiality Program	1	ocd-person/0e44b586-f6a4-44ee-b6b7-37fa8dc2e8cd	Susan Manchester	primary	direct
2026-01-01..2026-04-30	20260520LUPA1499942	Ohio Credit Union League & Affiliates	org-ohio-credit-union-league-affiliates	David A Battocletti	person-david-a-battocletti	bill_referenced	SB 264	SB 264	bill	ocd-bill/d1d7419a-f087-4577-b093-babe9ea5ccfe	Enact Megan's Way Out Act	Enact Megan's Way Out Act	1	ocd-person/d7949531-f267-4e99-9611-87b3ec3e04ac	Casey Weinstein	primary	direct
2026-01-01..2026-04-30	20260520LUPA1499942	Ohio Credit Union League & Affiliates	org-ohio-credit-union-league-affiliates	David A Battocletti	person-david-a-battocletti	bill_referenced	SB 269	SB 269	bill	ocd-bill/ccf17998-c266-4295-a755-ce66384f4774	Revise the Small Loan Act	Revise the Small Loan Act	1	ocd-person/445d3fc7-d9a5-48d8-8869-f023aa274ae7	George F. Lang	primary	direct
2026-01-01..2026-04-30	20260520LUPA1499942	Ohio Credit Union League & Affiliates	org-ohio-credit-union-league-affiliates	David A Battocletti	person-david-a-battocletti	bill_referenced	SB 300	SB 300	bill	ocd-bill/b978946d-2a0f-46ad-a968-672cdc8dd34a	Regards the Treasurer of State	Regards the Treasurer of State	1	ocd-person/936e5d50-e145-494b-a397-f56570530816	Kristina D. Roegner	primary	direct
2026-01-01..2026-04-30	20260520LUPA1499942	Ohio Credit Union League & Affiliates	org-ohio-credit-union-league-affiliates	David A Battocletti	person-david-a-battocletti	bill_referenced	SB 336	SB 336	bill	ocd-bill/69c28f4d-14a9-4ffc-a977-cc5b1aa0e593	Require disclosure of mandatory fees in consumer transactions	Require disclosure of mandatory fees in consumer transactions	1	ocd-person/5a9b2a16-6827-4e00-961a-f3de39538749	Louis W. Blessing, III	primary	direct
2026-01-01..2026-04-30	20260520LUPA1499942	Ohio Credit Union League & Affiliates	org-ohio-credit-union-league-affiliates	David A Battocletti	person-david-a-battocletti	bill_referenced	SB 337	SB 337	bill	ocd-bill/c088b875-f703-4da5-b08e-39582b8c6db6	Require disclosure of credit card surcharges	Require disclosure of credit card surcharges	1	ocd-person/23c443b0-e2f7-4c7a-af1e-d67d7aa366ce	Willis E. Blackshear, Jr.	primary	direct
2026-01-01..2026-04-30	20260520LUPA1500112	AARP	org-aarp	Benjamin Webb	person-benjamin-webb	bill_referenced	HB 279	HB 279	bill	ocd-bill/1af811d4-b33d-45a3-9604-5a177158a36d	Authorize an income tax credit for family caregiving expenses	Authorize an income tax credit for family caregiving expenses	2	ocd-person/1e52d1da-3e5c-442e-a460-d63b62709edf	Josh Williams	primary	direct
2026-01-01..2026-04-30	20260520LUPA1500112	AARP	org-aarp	Benjamin Webb	person-benjamin-webb	bill_referenced	HB 279	HB 279	bill	ocd-bill/1af811d4-b33d-45a3-9604-5a177158a36d	Authorize an income tax credit for family caregiving expenses	Authorize an income tax credit for family caregiving expenses	2	ocd-person/b04e2962-e7c6-46b8-9a99-d7a6d3a32717	Adam Mathews	primary	direct
2026-01-01..2026-04-30	20260520LUPA1500112	AARP	org-aarp	Benjamin Webb	person-benjamin-webb	bill_referenced	HB 530	HB 530	bill	ocd-bill/575710a0-4c82-4eb1-8a81-f267d42fdfef	Establish the Long-term Care Workforce Study Commission	Establish the Long-term Care Workforce Study Commission	2	ocd-person/f1715f7b-6a29-4dd2-a34f-b94c87088890	Jodi Salvo	primary	direct
2026-01-01..2026-04-30	20260520LUPA1500112	AARP	org-aarp	Benjamin Webb	person-benjamin-webb	bill_referenced	HB 530	HB 530	bill	ocd-bill/575710a0-4c82-4eb1-8a81-f267d42fdfef	Establish the Long-term Care Workforce Study Commission	Establish the Long-term Care Workforce Study Commission	2	ocd-person/a75181f0-f0e8-4af3-aefd-6cc08543af1a	Darnell T. Brewer	primary	direct
2026-01-01..2026-04-30	20260520LUPA1500112	AARP	org-aarp	Benjamin Webb	person-benjamin-webb	bill_referenced	HB 560	HB 560	bill	ocd-bill/95be6f30-f67b-4eb2-8cea-51204c466d4b	Enact the Protect Our Parents Act	Enact the Protect Our Parents Act	2	ocd-person/07c054e9-9a51-41b2-994a-8f63b0148d07	Andrea White	primary	direct
2026-01-01..2026-04-30	20260520LUPA1500112	AARP	org-aarp	Benjamin Webb	person-benjamin-webb	bill_referenced	HB 560	HB 560	bill	ocd-bill/95be6f30-f67b-4eb2-8cea-51204c466d4b	Enact the Protect Our Parents Act	Enact the Protect Our Parents Act	2	ocd-person/cb2ddd04-e5b0-4c96-b217-d02b732eb896	D. J. Swearingen	primary	direct
2026-01-01..2026-04-30	20260520LUPA1500112	AARP	org-aarp	Benjamin Webb	person-benjamin-webb	bill_referenced	HB 648	HB 648	bill	ocd-bill/27fe50f3-0c7d-4c18-ad3a-46d2830722b6	Regulate digital asset kiosks; register as money transmitters	Regulate digital asset kiosks; register as money transmitters	2	ocd-person/fb957ddc-f41c-400d-ae32-47f7e729555b	Melanie Miller	primary	direct
2026-01-01..2026-04-30	20260520LUPA1500112	AARP	org-aarp	Benjamin Webb	person-benjamin-webb	bill_referenced	HB 648	HB 648	bill	ocd-bill/27fe50f3-0c7d-4c18-ad3a-46d2830722b6	Regulate digital asset kiosks; register as money transmitters	Regulate digital asset kiosks; register as money transmitters	2	ocd-person/7ab0cf86-d569-4a6e-8677-8cd7721a9475	Matthew Kishman	primary	direct
2026-01-01..2026-04-30	20260520LUPA1500112	AARP	org-aarp	Benjamin Webb	person-benjamin-webb	bill_referenced	HB 749	HB 749	bill	ocd-bill/b85bf61b-3b64-4678-bfe1-6e358539d54a	Regards deed and title fraud prevention	Regards deed and title fraud prevention	2	ocd-person/7ab0cf86-d569-4a6e-8677-8cd7721a9475	Matthew Kishman	primary	direct
2026-01-01..2026-04-30	20260520LUPA1500112	AARP	org-aarp	Benjamin Webb	person-benjamin-webb	bill_referenced	HB 749	HB 749	bill	ocd-bill/b85bf61b-3b64-4678-bfe1-6e358539d54a	Regards deed and title fraud prevention	Regards deed and title fraud prevention	2	ocd-person/4cece9f3-e252-438b-8255-a2150a4ed599	Bill Roemer	primary	direct
2026-01-01..2026-04-30	20260520LUPA1500112	AARP	org-aarp	Benjamin Webb	person-benjamin-webb	bill_referenced	SB 205	SB 205	bill	ocd-bill/1306575c-7cb3-469b-ad06-1b6e344be691	Authorize an income tax credit for family caregiving expenses	Authorize an income tax credit for family caregiving expenses	1	ocd-person/79af20c0-6eb6-44a2-ba79-9c7e5e10ea04	Michele Reynolds	primary	direct
2026-01-01..2026-04-30	20260520LUPA1500112	AARP	org-aarp	Benjamin Webb	person-benjamin-webb	bill_referenced	SB 340	SB 340	bill	ocd-bill/f5e8f498-b196-4bd5-b7be-712efc1e15d5	Require elector approval for a municipal traffic camera program	Require elector approval for a municipal traffic camera program	1	ocd-person/a57f6c78-ac58-4f7d-870e-0d8052984cd9	Thomas F. Patton	primary	direct
2026-01-01..2026-04-30	20260520LUPA1500422	Imagine Learning	org-imagine-learning	Victor F Hipsley	person-victor-f-hipsley	bill_referenced	HB 369	HB 369	bill	ocd-bill/96d43437-1f39-4c35-bdc2-804afe149025	Change diagnostic assessments for grades kindergarten through 3	Change diagnostic assessments for grades kindergarten through 3	2	ocd-person/de0a6483-7c16-43e1-a76b-c0cc98a9d7ed	Beth Lear	primary	direct
2026-01-01..2026-04-30	20260520LUPA1500422	Imagine Learning	org-imagine-learning	Victor F Hipsley	person-victor-f-hipsley	bill_referenced	HB 369	HB 369	bill	ocd-bill/96d43437-1f39-4c35-bdc2-804afe149025	Change diagnostic assessments for grades kindergarten through 3	Change diagnostic assessments for grades kindergarten through 3	2	ocd-person/5b3a7d10-e745-4985-ade9-d7fff6ae6af4	Sarah Fowler Arthur	primary	direct
2026-01-01..2026-04-30	20260520LUPA1500422	Imagine Learning	org-imagine-learning	Victor F Hipsley	person-victor-f-hipsley	bill_referenced	SB 19	SB 19	bill	ocd-bill/bd9f4b71-4556-46ab-8bda-e6919ff5a4e4	Regards academic intervention, math improvement and intervention	Regards academic intervention, math improvement and intervention	1	ocd-person/c61c8eaf-1de9-419d-a5dc-c96787315578	Andrew O. Brenner	primary	direct
2026-01-01..2026-04-30	20260520LUPA1500954	Healthcare Distribution Alliance	org-healthcare-distribution-alliance	Kevin Shimp	person-kevin-shimp	bill_referenced	HB 192	HB 192	bill	ocd-bill/86c1c417-ef53-48be-81dc-cf4c8c594a1f	Enact the Community Pharmacy Protection Act	Enact the Community Pharmacy Protection Act	2	ocd-person/16e469e4-8014-4ba2-8fc4-91804d6ef491	Tex Fischer	primary	direct
2026-01-01..2026-04-30	20260520LUPA1500954	Healthcare Distribution Alliance	org-healthcare-distribution-alliance	Kevin Shimp	person-kevin-shimp	bill_referenced	HB 192	HB 192	bill	ocd-bill/86c1c417-ef53-48be-81dc-cf4c8c594a1f	Enact the Community Pharmacy Protection Act	Enact the Community Pharmacy Protection Act	2	ocd-person/fa5ff978-34ff-49d1-958e-4e356a8ef9d4	Tim Barhorst	primary	direct
2026-01-01..2026-04-30	20260520LUPA1500954	Healthcare Distribution Alliance	org-healthcare-distribution-alliance	Kevin Shimp	person-kevin-shimp	bill_referenced	HB 229	HB 229	bill	ocd-bill/c1f69328-232b-43a2-a683-57b47df045f7	Establish licensing process, contract requirements for PBMs	Establish licensing process, contract requirements for PBMs	1	ocd-person/97821235-4116-44d1-b58b-acf822bbdc58	Kellie Deeter	primary	direct
2026-01-01..2026-04-30	20260520LUPA1500954	Healthcare Distribution Alliance	org-healthcare-distribution-alliance	Kevin Shimp	person-kevin-shimp	bill_referenced	HB 324	HB 324	bill	ocd-bill/d02aa097-0a0a-4960-ba67-dfb5fd101d6d	Enact the Patient Protection Act	Enact the Patient Protection Act	2	ocd-person/75257af6-5d83-4d3b-b127-744aaa377c9f	Meredith Craig	primary	direct
2026-01-01..2026-04-30	20260520LUPA1500954	Healthcare Distribution Alliance	org-healthcare-distribution-alliance	Kevin Shimp	person-kevin-shimp	bill_referenced	HB 324	HB 324	bill	ocd-bill/d02aa097-0a0a-4960-ba67-dfb5fd101d6d	Enact the Patient Protection Act	Enact the Patient Protection Act	2	ocd-person/b04e2962-e7c6-46b8-9a99-d7a6d3a32717	Adam Mathews	primary	direct
2026-01-01..2026-04-30	20260520LUPA1500954	Healthcare Distribution Alliance	org-healthcare-distribution-alliance	Kevin Shimp	person-kevin-shimp	bill_referenced	HB 682	HB 682	bill	ocd-bill/03b07139-86e2-4bda-9272-215d98974955	Prohibit certain insurance practices	Prohibit certain insurance practices	2	ocd-person/b29aadca-f2da-4f09-8a1d-7aa328768507	Gayle Manning	primary	direct
2026-01-01..2026-04-30	20260520LUPA1500954	Healthcare Distribution Alliance	org-healthcare-distribution-alliance	Kevin Shimp	person-kevin-shimp	bill_referenced	HB 682	HB 682	bill	ocd-bill/03b07139-86e2-4bda-9272-215d98974955	Prohibit certain insurance practices	Prohibit certain insurance practices	2	ocd-person/75257af6-5d83-4d3b-b127-744aaa377c9f	Meredith Craig	primary	direct
2026-01-01..2026-04-30	20260520LUPA1500954	Healthcare Distribution Alliance	org-healthcare-distribution-alliance	Kevin Shimp	person-kevin-shimp	bill_referenced	SB 309	SB 309	bill	ocd-bill/fd488f9b-4643-4696-ab7e-8ff41079d301	Enact the Abortion Pill Provider Liability Education (APPLE) Act	Enact the Abortion Pill Provider Liability Education (APPLE) Act	1	ocd-person/f2e79c7c-7e3a-496d-8f87-d43b62eb54a5	Kyle Koehler	primary	direct
2026-01-01..2026-04-30	20260521LUPA1502242	Greater Cleveland Sports Commission	org-greater-cleveland-sports-commission	Jackson Bergdoll	person-jackson-bergdoll	bill_referenced	HB 255	HB 255	bill	ocd-bill/334d2202-ddf5-418e-9c0b-7c3223da9d09	Create the Ohio Sports Commission	Create the Ohio Sports Commission	2	ocd-person/fb957ddc-f41c-400d-ae32-47f7e729555b	Melanie Miller	primary	direct
2026-01-01..2026-04-30	20260521LUPA1502242	Greater Cleveland Sports Commission	org-greater-cleveland-sports-commission	Jackson Bergdoll	person-jackson-bergdoll	bill_referenced	HB 255	HB 255	bill	ocd-bill/334d2202-ddf5-418e-9c0b-7c3223da9d09	Create the Ohio Sports Commission	Create the Ohio Sports Commission	2	ocd-person/74c1210d-fb56-4522-8d3a-0a2bb08c972b	Dontavius L. Jarrells	primary	direct
2026-01-01..2026-04-30	20260521LUPA1502316	Alvis, Inc.	org-alvis-inc	Andrew Minton	person-andrew-minton	bill_referenced	HB 730	HB 730	bill	ocd-bill/6f719352-1c73-48d2-a7d8-fefd4184dbda	Make capital reappropriations for biennium ending June 30, 2028	Make capital reappropriations for biennium ending June 30, 2028	1	ocd-person/f4e6c51a-89bd-4841-848b-b1097fd3fc9d	Brian Stewart	primary	direct
2026-01-01..2026-04-30	20260526EUPA1506792	Ohio Distiller's Guild	org-ohio-distiller-s-guild	Charles H Gerhardt, III	person-charles-h-gerhardt-iii	subject_general	Commerce	Commerce	subject			activities related to liquor storage and liquor sampling and activities related to direct-to consumer sales	0				subject_only
2026-01-01..2026-04-30	20260526EUPA1506792	Ohio Distiller's Guild	org-ohio-distiller-s-guild	Charles H Gerhardt, III	person-charles-h-gerhardt-iii	subject_general	Fire Marshall	Fire Marshall	subject			activities related to liquor storage and liquor sampling	0				subject_only
2026-01-01..2026-04-30	20260526EUPA1508506	Southwest Ohio Regional Transit Authority	org-southwest-ohio-regional-transit-authority	James T Benedict	person-james-t-benedict	subject_general	Transportation	Transportation	subject			Activities related to transportation and operating budgets — Governor	0				subject_only
2026-01-01..2026-04-30	20260526EUPA1508506	Southwest Ohio Regional Transit Authority	org-southwest-ohio-regional-transit-authority	James T Benedict	person-james-t-benedict	subject_general	Transportation	Transportation	subject			Activities related to transportation and operating budgets — Transportation (agency)	0				subject_only
2026-01-01..2026-04-30	20260526LUPA1506034	Ohio Hospital Association	org-ohio-hospital-association	Mike Abrams	person-mike-abrams	bill_referenced	CB DOH0105168	CB DOH0105168	unmatched				0				unmatched
2026-01-01..2026-04-30	20260526LUPA1506034	Ohio Hospital Association	org-ohio-hospital-association	Mike Abrams	person-mike-abrams	bill_referenced	HB 589	HB 589	bill	ocd-bill/63c8a3da-eb2e-4a9a-886d-eddaab82b7cb	Regards contracts between health insurers, health care providers	Regards contracts between health insurers, health care providers	1	ocd-person/b04e2962-e7c6-46b8-9a99-d7a6d3a32717	Adam Mathews	primary	direct
2026-01-01..2026-04-30	20260526LUPA1506034	Ohio Hospital Association	org-ohio-hospital-association	Mike Abrams	person-mike-abrams	bill_referenced	HB 730	HB 730	bill	ocd-bill/6f719352-1c73-48d2-a7d8-fefd4184dbda	Make capital reappropriations for biennium ending June 30, 2028	Make capital reappropriations for biennium ending June 30, 2028	1	ocd-person/f4e6c51a-89bd-4841-848b-b1097fd3fc9d	Brian Stewart	primary	direct
2026-01-01..2026-04-30	20260526LUPA1507534	Cincinnati Children's Hospital Medical Center	org-cincinnati-children-s-hospital-medical-center	Alana Tucker	person-alana-tucker	bill_referenced	HB 1	HB 1	bill	ocd-bill/5d465c11-0107-45e7-a22a-68dd6295898d	Enact Ohio Property Protection Act	Enact Ohio Property Protection Act	2	ocd-person/73e72147-0d40-4478-bbf6-3419f0e00b46	Roy Klopfenstein	primary	direct
2026-01-01..2026-04-30	20260526LUPA1507534	Cincinnati Children's Hospital Medical Center	org-cincinnati-children-s-hospital-medical-center	Alana Tucker	person-alana-tucker	bill_referenced	HB 1	HB 1	bill	ocd-bill/5d465c11-0107-45e7-a22a-68dd6295898d	Enact Ohio Property Protection Act	Enact Ohio Property Protection Act	2	ocd-person/4ed8184a-01ff-4bdc-a06c-cbf8b4c73fd6	Angela N. King	primary	direct
2026-01-01..2026-04-30	20260526LUPA1507534	Cincinnati Children's Hospital Medical Center	org-cincinnati-children-s-hospital-medical-center	Alana Tucker	person-alana-tucker	bill_referenced	HB 12	HB 12	bill	ocd-bill/f43567bb-674b-4060-a934-182e8d23d75d	Enact the Jeff, Dave, and Angie Patient Right to Try Act	Enact the Jeff, Dave, and Angie Patient Right to Try Act	2	ocd-person/cb2ddd04-e5b0-4c96-b217-d02b732eb896	D. J. Swearingen	primary	direct
2026-01-01..2026-04-30	20260526LUPA1507534	Cincinnati Children's Hospital Medical Center	org-cincinnati-children-s-hospital-medical-center	Alana Tucker	person-alana-tucker	bill_referenced	HB 12	HB 12	bill	ocd-bill/f43567bb-674b-4060-a934-182e8d23d75d	Enact the Jeff, Dave, and Angie Patient Right to Try Act	Enact the Jeff, Dave, and Angie Patient Right to Try Act	2	ocd-person/4817cf28-df1f-4ccc-bc09-25809222e530	Jennifer Gross	primary	direct
2026-01-01..2026-04-30	20260526LUPA1507534	Cincinnati Children's Hospital Medical Center	org-cincinnati-children-s-hospital-medical-center	Alana Tucker	person-alana-tucker	bill_referenced	HB 172	HB 172	bill	ocd-bill/1f30bab5-5835-4dff-9c51-250b2e4f5092	Prohibit mental health service to minors without parental consent	Prohibit mental health service to minors without parental consent	1	ocd-person/9d7cc971-9ed9-4918-b93f-39d41d35e565	Johnathan Newman	primary	direct
2026-01-01..2026-04-30	20260526LUPA1507534	Cincinnati Children's Hospital Medical Center	org-cincinnati-children-s-hospital-medical-center	Alana Tucker	person-alana-tucker	bill_referenced	HB 214	HB 214	bill	ocd-bill/f0070aae-3379-416b-bf86-f23f64365eea	Require Medicaid, health insurers report on prior authorization	Require Medicaid, health insurers report on prior authorization	1	ocd-person/cefb7a31-f46c-4145-9f38-901be3b70e60	Kevin D. Miller	primary	direct
2026-01-01..2026-04-30	20260526LUPA1507534	Cincinnati Children's Hospital Medical Center	org-cincinnati-children-s-hospital-medical-center	Alana Tucker	person-alana-tucker	bill_referenced	HB 220	HB 220	bill	ocd-bill/4ad01ea6-c534-4777-b66c-c45bf65221bd	Regards health insurance, Medicaid prior authorization	Regards health insurance, Medicaid prior authorization	1	ocd-person/098614cd-1972-4b98-ade6-4f5fa7cefe5b	Heidi Workman	primary	direct
2026-01-01..2026-04-30	20260526LUPA1507534	Cincinnati Children's Hospital Medical Center	org-cincinnati-children-s-hospital-medical-center	Alana Tucker	person-alana-tucker	bill_referenced	HB 276	HB 276	bill	ocd-bill/ca897e31-c75a-455e-853e-1bdfb5d9e15e	Prohibit certain actions re: reimbursing 340B covered entities	Prohibit certain actions re: reimbursing 340B covered entities	2	ocd-person/78912d95-3dac-4487-810a-74be41508ebb	Adam Holmes	primary	direct
2026-01-01..2026-04-30	20260526LUPA1507534	Cincinnati Children's Hospital Medical Center	org-cincinnati-children-s-hospital-medical-center	Alana Tucker	person-alana-tucker	bill_referenced	HB 276	HB 276	bill	ocd-bill/ca897e31-c75a-455e-853e-1bdfb5d9e15e	Prohibit certain actions re: reimbursing 340B covered entities	Prohibit certain actions re: reimbursing 340B covered entities	2	ocd-person/e4f9416c-1043-4737-899e-31410e94af1d	Marilyn John	primary	direct
2026-01-01..2026-04-30	20260526LUPA1507534	Cincinnati Children's Hospital Medical Center	org-cincinnati-children-s-hospital-medical-center	Alana Tucker	person-alana-tucker	bill_referenced	SB 11	SB 11	bill	ocd-bill/22c54d3e-efce-477c-97d2-916f4710a6c0	Prohibit post-employment agreement restraining career or business	Prohibit post-employment agreement restraining career or business	2	ocd-person/bdc3493a-a22f-4a6b-b50e-b590216d8cfd	William P. DeMora	primary	direct
2026-01-01..2026-04-30	20260526LUPA1507534	Cincinnati Children's Hospital Medical Center	org-cincinnati-children-s-hospital-medical-center	Alana Tucker	person-alana-tucker	bill_referenced	SB 11	SB 11	bill	ocd-bill/22c54d3e-efce-477c-97d2-916f4710a6c0	Prohibit post-employment agreement restraining career or business	Prohibit post-employment agreement restraining career or business	2	ocd-person/5a9b2a16-6827-4e00-961a-f3de39538749	Louis W. Blessing, III	primary	direct
2026-01-01..2026-04-30	20260526LUPA1507534	Cincinnati Children's Hospital Medical Center	org-cincinnati-children-s-hospital-medical-center	Alana Tucker	person-alana-tucker	bill_referenced	SB 88	SB 88	bill	ocd-bill/4cc9b08c-3b2e-4858-bb03-805c84e0fcba	Enact the Ohio Property Protection Act	Enact the Ohio Property Protection Act	1	ocd-person/57300c34-0e2d-4e85-bdce-c4fb8c781541	Terry Johnson	primary	direct
2026-01-01..2026-04-30	20260526LUPA1507534	Cincinnati Children's Hospital Medical Center	org-cincinnati-children-s-hospital-medical-center	Alana Tucker	person-alana-tucker	bill_referenced	SB 209	SB 209	bill	ocd-bill/4148e75c-7e89-4bef-89a4-8c2d010ab8ce	Enact the Jeff, Dave, and Angie Patient Right to Try Act	Enact the Jeff, Dave, and Angie Patient Right to Try Act	2	ocd-person/79af20c0-6eb6-44a2-ba79-9c7e5e10ea04	Michele Reynolds	primary	direct
2026-01-01..2026-04-30	20260526LUPA1507534	Cincinnati Children's Hospital Medical Center	org-cincinnati-children-s-hospital-medical-center	Alana Tucker	person-alana-tucker	bill_referenced	SB 209	SB 209	bill	ocd-bill/4148e75c-7e89-4bef-89a4-8c2d010ab8ce	Enact the Jeff, Dave, and Angie Patient Right to Try Act	Enact the Jeff, Dave, and Angie Patient Right to Try Act	2	ocd-person/6a1fc3b1-ebfd-47b7-adec-ddcd84d137c9	Al Cutrona	primary	direct
2026-01-01..2026-04-30	20260526LUPA1507534	Cincinnati Children's Hospital Medical Center	org-cincinnati-children-s-hospital-medical-center	Alana Tucker	person-alana-tucker	bill_referenced	SB 274	SB 274	bill	ocd-bill/8ec372e8-fd1a-4616-9b99-3b5bcff527a1	Prohibit minor mental health services without parental consent	Prohibit minor mental health services without parental consent	2	ocd-person/c61c8eaf-1de9-419d-a5dc-c96787315578	Andrew O. Brenner	primary	direct
2026-01-01..2026-04-30	20260526LUPA1507534	Cincinnati Children's Hospital Medical Center	org-cincinnati-children-s-hospital-medical-center	Alana Tucker	person-alana-tucker	bill_referenced	SB 274	SB 274	bill	ocd-bill/8ec372e8-fd1a-4616-9b99-3b5bcff527a1	Prohibit minor mental health services without parental consent	Prohibit minor mental health services without parental consent	2	ocd-person/b27fdceb-e9c1-46b8-9fc2-323c3f6f784c	Jerry C. Cirino	primary	direct
2026-01-01..2026-04-30	20260526LUPA1507534	Cincinnati Children's Hospital Medical Center	org-cincinnati-children-s-hospital-medical-center	Alana Tucker	person-alana-tucker	bill_referenced	SB 301	SB 301	bill	ocd-bill/2a132df2-f42f-4b52-a68c-9cee35db2b6f	Regards noncompete clauses in health care employment contracts	Regards noncompete clauses in health care employment contracts	1	ocd-person/57300c34-0e2d-4e85-bdce-c4fb8c781541	Terry Johnson	primary	direct
2026-01-01..2026-04-30	20260526LUPA1507534	Cincinnati Children's Hospital Medical Center	org-cincinnati-children-s-hospital-medical-center	Alana Tucker	person-alana-tucker	bill_referenced	SB 352	SB 352	bill	ocd-bill/56c0c8c7-f908-43e3-83b9-b693eb1e78ce	Regards behavioral health screenings in the perinatal period	Regards behavioral health screenings in the perinatal period	2	ocd-person/c3b1dc5e-4913-4e2f-b2a8-4db5b3faa1bd	Jane M. Timken	primary	direct
2026-01-01..2026-04-30	20260526LUPA1507534	Cincinnati Children's Hospital Medical Center	org-cincinnati-children-s-hospital-medical-center	Alana Tucker	person-alana-tucker	bill_referenced	SB 352	SB 352	bill	ocd-bill/56c0c8c7-f908-43e3-83b9-b693eb1e78ce	Regards behavioral health screenings in the perinatal period	Regards behavioral health screenings in the perinatal period	2	ocd-person/d7949531-f267-4e99-9611-87b3ec3e04ac	Casey Weinstein	primary	direct
2026-01-01..2026-04-30	20260526LUPA1509028	Xavier University	org-xavier-university	Ronald Romito	person-ronald-romito	bill_referenced	HB 319	HB 319	bill	ocd-bill/887b1680-4041-40e5-b322-9ea1b6dc5929	Enact the Clinical Teaching Subsidy Reform Act	Enact the Clinical Teaching Subsidy Reform Act	1	ocd-person/d2ecec1d-db13-4a47-836b-9e75f3a31c78	Tom Young	primary	direct
2026-01-01..2026-04-30	20260526LUPA1509028	Xavier University	org-xavier-university	Ronald Romito	person-ronald-romito	bill_referenced	HB 476	HB 476	bill	ocd-bill/4cff84fd-20da-4ce8-b0d0-dacbbeefaec4	Authorize online raffles under the Charitable Gaming Law	Authorize online raffles under the Charitable Gaming Law	2	ocd-person/170299dd-f2e4-463e-8b8b-ea3b75946120	David Thomas	primary	direct
2026-01-01..2026-04-30	20260526LUPA1509028	Xavier University	org-xavier-university	Ronald Romito	person-ronald-romito	bill_referenced	HB 476	HB 476	bill	ocd-bill/4cff84fd-20da-4ce8-b0d0-dacbbeefaec4	Authorize online raffles under the Charitable Gaming Law	Authorize online raffles under the Charitable Gaming Law	2	ocd-person/75257af6-5d83-4d3b-b127-744aaa377c9f	Meredith Craig	primary	direct
2026-01-01..2026-04-30	20260526LUPA1509028	Xavier University	org-xavier-university	Ronald Romito	person-ronald-romito	bill_referenced	SB 144	SB 144	bill	ocd-bill/21316e11-3643-4ac4-b6f8-2902754dacb0	Regards educator license grade bands	Regards educator license grade bands	1	ocd-person/94ba65dd-57c5-4ab0-b607-5e310d50cae0	Catherine D. Ingram	primary	direct
2026-01-01..2026-04-30	20260527LUPA1509802	Edmentum	org-edmentum	Madison Whalen	person-madison-whalen	bill_referenced	SB 19	SB 19	bill	ocd-bill/bd9f4b71-4556-46ab-8bda-e6919ff5a4e4	Regards academic intervention, math improvement and intervention	Regards academic intervention, math improvement and intervention	1	ocd-person/c61c8eaf-1de9-419d-a5dc-c96787315578	Andrew O. Brenner	primary	direct
2026-01-01..2026-04-30	20260527LUPA1509802	Edmentum	org-edmentum	Madison Whalen	person-madison-whalen	bill_referenced	SB 328	SB 328	bill	ocd-bill/41e1110f-9743-4926-a8a8-bb7c9f9f48d3	Regards Education and Workforce Return on Investment Initiative	Regards Education and Workforce Return on Investment Initiative	1	ocd-person/f2e79c7c-7e3a-496d-8f87-d43b62eb54a5	Kyle Koehler	primary	direct
2026-01-01..2026-04-30	20260527LUPA1511478	Groundwork Ohio	org-groundwork-ohio	Jimmy Wolf	person-jimmy-wolf	bill_referenced	HB 647	HB 647	bill	ocd-bill/a33f386d-682e-430e-96cc-74ee30d7e0bb	Regards publicly funded child care, the Child Care Cred Program	Regards publicly funded child care, the Child Care Cred Program	2	ocd-person/d2ecec1d-db13-4a47-836b-9e75f3a31c78	Tom Young	primary	direct
2026-01-01..2026-04-30	20260527LUPA1511478	Groundwork Ohio	org-groundwork-ohio	Jimmy Wolf	person-jimmy-wolf	bill_referenced	HB 647	HB 647	bill	ocd-bill/a33f386d-682e-430e-96cc-74ee30d7e0bb	Regards publicly funded child care, the Child Care Cred Program	Regards publicly funded child care, the Child Care Cred Program	2	ocd-person/1e218942-95f6-43fe-b935-b19ab70fd5fc	Phil Plummer	primary	direct
2026-01-01..2026-04-30	20260527LUPA1511478	Groundwork Ohio	org-groundwork-ohio	Jimmy Wolf	person-jimmy-wolf	bill_referenced	HB 649	HB 649	bill	ocd-bill/702087ed-f266-4d52-a35c-7d6b7d7ac0eb	Enact the Child Care Fraud Prevention Act	Enact the Child Care Fraud Prevention Act	2	ocd-person/cb2ddd04-e5b0-4c96-b217-d02b732eb896	D. J. Swearingen	primary	direct
2026-01-01..2026-04-30	20260527LUPA1511478	Groundwork Ohio	org-groundwork-ohio	Jimmy Wolf	person-jimmy-wolf	bill_referenced	HB 649	HB 649	bill	ocd-bill/702087ed-f266-4d52-a35c-7d6b7d7ac0eb	Enact the Child Care Fraud Prevention Act	Enact the Child Care Fraud Prevention Act	2	ocd-person/1e52d1da-3e5c-442e-a460-d63b62709edf	Josh Williams	primary	direct
2026-01-01..2026-04-30	20260527LUPA1511478	Groundwork Ohio	org-groundwork-ohio	Jimmy Wolf	person-jimmy-wolf	bill_referenced	SB 177	SB 177	bill	ocd-bill/0bf0d724-d80a-47b2-926b-46c1030491f0	Create Workforce Investment Now (WIN) for Child Care pilot	Create Workforce Investment Now (WIN) for Child Care pilot	2	ocd-person/c3b1dc5e-4913-4e2f-b2a8-4db5b3faa1bd	Jane M. Timken	primary	direct
2026-01-01..2026-04-30	20260527LUPA1511478	Groundwork Ohio	org-groundwork-ohio	Jimmy Wolf	person-jimmy-wolf	bill_referenced	SB 177	SB 177	bill	ocd-bill/0bf0d724-d80a-47b2-926b-46c1030491f0	Create Workforce Investment Now (WIN) for Child Care pilot	Create Workforce Investment Now (WIN) for Child Care pilot	2	ocd-person/5a9b2a16-6827-4e00-961a-f3de39538749	Louis W. Blessing, III	primary	direct
2026-01-01..2026-04-30	20260527LUPA1511478	Groundwork Ohio	org-groundwork-ohio	Jimmy Wolf	person-jimmy-wolf	bill_referenced	SB 218	SB 218	bill	ocd-bill/bcb65153-e985-4e1b-8da8-c85bdacba3e6	Exempt armed forces-certified child care provider from licensure	Exempt armed forces-certified child care provider from licensure	1	ocd-person/936e5d50-e145-494b-a397-f56570530816	Kristina D. Roegner	primary	direct
2026-01-01..2026-04-30	20260527LUPA1511478	Groundwork Ohio	org-groundwork-ohio	Jimmy Wolf	person-jimmy-wolf	bill_referenced	SB 396	SB 396	bill	ocd-bill/53ed8cfa-94fc-4b00-91a9-17080c4cdcb0	Establish family and medical leave insurance benefits	Establish family and medical leave insurance benefits	2	ocd-person/2d01ff0c-25a8-49a2-b571-ab3a7866fcf2	Beth Liston	primary	direct
2026-01-01..2026-04-30	20260527LUPA1511478	Groundwork Ohio	org-groundwork-ohio	Jimmy Wolf	person-jimmy-wolf	bill_referenced	SB 396	SB 396	bill	ocd-bill/53ed8cfa-94fc-4b00-91a9-17080c4cdcb0	Establish family and medical leave insurance benefits	Establish family and medical leave insurance benefits	2	ocd-person/5a9b2a16-6827-4e00-961a-f3de39538749	Louis W. Blessing, III	primary	direct
2026-01-01..2026-04-30	20260528EUPA1504716	AARP	org-aarp	Graciana Flajnik	person-graciana-flajnik	bill_referenced	HB 648	HB 648	bill	ocd-bill/27fe50f3-0c7d-4c18-ad3a-46d2830722b6	Regulate digital asset kiosks; register as money transmitters	Crypto kiosk legislation (HB 648) — Governor	2	ocd-person/fb957ddc-f41c-400d-ae32-47f7e729555b	Melanie Miller	primary	direct
2026-01-01..2026-04-30	20260528EUPA1504716	AARP	org-aarp	Graciana Flajnik	person-graciana-flajnik	bill_referenced	HB 648	HB 648	bill	ocd-bill/27fe50f3-0c7d-4c18-ad3a-46d2830722b6	Regulate digital asset kiosks; register as money transmitters	Crypto kiosk legislation (HB 648) — Governor	2	ocd-person/7ab0cf86-d569-4a6e-8677-8cd7721a9475	Matthew Kishman	primary	direct
2026-01-01..2026-04-30	20260528EUPA1504716	AARP	org-aarp	Graciana Flajnik	person-graciana-flajnik	bill_referenced	HB 648	HB 648	bill	ocd-bill/27fe50f3-0c7d-4c18-ad3a-46d2830722b6	Regulate digital asset kiosks; register as money transmitters	Crypto kiosk legislation (HB 648) — Commerce	2	ocd-person/fb957ddc-f41c-400d-ae32-47f7e729555b	Melanie Miller	primary	direct
2026-01-01..2026-04-30	20260528EUPA1504716	AARP	org-aarp	Graciana Flajnik	person-graciana-flajnik	bill_referenced	HB 648	HB 648	bill	ocd-bill/27fe50f3-0c7d-4c18-ad3a-46d2830722b6	Regulate digital asset kiosks; register as money transmitters	Crypto kiosk legislation (HB 648) — Commerce	2	ocd-person/7ab0cf86-d569-4a6e-8677-8cd7721a9475	Matthew Kishman	primary	direct
2026-01-01..2026-04-30	20260528EUPA1514168	Marburn Academy	org-marburn-academy	Lauren Strope	person-lauren-strope	subject_general	Education and Workforce	Education and Workforce	subject			JPSNS, Autism Scholarship	0				subject_only
2026-01-01..2026-04-30	20260528LUPA1495460	Stonehenge Capital Company, LLC	org-stonehenge-capital-company-llc	Thomas Niehaus	person-thomas-niehaus	bill_referenced	SB 110	SB 110	bill	ocd-bill/608cb102-9c2b-4ec8-a2ec-81a8b3fcdcb3	Modify tax credits under the rural business growth program	Modify tax credits under the rural business growth program	2	ocd-person/eb5ff860-2126-4ac5-8267-9d2d924c3967	Brian M. Chavez	primary	direct
2026-01-01..2026-04-30	20260528LUPA1495460	Stonehenge Capital Company, LLC	org-stonehenge-capital-company-llc	Thomas Niehaus	person-thomas-niehaus	bill_referenced	SB 110	SB 110	bill	ocd-bill/608cb102-9c2b-4ec8-a2ec-81a8b3fcdcb3	Modify tax credits under the rural business growth program	Modify tax credits under the rural business growth program	2	ocd-person/b27fdceb-e9c1-46b8-9fc2-323c3f6f784c	Jerry C. Cirino	primary	direct
2026-01-01..2026-04-30	20260528LUPA1513848	Ohio Society of Anesthesiologists	org-ohio-society-of-anesthesiologists	Nathanael Jonhenry	person-nathanael-jonhenry	bill_referenced	HB 52	HB 52	bill	ocd-bill/2bf63244-b0d9-43e1-8131-d49cf32b1842	Revise the practice of certified registered nurse anesthetists	Revise the practice of certified registered nurse anesthetists	1	ocd-person/97821235-4116-44d1-b58b-acf822bbdc58	Kellie Deeter	primary	direct
2026-01-01..2026-04-30	20260528LUPA1514356	PACE Association of Ohio	org-pace-association-of-ohio	Eli Faes	person-eli-faes	bill_referenced	HB 279	HB 279	bill	ocd-bill/1af811d4-b33d-45a3-9604-5a177158a36d	Authorize an income tax credit for family caregiving expenses	Authorize an income tax credit for family caregiving expenses	2	ocd-person/1e52d1da-3e5c-442e-a460-d63b62709edf	Josh Williams	primary	direct
2026-01-01..2026-04-30	20260528LUPA1514356	PACE Association of Ohio	org-pace-association-of-ohio	Eli Faes	person-eli-faes	bill_referenced	HB 279	HB 279	bill	ocd-bill/1af811d4-b33d-45a3-9604-5a177158a36d	Authorize an income tax credit for family caregiving expenses	Authorize an income tax credit for family caregiving expenses	2	ocd-person/b04e2962-e7c6-46b8-9a99-d7a6d3a32717	Adam Mathews	primary	direct
2026-01-01..2026-04-30	20260528LUPA1514356	PACE Association of Ohio	org-pace-association-of-ohio	Eli Faes	person-eli-faes	bill_referenced	HB 750	HB 750	bill	ocd-bill/c180528e-0541-4098-81eb-f8eec4c79e52	Regards PACE program site expansion	Regards PACE program site expansion	2	ocd-person/07c054e9-9a51-41b2-994a-8f63b0148d07	Andrea White	primary	direct
2026-01-01..2026-04-30	20260528LUPA1514356	PACE Association of Ohio	org-pace-association-of-ohio	Eli Faes	person-eli-faes	bill_referenced	HB 750	HB 750	bill	ocd-bill/c180528e-0541-4098-81eb-f8eec4c79e52	Regards PACE program site expansion	Regards PACE program site expansion	2	ocd-person/4cece9f3-e252-438b-8255-a2150a4ed599	Bill Roemer	primary	direct
2026-01-01..2026-04-30	20260528LUPA1514356	PACE Association of Ohio	org-pace-association-of-ohio	Eli Faes	person-eli-faes	bill_referenced	JC 173-50-01 / 173-50-02 / 173-50-03 / 173-50-04 / 173-50-05	JC 173-50-01 / 173-50-02 / 173-50-03 / 173-50-04 / 173-50-05	jcarr			PACE administrative code rules: 173-50-01 PACE: introduction and definitions; 173-50-02 PACE: participant eligibility; 173-50-03 PACE: application, assessment, enrollment, reassessment, and continued enrollment; 173-50-04 PACE: voluntary disenrollment; 173-50-05 PACE: involuntary disenrollment.	0				oac_dropped
2026-01-01..2026-04-30	20260528LUPA1514598	Ohio Farm Bureau Federation, Inc.	org-ohio-farm-bureau-federation-inc	Bradley Bales	person-bradley-bales	bill_referenced	HB 1	HB 1	bill	ocd-bill/5d465c11-0107-45e7-a22a-68dd6295898d	Enact Ohio Property Protection Act	Enact Ohio Property Protection Act	2	ocd-person/73e72147-0d40-4478-bbf6-3419f0e00b46	Roy Klopfenstein	primary	direct
2026-01-01..2026-04-30	20260528LUPA1514598	Ohio Farm Bureau Federation, Inc.	org-ohio-farm-bureau-federation-inc	Bradley Bales	person-bradley-bales	bill_referenced	HB 1	HB 1	bill	ocd-bill/5d465c11-0107-45e7-a22a-68dd6295898d	Enact Ohio Property Protection Act	Enact Ohio Property Protection Act	2	ocd-person/4ed8184a-01ff-4bdc-a06c-cbf8b4c73fd6	Angela N. King	primary	direct
2026-01-01..2026-04-30	20260528LUPA1514598	Ohio Farm Bureau Federation, Inc.	org-ohio-farm-bureau-federation-inc	Bradley Bales	person-bradley-bales	bill_referenced	HB 10	HB 10	bill	ocd-bill/a2ff0a3d-83b4-4ed5-bdc5-44ab40e5f0ba	Regulate imitation meat and egg products	Regulate imitation meat and egg products	2	ocd-person/9c459852-5ff7-4607-a09a-6ee2480dece1	Jack K. Daniels	primary	direct
2026-01-01..2026-04-30	20260528LUPA1514598	Ohio Farm Bureau Federation, Inc.	org-ohio-farm-bureau-federation-inc	Bradley Bales	person-bradley-bales	bill_referenced	HB 10	HB 10	bill	ocd-bill/a2ff0a3d-83b4-4ed5-bdc5-44ab40e5f0ba	Regulate imitation meat and egg products	Regulate imitation meat and egg products	2	ocd-person/73e72147-0d40-4478-bbf6-3419f0e00b46	Roy Klopfenstein	primary	direct
2026-01-01..2026-04-30	20260528LUPA1514598	Ohio Farm Bureau Federation, Inc.	org-ohio-farm-bureau-federation-inc	Bradley Bales	person-bradley-bales	bill_referenced	HB 15	HB 15	bill	ocd-bill/dde5117e-486e-42d3-913a-4a88cb7c7af7	Amend competitive retail electric service law	Amend competitive retail electric service law	1	ocd-person/73e72147-0d40-4478-bbf6-3419f0e00b46	Roy Klopfenstein	primary	direct
2026-01-01..2026-04-30	20260528LUPA1514598	Ohio Farm Bureau Federation, Inc.	org-ohio-farm-bureau-federation-inc	Bradley Bales	person-bradley-bales	bill_referenced	HB 54	HB 54	bill	ocd-bill/03729a21-e915-43b7-a8c6-758bf3753c6c	Make appropriations for transportation for FY 2026-27 biennium	Make appropriations for transportation for FY 2026-27 biennium	1	ocd-person/f4e6c51a-89bd-4841-848b-b1097fd3fc9d	Brian Stewart	primary	direct
2026-01-01..2026-04-30	20260528LUPA1514598	Ohio Farm Bureau Federation, Inc.	org-ohio-farm-bureau-federation-inc	Bradley Bales	person-bradley-bales	bill_referenced	HB 65	HB 65	bill	ocd-bill/39d0ffde-5aa2-4281-a5e0-3e08a1768ca4	Enact the Agriculture Appreciation Act	Enact the Agriculture Appreciation Act	2	ocd-person/cdc9f705-514e-4445-ac17-9aeac8f67e97	Bob Peterson	primary	direct
2026-01-01..2026-04-30	20260528LUPA1514598	Ohio Farm Bureau Federation, Inc.	org-ohio-farm-bureau-federation-inc	Bradley Bales	person-bradley-bales	bill_referenced	HB 65	HB 65	bill	ocd-bill/39d0ffde-5aa2-4281-a5e0-3e08a1768ca4	Enact the Agriculture Appreciation Act	Enact the Agriculture Appreciation Act	2	ocd-person/73e72147-0d40-4478-bbf6-3419f0e00b46	Roy Klopfenstein	primary	direct
2026-01-01..2026-04-30	20260528LUPA1514598	Ohio Farm Bureau Federation, Inc.	org-ohio-farm-bureau-federation-inc	Bradley Bales	person-bradley-bales	bill_referenced	HB 96	HB 96	bill	ocd-bill/4e02024d-881d-4a05-9191-b218c16ecff4	Make state operating appropriations for FY 2026-27	Make state operating appropriations for FY 2026-27	1	ocd-person/f4e6c51a-89bd-4841-848b-b1097fd3fc9d	Brian Stewart	primary	direct
2026-01-01..2026-04-30	20260528LUPA1514598	Ohio Farm Bureau Federation, Inc.	org-ohio-farm-bureau-federation-inc	Bradley Bales	person-bradley-bales	bill_referenced	HB 99	HB 99	bill	ocd-bill/9d2a8be5-ef93-427c-a5d9-e42677e8c47e	Exclude certain agricultural entities from insurance regulations	Exclude certain agricultural entities from insurance regulations	1	ocd-person/cdc9f705-514e-4445-ac17-9aeac8f67e97	Bob Peterson	primary	direct
2026-01-01..2026-04-30	20260528LUPA1514598	Ohio Farm Bureau Federation, Inc.	org-ohio-farm-bureau-federation-inc	Bradley Bales	person-bradley-bales	bill_referenced	HB 105	HB 105	bill	ocd-bill/853db8db-9418-4e84-bab1-195bbb721443	Revise non-recourse litigation funding agreement regulations	Revise non-recourse litigation funding agreement regulations	2	ocd-person/ba95511f-3692-426c-bf85-c41ff737eeec	Jim Thomas	primary	direct
2026-01-01..2026-04-30	20260528LUPA1514598	Ohio Farm Bureau Federation, Inc.	org-ohio-farm-bureau-federation-inc	Bradley Bales	person-bradley-bales	bill_referenced	HB 105	HB 105	bill	ocd-bill/853db8db-9418-4e84-bab1-195bbb721443	Revise non-recourse litigation funding agreement regulations	Revise non-recourse litigation funding agreement regulations	2	ocd-person/75257af6-5d83-4d3b-b127-744aaa377c9f	Meredith Craig	primary	direct
2026-01-01..2026-04-30	20260528LUPA1514598	Ohio Farm Bureau Federation, Inc.	org-ohio-farm-bureau-federation-inc	Bradley Bales	person-bradley-bales	bill_referenced	HB 113	HB 113	bill	ocd-bill/e677d4ed-34bd-4a83-92c0-58b0d827980c	Regards annexation and financial disclosure forms, tax exemptions	Regards annexation and financial disclosure forms, tax exemptions	2	ocd-person/9d7cc971-9ed9-4918-b93f-39d41d35e565	Johnathan Newman	primary	direct
2026-01-01..2026-04-30	20260528LUPA1514598	Ohio Farm Bureau Federation, Inc.	org-ohio-farm-bureau-federation-inc	Bradley Bales	person-bradley-bales	bill_referenced	HB 113	HB 113	bill	ocd-bill/e677d4ed-34bd-4a83-92c0-58b0d827980c	Regards annexation and financial disclosure forms, tax exemptions	Regards annexation and financial disclosure forms, tax exemptions	2	ocd-person/0c6a7bcf-e990-41a0-b59c-923f05771880	Adam C. Bird	primary	direct
2026-01-01..2026-04-30	20260528LUPA1514598	Ohio Farm Bureau Federation, Inc.	org-ohio-farm-bureau-federation-inc	Bradley Bales	person-bradley-bales	bill_referenced	HB 121	HB 121	bill	ocd-bill/de184960-2a51-4131-8299-fd172dbf0642	Declare certain natural gas producers are not public utilities	Declare certain natural gas producers are not public utilities	1	ocd-person/f4e6c51a-89bd-4841-848b-b1097fd3fc9d	Brian Stewart	primary	direct
2026-01-01..2026-04-30	20260528LUPA1514598	Ohio Farm Bureau Federation, Inc.	org-ohio-farm-bureau-federation-inc	Bradley Bales	person-bradley-bales	bill_referenced	HB 125	HB 125	bill	ocd-bill/ca340821-f435-48e9-bb0b-6084708fc1b3	Regards excused school absences for 4-H and FFA programs	Regards excused school absences for 4-H and FFA programs	2	ocd-person/c34a852a-71fc-4b21-a594-bc4a75b799c8	Rodney Creech	primary	direct
2026-01-01..2026-04-30	20260528LUPA1514598	Ohio Farm Bureau Federation, Inc.	org-ohio-farm-bureau-federation-inc	Bradley Bales	person-bradley-bales	bill_referenced	HB 125	HB 125	bill	ocd-bill/ca340821-f435-48e9-bb0b-6084708fc1b3	Regards excused school absences for 4-H and FFA programs	Regards excused school absences for 4-H and FFA programs	2	ocd-person/7948afad-ec3c-4e4c-a073-305fb8cd1b21	Thomas Hall	primary	direct
2026-01-01..2026-04-30	20260528LUPA1514598	Ohio Farm Bureau Federation, Inc.	org-ohio-farm-bureau-federation-inc	Bradley Bales	person-bradley-bales	bill_referenced	HB 170	HB 170	bill	ocd-bill/64e09568-b268-4f04-95a0-aa78a46d8884	Establish process to regulate carbon capture, storage technology	Establish process to regulate carbon capture, storage technology	2	ocd-person/cdc9f705-514e-4445-ac17-9aeac8f67e97	Bob Peterson	primary	direct
2026-01-01..2026-04-30	20260528LUPA1514598	Ohio Farm Bureau Federation, Inc.	org-ohio-farm-bureau-federation-inc	Bradley Bales	person-bradley-bales	bill_referenced	HB 170	HB 170	bill	ocd-bill/64e09568-b268-4f04-95a0-aa78a46d8884	Establish process to regulate carbon capture, storage technology	Establish process to regulate carbon capture, storage technology	2	ocd-person/062b9622-c2fa-4af2-bbea-704f0450dd47	Monica Robb Blasdel	primary	direct
2026-01-01..2026-04-30	20260528LUPA1514598	Ohio Farm Bureau Federation, Inc.	org-ohio-farm-bureau-federation-inc	Bradley Bales	person-bradley-bales	bill_referenced	HB 184	HB 184	bill	ocd-bill/56bb29ea-bc1d-43f0-9489-068a8dea6cc0	Prescribe limitations on intercollegiate athlete contracts	Prescribe limitations on intercollegiate athlete contracts	2	ocd-person/09c752d1-59eb-4f43-b401-5092d801f4c1	Ty D. Mathews	primary	direct
2026-01-01..2026-04-30	20260528LUPA1514598	Ohio Farm Bureau Federation, Inc.	org-ohio-farm-bureau-federation-inc	Bradley Bales	person-bradley-bales	bill_referenced	HB 184	HB 184	bill	ocd-bill/56bb29ea-bc1d-43f0-9489-068a8dea6cc0	Prescribe limitations on intercollegiate athlete contracts	Prescribe limitations on intercollegiate athlete contracts	2	ocd-person/f4e6c51a-89bd-4841-848b-b1097fd3fc9d	Brian Stewart	primary	direct
2026-01-01..2026-04-30	20260528LUPA1514598	Ohio Farm Bureau Federation, Inc.	org-ohio-farm-bureau-federation-inc	Bradley Bales	person-bradley-bales	bill_referenced	HB 199	HB 199	bill	ocd-bill/28067a55-a303-4e8a-bc5d-613c29239174	Revise law governing all-purpose vehicles, other utility vehicles	Revise law governing all-purpose vehicles, other utility vehicles	2	ocd-person/1e218942-95f6-43fe-b935-b19ab70fd5fc	Phil Plummer	primary	direct
2026-01-01..2026-04-30	20260528LUPA1514598	Ohio Farm Bureau Federation, Inc.	org-ohio-farm-bureau-federation-inc	Bradley Bales	person-bradley-bales	bill_referenced	HB 199	HB 199	bill	ocd-bill/28067a55-a303-4e8a-bc5d-613c29239174	Revise law governing all-purpose vehicles, other utility vehicles	Revise law governing all-purpose vehicles, other utility vehicles	2	ocd-person/cefb7a31-f46c-4145-9f38-901be3b70e60	Kevin D. Miller	primary	direct
2026-01-01..2026-04-30	20260528LUPA1514598	Ohio Farm Bureau Federation, Inc.	org-ohio-farm-bureau-federation-inc	Bradley Bales	person-bradley-bales	bill_referenced	HB 210	HB 210	bill	ocd-bill/749394e8-343e-4fbe-916f-edb7a6a64ad5	Regards the sale of used catalytic converters	Regards the sale of used catalytic converters	2	ocd-person/1e218942-95f6-43fe-b935-b19ab70fd5fc	Phil Plummer	primary	direct
2026-01-01..2026-04-30	20260528LUPA1514598	Ohio Farm Bureau Federation, Inc.	org-ohio-farm-bureau-federation-inc	Bradley Bales	person-bradley-bales	bill_referenced	HB 210	HB 210	bill	ocd-bill/749394e8-343e-4fbe-916f-edb7a6a64ad5	Regards the sale of used catalytic converters	Regards the sale of used catalytic converters	2	ocd-person/4cece9f3-e252-438b-8255-a2150a4ed599	Bill Roemer	primary	direct
2026-01-01..2026-04-30	20260528LUPA1514598	Ohio Farm Bureau Federation, Inc.	org-ohio-farm-bureau-federation-inc	Bradley Bales	person-bradley-bales	bill_referenced	HB 298	HB 298	bill	ocd-bill/3455944e-055b-4cc8-98aa-9479f4b6948b	Legalize, tax internet gambling; make other Gambling Law changes	Legalize, tax internet gambling; make other Gambling Law changes	2	ocd-person/e4f9416c-1043-4737-899e-31410e94af1d	Marilyn John	primary	direct
2026-01-01..2026-04-30	20260528LUPA1514598	Ohio Farm Bureau Federation, Inc.	org-ohio-farm-bureau-federation-inc	Bradley Bales	person-bradley-bales	bill_referenced	HB 298	HB 298	bill	ocd-bill/3455944e-055b-4cc8-98aa-9479f4b6948b	Legalize, tax internet gambling; make other Gambling Law changes	Legalize, tax internet gambling; make other Gambling Law changes	2	ocd-person/f4e6c51a-89bd-4841-848b-b1097fd3fc9d	Brian Stewart	primary	direct
2026-01-01..2026-04-30	20260528LUPA1514598	Ohio Farm Bureau Federation, Inc.	org-ohio-farm-bureau-federation-inc	Bradley Bales	person-bradley-bales	bill_referenced	HB 301	HB 301	bill	ocd-bill/6f1bc148-98bb-4d6e-b210-5e561814df53	Enact the Digital Fair Repair Act	Enact the Digital Fair Repair Act	1	ocd-person/b04e2962-e7c6-46b8-9a99-d7a6d3a32717	Adam Mathews	primary	direct
2026-01-01..2026-04-30	20260528LUPA1514598	Ohio Farm Bureau Federation, Inc.	org-ohio-farm-bureau-federation-inc	Bradley Bales	person-bradley-bales	bill_referenced	HB 406	HB 406	bill	ocd-bill/1d6312b4-c365-420c-a19e-efaed20bc142	Enact the Farm-to-Consumer Access to Raw Milk Act	Enact the Farm-to-Consumer Access to Raw Milk Act	2	ocd-person/1dcb1bfa-861d-4d16-8d7d-02364e1b4def	Levi Dean	primary	direct
2026-01-01..2026-04-30	20260528LUPA1514598	Ohio Farm Bureau Federation, Inc.	org-ohio-farm-bureau-federation-inc	Bradley Bales	person-bradley-bales	bill_referenced	HB 406	HB 406	bill	ocd-bill/1d6312b4-c365-420c-a19e-efaed20bc142	Enact the Farm-to-Consumer Access to Raw Milk Act	Enact the Farm-to-Consumer Access to Raw Milk Act	2	ocd-person/97821235-4116-44d1-b58b-acf822bbdc58	Kellie Deeter	primary	direct
2026-01-01..2026-04-30	20260528LUPA1514598	Ohio Farm Bureau Federation, Inc.	org-ohio-farm-bureau-federation-inc	Bradley Bales	person-bradley-bales	bill_referenced	HB 434	HB 434	bill	ocd-bill/b29324ad-92f5-446f-87b1-52bcf6d20ee4	Exempt military driver's license applicants from driver's ed	Exempt military driver's license applicants from driver's ed	2	ocd-person/1895e223-ba42-4e25-8cd0-915ca5cc2829	Brian Lampton	primary	direct
2026-01-01..2026-04-30	20260528LUPA1514598	Ohio Farm Bureau Federation, Inc.	org-ohio-farm-bureau-federation-inc	Bradley Bales	person-bradley-bales	bill_referenced	HB 434	HB 434	bill	ocd-bill/b29324ad-92f5-446f-87b1-52bcf6d20ee4	Exempt military driver's license applicants from driver's ed	Exempt military driver's license applicants from driver's ed	2	ocd-person/550986e6-b595-4fa8-9424-8e09327cf060	Bernard Willis	primary	direct
2026-01-01..2026-04-30	20260528LUPA1514598	Ohio Farm Bureau Federation, Inc.	org-ohio-farm-bureau-federation-inc	Bradley Bales	person-bradley-bales	bill_referenced	HB 575	HB 575	bill	ocd-bill/9472fe4c-1201-4833-8394-404868aaeaa9	Revise property taxation of farmland	Revise property taxation of farmland	2	ocd-person/cdc9f705-514e-4445-ac17-9aeac8f67e97	Bob Peterson	primary	direct
2026-01-01..2026-04-30	20260528LUPA1514598	Ohio Farm Bureau Federation, Inc.	org-ohio-farm-bureau-federation-inc	Bradley Bales	person-bradley-bales	bill_referenced	HB 575	HB 575	bill	ocd-bill/9472fe4c-1201-4833-8394-404868aaeaa9	Revise property taxation of farmland	Revise property taxation of farmland	2	ocd-person/170299dd-f2e4-463e-8b8b-ea3b75946120	David Thomas	primary	direct
2026-01-01..2026-04-30	20260528LUPA1514598	Ohio Farm Bureau Federation, Inc.	org-ohio-farm-bureau-federation-inc	Bradley Bales	person-bradley-bales	bill_referenced	HB 630	HB 630	bill	ocd-bill/40efac9f-1d7f-4c6c-aea9-b7bbfec202ee	Regards police escorts for farm equipment, agricultural vehicles	Regards police escorts for farm equipment, agricultural vehicles	1	ocd-person/1dcb1bfa-861d-4d16-8d7d-02364e1b4def	Levi Dean	primary	direct
2026-01-01..2026-04-30	20260528LUPA1514598	Ohio Farm Bureau Federation, Inc.	org-ohio-farm-bureau-federation-inc	Bradley Bales	person-bradley-bales	bill_referenced	HB 646	HB 646	bill	ocd-bill/aa610bc3-6d93-4803-bd43-66ac5df64c05	Create the Data Center Study Commission	Create the Data Center Study Commission	2	ocd-person/97821235-4116-44d1-b58b-acf822bbdc58	Kellie Deeter	primary	direct
2026-01-01..2026-04-30	20260528LUPA1514598	Ohio Farm Bureau Federation, Inc.	org-ohio-farm-bureau-federation-inc	Bradley Bales	person-bradley-bales	bill_referenced	HB 646	HB 646	bill	ocd-bill/aa610bc3-6d93-4803-bd43-66ac5df64c05	Create the Data Center Study Commission	Create the Data Center Study Commission	2	ocd-person/04e3c98a-4ede-4501-b914-4fa13fbad194	Gary Click	primary	direct
2026-01-01..2026-04-30	20260528LUPA1514598	Ohio Farm Bureau Federation, Inc.	org-ohio-farm-bureau-federation-inc	Bradley Bales	person-bradley-bales	bill_referenced	HB 672	HB 672	bill	ocd-bill/14e8a0da-ec38-4b02-ac37-6a511b5ac2a1	Exempt a vehicle towing farm machinery from vehicle size limits	Exempt a vehicle towing farm machinery from vehicle size limits	2	ocd-person/cdc9f705-514e-4445-ac17-9aeac8f67e97	Bob Peterson	primary	direct
2026-01-01..2026-04-30	20260528LUPA1514598	Ohio Farm Bureau Federation, Inc.	org-ohio-farm-bureau-federation-inc	Bradley Bales	person-bradley-bales	bill_referenced	HB 672	HB 672	bill	ocd-bill/14e8a0da-ec38-4b02-ac37-6a511b5ac2a1	Exempt a vehicle towing farm machinery from vehicle size limits	Exempt a vehicle towing farm machinery from vehicle size limits	2	ocd-person/73e72147-0d40-4478-bbf6-3419f0e00b46	Roy Klopfenstein	primary	direct
2026-01-01..2026-04-30	20260528LUPA1514598	Ohio Farm Bureau Federation, Inc.	org-ohio-farm-bureau-federation-inc	Bradley Bales	person-bradley-bales	bill_referenced	HB 695	HB 695	bill	ocd-bill/97d82393-968c-4439-b71f-9a55fb982316	Prohibit nondisclosure agreements for certain local officials	Prohibit nondisclosure agreements for certain local officials	2	ocd-person/f4e6c51a-89bd-4841-848b-b1097fd3fc9d	Brian Stewart	primary	direct
2026-01-01..2026-04-30	20260528LUPA1514598	Ohio Farm Bureau Federation, Inc.	org-ohio-farm-bureau-federation-inc	Bradley Bales	person-bradley-bales	bill_referenced	HB 695	HB 695	bill	ocd-bill/97d82393-968c-4439-b71f-9a55fb982316	Prohibit nondisclosure agreements for certain local officials	Prohibit nondisclosure agreements for certain local officials	2	ocd-person/0c6a7bcf-e990-41a0-b59c-923f05771880	Adam C. Bird	primary	direct
2026-01-01..2026-04-30	20260528LUPA1514598	Ohio Farm Bureau Federation, Inc.	org-ohio-farm-bureau-federation-inc	Bradley Bales	person-bradley-bales	bill_referenced	HB 706	HB 706	bill	ocd-bill/7f8d1427-78ba-468d-aafd-d819671b3b2a	Impose certain minimum requirements on data center customers	Impose certain minimum requirements on data center customers	2	ocd-person/170299dd-f2e4-463e-8b8b-ea3b75946120	David Thomas	primary	direct
2026-01-01..2026-04-30	20260528LUPA1514598	Ohio Farm Bureau Federation, Inc.	org-ohio-farm-bureau-federation-inc	Bradley Bales	person-bradley-bales	bill_referenced	HB 706	HB 706	bill	ocd-bill/7f8d1427-78ba-468d-aafd-d819671b3b2a	Impose certain minimum requirements on data center customers	Impose certain minimum requirements on data center customers	2	ocd-person/18864718-3e48-4236-9afb-b1a61e4c52e2	Tristan Rader	primary	direct
2026-01-01..2026-04-30	20260528LUPA1514598	Ohio Farm Bureau Federation, Inc.	org-ohio-farm-bureau-federation-inc	Bradley Bales	person-bradley-bales	bill_referenced	HB 733	HB 733	bill	ocd-bill/bf92f5be-ac44-49ca-b17c-53eebdb90e00	Include maple syrup, maple product production to agriculture law	Include maple syrup, maple product production to agriculture law	2	ocd-person/170299dd-f2e4-463e-8b8b-ea3b75946120	David Thomas	primary	direct
2026-01-01..2026-04-30	20260528LUPA1514598	Ohio Farm Bureau Federation, Inc.	org-ohio-farm-bureau-federation-inc	Bradley Bales	person-bradley-bales	bill_referenced	HB 733	HB 733	bill	ocd-bill/bf92f5be-ac44-49ca-b17c-53eebdb90e00	Include maple syrup, maple product production to agriculture law	Include maple syrup, maple product production to agriculture law	2	ocd-person/5b3a7d10-e745-4985-ade9-d7fff6ae6af4	Sarah Fowler Arthur	primary	direct
2026-01-01..2026-04-30	20260528LUPA1514598	Ohio Farm Bureau Federation, Inc.	org-ohio-farm-bureau-federation-inc	Bradley Bales	person-bradley-bales	bill_referenced	HB 773	HB 773	bill	ocd-bill/c3ba1e6e-8c58-4df9-b1cc-f30fbe808497	Require E15 fuel at turnpike facilities; biodiesel fuel study	Require E15 fuel at turnpike facilities; biodiesel fuel study	2	ocd-person/73e72147-0d40-4478-bbf6-3419f0e00b46	Roy Klopfenstein	primary	direct
2026-01-01..2026-04-30	20260528LUPA1514598	Ohio Farm Bureau Federation, Inc.	org-ohio-farm-bureau-federation-inc	Bradley Bales	person-bradley-bales	bill_referenced	HB 773	HB 773	bill	ocd-bill/c3ba1e6e-8c58-4df9-b1cc-f30fbe808497	Require E15 fuel at turnpike facilities; biodiesel fuel study	Require E15 fuel at turnpike facilities; biodiesel fuel study	2	ocd-person/1e52d1da-3e5c-442e-a460-d63b62709edf	Josh Williams	primary	direct
2026-01-01..2026-04-30	20260528LUPA1514598	Ohio Farm Bureau Federation, Inc.	org-ohio-farm-bureau-federation-inc	Bradley Bales	person-bradley-bales	bill_referenced	SB 2	SB 2	bill	ocd-bill/3ca8268d-7085-44b8-b1db-07c4dee58f20	Increase power generation; improve Ohio’s electric grid	Increase power generation; improve Ohio's electric grid	1	ocd-person/10733ff7-ee19-4e86-9b5e-65619ddbf7bf	Bill Reineke	primary	direct
2026-01-01..2026-04-30	20260528LUPA1514598	Ohio Farm Bureau Federation, Inc.	org-ohio-farm-bureau-federation-inc	Bradley Bales	person-bradley-bales	bill_referenced	SB 10	SB 10	bill	ocd-bill/374030b6-309e-4737-b24d-a8010b6562d1	Revise non-recourse litigation funding agreement regulations	Revise non-recourse litigation funding agreement regulations	2	ocd-person/445d3fc7-d9a5-48d8-8869-f023aa274ae7	George F. Lang	primary	direct
2026-01-01..2026-04-30	20260528LUPA1514598	Ohio Farm Bureau Federation, Inc.	org-ohio-farm-bureau-federation-inc	Bradley Bales	person-bradley-bales	bill_referenced	SB 10	SB 10	bill	ocd-bill/374030b6-309e-4737-b24d-a8010b6562d1	Revise non-recourse litigation funding agreement regulations	Revise non-recourse litigation funding agreement regulations	2	ocd-person/26444e7e-72b2-4838-bc24-31899c90d504	Steve Wilson	primary	direct
2026-01-01..2026-04-30	20260528LUPA1514598	Ohio Farm Bureau Federation, Inc.	org-ohio-farm-bureau-federation-inc	Bradley Bales	person-bradley-bales	bill_referenced	SB 60	SB 60	bill	ocd-bill/833102ad-a867-4dee-a41a-e3942eabf8da	Establish veterinarian telehealth visit requirements, procedures	Establish veterinarian telehealth visit requirements, procedures	2	ocd-person/b21d9dcd-21e9-4071-936d-f89fc5d8f643	Stephen A. Huffman	primary	direct
2026-01-01..2026-04-30	20260528LUPA1514598	Ohio Farm Bureau Federation, Inc.	org-ohio-farm-bureau-federation-inc	Bradley Bales	person-bradley-bales	bill_referenced	SB 60	SB 60	bill	ocd-bill/833102ad-a867-4dee-a41a-e3942eabf8da	Establish veterinarian telehealth visit requirements, procedures	Establish veterinarian telehealth visit requirements, procedures	2	ocd-person/bb1ae016-cdfe-48aa-8bc5-9e3636e430f3	Shane Wilkin	primary	direct
2026-01-01..2026-04-30	20260528LUPA1514598	Ohio Farm Bureau Federation, Inc.	org-ohio-farm-bureau-federation-inc	Bradley Bales	person-bradley-bales	bill_referenced	SB 88	SB 88	bill	ocd-bill/4cc9b08c-3b2e-4858-bb03-805c84e0fcba	Enact the Ohio Property Protection Act	Enact the Ohio Property Protection Act	1	ocd-person/57300c34-0e2d-4e85-bdce-c4fb8c781541	Terry Johnson	primary	direct
2026-01-01..2026-04-30	20260528LUPA1514598	Ohio Farm Bureau Federation, Inc.	org-ohio-farm-bureau-federation-inc	Bradley Bales	person-bradley-bales	bill_referenced	SB 100	SB 100	bill	ocd-bill/67745d86-c779-400a-8b48-6b0c6c13e9a2	Exclude certain agricultural entities from insurance regulations	Exclude certain agricultural entities from insurance regulations	1	ocd-person/0e44b586-f6a4-44ee-b6b7-37fa8dc2e8cd	Susan Manchester	primary	direct
2026-01-01..2026-04-30	20260528LUPA1514598	Ohio Farm Bureau Federation, Inc.	org-ohio-farm-bureau-federation-inc	Bradley Bales	person-bradley-bales	bill_referenced	SB 120	SB 120	bill	ocd-bill/016491a3-28b2-472d-9af7-30909e732b8e	Establish the Urban Farmer Youth Initiative Pilot Program	Establish the Urban Farmer Youth Initiative Pilot Program	1	ocd-person/3329274c-22b6-4b0a-b12a-e64c5733bef9	Paula Hicks-Hudson	primary	direct
2026-01-01..2026-04-30	20260528LUPA1514598	Ohio Farm Bureau Federation, Inc.	org-ohio-farm-bureau-federation-inc	Bradley Bales	person-bradley-bales	bill_referenced	SB 122	SB 122	bill	ocd-bill/c1be441c-d451-476c-862c-356a771de268	Regards local authority for agricultural land zoning resolutions	Regards local authority for agricultural land zoning resolutions	1	ocd-person/3329274c-22b6-4b0a-b12a-e64c5733bef9	Paula Hicks-Hudson	primary	direct
2026-01-01..2026-04-30	20260528LUPA1514598	Ohio Farm Bureau Federation, Inc.	org-ohio-farm-bureau-federation-inc	Bradley Bales	person-bradley-bales	bill_referenced	SB 136	SB 136	bill	ocd-bill/c775d71e-ed25-4644-a5d7-1ce0d27e7bac	Establish process to regulate carbon capture, storage technology	Establish process to regulate carbon capture, storage technology	2	ocd-person/eb5ff860-2126-4ac5-8267-9d2d924c3967	Brian M. Chavez	primary	direct
2026-01-01..2026-04-30	20260528LUPA1514598	Ohio Farm Bureau Federation, Inc.	org-ohio-farm-bureau-federation-inc	Bradley Bales	person-bradley-bales	bill_referenced	SB 136	SB 136	bill	ocd-bill/c775d71e-ed25-4644-a5d7-1ce0d27e7bac	Establish process to regulate carbon capture, storage technology	Establish process to regulate carbon capture, storage technology	2	ocd-person/01a80305-a667-4dda-9676-1e678bddde12	Tim Schaffer	primary	direct
2026-01-01..2026-04-30	20260528LUPA1514598	Ohio Farm Bureau Federation, Inc.	org-ohio-farm-bureau-federation-inc	Bradley Bales	person-bradley-bales	bill_referenced	SB 197	SB 197	bill	ocd-bill/a810a5d5-2f1d-4c9b-8648-b95f5284ef54	Legalize, tax internet gambling; make other Gambling Law changes	Legalize, tax internet gambling; make other Gambling Law changes	1	ocd-person/d3508136-3927-461f-a2f0-a85665845ab1	Nathan H. Manning	primary	direct
2026-01-01..2026-04-30	20260528LUPA1514598	Ohio Farm Bureau Federation, Inc.	org-ohio-farm-bureau-federation-inc	Bradley Bales	person-bradley-bales	bill_referenced	SB 219	SB 219	bill	ocd-bill/e656a358-af40-41f7-b502-ec0323381336	Revise the law governing oil and gas wells	Revise the law governing oil and gas wells	1	ocd-person/debec71d-fcfb-4422-9c9e-c6a8709cbb3a	Al Landis	primary	direct
2026-01-01..2026-04-30	20260528LUPA1514598	Ohio Farm Bureau Federation, Inc.	org-ohio-farm-bureau-federation-inc	Bradley Bales	person-bradley-bales	bill_referenced	SB 288	SB 288	bill	ocd-bill/e4ff351c-7fe7-4721-8536-80a85cd03f7c	Create the Ohio Food and Agriculture Policy Council	Create the Ohio Food and Agriculture Policy Council	1	ocd-person/3329274c-22b6-4b0a-b12a-e64c5733bef9	Paula Hicks-Hudson	primary	direct
2026-01-01..2026-04-30	20260528LUPA1514598	Ohio Farm Bureau Federation, Inc.	org-ohio-farm-bureau-federation-inc	Bradley Bales	person-bradley-bales	bill_referenced	SB 328	SB 328	bill	ocd-bill/41e1110f-9743-4926-a8a8-bb7c9f9f48d3	Regards Education and Workforce Return on Investment Initiative	Regards Education and Workforce Return on Investment Initiative	1	ocd-person/f2e79c7c-7e3a-496d-8f87-d43b62eb54a5	Kyle Koehler	primary	direct
2026-01-01..2026-04-30	20260528LUPA1514598	Ohio Farm Bureau Federation, Inc.	org-ohio-farm-bureau-federation-inc	Bradley Bales	person-bradley-bales	bill_referenced	SB 374	SB 374	bill	ocd-bill/01ab67bd-8ee1-4c24-b044-f403a1172f21	Prohibit new data center sales tax exemptions	Prohibit new data center sales tax exemptions	2	ocd-person/5a9b2a16-6827-4e00-961a-f3de39538749	Louis W. Blessing, III	primary	direct
2026-01-01..2026-04-30	20260528LUPA1514598	Ohio Farm Bureau Federation, Inc.	org-ohio-farm-bureau-federation-inc	Bradley Bales	person-bradley-bales	bill_referenced	SB 374	SB 374	bill	ocd-bill/01ab67bd-8ee1-4c24-b044-f403a1172f21	Prohibit new data center sales tax exemptions	Prohibit new data center sales tax exemptions	2	ocd-person/d9c3dfce-8b7f-402f-9dec-5179e38b528f	Kent Smith	primary	direct
2026-01-01..2026-04-30	20260528LUPA1514598	Ohio Farm Bureau Federation, Inc.	org-ohio-farm-bureau-federation-inc	Bradley Bales	person-bradley-bales	bill_referenced	SB 429	SB 429	bill	ocd-bill/e4cfade1-9379-473f-aab7-b01a774ceaf4	Regards police escorts for farm equipment, agricultural vehicles	Regards police escorts for farm equipment, agricultural vehicles	1	ocd-person/f2e79c7c-7e3a-496d-8f87-d43b62eb54a5	Kyle Koehler	primary	direct
2026-01-01..2026-04-30	20260528LUPA1514968	Cleveland Foundation	org-cleveland-foundation	Brittany Warner	person-brittany-warner	bill_referenced	HB 163	HB 163	bill	ocd-bill/e79c04b8-0842-481b-b3f4-3589869c32db	Enact the Enhanced Cybersecurity for SNAP Act of 2025	Enact the Enhanced Cybersecurity for SNAP Act of 2025	2	ocd-person/97821235-4116-44d1-b58b-acf822bbdc58	Kellie Deeter	primary	direct
2026-01-01..2026-04-30	20260528LUPA1514968	Cleveland Foundation	org-cleveland-foundation	Brittany Warner	person-brittany-warner	bill_referenced	HB 163	HB 163	bill	ocd-bill/e79c04b8-0842-481b-b3f4-3589869c32db	Enact the Enhanced Cybersecurity for SNAP Act of 2025	Enact the Enhanced Cybersecurity for SNAP Act of 2025	2	ocd-person/18864718-3e48-4236-9afb-b1a61e4c52e2	Tristan Rader	primary	direct
2026-01-01..2026-04-30	20260528LUPA1514968	Cleveland Foundation	org-cleveland-foundation	Brittany Warner	person-brittany-warner	bill_referenced	SB 326	SB 326	bill	ocd-bill/4b133382-61d6-4a2b-951d-c1c5a3cfb41a	Require students complete a high school computer science course	Require students complete a high school computer science course	2	ocd-person/94ba65dd-57c5-4ab0-b607-5e310d50cae0	Catherine D. Ingram	primary	direct
2026-01-01..2026-04-30	20260528LUPA1514968	Cleveland Foundation	org-cleveland-foundation	Brittany Warner	person-brittany-warner	bill_referenced	SB 326	SB 326	bill	ocd-bill/4b133382-61d6-4a2b-951d-c1c5a3cfb41a	Require students complete a high school computer science course	Require students complete a high school computer science course	2	ocd-person/b27fdceb-e9c1-46b8-9fc2-323c3f6f784c	Jerry C. Cirino	primary	direct
2026-01-01..2026-04-30	20260528LUPA1514968	Cleveland Foundation	org-cleveland-foundation	Brittany Warner	person-brittany-warner	bill_referenced	SB 328	SB 328	bill	ocd-bill/41e1110f-9743-4926-a8a8-bb7c9f9f48d3	Regards Education and Workforce Return on Investment Initiative	Regards Education and Workforce Return on Investment Initiative	1	ocd-person/f2e79c7c-7e3a-496d-8f87-d43b62eb54a5	Kyle Koehler	primary	direct
2026-01-01..2026-04-30	20260528LUPA1514992	Cannabis Safety First LLC	org-cannabis-safety-first-llc	Tim W Johnson	person-tim-w-johnson	bill_referenced	HB 3	HB 3	bill	ocd-bill/201a4306-ae4b-4594-8800-ff6b1d14dc0f	Enact the School Bus Safety Act	Enact the School Bus Safety Act	2	ocd-person/5ba7ae7d-2f10-42b7-8784-8e734507ce33	Cecil Thomas	primary	direct
2026-01-01..2026-04-30	20260528LUPA1514992	Cannabis Safety First LLC	org-cannabis-safety-first-llc	Tim W Johnson	person-tim-w-johnson	bill_referenced	HB 3	HB 3	bill	ocd-bill/201a4306-ae4b-4594-8800-ff6b1d14dc0f	Enact the School Bus Safety Act	Enact the School Bus Safety Act	2	ocd-person/550986e6-b595-4fa8-9424-8e09327cf060	Bernard Willis	primary	direct
2026-01-01..2026-04-30	20260528LUPA1514992	Cannabis Safety First LLC	org-cannabis-safety-first-llc	Tim W Johnson	person-tim-w-johnson	bill_referenced	HB 58	HB 58	bill	ocd-bill/38bc2b30-8475-4c83-a815-3d94d0bcf216	Create recovery housing residences certificate of need program	Create recovery housing residences certificate of need program	2	ocd-person/74c1210d-fb56-4522-8d3a-0a2bb08c972b	Dontavius L. Jarrells	primary	direct
2026-01-01..2026-04-30	20260528LUPA1514992	Cannabis Safety First LLC	org-cannabis-safety-first-llc	Tim W Johnson	person-tim-w-johnson	bill_referenced	HB 58	HB 58	bill	ocd-bill/38bc2b30-8475-4c83-a815-3d94d0bcf216	Create recovery housing residences certificate of need program	Create recovery housing residences certificate of need program	2	ocd-person/9892fcd7-9432-425f-85a6-7599fbe3177d	Justin Pizzulli	primary	direct
2026-01-01..2026-04-30	20260528LUPA1514992	Cannabis Safety First LLC	org-cannabis-safety-first-llc	Tim W Johnson	person-tim-w-johnson	bill_referenced	HB 195	HB 195	bill	ocd-bill/e132ad38-3478-4e50-bd91-cca667c237d9	Revise the Ohio Uniform Commercial Code	Revise the Ohio Uniform Commercial Code	2	ocd-person/b04e2962-e7c6-46b8-9a99-d7a6d3a32717	Adam Mathews	primary	direct
2026-01-01..2026-04-30	20260528LUPA1514992	Cannabis Safety First LLC	org-cannabis-safety-first-llc	Tim W Johnson	person-tim-w-johnson	bill_referenced	HB 195	HB 195	bill	ocd-bill/e132ad38-3478-4e50-bd91-cca667c237d9	Revise the Ohio Uniform Commercial Code	Revise the Ohio Uniform Commercial Code	2	ocd-person/1cc15373-6101-48fb-9597-d731c115eb70	Dani Isaacsohn	primary	direct
2026-01-01..2026-04-30	20260528LUPA1514992	Cannabis Safety First LLC	org-cannabis-safety-first-llc	Tim W Johnson	person-tim-w-johnson	bill_referenced	HB 501	HB 501	bill	ocd-bill/c9ac793b-124b-4663-87c0-5bd3a1bf2d65	Modify and rename the wrongful incarceration law	Modify and rename the wrongful incarceration law	2	ocd-person/bfe003c4-6a28-46d6-b831-07bfe8662926	Elgin Rogers, Jr.	primary	direct
2026-01-01..2026-04-30	20260528LUPA1514992	Cannabis Safety First LLC	org-cannabis-safety-first-llc	Tim W Johnson	person-tim-w-johnson	bill_referenced	HB 501	HB 501	bill	ocd-bill/c9ac793b-124b-4663-87c0-5bd3a1bf2d65	Modify and rename the wrongful incarceration law	Modify and rename the wrongful incarceration law	2	ocd-person/1e52d1da-3e5c-442e-a460-d63b62709edf	Josh Williams	primary	direct
2026-01-01..2026-04-30	20260528LUPA1514992	Cannabis Safety First LLC	org-cannabis-safety-first-llc	Tim W Johnson	person-tim-w-johnson	bill_referenced	HB 611	HB 611	bill	ocd-bill/d465f1ea-0565-421d-baa9-201d21584fc0	Issue medical marijuana processor cultivation, dispensary license	Issue medical marijuana processor cultivation, dispensary license	2	ocd-person/f4e6c51a-89bd-4841-848b-b1097fd3fc9d	Brian Stewart	primary	direct
2026-01-01..2026-04-30	20260528LUPA1514992	Cannabis Safety First LLC	org-cannabis-safety-first-llc	Tim W Johnson	person-tim-w-johnson	bill_referenced	HB 611	HB 611	bill	ocd-bill/d465f1ea-0565-421d-baa9-201d21584fc0	Issue medical marijuana processor cultivation, dispensary license	Issue medical marijuana processor cultivation, dispensary license	2	ocd-person/4b7cbc16-7a67-4a61-8fd5-77a857270774	Jamie Callender	primary	direct
2026-01-01..2026-04-30	20260528LUPA1514992	Cannabis Safety First LLC	org-cannabis-safety-first-llc	Tim W Johnson	person-tim-w-johnson	bill_referenced	SB 55	SB 55	bill	ocd-bill/c4951849-ae41-4409-acc7-23444f07b504	Regards operating under the influence of marihuana, OVI evidence	Regards operating under the influence of marihuana, OVI evidence	1	ocd-person/d3508136-3927-461f-a2f0-a85665845ab1	Nathan H. Manning	primary	direct
2026-01-01..2026-04-30	20260528LUPA1514992	Cannabis Safety First LLC	org-cannabis-safety-first-llc	Tim W Johnson	person-tim-w-johnson	bill_referenced	SB 56	SB 56	bill	ocd-bill/13d7e8bc-8b9c-4614-b904-cbe045635140	Revise medical and adult-use marijuana laws; levy marijuana taxes	Revise medical and adult-use marijuana laws; levy marijuana taxes	1	ocd-person/b21d9dcd-21e9-4071-936d-f89fc5d8f643	Stephen A. Huffman	primary	direct
2026-01-01..2026-04-30	20260528LUPA1514992	Cannabis Safety First LLC	org-cannabis-safety-first-llc	Tim W Johnson	person-tim-w-johnson	bill_referenced	SB 59	SB 59	bill	ocd-bill/bbd3f230-a69b-4f39-8a67-fc0dc24d97a8	Exempt firearms and ammunition from sales and use tax	Exempt firearms and ammunition from sales and use tax	2	ocd-person/01a80305-a667-4dda-9676-1e678bddde12	Tim Schaffer	primary	direct
2026-01-01..2026-04-30	20260528LUPA1514992	Cannabis Safety First LLC	org-cannabis-safety-first-llc	Tim W Johnson	person-tim-w-johnson	bill_referenced	SB 59	SB 59	bill	ocd-bill/bbd3f230-a69b-4f39-8a67-fc0dc24d97a8	Exempt firearms and ammunition from sales and use tax	Exempt firearms and ammunition from sales and use tax	2	ocd-person/6a1fc3b1-ebfd-47b7-adec-ddcd84d137c9	Al Cutrona	primary	direct
2026-01-01..2026-04-30	20260528LUPA1514992	Cannabis Safety First LLC	org-cannabis-safety-first-llc	Tim W Johnson	person-tim-w-johnson	bill_referenced	SB 123	SB 123	bill	ocd-bill/8779746e-0852-4b6e-822c-a77cfc21a3be	Prohibit law enforcement from charging fees for certain videos	Prohibit law enforcement from charging fees for certain videos	1	ocd-person/3329274c-22b6-4b0a-b12a-e64c5733bef9	Paula Hicks-Hudson	primary	direct
2026-01-01..2026-04-30	20260528LUPA1514992	Cannabis Safety First LLC	org-cannabis-safety-first-llc	Tim W Johnson	person-tim-w-johnson	bill_referenced	SB 143	SB 143	bill	ocd-bill/eb977cad-0aa6-4aa5-a132-76875f3cd548	Prohibit employment application question re: criminal background	Prohibit employment application question re: criminal background	2	ocd-person/5a9b2a16-6827-4e00-961a-f3de39538749	Louis W. Blessing, III	primary	direct
2026-01-01..2026-04-30	20260528LUPA1514992	Cannabis Safety First LLC	org-cannabis-safety-first-llc	Tim W Johnson	person-tim-w-johnson	bill_referenced	SB 143	SB 143	bill	ocd-bill/eb977cad-0aa6-4aa5-a132-76875f3cd548	Prohibit employment application question re: criminal background	Prohibit employment application question re: criminal background	2	ocd-person/ed858ef9-97dc-4be8-97ab-006ea96923ae	Hearcel F. Craig	primary	direct
2026-01-01..2026-04-30	20260528LUPA1515976	Warren County Transportation Improvement District	org-warren-county-transportation-improvement-district	Stephen E Tugend	person-stephen-e-tugend	bill_referenced	HB 96	HB 96	bill	ocd-bill/4e02024d-881d-4a05-9191-b218c16ecff4	Make state operating appropriations for FY 2026-27	Make state operating appropriations for FY 2026-27	1	ocd-person/f4e6c51a-89bd-4841-848b-b1097fd3fc9d	Brian Stewart	primary	direct
2026-01-01..2026-04-30	20260528LUPA1515976	Warren County Transportation Improvement District	org-warren-county-transportation-improvement-district	Stephen E Tugend	person-stephen-e-tugend	bill_referenced	SB 361	SB 361	bill	ocd-bill/08169a2f-e5f9-4026-9572-ee199bb9aecd	Prohibit the use of eminent domain for recreational trails	Prohibit the use of eminent domain for recreational trails	1	ocd-person/01a80305-a667-4dda-9676-1e678bddde12	Tim Schaffer	primary	direct
2026-01-01..2026-04-30	20260529EUPA1505752	Ohio Insurance Agents Association, Inc.	org-ohio-insurance-agents-association-inc	George Christy	person-george-christy	bill_referenced	3901-5-03	3901-5-03	oac_rule			Continued Education Requirements	0				oac_dropped
2026-01-01..2026-04-30	20260529EUPA1505752	Ohio Insurance Agents Association, Inc.	org-ohio-insurance-agents-association-inc	George Christy	person-george-christy	bill_referenced	3901-5-04	3901-5-04	oac_rule			Continuing Education Market Practices/audit	0				oac_dropped
2026-01-01..2026-04-30	20260529EUPA1505752	Ohio Insurance Agents Association, Inc.	org-ohio-insurance-agents-association-inc	George Christy	person-george-christy	subject_general	Excess and Surplus Lines Export List	Excess and Surplus Lines Export List	subject			Excess and Surplus Lines Export List	0				subject_only
2026-01-01..2026-04-30	20260529EUPA1505752	Ohio Insurance Agents Association, Inc.	org-ohio-insurance-agents-association-inc	George Christy	person-george-christy	subject_general	Issues affecting insurance agents	Issues affecting insurance agents	subject			Issues affecting insurance agents	0				subject_only
2026-01-01..2026-04-30	20260529EUPA1505752	Ohio Insurance Agents Association, Inc.	org-ohio-insurance-agents-association-inc	George Christy	person-george-christy	bill_referenced	3901-5-07	3901-5-07	oac_rule			New Agent Education Requirements	0				oac_dropped
2026-01-01..2026-04-30	20260529EUPA1505752	Ohio Insurance Agents Association, Inc.	org-ohio-insurance-agents-association-inc	George Christy	person-george-christy	bill_referenced	3901-5-09	3901-5-09	oac_rule			Two-year inactive status of a license, reinstatement process	0				oac_dropped
2026-01-01..2026-04-30	20260529LUPA1517908	Public Utilities Commission of Ohio	org-public-utilities-commission-of-ohio	Penny Seipel	person-penny-seipel	bill_referenced	HB 173	HB 173	bill	ocd-bill/fb5a14d2-54a4-40be-bf93-18dc77a49e88	Regards entities providing behind-the-meter utility services	Regards entities providing behind-the-meter utility services	1	ocd-person/170299dd-f2e4-463e-8b8b-ea3b75946120	David Thomas	primary	direct
2026-01-01..2026-04-30	20260529LUPA1517908	Public Utilities Commission of Ohio	org-public-utilities-commission-of-ohio	Penny Seipel	person-penny-seipel	bill_referenced	HB 227	HB 227	bill	ocd-bill/15a2c24f-d963-44c8-9c8a-a861692d0274	Modify excavation requirements	Modify excavation requirements	2	ocd-person/4af0e8db-ad18-424f-abfa-ce31e37c0b7d	Mark Johnson	primary	direct
2026-01-01..2026-04-30	20260529LUPA1517908	Public Utilities Commission of Ohio	org-public-utilities-commission-of-ohio	Penny Seipel	person-penny-seipel	bill_referenced	HB 227	HB 227	bill	ocd-bill/15a2c24f-d963-44c8-9c8a-a861692d0274	Modify excavation requirements	Modify excavation requirements	2	ocd-person/062b9622-c2fa-4af2-bbea-704f0450dd47	Monica Robb Blasdel	primary	direct
2026-01-01..2026-04-30	20260529LUPA1517908	Public Utilities Commission of Ohio	org-public-utilities-commission-of-ohio	Penny Seipel	person-penny-seipel	bill_referenced	HB 303	HB 303	bill	ocd-bill/381c4014-ad47-4fb1-9d3c-7e483782ccec	Establish community energy program and pilot program	Establish community energy program and pilot program	2	ocd-person/1a598246-01e8-44c8-beca-2c41e1bafb77	James M. Hoops	primary	direct
2026-01-01..2026-04-30	20260529LUPA1517908	Public Utilities Commission of Ohio	org-public-utilities-commission-of-ohio	Penny Seipel	person-penny-seipel	bill_referenced	HB 303	HB 303	bill	ocd-bill/381c4014-ad47-4fb1-9d3c-7e483782ccec	Establish community energy program and pilot program	Establish community energy program and pilot program	2	ocd-person/352d7ee9-256c-4195-a673-17b7ee200948	Sharon A. Ray	primary	direct
2026-01-01..2026-04-30	20260529LUPA1517908	Public Utilities Commission of Ohio	org-public-utilities-commission-of-ohio	Penny Seipel	person-penny-seipel	bill_referenced	HB 427	HB 427	bill	ocd-bill/298580de-1b58-4b9e-b418-6c2904d83d09	Authorize voluntary demand response program for certain customers	Authorize voluntary demand response program for certain customers	1	ocd-person/73e72147-0d40-4478-bbf6-3419f0e00b46	Roy Klopfenstein	primary	direct
2026-01-01..2026-04-30	20260529LUPA1517908	Public Utilities Commission of Ohio	org-public-utilities-commission-of-ohio	Penny Seipel	person-penny-seipel	bill_referenced	HB 706	HB 706	bill	ocd-bill/7f8d1427-78ba-468d-aafd-d819671b3b2a	Impose certain minimum requirements on data center customers	Impose certain minimum requirements on data center customers	2	ocd-person/170299dd-f2e4-463e-8b8b-ea3b75946120	David Thomas	primary	direct
2026-01-01..2026-04-30	20260529LUPA1517908	Public Utilities Commission of Ohio	org-public-utilities-commission-of-ohio	Penny Seipel	person-penny-seipel	bill_referenced	HB 706	HB 706	bill	ocd-bill/7f8d1427-78ba-468d-aafd-d819671b3b2a	Impose certain minimum requirements on data center customers	Impose certain minimum requirements on data center customers	2	ocd-person/18864718-3e48-4236-9afb-b1a61e4c52e2	Tristan Rader	primary	direct
2026-01-01..2026-04-30	20260529LUPA1517908	Public Utilities Commission of Ohio	org-public-utilities-commission-of-ohio	Penny Seipel	person-penny-seipel	bill_referenced	HCR 38	HCR 38	bill	ocd-bill/c886c045-7b8b-4d99-8f02-182c1656d046	Urge an interstate compact re: electric transmission projects	Urge an interstate compact re: electric transmission projects	1	ocd-person/16e469e4-8014-4ba2-8fc4-91804d6ef491	Tex Fischer	primary	direct
2026-01-01..2026-04-30	20260529LUPA1517908	Public Utilities Commission of Ohio	org-public-utilities-commission-of-ohio	Penny Seipel	person-penny-seipel	bill_referenced	JC 4901:1-22-01 through 4901:1-22-10	JC 4901:1-22-01 THROUGH 4901:1-22-10	jcarr			Rule incorporated changes proposed by the Commission-initiated Distributed Energy Resource (DER) Workgroup.	0				oac_dropped
2026-01-01..2026-04-30	20260529LUPA1517908	Public Utilities Commission of Ohio	org-public-utilities-commission-of-ohio	Penny Seipel	person-penny-seipel	bill_referenced	JC 4901:1-16-01 through 4901:1-16-06	JC 4901:1-16-01 THROUGH 4901:1-16-06	jcarr			Updated gas pipeline safety rules	0				oac_dropped
2026-01-01..2026-04-30	20260529LUPA1517908	Public Utilities Commission of Ohio	org-public-utilities-commission-of-ohio	Penny Seipel	person-penny-seipel	subject_general	NM	NM	subject			Confirmation of PUCO Commissioner Dennis Deters	0				subject_only
2026-01-01..2026-04-30	20260529LUPA1517908	Public Utilities Commission of Ohio	org-public-utilities-commission-of-ohio	Penny Seipel	person-penny-seipel	bill_referenced	SB 106	SB 106	bill	ocd-bill/cd65c3ac-335e-4bfd-a1f3-438bfb1f00b6	Regulate the ownership of electric vehicle charging stations	Regulate the ownership of electric vehicle charging stations	1	ocd-person/10733ff7-ee19-4e86-9b5e-65619ddbf7bf	Bill Reineke	primary	direct
2026-01-01..2026-04-30	20260529LUPA1517908	Public Utilities Commission of Ohio	org-public-utilities-commission-of-ohio	Penny Seipel	person-penny-seipel	bill_referenced	SB 151	SB 151	bill	ocd-bill/d11b928e-91ce-45ee-b625-72f3b248a939	Allow certain natural gas suppliers to offer carbon offsets	Allow certain natural gas suppliers to offer carbon offsets	1	ocd-person/bb1ae016-cdfe-48aa-8bc5-9e3636e430f3	Shane Wilkin	primary	direct
2026-01-01..2026-04-30	20260529LUPA1517908	Public Utilities Commission of Ohio	org-public-utilities-commission-of-ohio	Penny Seipel	person-penny-seipel	bill_referenced	SB 294	SB 294	bill	ocd-bill/84c952b3-39bd-43f0-b9af-f2c7bab9c0c1	Declare the state's energy siting policy	Declare the state's energy siting policy	2	ocd-person/2ae62dc8-e902-4a8e-99b7-182477c50bc3	Mark Romanchuk	primary	direct
2026-01-01..2026-04-30	20260529LUPA1517908	Public Utilities Commission of Ohio	org-public-utilities-commission-of-ohio	Penny Seipel	person-penny-seipel	bill_referenced	SB 294	SB 294	bill	ocd-bill/84c952b3-39bd-43f0-b9af-f2c7bab9c0c1	Declare the state's energy siting policy	Declare the state's energy siting policy	2	ocd-person/445d3fc7-d9a5-48d8-8869-f023aa274ae7	George F. Lang	primary	direct
2026-01-01..2026-04-30	20260529LUPA1517908	Public Utilities Commission of Ohio	org-public-utilities-commission-of-ohio	Penny Seipel	person-penny-seipel	bill_referenced	SB 298	SB 298	bill	ocd-bill/33b15ea7-7b4d-4071-b8d2-ace15ccb488a	Regards virtual net metering and meter aggregation	Regards virtual net metering and meter aggregation	1	ocd-person/2ae62dc8-e902-4a8e-99b7-182477c50bc3	Mark Romanchuk	primary	direct
2026-01-01..2026-04-30	20260601LUPA1519880	Six Flags Entertainment Corporation	org-six-flags-entertainment-corporation	Timothy J Cosgrove	person-timothy-j-cosgrove	bill_referenced	HB 433	HB 433	bill	ocd-bill/12b9c59f-0cb7-4d22-9a31-fe420ffe2d29	Alter amusement ride classification for inspection fee purposes	Alter amusement ride classification for inspection fee purposes	2	ocd-person/5b3a7d10-e745-4985-ade9-d7fff6ae6af4	Sarah Fowler Arthur	primary	direct
2026-01-01..2026-04-30	20260601LUPA1519880	Six Flags Entertainment Corporation	org-six-flags-entertainment-corporation	Timothy J Cosgrove	person-timothy-j-cosgrove	bill_referenced	HB 433	HB 433	bill	ocd-bill/12b9c59f-0cb7-4d22-9a31-fe420ffe2d29	Alter amusement ride classification for inspection fee purposes	Alter amusement ride classification for inspection fee purposes	2	ocd-person/73e72147-0d40-4478-bbf6-3419f0e00b46	Roy Klopfenstein	primary	direct
2026-01-01..2026-04-30	20260601LUPA1519880	Six Flags Entertainment Corporation	org-six-flags-entertainment-corporation	Timothy J Cosgrove	person-timothy-j-cosgrove	bill_referenced	HB 488	HB 488	bill	ocd-bill/81fd9448-e07a-4761-aaa6-83468c971c39	Require amusement parks provide real-time ride operation status	Require amusement parks provide real-time ride operation status	1	ocd-person/993f089c-60bf-418d-9704-fa92e4f01c71	Sean P. Brennan	primary	direct
2026-01-01..2026-04-30	20260601LUPA1519880	Six Flags Entertainment Corporation	org-six-flags-entertainment-corporation	Timothy J Cosgrove	person-timothy-j-cosgrove	bill_referenced	HB 563	HB 563	bill	ocd-bill/eb754511-a5b8-4762-8a42-5e3e7c3c8715	Regulate ticket sales	Regulate ticket sales	1	ocd-person/292d1329-8a45-402b-8d6e-8f3b4726187a	Mark Hiner	primary	direct
