filing_id	report_period	principal_name	principal_id	lobbyist_name	lobbyist_id	total_expenditure	is_current	filing_action	supersedes	n_positions	n_gifts	n_expenditures	extraction_warnings
20250314EUPA1394434	2025-01-01..2025-04-30	Ohio Poverty Law Center	org-ohio-poverty-law-center	Susan M Jagers	person-susan-m-jagers	0.0	True	original		2	0	0	"[""This is an Executive Agency AER (not a legislative AER). The schema and extraction rules reference legislative filings, but the source is titled 'View Agent Executive AER' and discloses executive agency lobbying activity (agency decisions/rules, not bills). No bill numbers are listed in Section I; the two lobbying activities are agency decisions described in free text. The 'implementation of HB 29' reference is embedded in an agency decision description, not a standalone bill position — it has been captured in the description field of a LobbyingPosition but no BillReference was created since no formal bill position was filed."", 'Section I columns are Agency / Decision Description / Decision/Rule# rather than the legislative bill/resolution format. The Decision/Rule# column appears blank for both rows. This executive agency structure has no direct schema equivalent; positions are used as the closest available container.', ""Reporting period label 'Jan-Apr25' suggests a January–April 2025 window. Exact start/end dates (2025-01-01 to 2025-04-30) are inferred from the period label; the precise dates are not explicitly stated in the source.""]"
20250505LUPA1394956	2025-01-01..2025-04-30	Secure Elections Project	org-secure-elections-project	William L Byers, IV	person-william-l-byers-iv	0.0	True	original		6	0	0	"[""Reporting period label is 'Jan-Apr25'; mapped to 2025-01-01 through 2025-04-30 per the OH AER Jan–Apr window (May 31 deadline). Exact day boundaries are inferred from standard OH quarterly convention, not explicitly stated in the source."", ""Section II states 'No expenditures' with no line items in any sub-section (II.A Gifts, II.B Itemized Meals & Beverages, II.C Dinner/Party/Function, II.D Aggregate); no expenditure rows emitted.""]"
20250505LUPA1395368	2025-01-01..2025-04-30	Carvana	org-carvana	Collin Crigger	person-collin-crigger	0.0	True	original		2	0	0	"[""Reporting period label is 'Jan-Apr25'; mapped to 2025-01-01 – 2025-04-30. Ohio Jan-filing windows typically cover Jan 1 – Apr 30; confirm if the exact end date differs."", 'Session number for HB 54 and HB 96 inferred as Ohio 136th General Assembly based on the 2025 filing date; not explicitly stated in source.']"
20250512EUPA1396214	2025-01-01..2025-04-30	U.S. Sportsmen's Alliance	org-u-s-sportsmen-s-alliance	Robert Sexton	person-robert-sexton	0.0	True	original		0	0	0	"[""This AER is an Executive Agency filing (not a Legislative AER). Section I covers 'Executive Agency Lobbying Activity' (agency decisions), not legislative bills/resolutions. No agency decisions were disclosed. The schema's LobbyingPosition is oriented toward bills; no positions emitted."", ""Reporting period is labeled 'Jan-Apr25'. OH executive AER periods do not align exactly with the legislative quarterly windows. Start date inferred as 2025-01-01 and end date as 2025-04-30 based on the label; exact boundary dates are not stated in the source.""]"
20250512LUPA1396330	2025-01-01..2025-04-30	Columbus Crew SC	org-columbus-crew-sc	William L Byers, IV	person-william-l-byers-iv	0.0	True	original		3	0	0	"[""Reporting period label is 'Jan-Apr25'; OH standard quarterly periods run Jan 1–Apr 30, so reporting_period_start=2025-01-01 and reporting_period_end=2025-04-30 were inferred — confirm against OLAC official period boundaries.""]"
20250512LUPA1396376	2025-01-01..2025-04-30	Cleveland Browns	org-cleveland-browns	Andrew Minton	person-andrew-minton	0.0	True	original		3	0	0	"[""Section II shows 'No expenditures' globally — no expenditure rows emitted for any sub-section (II.A, II.B, II.C, II.D)."", ""Reporting period label 'Jan-Apr25' maps to 2025-01-01 through 2025-04-30 per Ohio's Jan 31-deadline quarterly window; exact start/end dates were inferred from the period label, not stated explicitly.""]"
20250513EUPA1396552	2025-01-01..2025-04-30	United Way of Central Ohio	org-united-way-of-central-ohio	C David Paragas	person-c-david-paragas	0.0	True	original		0	0	0	"['This AER is an Executive Agency form (View Agent Executive AER), not a Legislative Agent AER. The regime is executive agency lobbying under a different ORC chapter, not ORC §§101.70-101.79 legislative lobbying. The schema and extraction rules were written for legislative AERs; this record should be flagged for regime re-classification.', ""Section I discloses 'No agency decisions' — no LobbyingPosition rows emitted."", ""Section II discloses 'No expenditures' — no LobbyingExpenditure rows emitted."", ""Reporting period label is 'Jan-Apr25'; interpreted as 2025-01-01 through 2025-04-30. Ohio executive AER windows may differ from legislative windows; exact end date should be verified against OLAC filing rules.""]"
20250515EUPA1397822	2025-01-01..2025-04-30	Synenberg, Coletta & Moran, LLC	org-synenberg-coletta-moran-llc	Jonathan S Hughes	person-jonathan-s-hughes	0.0	True	original		0	0	0	"[""This AER is an Executive Agency report (not a Legislative AER). The form covers executive agency lobbying activity, not legislative bill/resolution activity. Section I states 'No agency decisions' and Section II states 'No expenditures'."", ""Reporting period label 'Jan-Apr25' does not align with standard OH quarterly-tri-annual windows (ending May 31 / Sep 30 / Jan 31). Interpreted as January–April 2025; exact start/end dates are inferred.""]"
20250518LUPA1398890	2025-01-01..2025-04-30	Ohio Healthy Alternatives Association	org-ohio-healthy-alternatives-association	Amanda R Sines	person-amanda-r-sines	0.0	True	original		3	0	0	"[""Section II shows 'No expenditures' — no expenditure rows emitted for any sub-section (II.A, II.B, II.C, II.D).""]"
20250519EUPA1400054	2025-01-01..2025-04-30	Lenovo United States Inc	org-lenovo-united-states-inc	Michael Toman	person-michael-toman	0.0	True	original		0	0	0	"[""This AER is an Executive Agency filing (OLAC 'View Agent Executive AER'), not a Legislative Agent AER. The source covers executive agency lobbying under a different regulatory regime from ORC §§101.70-101.79. The schema filing_type 'activity_report' is used as the closest fit, but the distinction between legislative and executive agent filings is not captured."", 'Section I discloses an agency decision (Administrative Services / Misc. IT) with a Decision/Rule # column that was blank. The LobbyingEngagement entity is used to represent this, but the schema is designed for legislative contact logging; executive agency decision advocacy is a schema gap.', ""Section II states 'No expenditures' — no expenditure rows emitted."", ""Reporting period label is 'Jan-Apr25'; interpreted as 2025-01-01 to 2025-04-30. Ohio executive AER periods may differ from legislative quarterly windows; exact end date not explicitly stated in source.""]"
20250519LUPA1399318	2025-01-01..2025-04-30	Friendship Circle of Cleveland	org-friendship-circle-of-cleveland	Rachel Schubert	person-rachel-schubert	0.0	True	original		1	0	0	"[""Reporting period label 'Jan-Apr25' is a non-standard OH quarterly window (January–April 2025); standard OH periods run Jan–Apr, May–Aug, Sep–Dec. Start date set to 2025-01-01 and end date to 2025-04-30 based on the label."", ""Section II shows 'No expenditures' — all expenditure sections (II.A, II.B, II.C, II.D) are empty; no expenditure rows emitted.""]"
20250519LUPA1399724	2025-01-01..2025-04-30	Ohio Provider Resource Association	org-ohio-provider-resource-association	Anthony Aquillo	person-anthony-aquillo	0.0	True	original		4	0	0	"[""Reporting period 'Jan-Apr25' maps to 2025-01-01 through 2025-04-30 (standard OH Jan–Apr quarterly window). Exact start/end dates not explicitly stated on the form."", ""Section II states 'No expenditures' — all expenditure sections (II.A Gifts, II.B Itemized Meals & Beverages, II.C Dinner/Party/Function, II.D Non-itemized Aggregate) are empty; no expenditure rows emitted."", ""The footer attribution '©2026' appears in the source but is a system/template copyright notice, not a filing date or content element; ignored.""]"
20250520EUPA1400828	2025-01-01..2025-04-30	Marion Technical College	org-marion-technical-college	Laura Woughter	person-laura-woughter	0.0	True	original		0	0	0	"['This filing is an Executive Agency AER (not a Legislative AER). The form covers executive agency lobbying activity (ORC §121.60 et seq.), not legislative lobbying (ORC §§101.70-101.79). The extraction brief referenced the legislative form type; this source is the executive variant. Schema is applied as-is since it is structurally compatible, but the distinction is noted for human review.', ""Section I discloses 'No agency decisions' — no LobbyingPosition rows emitted."", ""Section II discloses 'No expenditures' — no LobbyingExpenditure rows emitted."", ""Reporting period label is 'Jan-Apr25'; interpreted as 2025-01-01 through 2025-04-30. Ohio executive AER filing deadlines differ from legislative AER deadlines; the exact end date of April 30 is inferred from the period label and may warrant verification.""]"
20250520EUPA1400948	2025-01-01..2025-04-30	Wagenbrenner Development	org-wagenbrenner-development	Allison Lawlor	person-allison-lawlor	0.0	True	original		0	0	0	"[""This filing is an Executive Agency AER (not a Legislative AER). The form covers executive agency lobbying activity and expenditures, not legislative bill/resolution advocacy. No legislative positions are present. The extraction rules supplied reference a Legislative AER form, but the source document is labeled 'View Agent Executive AER' governed by a different disclosure regime."", ""Section I discloses 'No agency decisions' — no lobbying activity to record."", ""Section II discloses 'No expenditures' — no expenditure rows emitted.""]"
20250520LUPA1400446	2025-01-01..2025-04-30	Coinbase, Inc.	org-coinbase-inc	Kristen Brinkman-Tell	person-kristen-brinkman-tell	0.0	True	original		2	0	0	"[""Reporting period label is 'Jan-Apr25'; Ohio Jan-Apr window mapped to 2025-01-01 through 2025-04-30 by convention (deadline May 31). Confirm exact end date if schema requires precision."", ""Section II states 'No expenditures' globally — no sub-section (A/B/C/D) rows were present; zero expenditure rows emitted."", 'Bill session inferred as Ohio 136th General Assembly based on 2025 filing date; not explicitly stated in source.']"
20250520LUPA1400518	2025-01-01..2025-04-30	City of Girard	org-city-of-girard	Josh Prest	person-josh-prest	0.0	True	original		0	0	0	"[""Reporting period 'Jan-Apr25' maps to 2025-01-01 through 2025-04-30 per OH tri-annual AER cycle (Jan–Apr window, due May 31). Exact start/end dates are inferred from the OH statutory reporting cycle, not stated verbatim in the source."", ""Section I: 'No Activity Reported' — no LobbyingPosition rows emitted."", ""Section II: 'No expenditures' — no LobbyingExpenditure rows emitted.""]"
20250520LUPA1401008	2025-01-01..2025-04-30	Columbus City School District	org-columbus-city-school-district	Allison Lawlor	person-allison-lawlor	9.91	True	original		3	0	1	"['Section II.D breaks down into three sub-categories: Meals Under $50 ($9.91), Speaking Engagements ($0.00), and National Conference Meals ($0.00). The schema supports only one entertainment expenditure row for the Section D aggregate; the three-way sub-breakdown is lost.', ""Reporting period label is 'Jan-Apr25'; interpreted as 2025-01-01 through 2025-04-30. Ohio Jan–Apr period is non-standard (typical legislative AER windows end Jan 31, May 31, Sep 30); exact end date may warrant verification.""]"
20250520LUPA1401164	2025-01-01..2025-04-30	HH Cleveland Huntington, LP	org-hh-cleveland-huntington-lp	Lori A Herf	person-lori-a-herf	0.0	True	original		0	0	0	"[""Reporting period label is 'Jan-Apr25'; OH legislative AER periods typically run Jan 1–Apr 30 for the May 31 deadline. Start date mapped to 2025-01-01 and end date to 2025-04-30 by convention; exact dates not explicitly stated in source.""]"
20250520LUPA1401482	2025-01-01..2025-04-30	Aramark Correctional Services, LLC	org-aramark-correctional-services-llc	John H Oberle	person-john-h-oberle	0.0	True	original		1	0	0	"[""Reporting period label is 'Jan-Apr25'; OH legislative AER periods typically run Jan 1–Apr 30 for the May 31 deadline. reporting_period_start set to 2025-01-01 and reporting_period_end set to 2025-04-30 by inference from standard OH AER calendar — exact end date not explicitly stated in source.""]"
20250521EUPA1402432	2025-01-01..2025-04-30	Meta Platforms, Inc.	org-meta-platforms-inc	Lisa H Dodge	person-lisa-h-dodge	0.0	True	original		0	0	0	"[""This is an Executive Agency AER (not a legislative AER). The form header reads 'View Agent Executive AER' and Section I covers 'Executive Agency Lobbying Activity' / agency decisions rather than bills/resolutions. The schema has no dedicated field to distinguish executive-branch from legislative-branch AER type; the distinction is noted here for human review."", ""Section I: 'No agency decisions' — no LobbyingPosition rows emitted."", ""Section II: 'No expenditures' — no LobbyingExpenditure rows emitted.""]"
20250521EUPA1402750	2025-01-01..2025-04-30	Graduation Alliance	org-graduation-alliance	Jimmy Wolf	person-jimmy-wolf	0.0	True	original		1	0	0	"[""This is an Executive Agency AER (not a Legislative AER). Section I discloses executive agency lobbying activity — specifically an agency decision/rule at 'Education and Workforce' regarding 'Rules for adult education program' with no Decision/Rule # provided. The schema's LobbyingPosition is used to capture this, but it is designed for legislative bill/resolution references; the 'agency decision' context is noted here for human review."", 'No Decision/Rule # was listed for the Education and Workforce entry; the field was blank in the source.', ""Section II shows 'No expenditures'; no LobbyingExpenditure rows emitted.""]"
20250521EUPA1403820	2025-01-01..2025-04-30	Marathon Petroleum Corporation & its Subsidiaries and Affiliates	org-marathon-petroleum-corporation-its-subsidiaries-and-affiliates	Kurt L Leib	person-kurt-l-leib	0.0	True	original		0	0	0	"[""This is an Executive Agency AER (not a Legislative AER). Section I covers executive agency decisions (not bills/resolutions); no agency decisions were disclosed this period. Section II reports no expenditures. The schema's LobbyingFiling.filing_type does not have a distinct value for 'executive_agency_activity_report'; filed as 'activity_report'.""]"
20250521EUPA1404190	2025-01-01..2025-04-30	Lenovo United States Inc	org-lenovo-united-states-inc	W. Fletch Zimpher	person-w-fletch-zimpher	0.0	True	original		0	0	0	"[""This AER is an Executive Agency form (not a Legislative AER): Section I covers 'Executive Agency Lobbying Activity' (agency decisions), not legislative bills/resolutions. No positions were emitted because there were no agency decisions disclosed and the schema's LobbyingPosition is oriented toward bills."", ""Reporting period 'Jan-Apr25' maps to a January–April 2025 window; start date set to 2025-01-01 and end date to 2025-04-30 by inference from the period label."", 'No expenditures were reported in Section II; no LobbyingExpenditure rows emitted.']"
20250521LUPA1398614	2025-01-01..2025-04-30	Otsuka America Pharmaceutical, Inc	org-otsuka-america-pharmaceutical-inc	Joee Lindbeck	person-joee-lindbeck	142.25	True	original		1	0	1	"['Section II.D splits into three sub-categories: Meals Under $50 ($142.25), Speaking Engagements ($0.00), and National Conference Meals ($0.00). Schema supports only one entertainment row for Section D aggregate; sub-breakdown is partially lost (non-zero sub-amount is Meals Under $50 only; other two are $0.00 so no information is lost in this instance, but the three-way structure cannot be represented).', ""Reporting period label is 'Jan-Apr25'; mapped to 2025-01-01 through 2025-04-30 by convention for the OH Jan–Apr window. Exact start/end dates not explicitly stated in source.""]"
20250521LUPA1404426	2025-01-01..2025-04-30	AAA Club Alliance Inc	org-aaa-club-alliance-inc	William L Byers, IV	person-william-l-byers-iv	0.0	True	original		10	0	0	"[""Reporting period labeled 'Jan-Apr25' on the form. Mapped to 2025-01-01 through 2025-04-30 (standard OH Jan-Apr quarter). The form does not specify exact start/end dates beyond the period label."", ""Section II states 'No expenditures' — no expenditure rows emitted for any sub-section (II.A Gifts, II.B Itemized Meals & Beverages, II.C Dinner/Party/Function, II.D Non-itemized aggregate).""]"
20250522EUPA1401706	2025-01-01..2025-04-30	JPMorgan Chase Holdings LLC	org-jpmorgan-chase-holdings-llc	Shawn J Bunt	person-shawn-j-bunt	0.0	True	original		0	0	0	"['This is an Executive Agency AER (not a Legislative AER): Section I discloses executive agency decisions, not bills/resolutions. No legislative positions are reported.', ""Section I: 'No agency decisions' — no lobbying activity to record."", ""Section II: 'No expenditures' — all expenditure sections (gifts, meals, functions, aggregate) are empty; no expenditure rows emitted."", ""Reporting period 'Jan-Apr25' covers January–April 2025; mapped to 2025-01-01 / 2025-04-30 by inference (OH executive AER uses a Jan–Apr window). Exact start/end dates not stated on the form.""]"
20250522EUPA1405044	2025-01-01..2025-04-30	ALS Association	org-als-association	Lindsay Gill	person-lindsay-gill	0.0	True	original		0	0	0	"[""This filing is an Executive Agency AER (not a Legislative AER). Section I covers 'Executive Agency Lobbying Activity' with agency decisions (not bills/resolutions), and Section II covers executive agency expenditures. The schema and extraction brief target legislative AERs; no schema slot exists for executive agency decisions. The filing reports 'No agency decisions' and 'No expenditures', so no data is lost in this instance, but the executive-vs-legislative distinction is noted for human review."", ""Reporting period label is 'Jan-Apr25'. Start date inferred as 2025-01-01 and end date as 2025-04-30 based on the period label; exact boundary dates are not explicitly stated in the source.""]"
20250522LUPA1405684	2025-01-01..2025-04-30	LKQ Corporation	org-lkq-corporation	Nathan Aichele	person-nathan-aichele	21.94	True	original		3	0	1	"['Section II.D breaks down into three sub-categories: Meals Under $50 ($21.94), Speaking Engagements ($0.00), and National Conference Meals ($0.00). The schema supports only one entertainment row for the Section D aggregate; the sub-category breakdown is lost.', ""Reporting period label is 'Jan-Apr25'. Ohio AER Jan filing window covers January–April; interpreted as 2025-01-01 to 2025-04-30. Exact end date not explicitly stated in the source.""]"
20250523EUPA1406602	2025-01-01..2025-04-30	Molina Healthcare, Inc	org-molina-healthcare-inc	Kevin DeWine	person-kevin-dewine	0.0	True	original		0	0	0	"[""This is an Executive Agency AER (not a Legislative AER). The form covers executive agency lobbying activity under a different OLAC form type ('Agent Executive AER'). The schema and extraction rules reference the Legislative Agent AER; this filing may require a distinct form-type classification."", ""Section I discloses 'No agency decisions' — no lobbying positions were recorded."", ""Section II discloses 'No expenditures' — no expenditure rows were emitted."", ""Reporting period label 'Jan-Apr25' corresponds to January–April 2025; reporting_period_start set to 2025-01-01 and reporting_period_end set to 2025-04-30 by inference from the label, as exact boundary dates are not stated in the source.""]"
20250523EUPA1406694	2025-01-01..2025-04-30	Ohio Contractors Association	org-ohio-contractors-association	Christopher L Runyan	person-christopher-l-runyan	0.0	True	original		4	0	0	"['This is an Executive Agency AER (not a Legislative AER). Section I lists agency decisions with active advocacy (Governor, Public Works Commission, Transportation) rather than bills/resolutions. The LobbyingPosition schema has no dedicated field for agency name or decision/rule number; agency name was placed in general_issue_area and decision description in the description field. The Decision/Rule # column was blank for all rows, so no data was lost there.', 'Section I contains four agency-decision rows across three agencies (Governor × 2, Public Works Commission × 1, Transportation × 1). Each has been emitted as a separate LobbyingPosition since they represent distinct disclosed advocacy topics.', ""Section II states 'No expenditures'; no LobbyingExpenditure rows emitted."", ""Reporting period label is 'Jan-Apr25'. Ohio Executive AERs cover January–April; start date set to 2025-01-01 and end date to 2025-04-30 by convention. Exact dates not stated in source.""]"
20250523LUPA1394636	2025-01-01..2025-04-30	The Nature Conservancy in Ohio	org-the-nature-conservancy-in-ohio	Rebecca Mellino	person-rebecca-mellino	0.0	True	original		5	0	0	"[""Section II shows 'No expenditures' — no expenditure rows emitted for any sub-section (II.A Gifts, II.B Itemized Meals & Beverages, II.C Dinner/Party/Function, II.D Non-itemized aggregate).""]"
20250526LUPA1407336	2025-01-01..2025-04-30	American Chemistry Council	org-american-chemistry-council	Shawn Nelson	person-shawn-nelson	0.0	True	original		3	0	0	"[""HR 14 was filed as a House Resolution; reference_type set to 'resolution' accordingly."", ""Reporting period label 'Jan-Apr25' does not align with a standard OH quarterly window (which ends Jan 31 or May 31); period mapped to 2025-01-01 – 2025-04-30 based on literal label. Human review recommended to confirm exact period boundaries.""]"
20250527LUPA1407982	2025-01-01..2025-04-30	Ohio Rural Water Association	org-ohio-rural-water-association	Ronald Romito	person-ronald-romito	0.0	True	original		13	0	0	"[""Section II (Expenditure Statement) shows 'No expenditures' — no rows emitted for Sections II.A, II.B, II.C, or II.D."", ""Bill title disclaimer present in source: 'ANY LEGISLATIVE TITLES APPEARING IN THE DISCLOSURE ABOVE ARE FOR INFORMATIONAL PURPOSES ONLY AND NOT INTENDED TO BE AN OFFICIAL OR EXCLUSIVE DESIGNATION OF ANY LEGISLATION CURRENTLY BEFORE OR ENACTED BY THE OHIO GENERAL ASSEMBLY.' — informational only, not mapped to any schema field."", ""Reporting period label is 'Jan-Apr25'; mapped to 2025-01-01 through 2025-04-30 by convention for the OH Jan–Apr quarterly window (due May 31).""]"
20250528EUPA1411320	2025-01-01..2025-04-30	Tech Corps Ohio	org-tech-corps-ohio	Spencer Gross	person-spencer-gross	0.0	True	original		0	0	0	"[""This is an Executive Agency AER (not a Legislative AER). The form covers executive agency lobbying activity and expenditures, not legislative bill/resolution advocacy. The extraction rules provided were written for the Legislative Agent AER regime; however, the source document's content (no agency decisions, no expenditures) maps cleanly to the schema with empty positions and expenditures lists."", ""Reporting period labeled 'Jan-Apr25' on the form; interpreted as 2025-01-01 through 2025-04-30. Ohio executive AER periods differ from legislative AER periods; exact end date of April 30 is inferred from the 'Jan-Apr' label."", ""Section I states 'No agency decisions' — no LobbyingPosition rows emitted."", ""Section II states 'No expenditures' — no LobbyingExpenditure rows emitted.""]"
20250528EUPA1411564	2025-01-01..2025-04-30	Governmental Policy Group, Inc	org-governmental-policy-group-inc	Matthew S Whitehead	person-matthew-s-whitehead	0.0	True	original		0	0	0	"[""This AER is an Executive Agency (not Legislative) filing — the form type is 'Agent Executive AER' covering executive agency lobbying activity (ORC §121.60 et seq.), not the legislative regime (ORC §§101.70–101.79). The extraction brief targets Legislative AERs; this filing may belong to a different form-type classification."", ""Reporting period label is 'Jan-Apr25'; start date inferred as 2025-01-01 and end date as 2025-04-30 based on the period name and the May 31 filing deadline cycle."", ""Section I discloses 'No agency decisions' — no LobbyingPosition rows emitted."", ""Section II discloses 'No expenditures' — no LobbyingExpenditure rows emitted.""]"
20250528EUPA1412044	2025-01-01..2025-04-30	Scientific Games, LLC	org-scientific-games-llc	Matthew S Whitehead	person-matthew-s-whitehead	0.0	True	original		0	0	0	"[""This AER is an Executive Agency form (not Legislative), covering executive agency lobbying activity for Jan-Apr 2025. The source header reads 'View Agent Executive AER' and Section I is titled 'Executive Agency Lobbying Activity', not a legislative bill/resolution list. The LobbyingFiling schema and extraction rules reference the legislative AER form; this executive AER variant has no direct schema mismatch beyond the form-type distinction, but the difference is noted for human review."", ""Reporting period labeled 'Jan-Apr25' on the form; interpreted as 2025-01-01 through 2025-04-30. No explicit start/end dates were provided."", ""Section I states 'No agency decisions' — no positions or engagements emitted."", ""Section II states 'No expenditures' — no expenditure rows emitted.""]"
20250528EUPA1412254	2025-01-01..2025-04-30	Ohio Association of County Behavioral Health Authorities	org-ohio-association-of-county-behavioral-health-authorities	Christina Shaynak-Diaz	person-christina-shaynak-diaz	0.0	True	original		38	0	0	"[""This is an Executive Agency AER (not a Legislative AER). The form header reads 'View Agent Executive AER' and Section I lists executive agency decisions (with Agency and Decision Description columns), not legislative bills. The LobbyingPosition schema has no dedicated field for executive agency name or administrative rule/decision number; agency names have been placed in the description field and the rule number for 'Prevention services' (5122-29-20) is noted in the description. No canonical bill references exist for most entries; only 'HB 96' (Biennial budget) was mappable to a BillReference."", ""Section I includes a Decision / Rule # column. The only populated rule number in the source is '5122-29-20' for 'Prevention services' under Mental Health & Addiction Services. The LobbyingPosition schema has no dedicated field for administrative rule numbers; the value has been appended to the description field."", ""Section I agency-decision rows cross-cut multiple state agencies for what appear to be the same underlying issues (e.g., 'ADAMH Board data' appears under both Governor and Medicaid). These have been emitted as separate LobbyingPosition records per row rather than deduplicated, preserving fidelity to the source."", ""The filing is labeled an Executive Agency AER (OLAC executive regime), not a Legislative AER. The filing_type 'activity_report' is used as the closest available schema value; there is no 'executive_agency_activity_report' type in the schema."", ""Reporting period 'Jan-Apr25' maps to 2025-01-01 through 2025-04-30 by convention; exact start/end dates are inferred from the OLAC period label, not explicitly stated in the source.""]"
20250528LUPA1409588	2025-01-01..2025-04-30	Ohio Police & Fire Pension Fund	org-ohio-police-fire-pension-fund	Matt Redfield	person-matt-redfield	0.0	True	original		2	0	0	"[""Reporting period label is 'Jan-Apr25'; mapped to 2025-01-01 through 2025-04-30 by convention for OH quarterly AER windows."", ""Section II shows 'No expenditures' — no expenditure rows emitted for any sub-section (II.A, II.B, II.C, II.D)."", ""Bill titles in source carry a disclaimer that they are 'for informational purposes only and not intended to be an official or exclusive designation'; titles captured as-is from the form.""]"
20250529EUPA1411714	2025-01-01..2025-04-30	Coinbase, Inc.	org-coinbase-inc	Brian K Hicks	person-brian-k-hicks	0.0	True	original		0	0	0	"[""This AER is an Executive Agency filing (OLAC 'View Agent Executive AER'), not a Legislative AER. The form covers executive agency lobbying activity (ORC §121.60 et seq.) rather than legislative lobbying (ORC §§101.70-101.79). The schema and extraction rules supplied are oriented toward legislative filings; this distinction is noted for human review."", ""Section I discloses 'No agency decisions' — no LobbyingPosition rows emitted."", ""Section II discloses 'No expenditures' — no LobbyingExpenditure rows emitted."", ""Reporting period label is 'Jan-Apr25'; interpreted as 2025-01-01 through 2025-04-30 per the OLAC executive AER Jan–Apr window (deadline May 31).""]"
20250529LUPA1407808	2025-01-01..2025-04-30	Ohio Wholesale Marketers Association	org-ohio-wholesale-marketers-association	RJ Mancini	person-rj-mancini	0.0	True	original		3	0	0	"[""Reporting period labeled 'Jan-Apr25' on the form; interpreted as 2025-01-01 to 2025-04-30 (OH Jan–Apr tri-annual window). Exact start/end dates not explicitly stated."", ""Section II states 'No expenditures' globally without itemizing sub-sections (II.A, II.B, II.C, II.D); no expenditure rows emitted.""]"
20250529LUPA1412008	2025-01-01..2025-04-30	The Springer School & Center	org-the-springer-school-center	Brian K Hicks	person-brian-k-hicks	0.6	True	original		1	0	1	"['Section II.D splits into three sub-amounts: Meals Under $50 ($0.60), Speaking Engagements ($0.00), National Conference Meals ($0.00). Schema supports only one entertainment row for Section D aggregate; sub-breakdown lost.', ""Reporting period label is 'Jan-Apr25'. OH AER Jan–Apr period interpreted as 2025-01-01 to 2025-04-30; exact start/end day boundaries not stated on form."", 'Sections II.A (Gifts), II.B (Itemized Meals & Beverages), and II.C (Dinner/Party/Function) all appear empty with no rows; no expenditure records emitted for those sections.']"
20250529LUPA1413012	2025-01-01..2025-04-30	Dimension Renewable Energy	org-dimension-renewable-energy	Joseph R Stevens	person-joseph-r-stevens	168.4	True	original		3	0	1	"['Section II.D splits into three sub-categories: Meals Under $50 ($168.40), Speaking Engagements ($0.00), and National Conference Meals ($0.00). Schema supports only one entertainment row for the Section D aggregate; the sub-breakdown is lost. Only one LobbyingExpenditure row emitted for the $168.40 total.', ""Reporting period label is 'Jan-Apr25'; interpreted as 2025-01-01 through 2025-04-30, consistent with the Ohio legislative AER Jan-Apr window (May 31 deadline).""]"
20250529LUPA1413672	2025-01-01..2025-04-30	General Electric Company	org-general-electric-company	Pete Giambastiani	person-pete-giambastiani	0.0	True	original		1	0	0	"[""Reporting period label is 'Jan-Apr25'; mapped to 2025-01-01 / 2025-04-30 as the standard Jan–Apr window. Ohio AER reporting periods typically run Jan 1 – Apr 30 for the May 31 deadline, but exact end date is not explicitly stated in the source.""]"
20250529LUPA1413992	2025-01-01..2025-04-30	University Hospitals Health System	org-university-hospitals-health-system	Jason Knox	person-jason-knox	0.0	True	original		4	0	0	"[""Reporting period label is 'Jan-Apr25'; mapped to 2025-01-01 through 2025-04-30 (standard OH Jan–Apr window). Verify exact end date if OLAC uses a different convention."", ""Section II shows 'No expenditures' — all expenditure sub-sections (A, B, C, D) treated as empty; no expenditure rows emitted.""]"
20250529LUPA1415138	2025-01-01..2025-04-30	Accenture LLP	org-accenture-llp	Michael Hall	person-michael-hall	0.0	True	original		0	0	0	"[""Reporting period label is 'Jan-Apr25'; OH AER periods typically run Jan–Apr. Start date inferred as 2025-01-01 and end date as 2025-04-30 based on period label and the May 31 filing deadline."", ""Section I: 'No Activity Reported' — no LobbyingPosition rows emitted."", ""Section II: 'No expenditures' — no LobbyingExpenditure rows emitted for any sub-section (II.A, II.B, II.C, II.D).""]"
20250530EUPA1410404	2025-01-01..2025-04-30	SAS Institute Inc.	org-sas-institute-inc	Missi Poynter	person-missi-poynter	0.0	True	original		0	0	0	"[""This is an Executive Agency AER (not a Legislative AER). The filing covers executive agency lobbying activity under a different OH regime. The schema's LobbyingEngagement entity was used to capture the agency/decision row from Section I (agency: 'Education and Workforce', description: 'Value Added Discussion on 2/27/25'), but no Decision/Rule # was provided. The schema has no dedicated field for executive agency decision/rule numbers; this information would need a schema extension."", ""The reporting period label is 'Jan-Apr25', mapped to 2025-01-01 through 2025-04-30. Ohio executive AER windows differ from the legislative tri-annual windows; exact start/end dates are inferred from the period label.""]"
20250530EUPA1415638	2025-01-01..2025-04-30	Ohio Alliance for Public Telecommunications Inc	org-ohio-alliance-for-public-telecommunications-inc	Jason A Paduchik	person-jason-a-paduchik	0.0	True	original		0	0	0	"[""This AER is an Executive Agency form (OLAC 'Agent Executive AER'), not a Legislative Agent AER. Section I covers executive agency decisions (not bills/resolutions); no agency decisions were disclosed. Section II shows no expenditures. The schema filing_type 'activity_report' is used as the closest fit, but the executive vs. legislative distinction is not captured in the schema."", ""Reporting period label is 'Jan-Apr25'; interpreted as 2025-01-01 to 2025-04-30. Ohio executive AER periods do not map exactly to the standard legislative quarterly windows; exact start/end dates are inferred from the label.""]"
20250530EUPA1417024	2025-01-01..2025-04-30	Self Storage Association	org-self-storage-association	Robert F Klaffky	person-robert-f-klaffky	0.0	True	original		0	0	0	"[""This is an Executive Agency AER (not a Legislative AER). The form header reads 'View Agent Executive AER' and Section I covers 'Executive Agency Lobbying Activity', not legislative bill activity. The filing regime noted in the extraction brief is ORC §§101.70-101.79 (legislative), but this document appears to be an executive-agency lobbying report. Schema does not have a distinct filing_type for executive-agency AERs; filed as 'activity_report'."", ""Reporting period label is 'Jan-Apr25'. No explicit start/end dates given; inferred as 2025-01-01 to 2025-04-30 based on the period label."", ""Section I: 'No agency decisions' — no LobbyingPosition rows emitted."", ""Section II: 'No expenditures' — no LobbyingExpenditure rows emitted.""]"
20250530EUPA1418172	2025-01-01..2025-04-30	Every Child Succeeds	org-every-child-succeeds	James T Benedict	person-james-t-benedict	0.0	True	original		0	0	0	"[""This is an Executive Agency AER (not a Legislative AER). The filing discloses executive agency lobbying activity rather than legislative bill/resolution activity. Section I lists agency decisions (Children and Youth: 'Activities related to home visiting and operating budget'; Governor: 'Activities related to operating budget') with associated Decision/Rule numbers, but no bill or resolution numbers are provided. The schema's LobbyingPosition is designed for bill references; these agency-decision entries have no bill_reference to populate and no schema slot for agency name, decision description, or decision/rule number. These three fields are not representable in the current schema and are lost."", ""Reporting period label is 'Jan-Apr25'. Mapped to 2025-01-01 through 2025-04-30 by inference from the OLAC quarterly window convention; exact start/end dates not explicitly stated in source."", 'No Decision/Rule # values were provided in the source for either agency decision row.']"
20250530EUPA1418590	2025-01-01..2025-04-30	Montgomery Community Improvement Corporation	org-montgomery-community-improvement-corporation	Dan Pozniak	person-dan-pozniak	0.0	True	original		0	0	0	"[""This AER is an Executive Agency form (not a Legislative Agent AER). The form title is 'View Agent Executive AER' and Section I covers 'Executive Agency Lobbying Activity' (agency decisions), not legislative bills/resolutions. The schema filing_type 'activity_report' is used as the closest fit, but there is no schema distinction between executive-agency and legislative AERs."", ""Section I discloses 'No agency decisions' — no LobbyingPosition or LobbyingEngagement rows emitted."", ""Section II discloses 'No expenditures' — no LobbyingExpenditure rows emitted."", ""Reporting period label 'Jan-Apr25' maps to 2025-01-01 through 2025-04-30 by convention; exact start/end dates not explicitly stated in source.""]"
20250530EUPA1419016	2025-01-01..2025-04-30	Warren County Port Authority	org-warren-county-port-authority	Matthew Davis	person-matthew-davis	0.0	True	original		6	0	0	"['This is an Executive Agency AER (not a Legislative AER). Section I lists agency decisions (with Agency, Decision Description, and Decision/Rule # columns) rather than bills/resolutions. The LobbyingPosition schema has no dedicated fields for agency name, decision description, or decision/rule number; agency name was mapped to general_issue_area and decision description to description as the closest available fit. Decision/Rule # column appeared blank for all rows — no data lost.', 'The LobbyingFiling.positions schema is designed for legislative bill references; its use here for executive agency decisions is an imperfect mapping flagged for human review.', ""Reporting period label 'Jan-Apr25' was interpreted as 2025-01-01 through 2025-04-30 based on the OLAC executive AER Jan–Apr window convention.""]"
20250530LUPA1417306	2025-01-01..2025-04-30	Van Meter Ashbrook and Associates	org-van-meter-ashbrook-and-associates	Jordan Garcea	person-jordan-garcea	0.0	True	original		0	0	0	"[""Reporting period label 'Jan-Apr25' spans January–April 2025. Ohio's standard tri-annual windows end on Jan 31, May 31, and Sep 30; a Jan–Apr window does not align with a standard period. reporting_period_start set to 2025-01-01 and reporting_period_end set to 2025-04-30 based on the literal label, but this may warrant human review.""]"
20250530LUPA1417388	2025-01-01..2025-04-30	Heinzerling Foundation	org-heinzerling-foundation	Madison Whalen	person-madison-whalen	0.0	True	original		1	0	0	"[""Reporting period 'Jan-Apr25' maps to 2025-01-01 through 2025-04-30; Ohio Jan-Apr window inferred from standard OLAC quarterly-tri-annual schedule (deadline May 31). Exact end date confirmed as April 30."", 'HB 96 session inferred as Ohio 136th General Assembly based on filing date of 2025-05-30; not explicitly stated in source.', ""Section II states 'No expenditures' globally — no expenditure rows emitted for any sub-section (II.A, II.B, II.C, II.D).""]"
20250530LUPA1417626	2025-01-01..2025-04-30	Future Ready 5	org-future-ready-5	Stephen Nielson	person-stephen-nielson	0.0	True	original		1	0	0	"[""Reporting period label 'Jan-Apr25' does not map to a standard OH quarterly window (which ends Jan 31 / May 31 / Sep 30). Period interpreted as January 1 – April 30, 2025; confirm against OLAC official period definitions."", ""Section II shows 'No expenditures' — no expenditure rows emitted for any sub-section (II.A Gifts, II.B Itemized Meals, II.C Dinner/Party/Function, II.D Aggregates).""]"
20250530LUPA1419738	2025-01-01..2025-04-30	Securities Industry and Financial Markets Association	org-securities-industry-and-financial-markets-association	Stephen E Tugend	person-stephen-e-tugend	0.0	True	original		0	0	0	[]
20250531EUPA1420122	2025-01-01..2025-04-30	Orange City School District	org-orange-city-school-district	Desmond Bryant	person-desmond-bryant	0.0	True	original		0	0	0	"[""This AER is an Executive Agency form (not a Legislative Agent AER). Section I covers 'Executive Agency Lobbying Activity' (agency decisions), not legislative bills/resolutions. No agency decisions were disclosed. The schema's LobbyingPosition is designed for bills; executive agency decisions have no schema slot — none were reported so no data was lost, but the form type distinction is flagged for human review."", ""Reporting period label is 'Jan-Apr25'; mapped to 2025-01-01 / 2025-04-30 by convention. OH executive AER Jan-Apr window inferred; confirm exact end date if needed.""]"
20250601LUPA1420628	2025-01-01..2025-04-30	Medical Mutual	org-medical-mutual	Sarah Totedo	person-sarah-totedo	0.0	True	original		5	0	0	"[""Reporting period label is 'Jan-Apr25'; interpreted as 2025-01-01 to 2025-04-30 (standard OH Jan–Apr window). Exact end date not explicitly stated."", ""Section II states 'No expenditures'; no expenditure rows emitted for any sub-section (II.A, II.B, II.C, II.D)."", ""Footer shows '©2026' which may indicate a page template year, not the filing year; filing year inferred as 2025 from the confirmation number and filed date.""]"
20250602EUPA1421070	2025-01-01..2025-04-30	Delaware North Companies, Inc	org-delaware-north-companies-inc	Michael G Caputo	person-michael-g-caputo	0.0	True	original		0	0	0	"['This AER is an Executive Agency filing (not a Legislative AER). The form covers executive agency lobbying activity (ORC §121.60 et seq.) rather than legislative lobbying (ORC §§101.70-101.79). The regime distinction is noted but no schema field exists to explicitly flag executive vs. legislative lobbying.', ""Reporting period label is 'Jan-Apr25'. Ohio executive AERs use a Jan–Apr window; reporting_period_start mapped to 2025-01-01 and reporting_period_end mapped to 2025-04-30 by inference from period label — exact boundary dates are not stated in the source."", ""Section I discloses 'No agency decisions' — no LobbyingEngagement or LobbyingPosition rows emitted."", ""Section II discloses 'No expenditures' — no LobbyingExpenditure rows emitted.""]"
20250602EUPA1422018	2025-01-01..2025-04-30	Centrus Energy	org-centrus-energy	Thomas F Needles	person-thomas-f-needles	0.0	True	original		0	0	0	"[""This is an Executive Agency AER (not a Legislative AER). The source form is titled 'View Agent Executive AER' and covers executive agency lobbying (ORC §121.60 et seq.), not legislative lobbying (ORC §§101.70-101.79). The extraction brief references legislative AERs; this filing is a different regime."", ""Reporting period label is 'Jan-Apr25'. Ohio executive AERs use a Jan–Apr window. Dates mapped to 2025-01-01 through 2025-04-30 by convention; exact start/end day boundaries are not stated on the form."", ""Section I: 'No agency decisions' — no LobbyingPosition rows emitted."", ""Section II: 'No expenditures' — no LobbyingExpenditure rows emitted.""]"
20250602EUPA1423324	2025-01-01..2025-04-30	City of Cincinnati	org-city-of-cincinnati	Charles H Gerhardt, III	person-charles-h-gerhardt-iii	0.0	True	original		1	0	0	"['This is an Executive Agency AER (not a legislative AER). The lobbying activity in Section I references an agency decision at the Governor level (Operating Budget), not a bill or resolution. No bill_reference could be populated; the activity is captured in LobbyingPosition.description and general_issue_area only.', ""Section I includes an Agency column ('Governor') and a Decision/Rule # column (blank in source). The Agency field has no direct schema slot on LobbyingPosition; it is noted here for human review."", ""The reporting period label is 'Jan-Apr25'. Ohio executive AERs cover January–April. Dates inferred as 2025-01-01 to 2025-04-30."", ""Section II states 'No expenditures'; no LobbyingExpenditure rows emitted.""]"
20250602LUPA1421736	2025-01-01..2025-04-30	Columbus Association for the Performing Arts	org-columbus-association-for-the-performing-arts	Tim Biggam	person-tim-biggam	0.0	True	original		1	0	0	"[""Reporting period label is 'Jan-Apr25'; interpreted as 2025-01-01 to 2025-04-30. Ohio's Jan-Apr window does not align with a standard quarterly deadline (May 31); exact end date may be April 30.""]"
20250602LUPA1423176	2025-01-01..2025-04-30	Ohio Bankers League	org-ohio-bankers-league	Anthony Lagunzad	person-anthony-lagunzad	0.0	True	original		88	0	0	"[""SB 1 title in source reads 'Enact Advance Ohio Higher Education Actv' — trailing 'v' appears to be a typo; extracted as 'Enact Advance Ohio Higher Education Act'."", ""Section II states 'No expenditures' — no expenditure rows emitted for any sub-section (II.A, II.B, II.C, II.D)."", ""Reporting period label 'Jan-Apr25' does not align to a standard OH quarterly window (Jan–Apr is not one of the three standard windows ending May 31/Sep 30/Jan 31). Dates mapped to 2025-01-01–2025-04-30 as the closest literal interpretation; human review recommended.""]"
20250602LUPA1423466	2025-01-01..2025-04-30	Mid-Ohio Regional Planning Commission (MORPC)	org-mid-ohio-regional-planning-commission-morpc	William Murdock	person-william-murdock	0.0	True	original		4	0	0	"[""Section II reporting period label is 'Jan-Apr25'; mapped to 2025-01-01 – 2025-04-30 by convention for Ohio's Jan–Apr reporting window. Exact boundary dates not stated on form."", ""Section II states 'No expenditures' globally — no expenditure rows emitted for Sections II.A, II.B, II.C, or II.D."", ""Bill/resolution titles are flagged on the form as 'for informational purposes only and not intended to be an official or exclusive designation'; preserved as description per extraction rules.""]"
20250602LUPA1423846	2025-01-01..2025-04-30	Progressive Treatment Solutions (PTS)	org-progressive-treatment-solutions-pts	Jennifer Lynch	person-jennifer-lynch	0.0	True	original		4	0	0	"[""Reporting period label is 'Jan-Apr25'; interpreted as 2025-01-01 to 2025-04-30. Ohio's Jan-Apr window is sometimes described as covering through April 30 before the May 31 deadline — confirm exact end date if needed."", ""Section II states 'No expenditures' globally — no expenditure rows emitted for any sub-section (II.A, II.B, II.C, II.D).""]"
20250603LUPA1424936	2025-01-01..2025-04-30	Coalition on Homelessness & Housing in Ohio	org-coalition-on-homelessness-housing-in-ohio	Amy Riegel	person-amy-riegel	0.0	True	original		5	0	0	"[""Section II header states 'No expenditures' — all expenditure sub-sections (II.A Gifts, II.B Itemized Meals & Beverages, II.C Dinner/Party/Function, II.D Non-itemized aggregates) are empty; no expenditure rows emitted."", ""Reporting period label is 'Jan-Apr25'; interpreted as 2025-01-01 through 2025-04-30. Ohio's standard Jan-Apr window end date is April 30; confirm if the actual cutoff differs."", ""Source footer shows copyright '©2026' which may indicate a system/template year rather than the filing year; flagged for awareness.""]"
20250611LUPA1425604	2025-01-01..2025-04-30	Greater Dayton Area Hospital Association	org-greater-dayton-area-hospital-association	Sarah Hackenbracht	person-sarah-hackenbracht	0.0	True	original		1	0	0	"[""Reporting period 'Jan-Apr25' is a non-standard quarterly window (January–April 2025). Mapped to 2025-01-01 / 2025-04-30; exact end date should be verified against the OH AER calendar (typical Jan filing covers Nov–Jan; this label suggests a Jan–Apr window)."", ""Bill session not stated in source; 'HB 96' assigned to the 136th Ohio General Assembly by inference from the 2025 filing date — verify if incorrect."", ""Section II states 'No expenditures'; no expenditure rows emitted for any sub-section.""]"
20250903EUPA1427246	2025-05-01..2025-08-31	Microsoft Corporation	org-microsoft-corporation	Willa J Ebersole	person-willa-j-ebersole	0.0	True	original		1	0	0	"[""This is an Executive Agency AER (not a Legislative AER). Section I lists executive agency lobbying activity (agency name: 'Administrative Services'; decision description: 'contracting policy issue related to service offerings'; Decision/Rule #: not provided). The LobbyingFiling schema uses LobbyingPosition for bill/resolution references, but this filing references an agency decision rather than legislation. The agency decision has been placed in a LobbyingPosition with general_issue_area='Administrative Services' and description set to the decision text, as no more fitting schema slot exists. Decision/Rule # field was blank in source."", ""The form is labeled 'View Agent Executive AER', indicating executive-branch lobbying under a different Ohio regime than the legislative AER (ORC §§101.70-101.79). The filing_type 'activity_report' is the closest available schema value but does not distinguish executive vs. legislative AER types."", ""Section II states 'No expenditures'; no expenditure rows emitted.""]"
20250903LUPA1426400	2025-05-01..2025-08-31	Ohio Police & Fire Pension Fund	org-ohio-police-fire-pension-fund	Mary Beth Foley	person-mary-beth-foley	0.0	True	original		6	0	0	"[""Section II shows 'No expenditures' — no expenditure rows emitted for any sub-section (II.A, II.B, II.C, II.D)."", ""Reporting period label is 'May-Aug25'; reporting_period_start set to 2025-05-01 and reporting_period_end set to 2025-08-31 by inference from the May–Aug quarterly window. Exact boundary dates are not explicitly stated in the source."", ""Footer references '©2026' which may indicate a site copyright year rather than a filing year; all filing dates interpreted as 2025 per the filed date (9/3/2025) and reporting period label.""]"
20250903LUPA1427604	2025-05-01..2025-08-31	Motion Picture Association of America	org-motion-picture-association-of-america	Stephen D Dimon, Jr	person-stephen-d-dimon-jr	0.0	True	original		2	0	0	"[""The bill title disclaimer ('ANY LEGISLATIVE TITLES APPEARING IN THE DISCLOSURE ABOVE ARE FOR INFORMATIONAL PURPOSES ONLY...') is a form boilerplate notice present in the source; no schema slot exists for it and it has been omitted."", ""Reporting period label is 'May-Aug25'; interpreted as 2025-05-01 through 2025-08-31 (the May–August quarterly window under the May 31/Sep 30/Jan 31 OH AER deadline cycle)."", ""Section II states 'No expenditures'; no expenditure rows emitted for any sub-section.""]"
20250903LUPA1427844	2025-05-01..2025-08-31	ARC Gaming & Technologies	org-arc-gaming-technologies	Nathan Aichele	person-nathan-aichele	20.0	True	original		4	0	1	['Section II.D breaks down into three sub-categories: Meals Under $50 ($20.00), Speaking Engagements ($0.00), and National Conference Meals ($0.00). The schema supports only one aggregate entertainment expenditure row for Section D; the sub-category breakdown is not representable and has been collapsed into a single $20.00 row.', 'Sections II.A (Gifts), II.B (Itemized Meals and Beverages), and II.C (Dinner/Party/Function) contain no rows and were treated as empty — no expenditure records emitted for those sections.']
20250904EUPA1428286	2025-05-01..2025-08-31	Kitchen of Life	org-kitchen-of-life	Patrick Schwartz	person-patrick-schwartz	0.0	True	original		0	0	0	"[""This is an Executive Agency AER (not a Legislative AER). The form heading reads 'View Agent Executive AER' and Section I covers 'Executive Agency Lobbying Activity' (agency decisions), not legislative bills/resolutions. The extraction rules reference the legislative form; this filing is the executive-branch variant."", ""Section I: 'No agency decisions' — no lobbying activity to record."", ""Section II: 'No expenditures' — all expenditure sections are empty; no expenditure rows emitted."", ""Reporting period label is 'May-Aug25'; reporting_period_start set to 2025-05-01 and reporting_period_end set to 2025-08-31 by inference from the period label and the executive AER May–Sep30 filing cycle.""]"
20250904LUPA1428260	2025-05-01..2025-08-31	HomeTown Ticketing	org-hometown-ticketing	Spencer Gross	person-spencer-gross	0.0	True	original		1	0	0	"[""Section II shows 'No expenditures' — no expenditure rows emitted for any sub-section (II.A Gifts, II.B Itemized Meals & Beverages, II.C Dinner/Party/Function, II.D Aggregate). Total expenditure set to 0."", ""Reporting period 'May-Aug25' interpreted as 2025-05-01 through 2025-08-31 (standard OH May–August quarterly window ending on the Sep 30 deadline cycle); exact start/end dates not explicitly stated in the source.""]"
20250905EUPA1428760	2025-05-01..2025-08-31	Sarepta Therapeutics Inc	org-sarepta-therapeutics-inc	Andrew Minton	person-andrew-minton	0.0	True	original		0	0	0	"[""This AER is an Executive Agency form (not a Legislative Agent form). The header reads 'View Agent Executive AER' and Section I is titled 'Executive Agency Lobbying Activity' (agency decisions, not bills). The LobbyingFiling schema does not have a distinct field for executive-agency vs. legislative regime; this distinction is noted here for human review."", ""Section I discloses 'No agency decisions' — no LobbyingPosition rows emitted."", ""Section II discloses 'No expenditures' — no LobbyingExpenditure rows emitted."", ""Reporting period label 'May-Aug25' interpreted as 2025-05-01 through 2025-08-31 (executive-agency May–Sep 30 window). Exact start/end day boundaries are inferred from the OH executive-agency reporting calendar, not stated verbatim in the source.""]"
20250908EUPA1429530	2025-05-01..2025-08-31	Tata America International Corporation	org-tata-america-international-corporation	Robert J. Kovey	person-robert-j-kovey	0.0	True	original		0	0	0	"['This is an Executive Agency AER (not a legislative AER). Section I discloses executive agency lobbying activity (Job & Family Services / user experience upgrades) rather than legislative bills/resolutions. The LobbyingEngagement entity was used to capture the agency and decision description, but no Decision/Rule # was provided in the source.', ""Reporting period label is 'May-Aug25'; interpreted as 2025-05-01 to 2025-08-31. No explicit start/end dates were given on the form."", ""Section II states 'No expenditures'; no LobbyingExpenditure rows emitted.""]"
20250908LUPA1429064	2025-05-01..2025-08-31	The Buckeye Ranch Foundation	org-the-buckeye-ranch-foundation	Stephen Nielson	person-stephen-nielson	0.0	True	original		2	0	0	"['Bill titles are flagged in the source as informational only and not an official or exclusive designation of the legislation.', ""Section II states 'No expenditures' — no expenditure rows emitted for any sub-section (A, B, C, or D)."", ""Footer displays '©2026' which may indicate the OLAC system copyright year; not mapped to any schema field.""]"
20250908LUPA1429410	2025-05-01..2025-08-31	National Wildlife Federation	org-national-wildlife-federation	Marc Smith	person-marc-smith	0.0	True	original		0	0	0	[]
20250908LUPA1429446	2025-05-01..2025-08-31	Eldora Speedway	org-eldora-speedway	Kathleen DeLand	person-kathleen-deland	0.0	True	original		0	0	0	[]
20250909EUPA1429882	2025-05-01..2025-08-31	Greater Cleveland Chapter, NECA	org-greater-cleveland-chapter-neca	Aaron M Ockerman	person-aaron-m-ockerman	0.97	True	original		1	0	1	"[""This is an Executive Agency AER (not a legislative AER). The form covers executive agency lobbying (ORC Chapter 121 regime), not the ORC §§101.70-101.79 legislative regime. The schema 'filing_type' is set to 'activity_report' as the closest fit, but the distinction between executive and legislative AER regimes is not representable in the schema."", ""Section I discloses an agency decision (Facilities Construction Commission – 'Conversations regarding prompt pay') rather than a bill/resolution. LobbyingPosition.bill_reference is left null; the description and general_issue_area fields are used to preserve the information, but no formal bill number or Decision/Rule # was provided."", 'Section II.C splits into three sub-amounts (Meals Under $50: $0.97; Speaking Engagements: $0.00; National Conference Meals: $0.00). Per extraction rules, one entertainment row is emitted for the non-zero total ($0.97); the three-way sub-breakdown is not representable in the schema.']"
20250909LUPA1430094	2025-05-01..2025-08-31	SJB Hotels LLC.	org-sjb-hotels-llc	Michael T Evans	person-michael-t-evans	0.0	True	original		0	0	0	[]
20250909LUPA1430446	2025-05-01..2025-08-31	Ohio Oil and Gas Association	org-ohio-oil-and-gas-association	Jeffrey T DeLeone	person-jeffrey-t-deleone	0.0	True	original		16	0	0	"[""Section II states 'No expenditures' — no expenditure rows emitted for Sections II.A, II.B, II.C, or II.D."", ""The OLAC page footer reads '©2026' which may reflect the site's copyright year rather than the filing year; the filing date of 2025-09-09 and reporting period May-Aug25 are used as authoritative."", ""Reporting period label is 'May-Aug25'; reporting_period_start set to 2025-05-01 and reporting_period_end set to 2025-08-31 by inference from the OH quarterly-tri-annual cycle (May 31 deadline covers May–Aug window).""]"
20250916EUPA1433322	2025-05-01..2025-08-31	National Inventors Hall of Fame	org-national-inventors-hall-of-fame	Kevin Shimp	person-kevin-shimp	0.0	True	original		0	0	0	"[""This AER is an Executive Agency form (OLAC 'Agent Executive AER'), not a Legislative Agent AER. Section I covers executive agency decisions (not bills/resolutions) and was reported as 'No agency decisions'. The LobbyingFiling schema has no dedicated slot for executive agency decisions; no LobbyingPosition rows were emitted."", ""The reporting period label is 'May-Aug25', interpreted as 2025-05-01 through 2025-08-31 (the May–August executive-agency window). Exact start/end dates are inferred from the period label; not stated explicitly in the source.""]"
20250916EUPA1433534	2025-05-01..2025-08-31	g2o	org-g2o	William Vorys	person-william-vorys	0.0	True	original		0	0	0	"['This is an Executive Agency AER (executive-branch lobbying), not a Legislative Agent AER. The form covers executive agency lobbying activity (ORC §§121.60-121.69 regime), not the legislative regime (ORC §§101.70-101.79). The extraction brief targets legislative AERs; schema fields are structurally compatible but the regime distinction is noted for human review.', ""Section I discloses 'No agency decisions' — no LobbyingPosition rows emitted."", ""Section II discloses 'No expenditures' — no LobbyingExpenditure rows emitted.""]"
20250916EUPA1433628	2025-05-01..2025-08-31	Ohio Dental Association	org-ohio-dental-association	Christopher A Moore	person-christopher-a-moore	0.0	True	original		13	0	0	['This is an Executive Agency AER (not a Legislative AER). Section I discloses executive agency lobbying activity with Agency, Decision Description, and Decision/Rule # columns — not legislative bills/resolutions. The LobbyingPosition schema has no dedicated fields for agency name or rule/decision number; agency name is stored in general_issue_area and decision description in description as the closest fit. Decision/Rule # column was blank for all rows so no data was lost.', 'The LobbyingPosition.bill_reference field is null for all entries because Section I references executive agency decisions/rules, not legislative bills or resolutions. No bill numbers were present in the source.']
20250916LUPA1433900	2025-05-01..2025-08-31	New Leaf Organization	org-new-leaf-organization	Terrence O'Donnell	person-terrence-o-donnell	0.0	True	original		1	0	0	"[""Reporting period 'May-Aug25' specifies May–August 2025; reporting_period_start set to 2025-05-01 and reporting_period_end set to 2025-08-31 by inference from OH quarterly-tri-annual cycle (May 31 deadline window covers May–Aug period)."", ""Section II states 'No expenditures' — no expenditure rows emitted for any sub-section (II.A, II.B, II.C, II.D)."", ""Bill title disclaimer present in source: 'ANY LEGISLATIVE TITLES APPEARING IN THE DISCLOSURE ABOVE ARE FOR INFORMATIONAL PURPOSES ONLY AND NOT INTENDED TO BE AN OFFICIAL OR EXCLUSIVE DESIGNATION OF ANY LEGISLATION CURRENTLY BEFORE OR ENACTED BY THE OHIO GENERAL ASSEMBLY.' — informational only, no schema slot.""]"
20250918EUPA1434836	2025-05-01..2025-08-31	Ohio Council of YWCAs	org-ohio-council-of-ywcas	Dave Salisbury	person-dave-salisbury	0.0	True	original		0	0	0	"[""This AER is an Executive Agency form (View Agent Executive AER), not a Legislative Agent AER. The regime is executive agency lobbying (not ORC §§101.70-101.79 legislative). Schema has no distinct field for executive vs. legislative regime; filing_type='activity_report' used for both."", ""Section I discloses 'No agency decisions' — no LobbyingPosition rows emitted."", ""Section II discloses 'No expenditures' — no LobbyingExpenditure rows emitted."", ""Reporting period label is 'May-Aug25'; reporting_period_start set to 2025-05-01 and reporting_period_end set to 2025-08-31 by inference from the period label. Exact day boundaries not stated in source.""]"
20250918EUPA1436088	2025-05-01..2025-08-31	Walgreen Co	org-walgreen-co	Stephanie Gilligan	person-stephanie-gilligan	0.0	True	original		0	0	0	"[""This is an Executive Agency AER (not a Legislative AER). The filing covers executive agency lobbying activity, not legislative bill advocacy. The schema's LobbyingPosition entity is oriented toward bills/resolutions; no legislative positions were applicable here."", ""Section I reports 'No agency decisions' — no executive agency lobbying activity occurred this period; no positions emitted."", ""Section II reports 'No expenditures' — no expenditure rows emitted."", ""Reporting period label is 'May-Aug25'; reporting_period_start set to 2025-05-01 and reporting_period_end set to 2025-08-31 by inference from the period label and the OH executive AER May–Sep 30 cycle.""]"
20250918LUPA1435010	2025-05-01..2025-08-31	CNA	org-cna	Reese Gallagher	person-reese-gallagher	0.0	True	original		2	0	0	"[""Reporting period shown as 'May-Aug25'; mapped to 2025-05-01 through 2025-08-31 (OH May–Sep30 window). Exact start/end day not explicitly stated in source."", ""HB 105 and SB 10 share identical bill titles in the source ('Revise non-recourse litigation funding agreement regulations'); titles reproduced as filed — may reflect companion bills.""]"
20250919EUPA1436448	2025-05-01..2025-08-31	FCA US LLC	org-fca-us-llc	Vincent J Squillace, III	person-vincent-j-squillace-iii	0.0	True	original		0	0	0	"[""This AER is an Executive Agency form, not a Legislative Agent form. The source text is titled 'View Agent Executive AER' and Section I covers 'Executive Agency Lobbying Activity' (agency decisions), not legislative bills/resolutions. The extraction rules reference legislative AER sections, but the regime here is executive agency lobbying. No agency decisions were disclosed and no expenditures were reported."", ""Reporting period listed as 'May-Aug25'; start date inferred as 2025-05-01 and end date inferred as 2025-08-31. Exact day boundaries for Ohio executive AER May-Aug period are not explicitly stated in the source.""]"
20250919EUPA1436660	2025-05-01..2025-08-31	Copart, Inc.	org-copart-inc	McKenzie K Davis	person-mckenzie-k-davis	0.0	True	original		0	0	0	"[""This is an Executive Agency AER (not a Legislative AER). The source form is titled 'View Agent Executive AER' and Section I covers 'Executive Agency Lobbying Activity' (agency decisions), not legislative bills/resolutions. The schema and extraction rules are oriented toward legislative filings; no legislative positions apply here."", ""Section I discloses 'No agency decisions' — no lobbying activity to record."", ""Section II discloses 'No expenditures' — no expenditure rows emitted."", ""Reporting period label 'May-Aug25' interpreted as 2025-05-01 through 2025-08-31 (executive AER May–August window).""]"
20250919EUPA1437090	2025-05-01..2025-08-31	Cuyahoga Land Bank	org-cuyahoga-land-bank	Rebecca Simon	person-rebecca-simon	0.0	True	original		0	0	0	"['This is an Executive Agency AER (executive lobbying regime), not a Legislative Agent AER. The form covers executive agency lobbying activity (ORC Chapter 121 regime), not legislative lobbying (ORC §§101.70-101.79). The extraction brief references the legislative form; this source is the executive variant.', ""Section I discloses 'No agency decisions' — no LobbyingPosition rows emitted."", ""Section II discloses 'No expenditures' — no LobbyingExpenditure rows emitted."", ""Reporting period label is 'May-Aug25'; interpreted as 2025-05-01 through 2025-08-31 (the standard May–August executive AER window).""]"
20250919EUPA1437148	2025-05-01..2025-08-31	Anheuser-Busch Companies	org-anheuser-busch-companies	Scott Corbitt	person-scott-corbitt	0.0	True	original		0	0	0	"[""This AER is an Executive Agency form (not a Legislative AER). The filing covers executive agency lobbying activity (Section I: agency decisions; Section II: executive agency expenditures), not legislative bill/resolution activity. The source header reads 'View Agent Executive AER' and 'I. Executive Agency Lobbying Activity'. Schema is oriented toward legislative AERs; the executive-agency-specific framing (agency decisions vs. bills/resolutions) is noted here for human review."", ""Reporting period label is 'May-Aug25'; interpreted as 2025-05-01 through 2025-08-31 (the May–August quarterly window under the Sep 30 deadline cycle). Exact start/end dates are not explicitly stated in the source."", ""Section I discloses 'No agency decisions' — no lobbying positions emitted."", ""Section II discloses 'No expenditures' — no expenditure rows emitted.""]"
20250919LUPA1436864	2025-05-01..2025-08-31	Public Children Services Association of Ohio	org-public-children-services-association-of-ohio	McKenzie K Davis	person-mckenzie-k-davis	0.0	True	original		2	0	0	"[""Reporting period label is 'May-Aug25'; interpreted as 2025-05-01 through 2025-08-31 (the Ohio May–Sep30 quarterly window). The exact start/end day boundaries are not stated on the form."", ""Section II shows 'No expenditures' — no rows emitted for Sections II.A, II.B, II.C, or II.D.""]"
20250919LUPA1436990	2025-05-01..2025-08-31	SAS Institute Inc.	org-sas-institute-inc	Hartwell Marable	person-hartwell-marable	0.0	True	original		1	0	0	"[""Section II declares 'No expenditures' globally — no expenditure rows emitted for any sub-section (II.A Gifts, II.B Itemized Meals & Beverages, II.C Dinner/Party/Function, II.D aggregate). Total expenditure set to 0.""]"
20250920LUPA1437386	2025-05-01..2025-08-31	Denison University	org-denison-university	Brian Perera	person-brian-perera	0.0	True	original		1	0	0	"[""Reporting period label is 'May-Aug25'; interpreted as 2025-05-01 through 2025-08-31 (standard OH May–Aug quarterly window). Exact start/end dates not explicitly stated in source."", ""Section II shows 'No expenditures' — no expenditure rows emitted for any sub-section (II.A, II.B, II.C, II.D)."", ""Ohio General Assembly session not explicitly stated in source; '136th' inferred from 2025 filing date and is approximate — verify against official session records."", ""Footer '©2026' appears on a filing dated 9/20/2025; likely a static copyright year on the OLAC template, not substantively meaningful — noted for completeness.""]"
20250922EUPA1438366	2025-05-01..2025-08-31	Ohio Land Bank Association	org-ohio-land-bank-association	Brittany Warner	person-brittany-warner	0.0	True	original		0	0	0	"['This is an Executive Agency AER (not a Legislative AER). The form discloses executive agency lobbying activity (agency decisions/rules) rather than legislative bills. The LobbyingFiling schema does not have a dedicated field for executive agency decisions or rule numbers; these were mapped to LobbyingEngagement.institution and LobbyingEngagement.topics as the closest fit. Decision/Rule # values were not provided in the source.', ""Reporting period label 'May-Aug25' interpreted as May 1 – August 31, 2025 (consistent with the executive AER May–Sep 30 reporting window). Exact start/end day boundaries are inferred."", ""Section I lists two agency engagement rows: (1) Development — 'Demolition, Brownfield Remediation, Welcome Home Program, operating budget'; (2) Governor — 'Demolition, Brownfield Remediation, Welcome Home, operating budget'. No Decision/Rule # values were provided."", ""Section II states 'No expenditures'; no expenditure rows emitted.""]"
20250922EUPA1439174	2025-05-01..2025-08-31	Taft Museum of Art	org-taft-museum-of-art	Elizabeth Hildebrandt	person-elizabeth-hildebrandt	0.0	True	original		0	0	0	"['This is an Executive Agency AER (not a Legislative AER). The source form covers executive agency lobbying activity under the executive regime. The extraction schema is the same LobbyingFiling model but the lobbying regime differs from the legislative AER described in the extraction brief.', ""Section I reports 'No agency decisions' — no LobbyingPosition rows emitted."", ""Section II reports 'No expenditures' — no LobbyingExpenditure rows emitted.""]"
20250922LUPA1438288	2025-05-01..2025-08-31	Western Reserve Area Agency on Aging	org-western-reserve-area-agency-on-aging	Dora Pruce	person-dora-pruce	0.0	True	original		0	0	0	[]
20250922LUPA1438580	2025-05-01..2025-08-31	Sports Betting Alliance	org-sports-betting-alliance	Thomas P Pappas	person-thomas-p-pappas	0.0	True	original		3	0	0	"[""Section II states 'No expenditures' — no expenditure rows emitted for any sub-section (II.A Gifts, II.B Itemized Meals & Beverages, II.C Dinner/Party/Function, II.D Aggregate).""]"
20250922LUPA1438748	2025-05-01..2025-08-31	The Ohio Academy of Science	org-the-ohio-academy-of-science	Jillian Hanes	person-jillian-hanes	0.0	True	original		1	0	0	"[""Reporting period label is 'May-Aug25'; interpreted as 2025-05-01 through 2025-08-31 (Ohio May-Aug quarterly window). Exact start/end dates not explicitly stated in the source."", ""Ohio General Assembly session for HB 96 not explicitly stated in the source; '136' (136th OGA) inferred from the 2025-2026 FY context but is not confirmed in the filing text."", ""Section II states 'No expenditures' globally — no expenditure rows emitted for any sub-section (II.A, II.B, II.C, II.D).""]"
20250922LUPA1439006	2025-05-01..2025-08-31	American College of Obstetricians & Gynecologists	org-american-college-of-obstetricians-gynecologists	Kyle Miller	person-kyle-miller	0.0	True	original		7	0	0	"[""SCR 5 is a Senate Concurrent Resolution; mapped reference_type to 'resolution' as no dedicated 'concurrent_resolution' enum value exists in BillReference.reference_type."", ""Reporting period 'May-Aug25' interpreted as 2025-05-01 through 2025-08-31 (standard OH May–Aug quarterly window ending Aug 31). No explicit start/end dates provided in source."", ""Section II states 'No expenditures' — no expenditure rows emitted for any sub-section (A, B, C, or D).""]"
20250923EUPA1439928	2025-05-01..2025-08-31	International Union of Operating Engineers Local 18	org-international-union-of-operating-engineers-local-18	Brent McCarty	person-brent-mccarty	0.0	True	original		0	0	0	"[""This is an Executive Agency AER (not a Legislative AER). Section I covers 'Executive Agency Lobbying Activity' (agency decisions), not legislative bills/resolutions. No agency decisions were disclosed, so no LobbyingPosition records were emitted. The schema's LobbyingPosition is bill-centric and does not have a dedicated slot for executive agency decisions."", ""Reporting period listed as 'May-Aug25'; interpreted as 2025-05-01 to 2025-08-31. Exact start/end day boundaries for OH executive AER May-Aug window inferred from standard quarterly period conventions."", ""Section II states 'No expenditures'; no LobbyingExpenditure rows emitted.""]"
20250923LUPA1440120	2025-05-01..2025-08-31	Indiana & Ohio Railway Company	org-indiana-ohio-railway-company	Joseph Price	person-joseph-price	0.0	True	original		1	0	0	"[""Section II states 'No expenditures' globally — no expenditure rows emitted for any sub-section (II.A gifts, II.B itemized meals, II.C dinner/party/function, II.D aggregate)."", ""Reporting period label 'May-Aug25' mapped to 2025-05-01 through 2025-08-31 per OH May–Sep30 quarterly window; exact start day not stated in source."", ""Copyright footer shows '©2026' which may indicate a system display year rather than the filing year; filed date 9/23/2025 used as authoritative.""]"
20250923LUPA1440484	2025-05-01..2025-08-31	ProMedica Health System, Inc.	org-promedica-health-system-inc	Frederick R Frank	person-frederick-r-frank	0.0	True	original		1	0	0	"[""Reporting period label is 'May-Aug25'; start date inferred as 2025-05-01 and end date as 2025-08-31 based on the standard OH May–Aug quarterly window (deadline Sep 30).""]"
20250924EUPA1441806	2025-05-01..2025-08-31	Greater Cleveland Partnership	org-greater-cleveland-partnership	Josh Rubin	person-josh-rubin	0.0	True	original		3	0	0	"[""This is an Executive Agency AER (not a Legislative AER). Section I discloses executive agency lobbying activity (agency decisions/rules), not bills/resolutions. The three activity rows are mapped to LobbyingPosition using description and general_issue_area, but the schema's bill_reference field is left null as no bill numbers are present. Agency names (Development, Governor, Lieutenant Governor) and Decision/Rule # (blank) have no dedicated schema fields and are noted here: Development dept — 'Economic Development Projects, operating budget'; Governor — 'Economic Development Projects, workforce programming, operating budget'; Lieutenant Governor — 'Economic Development Projects, workforce programming, operating budget'. No Decision/Rule numbers were provided."", ""Section II expenditures are reported as 'No expenditures'; no expenditure rows emitted.""]"
20250924LUPA1441192	2025-05-01..2025-08-31	Delaware-Morrow Mental Health & Recovery Services Board	org-delaware-morrow-mental-health-recovery-services-board	Michala Stewart	person-michala-stewart	0.0	True	original		3	0	0	"[""Reporting period labeled 'May-Aug25' on form; interpreted as 2025-05-01 through 2025-08-31 (the May–August quarterly window under the Sep 30 deadline)."", 'Session year for bill references inferred as Ohio 136th General Assembly based on FY 2026-27 budget context and filing date; not explicitly stated in source.', ""Section II states 'No expenditures' globally — no expenditure rows emitted for any sub-section (II.A, II.B, II.C, II.D).""]"
20250924LUPA1441474	2025-05-01..2025-08-31	Ohio Cannabis Coalition (OHCANN)	org-ohio-cannabis-coalition-ohcann	Abigail Benjamin	person-abigail-benjamin	0.0	True	original		0	0	0	"[""Section I: 'No Activity Reported' — no bills or resolutions were disclosed; zero LobbyingPosition records emitted."", ""Section II: 'No expenditures' — all expenditure sections (A, B, C, D) are empty; zero LobbyingExpenditure records emitted."", ""Reporting period label 'May-Aug25' spans May–August 2025; reporting_period_start set to 2025-05-01 and reporting_period_end set to 2025-08-31 by inference from the OH May–Sep30 quarterly window. Exact day boundaries not stated in source.""]"
20250925EUPA1442464	2025-05-01..2025-08-31	Oncology Practice Alliance	org-oncology-practice-alliance	Sydney Sanders	person-sydney-sanders	0.0	True	original		0	0	0	"['This is an Executive Agency AER (not a Legislative AER). Section I discloses executive agency lobbying activity (agency decisions/rules), not bills/resolutions. The LobbyingFiling schema does not have a dedicated field for executive agency decisions with Decision/Rule numbers; these have been captured as LobbyingEngagement records (institution + topics) as the closest available fit. Decision/Rule # column was blank for both rows.', 'No Decision/Rule numbers were provided for either agency entry.', ""Section II shows 'No expenditures'; no LobbyingExpenditure rows emitted.""]"
20250925EUPA1442786	2025-05-01..2025-08-31	Delaware-Morrow Mental Health & Recovery Services Board	org-delaware-morrow-mental-health-recovery-services-board	Matt Carle	person-matt-carle	0.0	True	original		0	0	0	"['This is an Executive Agency AER (not a legislative AER). Section I discloses executive agency lobbying activity (Governor and Mental Health & Addiction Services — discussions regarding operating budget), not legislative bill/resolution advocacy. The LobbyingFiling schema has no dedicated field for executive agency decision contacts (agency name, decision description, decision/rule number); this information is not representable in LobbyingPosition (which is bill-oriented) and has been noted here rather than forced into an ill-fitting field.', ""Section I row 1: Agency='Governor', Decision Description='Discussions regarding operating budget', Decision/Rule #=(none stated)."", ""Section I row 2: Agency='Mental Health & Addiction Services', Decision Description='Discussions regarding operating budget', Decision/Rule #=(none stated)."", ""Reporting period label 'May-Aug25' interpreted as May 1 – August 31, 2025 (consistent with the executive AER May–Sep 30 filing window). Exact start/end dates not explicitly stated in source.""]"
20250925EUPA1443580	2025-05-01..2025-08-31	Centegix	org-centegix	Gary E Smith, Jr.	person-gary-e-smith-jr	0.0	True	original		2	0	0	"[""This AER is an Executive Agency (not Legislative) report. The filer lobbied executive agencies (Education and Workforce; Governor) on Alyssa's Law. The LobbyingFiling schema has no dedicated field distinguishing executive-agency regime from legislative regime; noted here for human review."", ""Section I discloses two agency/decision rows for Alyssa's Law: (1) Agency='Education and Workforce', Decision Description='Alyssa's Law'; (2) Agency='Governor', Decision Description='Alyssa's law'. The schema's LobbyingPosition has no fields for 'Agency' or 'Decision/Rule #' (both rows have no Rule # listed). These have been mapped to general_issue_area and description as best-fit approximations; the agency-decision structure is not fully representable."", ""Section II states 'No expenditures'; no LobbyingExpenditure rows emitted.""]"
20250925LUPA1441980	2025-05-01..2025-08-31	Coalition of Ohio Regional Districts	org-coalition-of-ohio-regional-districts	Sydney Sanders	person-sydney-sanders	0.0	True	original		13	0	0	"[""Section II states 'No expenditures' — no expenditure rows emitted for any of Sections II.A (Gifts), II.B (Itemized Meals & Beverages), II.C (Dinner/Party/Function), or II.D (Non-itemized aggregate).""]"
20250925LUPA1443296	2025-05-01..2025-08-31	Trulieve	org-trulieve	Greg May	person-greg-may	0.0	True	original		3	0	0	"[""Reporting period labeled 'May-Aug25'; interpreted as 2025-05-01 through 2025-08-31 (May–August quarter, Sep 30 deadline cycle)."", ""Section II shows 'No expenditures' — no expenditure rows emitted for any sub-section (II.A, II.B, II.C, II.D)."", ""Footer shows '©2026' which may indicate a form template year rather than the filing year; filing year inferred as 2025 from the confirmation number and filed date.""]"
20250926EUPA1444700	2025-05-01..2025-08-31	CBN Secure Technologies, Inc.	org-cbn-secure-technologies-inc	Melissa R Hoeffel	person-melissa-r-hoeffel	18.0	True	original		0	0	1	"[""This is an Executive Agency AER (not a Legislative AER). The form covers executive agency lobbying activity, not legislative bill advocacy. The schema's LobbyingPosition entity targets bills/resolutions; the executive agency decisions disclosed (Bureau of Motor Vehicles – 'Discussions regarding state IDs'; Public Safety – 'Discussions regarding state IDs') have no Decision/Rule # and are not legislative bills. They cannot be accurately represented as LobbyingPosition records and have been omitted from positions[]."", 'Section II.C sub-breakdown: Meals Under $50 = $18.00, Speaking Engagements = $0.00, National Conference Meals = $0.00. Schema has one entertainment row for the aggregate; sub-breakdown detail is lost per extraction rule 3.', ""The form sections label 'Total Aggregate (A + B + C)' as $18.00, which equals the Section C non-itemized total only; Sections A (Gifts) and B (Itemized Meals) were empty, so the aggregate is consistent.""]"
20250926EUPA1445368	2025-05-01..2025-08-31	Southern Ohio Medical Center	org-southern-ohio-medical-center	Mariah Field	person-mariah-field	0.0	True	original		0	0	0	"[""This is an Executive Agency AER (not a Legislative AER). Section I discloses agency decisions (Governor/Operating budget; Medicaid, Department of/Operating budget) rather than bills/resolutions. The LobbyingEngagement entity was used to capture agency + topic, but no Decision/Rule # was provided for either row, and the schema has no dedicated 'agency decision' sub-entity."", ""Section I columns include 'Decision / Rule #' which is blank for all rows; no schema field exists for executive agency decision/rule numbers — information noted but not captured."", ""Section II shows 'No expenditures'; no LobbyingExpenditure rows emitted.""]"
20250926EUPA1445558	2025-05-01..2025-08-31	Columbus Zoo & Aquarium	org-columbus-zoo-aquarium	Andrew W Herf	person-andrew-w-herf	0.0	True	original		0	0	0	"[""This AER is an Executive Agency report (not a Legislative AER). The form covers 'Executive Agency Lobbying Activity' and 'Executive Agency Lobbying Expenditure Statement', governed by executive branch lobbying rules, not ORC §§101.70-101.79. Section I states 'No agency decisions'; Section II states 'No expenditures'. No positions or expenditures to emit."", ""Reporting period label 'May-Aug25' interpreted as 2025-05-01 through 2025-08-31 (executive branch May–Sep30 window); exact end date may differ from legislative calendar.""]"
20250926EUPA1446186	2025-05-01..2025-08-31	Jefferson-Belmont Regional Solid Waste Authority	org-jefferson-belmont-regional-solid-waste-authority	Michael Guastella	person-michael-guastella	0.0	True	original		3	0	0	"['This is an Executive Agency AER (not a legislative AER): Section I lists agency decisions lobbied (Agriculture, Environmental Protection Agency, Governor) rather than legislative bills. The schema has no dedicated field for executive agency / decision targets; these have been mapped to LobbyingPosition with description noting the agency, but sub-fields (Agency, Decision Description, Decision/Rule #) cannot be fully represented.', ""SB 147 appears three times in Section I — once per agency (Agriculture, Environmental Protection Agency, Governor). Three separate LobbyingPosition rows were emitted to preserve the agency-level detail, but the schema does not have a native 'agency' field on LobbyingPosition, so agency names are encoded in the description field."", ""The form header says 'View Agent Executive AER', indicating this is an executive-agency lobbying report governed by a different ORC regime than the legislative AER described in the extraction brief. Regime mismatch noted for human review.""]"
20250926LUPA1444096	2025-05-01..2025-08-31	CareStar	org-carestar	Robert F Klaffky	person-robert-f-klaffky	0.0	True	original		0	0	0	[]
20250926LUPA1444202	2025-05-01..2025-08-31	DuPont De Nemours Inc.	org-dupont-de-nemours-inc	Ben Kaiser	person-ben-kaiser	0.0	True	original		0	0	0	[]
20250926LUPA1445228	2025-05-01..2025-08-31	Woolpert Inc	org-woolpert-inc	Pamela Siekman	person-pamela-siekman	0.0	True	original		0	0	0	[]
20250926LUPA1445826	2025-05-01..2025-08-31	Coalition for Community Solar Access	org-coalition-for-community-solar-access	Mara White	person-mara-white	0.0	True	original		4	0	0	"[""Session number inferred as '136' for the Ohio General Assembly based on the 2025 filing date; not explicitly stated in source."", ""Reporting period label 'May-Aug25' interpreted as 2025-05-01 through 2025-08-31 per OH quarterly-tri-annual AER convention (May 31 deadline window); exact start/end dates not explicitly stated in source."", ""Section II shows 'No expenditures' — no expenditure rows emitted for any sub-section (II.A, II.B, II.C, II.D).""]"
20250926LUPA1446360	2025-05-01..2025-08-31	Department of Development	org-department-of-development	Matt McClellan	person-matt-mcclellan	0.0	True	original		1	0	0	"[""Section I lists 'CB 7/21/2025' — the identifier 'CB' is not a standard Ohio bill type prefix (expected HB, SB, HJR, SJR, etc.). '7/21/2025' appears to be a date rather than a bill number. The bill_reference is preserved verbatim from the source but could not be parsed into a conventional chamber/bill_number structure. Human review recommended."", ""Section II shows 'No expenditures' — no expenditure rows emitted for any sub-section (II.A, II.B, II.C, II.D).""]"
20250928EUPA1447620	2025-05-01..2025-08-31	Infiltrator Water Technologies	org-infiltrator-water-technologies	Nathanael Jonhenry	person-nathanael-jonhenry	0.0	True	original		7	0	0	"[""This is an Executive Agency AER (not a Legislative AER). The form header reads 'View Agent Executive AER' and Section I discloses executive agency lobbying activity (Development, Governor, Health, Lieutenant Governor) with Ohio Administrative Code rule numbers, not legislative bills. The LobbyingFiling schema and extraction rules reference legislative filings; this regime difference is flagged for human review."", ""Section I rows include an Agency column and a Decision/Rule# column. The schema's LobbyingPosition has no dedicated 'agency' or 'decision number' field. Agency names have been embedded in the general_issue_area string and Decision/Rule# values placed in bill_reference (typed as 'regulation') as the closest available fit; fidelity loss is possible."", ""The 'Health – Onsite wastewater systems and regulatory issues' entry appears once in the source with no rule number, alongside three separate Health rows that do carry rule numbers (3701-29-13, 3701-29-22, 3701-29-15). These have been recorded as four distinct LobbyingPosition entries reflecting the source layout."", ""Reporting period label is 'May-Aug25'; interpreted as 2025-05-01 through 2025-08-31. Ohio executive-agent AERs covering May–August are due September 30, consistent with the filed date of 2025-09-28.""]"
20250929EUPA1440858	2025-05-01..2025-08-31	City of Brook Park	org-city-of-brook-park	Christopher N Slagle	person-christopher-n-slagle	0.0	True	original		0	0	0	"[""This AER is an Executive Agency form (OLAC 'View Agent Executive AER'), not a Legislative Agent AER. The filing covers executive agency lobbying activity and expenditures (ORC executive regime), not the legislative regime (ORC §§101.70-101.79). The extraction brief assumed a legislative form; schema fit is approximate."", ""Section I discloses 'No agency decisions' — no lobbying activity positions to record."", ""Section II discloses 'No expenditures' — no expenditure rows emitted."", ""Reporting period label is 'May-Aug25'; mapped to 2025-05-01 through 2025-08-31 by inference. Exact start/end dates not explicitly stated on the form.""]"
20250929EUPA1448292	2025-05-01..2025-08-31	Ohio Farmers Insurance Company/dba Westfield Group	org-ohio-farmers-insurance-company-dba-westfield-group	Timothy J Cosgrove	person-timothy-j-cosgrove	0.0	True	original		0	0	0	"[""This AER is an Executive Agency form (not a Legislative Agent AER). The lobbying activity section is titled 'I. Executive Agency Lobbying Activity' and covers agency decisions, not legislative bills/resolutions. No legislative positions were extracted."", ""Section I discloses 'No agency decisions' — no lobbying engagements or positions to emit."", ""Section II discloses 'No expenditures' — no expenditure rows emitted."", ""Reporting period label is 'May-Aug25'; interpreted as 2025-05-01 through 2025-08-31. OH executive AER deadline is Sep 30; exact start/end dates not explicitly stated on form.""]"
20250929EUPA1449640	2025-05-01..2025-08-31	Instructure	org-instructure	Ryan Lehman	person-ryan-lehman	0.0	True	original		0	0	0	"[""This is an Executive Agency AER (executive-branch lobbying regime), not a Legislative Agent AER. The extraction brief targets the legislative form (ORC §§101.70-101.79), but the source header reads 'View Agent Executive AER' and Section I is titled 'Executive Agency Lobbying Activity' with Section II titled 'Executive Agency Lobbying Expenditure Statement'. No separate schema field exists to distinguish executive-branch from legislative-branch filings; flagged for human review."", ""Section I discloses 'No agency decisions' — no LobbyingPosition rows emitted."", ""Section II discloses 'No expenditures' — no LobbyingExpenditure rows emitted."", ""Reporting period label is 'May-Aug25'; reporting_period_start inferred as 2025-05-01 and reporting_period_end inferred as 2025-08-31 based on the executive AER May–Sep 30 reporting window convention.""]"
20250929EUPA1450674	2025-05-01..2025-08-31	Near West Side Multi Service Corporation DBA May Dugan Center	org-near-west-side-multi-service-corporation-dba-may-dugan-center	Brian Durdle	person-brian-durdle	0.0	True	original		0	0	0	"[""This AER is an Executive Agency report (not a Legislative AER). The lobbying activity listed is an agency decision (Criminal Justice Services / Funding Matters) with no Decision/Rule # provided. The schema's LobbyingEngagement was used to capture the agency and topic, but no dedicated 'executive agency decision' sub-entity exists in the schema."", 'Section I lists an executive agency lobbying activity (agency: Criminal Justice Services; decision description: Funding Matters; decision/rule #: blank) rather than bills/resolutions. No LobbyingPosition records were emitted because positions are bill-oriented and no bill identifiers were present.', 'No Decision/Rule # was provided for the Criminal Justice Services entry; that field was left null.']"
20250929LUPA1447994	2025-05-01..2025-08-31	Ohio University	org-ohio-university	Megan Lashutka	person-megan-lashutka	0.0	True	original		1	0	0	"[""Reporting period 'May-Aug25' indicates May–August 2025; period start set to 2025-05-01 and end to 2025-08-31 as the closest standard quarterly window. Exact day boundaries not stated in source."", ""Section II shows 'No expenditures' globally — no itemized or aggregate expenditure rows were emitted for any sub-section."", ""Bill title disclaimer present in source: 'ANY LEGISLATIVE TITLES APPEARING IN THE DISCLOSURE ABOVE ARE FOR INFORMATIONAL PURPOSES ONLY AND NOT INTENDED TO BE AN OFFICIAL OR EXCLUSIVE DESIGNATION OF ANY LEGISLATION CURRENTLY BEFORE OR ENACTED BY THE OHIO GENERAL ASSEMBLY.' — not representable in schema; noted here for completeness.""]"
20250929LUPA1449090	2025-05-01..2025-08-31	Ohio Society of Certified Public Accountants	org-ohio-society-of-certified-public-accountants	Tiffany Crosby	person-tiffany-crosby	0.0	True	original		0	0	0	"[""Section I: 'No Activity Reported' — no bills or resolutions disclosed; no LobbyingPosition rows emitted."", ""Section II: 'No expenditures' — all expenditure sections (II.A Gifts, II.B Itemized Meals & Beverages, II.C Dinner/Party/Function, II.D Non-itemized Aggregate) are empty; no LobbyingExpenditure rows emitted."", ""Reporting period label 'May-Aug25' maps to 2025-05-01 through 2025-08-31 per the standard OH May 31 deadline window; exact start/end dates inferred from OH AER quarterly convention, not stated explicitly in source.""]"
20250929LUPA1449120	2025-05-01..2025-08-31	Liberty Mutual Group	org-liberty-mutual-group	Mark Schloemer	person-mark-schloemer	50.08	True	original		2	0	1	"['Section II.D splits into three sub-categories: Meals Under $50 ($0.00), Speaking Engagements ($0.00), and National Conference Meals ($50.08). Schema supports only one entertainment row for aggregate D; the sub-breakdown is lost. Only the non-zero sub-category (National Conference Meals: $50.08) drives the total.', ""Reporting period label is 'May-Aug25'; interpreted as 2025-05-01 to 2025-08-31 per the Ohio May–Aug quarterly window.""]"
20250929LUPA1449774	2025-05-01..2025-08-31	Ohio Cannabis Coalition (OHCANN)	org-ohio-cannabis-coalition-ohcann	David Bowling	person-david-bowling	0.0	True	original		4	0	0	"[""Section II states 'No expenditures' globally — no expenditure rows emitted for any sub-section (II.A Gifts, II.B Itemized Meals & Beverages, II.C Dinner/Party/Function, II.D Aggregate). total_expenditure set to 0."", ""Reporting period label 'May-Aug25' indicates May–August 2025; reporting_period_start set to 2025-05-01 and reporting_period_end set to 2025-08-31 by inference from the standard OH May–Aug quarterly window (deadline Sep 30).""]"
20250929LUPA1451274	2025-05-01..2025-08-31	Warren County Transportation Improvement District	org-warren-county-transportation-improvement-district	Sheila Boehner	person-sheila-boehner	0.0	True	original		1	0	0	"[""Reporting period listed as 'May-Aug25'; interpreted as 2025-05-01 through 2025-08-31 (the May–September 30 OH quarterly window). Exact end date not explicitly stated in source."", ""Session/General Assembly number for HB 96 not stated in the source; '136' (136th Ohio General Assembly) inferred from the 2025 filing date and is flagged as an inference."", ""Section II states 'No expenditures' globally with no sub-section breakdown; no expenditure rows emitted.""]"
20250929LUPA1451442	2025-05-01..2025-08-31	Genentech, Inc., A Member of the Roche Group	org-genentech-inc-a-member-of-the-roche-group	Courtney Saunders	person-courtney-saunders	0.0	True	original		17	0	0	"[""Section II is reported as 'No expenditures' — all expenditure sub-sections (II.A Gifts, II.B Itemized Meals & Beverages, II.C Dinner/Party/Function, II.D Non-itemized aggregate) have zero activity; no expenditure rows emitted."", ""The reporting period label 'May-Aug25' implies coverage through August 31, 2025 (reporting_period_end set to 2025-08-31). The OLAC May–Sep30 window typically runs May 1–Aug 31; end date inferred from standard OH quarterly-tri-annual period boundaries."", ""Bill title disclaimer present in source: 'ANY LEGISLATIVE TITLES APPEARING IN THE DISCLOSURE ABOVE ARE FOR INFORMATIONAL PURPOSES ONLY AND NOT INTENDED TO BE AN OFFICIAL OR EXCLUSIVE DESIGNATION OF ANY LEGISLATION CURRENTLY BEFORE OR ENACTED BY THE OHIO GENERAL ASSEMBLY.' — retained here for auditability; no schema field available for this notice.""]"
20250930EUPA1438098	2025-05-01..2025-08-31	Ohio Council for Home Care and Hospice	org-ohio-council-for-home-care-and-hospice	Erik Mikkelson	person-erik-mikkelson	0.0	True	original		1	0	0	"['This is an Executive Agency AER (not a legislative AER). Section I discloses specific agency decisions/rules at the Ohio Department of Medicaid, not bills or resolutions. The LobbyingPosition.bill_reference field was left null because the disclosed items are administrative rules (OAC rule numbers), not legislation; rule numbers are captured in the description field instead.', ""Section I lists both the agency ('Medicaid, Department of') and a 'Decision / Rule #' column with multiple OAC rule numbers. The schema has no dedicated field for the agency name separate from the position description; agency name folded into the description."", ""The reporting period label 'May-Aug25' implies May 1 – August 31, 2025. Exact start/end dates were inferred from the period label; the source does not state explicit calendar dates."", ""Section II shows 'No expenditures'; no LobbyingExpenditure rows emitted.""]"
20250930EUPA1453448	2025-05-01..2025-08-31	Ohio Environmental Council	org-ohio-environmental-council	Carol Kauffman	person-carol-kauffman	0.0	True	original		2	0	0	"[""This AER is an Executive Agency form (not a Legislative AER). The filer lobbied executive agencies (Lake Erie Commission and Ohio Environmental Protection Agency), not the legislature. The schema filing_type='activity_report' is used as the closest fit, but the form is specifically 'Executive Agent AER' under Ohio's executive lobbying regime, which may differ from the legislative regime described in the extraction brief."", ""Section I discloses executive agency decisions (agency name + decision description + decision/rule number) rather than legislative bills/resolutions. LobbyingPosition is used to capture these engagements, but bill_reference cannot be populated because no bill numbers were listed; the decision descriptions are placed in the 'description' field. Decision/Rule # column was blank for both entries."", ""The lobbying activity involves 'potential H2Ohio water bond' across two agencies (Lake Erie Commission and Ohio Environmental Protection Agency). This is an agency-decision context with no bill number, so bill_reference is left null."", ""Reporting period label is 'May-Aug25'; interpreted as 2025-05-01 through 2025-08-31 (May–August 2025 quarter). No explicit end date was stated beyond the period label and filing date of 9/30/2025.""]"
20250930EUPA1453750	2025-09-01..2025-12-31	Choices Coordinated Care Solutons	org-choices-coordinated-care-solutons	Timothy Day	person-timothy-day	0.0	True	original		0	0	0	"[""This is an Executive Agency AER (not a Legislative AER). The extraction brief covers the legislative regime (ORC §§101.70-101.79), but the source document is an 'Agent Executive AER' governed by the executive lobbying regime. All schema fields have been populated as best as possible, but the form type mismatch should be noted for human review."", ""Reporting period label is 'Sep-Dec25'. The form was filed on 9/30/2025, which is the start of the period rather than the end. reporting_period_start set to 2025-09-01 and reporting_period_end set to 2025-12-31 based on the 'Sep-Dec25' label; however the filed date of 9/30/2025 predates the period end — this may indicate an early/advance filing."", ""Section I discloses 'No agency decisions' — no LobbyingPosition rows emitted."", ""Section II discloses 'No expenditures' — no LobbyingExpenditure rows emitted.""]"
20250930EUPA1453942	2025-05-01..2025-08-31	Raptor Technologies	org-raptor-technologies	Kevin Stanek	person-kevin-stanek	0.0	True	original		0	0	0	"[""This is an Executive Agency AER (not a Legislative AER). The form header reads 'View Agent Executive AER' and Section I covers 'Executive Agency Lobbying Activity' (agency decisions), not legislative bills/resolutions. The regime/form type in the extraction brief describes a legislative AER, but the source document is an executive-branch filing governed by a different disclosure framework. No agency decisions were disclosed in Section I and no expenditures were reported in Section II."", ""Reporting period label is 'May-Aug25'; reporting_period_start set to 2025-05-01 and reporting_period_end set to 2025-08-31 by inference from the period label and the Sep 30 filing deadline. Exact start/end dates are not explicitly stated in the source.""]"
20250930EUPA1454408	2025-05-01..2025-08-31	Neighborhood Centers Association	org-neighborhood-centers-association	Jackson Bergdoll	person-jackson-bergdoll	0.0	True	original		0	0	0	"[""This is an Executive Agency AER (not a Legislative AER). The form covers executive agency lobbying activity, not legislative bill/resolution advocacy. No agency decisions were disclosed in Section I. No expenditures were reported in Section II. The schema's LobbyingFiling type does not have a dedicated field to distinguish legislative vs. executive agency AER form types; this distinction is noted here for human review.""]"
20250930EUPA1456934	2025-05-01..2025-08-31	Ohio Children's Alliance	org-ohio-children-s-alliance	Kate Rossman	person-kate-rossman	0.0	True	original		72	0	0	"[""This is an Executive Agency AER (not a Legislative AER). The form header reads 'View Agent Executive AER' and Section I is labeled 'Executive Agency Lobbying Activity' listing agency decisions/rules rather than bills. The schema filing_type='activity_report' is used as the closest match, but the distinction between legislative and executive agent AERs is not captured in the schema."", ""Section I contains many decision rows with associated dollar figures embedded in the description column (e.g., 'Bridges Contract Renewal — $5,100,123 total FY26+FY27 operational costs through contract renewal'; 'Menu of Supports 2.0 Contract — $1,500,000'; 'Family Social Connections Initiative Contract — $400,000'). These appear to be contract values, not expenditures by the lobbyist. No schema field exists for contract/decision dollar values; they are preserved in the position description text only."", ""Section I contains numerous regulation/rule citations (e.g., 5180:4-5-09.1; 5180:2-9-07,34,37,38; 5122-41-01 through 5122-41-08; Ch. 4757-5, etc.) associated with agency decisions. The BillReference model accommodates these as reference_type='regulation', but complex range citations and multi-rule sets are collapsed into a single original_text field; granular rule-by-rule breakdown is lost."", ""Section II (Expenditure Statement) states 'No expenditures'; no expenditure rows were emitted."", ""The reporting period label 'May-Aug25' implies a May 1 – August 31, 2025 window. The exact start/end dates (2025-05-01 / 2025-08-31) are inferred from the standard Ohio May–Aug quarterly period; they are not explicitly stated as calendar dates in the source.""]"
20250930EUPA1457038	2025-05-01..2025-08-31	Best Nursing Care Inc.	org-best-nursing-care-inc	Andrew Havas	person-andrew-havas	0.0	True	original		0	0	0	"[""This AER is an Executive Agency form (not Legislative), covering executive agency lobbying activity. The filing type has been recorded as 'activity_report', but the source is specifically an 'Agent Executive AER' under Ohio's executive lobbying regime, which may differ from the legislative AER regime described in the extraction brief. No legislative bill/resolution positions are present."", ""Section I discloses 'No agency decisions' — no executive agency lobbying activity occurred this period. Schema has no dedicated field for executive agency decisions; confirmed via extraction_warnings."", ""Section II discloses 'No expenditures' — no expenditure rows emitted.""]"
20250930LUPA1442110	2025-05-01..2025-08-31	Ohio Gas Association	org-ohio-gas-association	David Koren	person-david-koren	0.0	True	original		11	0	0	"[""Section II states 'No expenditures' — no expenditure rows emitted for any sub-section (II.A Gifts, II.B Itemized Meals & Beverages, II.C Dinner/Party/Function, II.D Aggregate)."", 'Bill titles appearing in Section I carry the disclaimer that they are for informational purposes only and not an official or exclusive designation; titles have been recorded as-is from the form.', ""Reporting period label 'May-Aug25' interpreted as 2025-05-01 through 2025-08-31 (the May–August tri-annual window with a Sep 30 deadline).""]"
20250930LUPA1453052	2025-05-01..2025-08-31	Neyer Properties	org-neyer-properties	Douglas Moormann	person-douglas-moormann	0.0	True	original		3	0	0	"[""Section II states 'No expenditures' — no expenditure rows emitted for any sub-section (II.A Gifts, II.B Itemized Meals & Beverages, II.C Dinner/Party/Function, II.D Aggregate).""]"
20250930LUPA1453058	2025-05-01..2025-08-31	State Armor Action	org-state-armor-action	Harrison Siders	person-harrison-siders	0.0	True	original		2	0	0	[]
20250930LUPA1453302	2025-05-01..2025-08-31	Corebridge Financial, Inc.	org-corebridge-financial-inc	Dan Jones	person-dan-jones	0.0	True	original		0	0	0	[]
20250930LUPA1453450	2025-05-01..2025-08-31	LNE Group	org-lne-group	Jennifer Grogan	person-jennifer-grogan	0.0	True	original		0	0	0	"[""Reporting period stated as 'May-Aug25'; reporting_period_start set to 2025-05-01 and reporting_period_end set to 2025-08-31 by inference — exact start/end dates not explicitly stated in source."", ""Section I: 'No Activity Reported' — no LobbyingPosition rows emitted."", ""Section II: 'No expenditures' — no LobbyingExpenditure rows emitted for any sub-section (II.A, II.B, II.C, II.D).""]"
20250930LUPA1453540	2025-05-01..2025-08-31	Superior Air-Ground Ambulance Service of Ohio, Inc.	org-superior-air-ground-ambulance-service-of-ohio-inc	Bridget E McAuliffe	person-bridget-e-mcauliffe	0.0	True	original		0	0	0	"[""Section I: 'No Activity Reported' — no bills or resolutions were disclosed for this period; no LobbyingPosition records emitted."", ""Section II: 'No expenditures' — all expenditure sections (II.A Gifts, II.B Itemized Meals & Beverages, II.C Dinner/Party/Function, II.D Non-itemized aggregate) are empty; no LobbyingExpenditure records emitted."", ""Reporting period 'May-Aug25' interpreted as 2025-05-01 through 2025-08-31 (standard OH May–Aug quarterly window with Sep 30 deadline).""]"
20250930LUPA1454952	2025-05-01..2025-08-31	Ohio Farm Bureau Federation, Inc.	org-ohio-farm-bureau-federation-inc	Leah Curtis	person-leah-curtis	0.0	True	original		26	0	0	"[""Section II shows 'No expenditures' — no itemized or aggregate expenditure rows were present. total_expenditure set to 0."", ""Reporting period label 'May-Aug25' is a non-standard OLAC shorthand; reporting_period_start inferred as 2025-05-01 and reporting_period_end inferred as 2025-08-31 (consistent with the May–Sep 30 quarterly deadline window)."", 'Bill titles are prefaced with the OLAC disclaimer that they are for informational purposes only and are not official or exclusive legislative designations.']"
20250930LUPA1454964	2025-05-01..2025-08-31	Ohio State Board of Education	org-ohio-state-board-of-education	Paul Craft	person-paul-craft	0.0	True	original		1	0	0	[]
20250930LUPA1455142	2025-05-01..2025-08-31	Employers Health	org-employers-health	Ryan Stenger	person-ryan-stenger	0.0	True	original		0	0	0	"[""Section I: 'No Activity Reported' — no bills or resolutions disclosed; zero LobbyingPosition records emitted."", ""Section II: 'No expenditures' — all expenditure sections (II.A Gifts, II.B Itemized Meals & Beverages, II.C Dinner/Party/Function, II.D Non-itemized Aggregate) are empty; zero LobbyingExpenditure records emitted.""]"
20251001EUPA1457412	2025-05-01..2025-08-31	Mohican Young Star Academy	org-mohican-young-star-academy	Daniel Hurley	person-daniel-hurley	0.0	True	original		0	0	0	"[""This is an Executive Agency AER (not a Legislative AER). The form header reads 'View Agent Executive AER' and Section I covers 'Executive Agency Lobbying Activity' — not legislative bill positions. The LobbyingFiling schema is oriented toward legislative filings; the executive-agency regime (ORC §§121.60-121.69) is a distinct form type with no direct schema analog for 'agency decisions' as opposed to bill references."", ""Section I discloses 'No agency decisions' — no LobbyingPosition rows emitted because positions require bill references and this is an executive-agency filing."", ""Section II discloses 'No expenditures' — no LobbyingExpenditure rows emitted."", ""Reporting period label 'May-Aug25' interpreted as 2025-05-01 through 2025-08-31 (executive AER tri-annual window).""]"
20251001EUPA1457488	2025-01-01..2025-04-30	Death Penalty Action	org-death-penalty-action	Abraham Bonowitz	person-abraham-bonowitz	0.0	True	original		0	0	0	"[""This is an Executive Agency AER (not a Legislative AER). The form header reads 'View Agent Executive AER' and Section I covers 'Executive Agency Lobbying Activity' with 'No agency decisions'. The extraction brief assumes a Legislative AER; this filing is governed by the executive-agency lobbying regime. No legislative bill positions are applicable."", ""Reporting period label is 'Jan-Apr25'. Ohio executive AERs use a Jan–Apr window (not the standard Jan 31 legislative quarter-end). Reporting period start set to 2025-01-01 and end set to 2025-04-30 by inference from the label; exact statutory window boundaries for executive AERs were not confirmed from the source text."", 'Date Filed is 10/1/2025, which is several months after the Jan–Apr 2025 reporting period. This late filing date is preserved as stated; no correction applied.', ""Section I: 'No agency decisions' — no lobbying positions emitted."", ""Section II: 'No expenditures' — no expenditure rows emitted.""]"
20260105EUPA1459254	2025-09-01..2025-12-31	University Settlement	org-university-settlement	James P. Trakas	person-james-p-trakas	0.0	True	original		0	0	0	"[""This AER is an Executive Agency form (OLAC 'View Agent Executive AER'), not a Legislative Agent AER. The source covers executive agency lobbying activity (ORC executive regime), not the legislative regime (ORC §§101.70-101.79) referenced in the extraction brief. Section I discloses 'No agency decisions' and Section II reports 'No expenditures'. No positions or expenditure rows were emitted."", ""Reporting period label is 'Sep-Dec25'; mapped to 2025-09-01 through 2025-12-31. The OH legislative form uses tri-annual windows (May 31 / Sep 30 / Jan 31), but this executive form uses a Sep–Dec quarter. No exact start/end dates were stated in the source.""]"
20260106EUPA1459378	2025-09-01..2025-12-31	Ohio State Chiropractic Association	org-ohio-state-chiropractic-association	Matthew Forney	person-matthew-forney	0.0	True	original		1	0	0	"['This is an Executive Agency AER (not a Legislative AER). The filer lobbied an executive agency (Health), not the legislature. The schema does not have a dedicated field to distinguish executive vs. legislative regime; regime is noted here for human review.', ""Section I discloses an agency decision (Agency: Health; Decision Description: Chiropractic Loan Repayment Program; Decision/Rule #: not provided) rather than a bill/resolution. LobbyingPosition.bill_reference is left null because no bill number exists; the decision description is placed in the 'description' field and agency in 'general_issue_area' as the closest fit."", 'Decision/Rule # column is blank in the source; no rule number was captured.']"
20260106EUPA1459622	2025-09-01..2025-12-31	MAXIMUS, Inc	org-maximus-inc	Nathan Aichele	person-nathan-aichele	0.0	True	original		0	0	0	"[""This AER is an Executive Agency filing (not a Legislative Agent AER). The form header reads 'View Agent Executive AER' and Section I covers 'Executive Agency Lobbying Activity', not legislative bill/resolution advocacy. The regime noted in the extraction brief is ORC §§101.70-101.79 (legislative), but this document appears to fall under the executive lobbying regime. No schema field distinguishes executive vs. legislative AER type."", ""Reporting period label is 'Sep-Dec25'; interpreted as 2025-09-01 through 2025-12-31. Ohio executive AER periods do not always align with the legislative quarterly windows — period end date of 2025-12-31 is inferred, not explicitly stated."", ""Section I discloses 'No agency decisions' — no LobbyingPosition rows emitted."", ""Section II discloses 'No expenditures' — no LobbyingExpenditure rows emitted.""]"
20260106LUPA1459616	2025-09-01..2025-12-31	Holistic Alternative Recovery Trust (HART)	org-holistic-alternative-recovery-trust-hart	Nathan Aichele	person-nathan-aichele	3.5	True	original		1	0	1	"['Section II.D splits into three sub-amounts: Meals Under $50 ($3.50), Speaking Engagements ($0.00), National Conference Meals ($0.00). Schema supports only one entertainment row for Section D aggregate; sub-breakdown is lost. Only the non-zero sub-total ($3.50 for Meals Under $50) contributes to the emitted row.', ""Reporting period 'Sep-Dec25' does not align with a standard OH quarterly window (which typically ends Sep 30). Interpreted as September–December 2025 (2025-09-01 to 2025-12-31); human review recommended to confirm exact period boundaries.""]"
20260106LUPA1459734	2025-09-01..2025-12-31	Ohio Ambulance and Medical Transportation Association	org-ohio-ambulance-and-medical-transportation-association	Lauren Huddleston	person-lauren-huddleston	0.0	True	original		5	0	0	"[""Reporting period label is 'Sep-Dec25'; interpreted as 2025-09-01 through 2025-12-31. Ohio AER periods typically end Sep 30 or Dec 31; Dec 31 used as end date for this Sep–Dec window."", ""Section II states 'No expenditures' globally; no expenditure rows emitted for any sub-section (II.A, II.B, II.C, II.D).""]"
20260112EUPA1460212	2025-09-01..2025-12-31	Ohio Association of County Boards Serving People with Developmental Disabilities	org-ohio-association-of-county-boards-serving-people-with-developmental-disabilities	Monica Juenger	person-monica-juenger	0.0	True	original		31	0	0	"[""This is an Executive Agency AER (not a Legislative AER). The form title is 'View Agent Executive AER' and Section I discloses executive agency lobbying activity (agency decisions/rules), not legislative bills. The LobbyingFiling schema and extraction rules reference legislative bills; however, the disclosed items are executive agency rulemaking decisions. Each position's bill_reference was mapped to reference_type='regulation' where a rule number was provided, and reference_type='other' where only a descriptive topic was listed."", ""Rule 5123-4-03 ('In-service training for members of county boards of developmental disabilities') appears twice in the source under the Developmental Disabilities agency. Two separate LobbyingPosition records were emitted to faithfully represent the source; this may be a duplicate entry in the filing."", ""Rule number '5123-2-XX' uses 'XX' as a placeholder, suggesting the final rule number was not yet assigned at time of filing. Preserved as-is."", ""Section I column 'Decision / Rule #' was left blank for several entries (Early Intervention; Multi-System Youth - Children's Issues; Accessible Housing; Vocational Habilitation/Basic Employment Skills Training/Group Employment Support; Waiver Modernization; Electronic Visit Verification; Federal IDEA funds/schools). These were mapped with reference_type='other' and the description used as the original_text."", ""Section II expenditure statement shows 'No expenditures'; no LobbyingExpenditure records were emitted."", ""The reporting period label is 'Sep-Dec25', interpreted as September 1 – December 31, 2025. The schema does not have a native field for the OLAC period label; period start/end dates were inferred from this label.""]"
20260112LUPA1460744	2025-09-01..2025-12-31	Hondros College of Business	org-hondros-college-of-business	Rachel G Winder	person-rachel-g-winder	0.0	True	original		2	0	0	"[""Section II states 'No expenditures' — no expenditure rows emitted for any sub-section (II.A, II.B, II.C, II.D)."", ""Reporting period label 'Sep-Dec25' implies September–December 2025; reporting_period_start set to 2025-09-01 and reporting_period_end set to 2025-12-31 by inference from the period label and Jan 31 filing deadline cycle."", ""The disclaimer paragraph ('ANY LEGISLATIVE TITLES APPEARING IN THE DISCLOSURE ABOVE ARE FOR INFORMATIONAL PURPOSES ONLY...') is boilerplate and not captured in any schema field.""]"
20260112LUPA1461358	2025-09-01..2025-12-31	Lutheran Social Services of Central Ohio	org-lutheran-social-services-of-central-ohio	Andrew Minton	person-andrew-minton	0.0	True	original		13	0	0	"[""Section II (Expenditure Statement) shows 'No expenditures' — all expenditure sections (II.A Gifts, II.B Itemized Meals & Beverages, II.C Dinner/Party/Function, II.D Aggregate) are empty; no expenditure rows emitted."", ""Reporting period label is 'Sep-Dec25'; interpreted as 2025-09-01 through 2025-12-31. Ohio Sep-Dec window typically runs Sep 1 – Dec 31; start/end dates inferred from standard OH quarterly window, not explicitly stated in source.""]"
20260112LUPA1461406	2025-09-01..2025-12-31	OhioHealth	org-ohiohealth	Sarah Kincaid	person-sarah-kincaid	0.0	True	original		13	0	0	"[""Section II states 'No expenditures' — no expenditure rows emitted for any sub-section (II.A Gifts, II.B Itemized Meals & Beverages, II.C Dinner/Party/Function, II.D Non-itemized aggregate).""]"
20260112LUPA1461472	2025-09-01..2025-12-31	Secretary of State	org-secretary-of-state	Leslie Piatt	person-leslie-piatt	0.0	True	original		33	0	0	"[""Section I 'CB' block lists 12 contract/purchase order references (SOS0105052 through SOS0105065) with short titles (e.g., 'Wall Street Journal', 'Hilton Columbus Annual Conference', 'LAZ Parking'). These appear to be internal SOS contract identifiers, not Ohio General Assembly bills or resolutions. They do not map to BillReference/LobbyingPosition as defined for legislative filings; no schema slot exists for agency contract disclosures. Entries omitted from positions list pending human review."", ""Section I 'JC' block lists 12 Ohio Administrative Code rule references (e.g., 111:3-9-01, 111:3-3-02). These are administrative regulations, not GA bills. reference_type='regulation' could be used, but their presence in the legislative AER bill-activity section is unusual. Captured here for human review; no LobbyingPosition rows emitted for these entries."", 'Section II.D sub-amounts are all $0.00 (Meals Under $50: $0.00; Speaking Engagements: $0.00; National Conference Meals: $0.00). Total Aggregate is $0.00, so no expenditure row was emitted per extraction rule 4.', ""Source states 'I am a state employee and not required to complete the expenditure statement.' This exemption claim has no dedicated schema field and is noted here for compliance review.""]"
20260112LUPA1461486	2025-09-01..2025-12-31	Anduril Industries, Inc.	org-anduril-industries-inc	Stephen Nielson	person-stephen-nielson	0.0	True	original		0	0	0	"[""Section I: 'No Activity Reported' — no bills or resolutions were disclosed for this period; zero LobbyingPosition records emitted."", ""Section II: 'No expenditures' — all expenditure sections (II.A Gifts, II.B Itemized Meals & Beverages, II.C Dinner/Party/Function, II.D Aggregate) are empty; zero LobbyingExpenditure records emitted."", ""Reporting period label 'Sep-Dec25' interpreted as 2025-09-01 through 2025-12-31 (OH Sep 30 deadline window).""]"
20260112LUPA1461778	2025-09-01..2025-12-31	Capitol South Community Urban Redevelopment Corp	org-capitol-south-community-urban-redevelopment-corp	Levi Gross	person-levi-gross	0.0	True	original		0	0	0	[]
20260115EUPA1463308	2025-09-01..2025-12-31	University of Akron	org-university-of-akron	Reese Gallagher	person-reese-gallagher	0.0	True	original		0	0	0	"[""This AER is an Executive Agency report (not a Legislative Agent AER). The form header reads 'View Agent Executive AER' and Section I covers 'Executive Agency Lobbying Activity' (agency decisions), not legislative bills/resolutions. The extraction rules provided are oriented toward the legislative form; no legislative bills or expenditure sections (II.A–D) are present here. Section I: 'No agency decisions.' Section II: 'No expenditures.' No positions or expenditures were emitted as a result.""]"
20260121EUPA1467156	2025-09-01..2025-12-31	Metro Early College High School	org-metro-early-college-high-school	William L Byers, IV	person-william-l-byers-iv	0.0	True	original		0	0	0	"[""This AER is an Executive Agency filing (not a Legislative Agent filing). The form header reads 'View Agent Executive AER' and Section I covers 'Executive Agency Lobbying Activity' — not legislative bill/resolution activity governed by ORC §§101.70-101.79. The regime and form type noted in the extraction brief (legislative AER) do not match the source document. This record has been extracted as-is, but the filing regime should be reviewed."", ""Section I: 'No agency decisions' — no lobbying activity to record."", ""Section II: 'No expenditures' — no expenditure rows emitted."", ""Reporting period 'Sep-Dec25' spans September–December 2025; schema reporting_period_start set to 2025-09-01 and reporting_period_end set to 2025-12-31 by inference from the period label. Exact day boundaries not explicitly stated in source.""]"
20260121EUPA1467952	2025-09-01..2025-12-31	Ohio Bar Owners Association	org-ohio-bar-owners-association	Joseph Hollabaugh	person-joseph-hollabaugh	0.0	True	original		0	0	0	"[""This AER is an Executive Agency form (not a Legislative AER). The form covers executive agency lobbying activity (ORC executive regime), not legislative bill activity. Section I discloses 'No agency decisions' and Section II shows 'No expenditures'. No positions or expenditures were emitted as a result.""]"
20260121EUPA1468054	2025-09-01..2025-12-31	Vultr	org-vultr	Stanley E. Gates, II	person-stanley-e-gates-ii	0.0	True	original		0	0	0	"[""This AER is an Executive Agency form (View Agent Executive AER), not a Legislative Agent AER. The regime is executive agency lobbying (not ORC §§101.70-101.79 legislative). Section I covers 'Executive Agency Lobbying Activity' (agency decisions), not bills/resolutions. No schema field exists to capture executive agency decisions as distinct from legislative bill positions; 'No agency decisions' was reported so no positions were emitted."", ""Reporting period listed as 'Sep-Dec25'; interpreted as 2025-09-01 through 2025-12-31. The standard OH executive AER deadline windows differ from legislative AER windows — flagging for human review.""]"
20260121LUPA1467768	2025-09-01..2025-12-31	City of Oregon	org-city-of-oregon	Stanley E. Gates, II	person-stanley-e-gates-ii	0.0	True	original		1	0	0	"[""Reporting period 'Sep-Dec25' spans September–December 2025; reporting_period_start set to 2025-09-01 and reporting_period_end set to 2025-12-31 by inference from the OH quarterly cycle (Sep 1 – Dec 31), as the form does not state explicit start/end dates."", ""Section II shows 'No expenditures' — no expenditure rows emitted for any sub-section.""]"
20260121LUPA1468130	2025-09-01..2025-12-31	Marathon Petroleum Corporation & its Subsidiaries and Affiliates	org-marathon-petroleum-corporation-its-subsidiaries-and-affiliates	Daniel P Leite	person-daniel-p-leite	0.0	True	original		25	0	0	"[""Section II declared 'No expenditures' — all expenditure sections (II.A Gifts, II.B Itemized Meals & Beverages, II.C Dinner/Party/Function, II.D Non-itemized Aggregates) are empty; no expenditure rows emitted."", ""Reporting period label 'Sep-Dec25' interpreted as 2025-09-01 through 2025-12-31 (quarterly window ending at the Jan 31 deadline). The OLAC form uses a named period rather than explicit dates; start/end dates are inferred."", ""The disclaimer appended to Section I ('ANY LEGISLATIVE TITLES APPEARING IN THE DISCLOSURE ABOVE ARE FOR INFORMATIONAL PURPOSES ONLY...') is boilerplate form text; not mapped to any schema field.""]"
20260123LUPA1470154	2025-09-01..2025-12-31	New Albany Company	org-new-albany-company	Matthew G Kallner	person-matthew-g-kallner	0.0	True	original		1	0	0	"[""Reporting period 'Sep-Dec25' spans September–December 2025; start date mapped to 2025-09-01 and end date to 2025-12-31 by inference (OH Sep–Dec quarter)."", ""Section II states 'No expenditures' — no expenditure rows emitted for any sub-section.""]"
20260123LUPA1470266	2025-09-01..2025-12-31	ALS United Ohio	org-als-united-ohio	William Schwartz	person-william-schwartz	0.0	True	original		1	0	0	"[""Section II states 'No expenditures' — no expenditure rows emitted for any sub-section (II.A Gifts, II.B Itemized Meals & Beverages, II.C Dinner/Party/Function, II.D aggregate). total_expenditure set to 0."", ""Reporting period 'Sep-Dec25' spans September–December 2025; reporting_period_start set to 2025-09-01 and reporting_period_end set to 2025-12-31 by inference. The OH quarterly-tri-annual form's Sep 30 and Jan 31 deadlines suggest this is the Sep–Dec window filed on 1/23/2026.""]"
20260126EUPA1471922	2025-09-01..2025-12-31	Ohio Craft Brewers Association	org-ohio-craft-brewers-association	W Zachary Holzapfel	person-w-zachary-holzapfel	0.0	True	original		0	0	0	"['This is an Executive Agency AER (not a Legislative AER). The form covers executive agency lobbying activity and expenditures rather than legislative bill/resolution advocacy. No agency decisions and no expenditures were reported for this period.', ""Reporting period 'Sep-Dec25' spans September–December 2025; reporting_period_start set to 2025-09-01 and reporting_period_end set to 2025-12-31 by inference, as the source does not provide explicit day-level start/end dates.""]"
20260126EUPA1472104	2025-09-01..2025-12-31	Ohio Cable Telecommunications Association	org-ohio-cable-telecommunications-association	Levi Gross	person-levi-gross	0.0	True	original		0	0	0	"[""This AER is an Executive Agency (not Legislative) filing. The form header reads 'View Agent Executive AER' and Section I covers 'Executive Agency Lobbying Activity', not legislative bill activity. The LobbyingFiling schema does not have a distinct field for executive vs. legislative regime; this distinction is noted here for human review."", ""Section I states 'No agency decisions' — no LobbyingPosition rows emitted."", ""Section II states 'No expenditures' — no LobbyingExpenditure rows emitted.""]"
20260126EUPA1472112	2025-09-01..2025-12-31	Aqua Ohio, Inc	org-aqua-ohio-inc	William Fitzgibbon	person-william-fitzgibbon	0.0	True	original		0	0	0	"[""This AER is an Executive Agency form (OLAC 'View Agent Executive AER'), not a Legislative Agent AER. Section I covers executive agency lobbying activity (agency decisions), not bills/resolutions. The filing regime may be ORC §121.60-121.69 (executive) rather than §§101.70-101.79 (legislative); the filer_role and filing_type fields cannot distinguish executive-agency from legislative-agent lobbying in the current schema."", ""Section I discloses 'No agency decisions' — no LobbyingPosition or LobbyingEngagement rows emitted."", ""Section II discloses 'No expenditures' — no LobbyingExpenditure rows emitted."", ""Reporting period listed as 'Sep-Dec25'; interpreted as 2025-09-01 through 2025-12-31. The OH executive AER reporting windows differ from legislative AER windows; exact start date (Sep 1 vs Sep 30) is ambiguous from source text alone.""]"
20260126EUPA1472560	2025-09-01..2025-12-31	Cuyahoga Land Bank	org-cuyahoga-land-bank	Robert Frost	person-robert-frost	0.0	True	original		0	0	0	"[""This AER is an Executive Agency form (OLAC 'View Agent Executive AER'), not a Legislative Agent AER. The schema is being used for an executive-branch lobbying report; the filing covers executive agency lobbying activity (ORC §§121.60-121.69 regime), not legislative activity under ORC §§101.70-101.79. No schema field exists to distinguish executive vs. legislative regime."", ""Section I discloses 'No agency decisions' — no positions emitted."", ""Section II discloses 'No expenditures' — no expenditure rows emitted.""]"
20260126LUPA1472130	2025-09-01..2025-12-31	Hazel Health	org-hazel-health	Anthony Brigano	person-anthony-brigano	1.47	True	original		0	0	1	"['Section II.D splits into three sub-amounts (Meals Under $50: $1.47, Speaking Engagements: $0.00, National Conference Meals: $0.00); schema supports only one entertainment row for Section D, so sub-breakdown is lost. Only the total aggregate ($1.47) is captured.', ""Section I reports 'No Activity Reported'; no LobbyingPosition rows emitted."", 'Sections II.A, II.B, and II.C are empty; no expenditure rows emitted for those sections.', ""Reporting period label 'Sep-Dec25' interpreted as 2025-09-01 to 2025-12-31 (September through December 2025) based on the Jan 31 deadline cycle and filed date of 2026-01-26.""]"
20260126LUPA1472798	2025-09-01..2025-12-31	Ohio Alliance of Independent STEM Schools	org-ohio-alliance-of-independent-stem-schools	Kevin R Schmidt	person-kevin-r-schmidt	0.0	True	original		0	0	0	"[""Section I: 'No Activity Reported' — no bills or resolutions disclosed for this period; no LobbyingPosition records emitted."", ""Section II: 'No expenditures' — all expenditure sections (II.A–D) are empty; no LobbyingExpenditure records emitted.""]"
20260126LUPA1473298	2025-09-01..2025-12-31	Ohio Alliance of Recovery Providers	org-ohio-alliance-of-recovery-providers	Kelsey Woolard	person-kelsey-woolard	0.0	True	original		6	0	0	"[""Reporting period label is 'Sep-Dec25'; interpreted as 2025-09-01 through 2025-12-31. Ohio's standard Sep 30 AER window is Jul–Sep; 'Sep-Dec' may indicate a non-standard or combined window — human review advised."", ""Section II states 'No expenditures'; no expenditure rows emitted for any sub-section (II.A, II.B, II.C, II.D)."", ""Bill titles are prefaced in source with a disclaimer that they are 'for informational purposes only and not intended to be an official or exclusive designation'; titles captured as-is in description fields.""]"
20260126LUPA1473498	2025-09-01..2025-12-31	Cleveland Browns	org-cleveland-browns	Ted Tywang	person-ted-tywang	0.0	True	original		3	0	0	"[""Reporting period listed as 'Sep-Dec25'; interpreted as 2025-09-01 through 2025-12-31 (the OH Sep–Dec quarterly window, due Jan 31). Exact calendar start/end not explicitly stated in source."", ""Section II states 'No expenditures' for all sub-sections (II.A Gifts, II.B Itemized Meals & Beverages, II.C Dinner/Party/Function, II.D Aggregates); no expenditure rows emitted per extraction rules.""]"
20260127EUPA1465390	2025-09-01..2025-12-31	Ohio Living	org-ohio-living	Kevin L Futryk	person-kevin-l-futryk	0.0	True	original		0	0	0	"[""This is an Executive Agency AER (not a Legislative AER). The form header reads 'View Agent Executive AER' and Section I covers 'Executive Agency Lobbying Activity' (agency decisions), not legislative bills/resolutions. No agency decisions were disclosed. The LobbyingFiling schema has no dedicated field for executive agency decisions; the positions array (designed for bills) was left empty accordingly."", ""Reporting period labeled 'Sep-Dec25' spans September–December 2025; reporting_period_start set to 2025-09-01 and reporting_period_end set to 2025-12-31 by inference from the period label, as exact day boundaries were not stated on the form.""]"
20260127EUPA1474642	2025-09-01..2025-12-31	Mid-Ohio Water and Sewer District	org-mid-ohio-water-and-sewer-district	Keith A. Conroy	person-keith-a-conroy	0.0	True	original		0	0	0	"[""This AER is an Executive Agency form (not a Legislative Agent AER). The form header reads 'View Agent Executive AER' and Section I is titled 'Executive Agency Lobbying Activity' disclosing agency decisions rather than bills/resolutions. The extraction brief references ORC §§101.70-101.79 legislative regime, but this filing appears to fall under the executive agency lobbying regime instead. No schema field exists to distinguish executive vs. legislative agent AER type."", ""Section I discloses 'No agency decisions' — no LobbyingEngagement or LobbyingPosition records emitted."", ""Section II discloses 'No expenditures' — no LobbyingExpenditure records emitted."", ""Reporting period 'Sep-Dec25' spans September–December 2025; interpreted as 2025-09-01 to 2025-12-31. The standard OH legislative AER windows are May31/Sep30/Jan31; the Sep-Dec window is consistent with the executive agency reporting calendar rather than the legislative one.""]"
20260127EUPA1474852	2025-09-01..2025-12-31	Licking Memorial Health Systems	org-licking-memorial-health-systems	Jay Hottinger	person-jay-hottinger	0.0	True	original		0	0	0	"[""This filing is an Executive Agency AER (not a Legislative AER). The form covers executive agency lobbying activity (ORC executive regime), not legislative lobbying under ORC §§101.70-101.79. Section I reports 'No agency decisions' and Section II reports 'No expenditures', so no positions or expenditures were emitted."", ""The reporting period label 'Sep-Dec25' spans September–December 2025; reporting_period_start is inferred as 2025-09-01 and reporting_period_end as 2025-12-31 based on the period label and the Jan 31 filing deadline.""]"
20260127EUPA1475182	2025-09-01..2025-12-31	Ohio Roofing Contractors Association	org-ohio-roofing-contractors-association	Christopher M Sinagra	person-christopher-m-sinagra	0.0	True	original		0	0	0	"[""This is an Executive Agency AER (not a Legislative AER). Section I covers 'Executive Agency Lobbying Activity' (agency decisions), not legislative bills/resolutions. The LobbyingFiling schema and extraction rules are oriented toward legislative filings; no LobbyingPosition rows were emitted because the form reported 'No agency decisions' and the schema's LobbyingPosition/bill_reference structure is not designed for executive agency decisions."", ""Section I reported 'No agency decisions' — no positions emitted."", ""Section II reported 'No expenditures' — no expenditure rows emitted.""]"
20260127EUPA1475362	2025-09-01..2025-12-31	Ohio Oil and Gas Association	org-ohio-oil-and-gas-association	Shawn Nelson	person-shawn-nelson	0.0	True	original		0	0	0	"['This AER is an Executive Agency report (not a Legislative AER). The form covers executive agency lobbying activity (ORC §121.60 et seq.) rather than legislative lobbying (ORC §§101.70-101.79). The filing type and regime may need to be reclassified.', ""Section I discloses 'No agency decisions' — no LobbyingEngagement or LobbyingPosition rows emitted."", ""Section II discloses 'No expenditures' — no LobbyingExpenditure rows emitted."", ""Reporting period 'Sep-Dec25' does not map cleanly to a standard quarterly window (May 31 / Sep 30 / Jan 31); interpreted as 2025-09-01 through 2025-12-31.""]"
20260127EUPA1475574	2025-09-01..2025-12-31	Ohio Roofing Contractors Association	org-ohio-roofing-contractors-association	Paul Kudlak	person-paul-kudlak	0.0	True	original		0	0	0	"[""This is an Executive Agency AER (not a legislative AER). Section I covers 'Executive Agency Lobbying Activity' (agency decisions), not legislative bills/resolutions. The schema's LobbyingPosition is oriented toward bills; no positions were emitted because no agency decisions were disclosed ('No agency decisions')."", 'The form header identifies this as an Executive Agent AER governed by executive lobbying rules, whereas the extraction brief references legislative AERs under ORC §§101.70-101.79. The applicable regime may differ.']"
20260127EUPA1475716	2025-09-01..2025-12-31	Mainspring Energy, Inc.	org-mainspring-energy-inc	Zane Daniels	person-zane-daniels	0.0	True	original		0	0	0	"[""This AER is an Executive Agency (not Legislative) form — it covers executive agency lobbying activity and expenditures, not legislative bill tracking. The LobbyingFiling schema does not have a distinct field for 'executive agency' regime vs. 'legislative' regime; the distinction is noted here for human review."", ""Section I discloses 'No agency decisions' — no executive agency lobbying activity occurred this period. No LobbyingPosition or LobbyingEngagement records emitted."", ""Section II discloses 'No expenditures' — no expenditure records emitted."", ""Reporting period label is 'Sep-Dec25'; mapped to 2025-09-01 through 2025-12-31. The source does not provide explicit start/end dates for this window.""]"
20260127LUPA1473984	2025-09-01..2025-12-31	Wholesale Beer and Wine Association of Ohio	org-wholesale-beer-and-wine-association-of-ohio	Michael Toman	person-michael-toman	0.0	True	original		0	0	0	"[""Section I: 'No Activity Reported' — no bills or resolutions were disclosed for this reporting period."", ""Section II: 'No expenditures' — all expenditure sections (II.A–D) are empty; no expenditure rows emitted.""]"
20260128EUPA1476198	2025-09-01..2025-12-31	ATCPC of Ohio, LLC d/b/a Klutch Cannabis	org-atcpc-of-ohio-llc-d-b-a-klutch-cannabis	Brad McLean	person-brad-mclean	0.0	True	original		0	0	0	"['This is an Executive Agency AER (not a Legislative AER). Section I covers agency decisions (not bills/resolutions); no agency decisions were disclosed. Section II reports no expenditures. No positions or expenditure rows emitted.', ""Reporting period 'Sep-Dec25' interpreted as 2025-09-01 through 2025-12-31; Ohio executive AER uses a Sep–Dec quarter rather than the legislative tri-annual windows.""]"
20260128EUPA1476406	2025-09-01..2025-12-31	Cleveland Print Room	org-cleveland-print-room	Blake V. Springhetti	person-blake-v-springhetti	0.0	True	original		0	0	0	"[""This is an Executive Agency AER (not a Legislative AER). The filer lobbied an executive agency ('Development') on 'Program rules and grants.' The LobbyingEngagement entity was used to capture the agency/decision, but no Decision/Rule # was provided in the source."", 'Section I discloses an executive agency decision (Development — Program rules and grants) with no associated Decision/Rule number. The schema has no dedicated field for agency decision descriptions separate from bill references; the information was placed in LobbyingEngagement.topics and LobbyingEngagement.institution.', ""No expenditures reported (Section II shows 'No expenditures'); no LobbyingExpenditure rows emitted.""]"
20260128EUPA1476792	2025-09-01..2025-12-31	Carbon Solutions Group	org-carbon-solutions-group	Terrence O'Donnell	person-terrence-o-donnell	0.0	True	original		0	0	0	"['This is an Executive Agency AER (executive-branch lobbying), not a Legislative Agent AER. The extraction brief covers the legislative regime (ORC §§101.70-101.79); this filing appears to be governed by the executive lobbying regime instead. No schema field distinguishes legislative vs. executive AER type.', ""Section I discloses 'No agency decisions' — no LobbyingPosition rows emitted."", ""Section II reports 'No expenditures' — no LobbyingExpenditure rows emitted.""]"
20260128EUPA1477604	2025-09-01..2025-12-31	Jefferson-Belmont Regional Solid Waste Authority	org-jefferson-belmont-regional-solid-waste-authority	Victor F Hipsley	person-victor-f-hipsley	0.0	True	original		0	0	0	"['This is an Executive Agency AER (not a Legislative AER). The form covers executive agency lobbying decisions (Section I) and executive agency expenditures (Section II), not legislative bills/resolutions. The extraction rules provided reference legislative AER sections; they have been applied analogously. No agency decisions and no expenditures were reported for this period.', ""Reporting period label 'Sep-Dec25' does not follow the standard quarterly-tri-annual window exactly (standard windows end May 31 / Sep 30 / Jan 31). Interpreted as September–December 2025 (2025-09-01 to 2025-12-31).""]"
20260128EUPA1477930	2025-09-01..2025-12-31	Washington County Career Center	org-washington-county-career-center	William Vorys	person-william-vorys	0.0	True	original		0	0	0	"[""This is an Executive Agency AER (not a Legislative AER). The form header reads 'View Agent Executive AER' and Section I covers 'Executive Agency Lobbying Activity' / agency decisions rather than legislative bills. The schema has no dedicated field to distinguish executive-branch from legislative-branch filings; filing_type='activity_report' is used as the closest fit."", ""Section I states 'No agency decisions' — no LobbyingPosition rows emitted."", ""Section II states 'No expenditures' — no LobbyingExpenditure rows emitted.""]"
20260128EUPA1477978	2025-09-01..2025-12-31	Xavier University	org-xavier-university	Michael Guastella	person-michael-guastella	0.0	True	original		4	0	0	"[""This is an Executive Agency AER (not a legislative AER). The source form is titled 'View Agent Executive AER' and Section I lists agency decisions (Commerce, Governor, Higher Education, Budget & Management) rather than legislative bills. The schema's LobbyingPosition.general_issue_area was used to capture the agency name; no dedicated executive-agency-decision schema field exists."", ""Section I lists 'Decision / Rule #' column values (e.g., 'HB 96') which appear to be bill references associated with agency decisions rather than standalone legislative bills. HB 96 is referenced in both the Governor and Higher Education rows — modeled as two separate positions with the same bill reference."", ""Section I 'Commerce | Liquor License Transfer' and 'Budget & Management | College of Osteopathic Medicine funding' rows contain no bill/rule number; bill_reference left null for these positions."", ""Reporting period 'Sep-Dec25' interpreted as September–December 2025 (2025-09-01 to 2025-12-31). The standard OH legislative AER windows differ; this executive AER uses a Sep–Dec window.""]"
20260128EUPA1478066	2025-09-01..2025-12-31	Innergex Renewable Energy	org-innergex-renewable-energy	Matthew McDonnell	person-matthew-mcdonnell	0.0	True	original		0	0	0	"[""This AER is an Executive Agency filing (OLAC 'View Agent Executive AER'), not a Legislative Agent AER. The regime is executive-branch lobbying (ORC §§121.60-121.69), not the legislative regime (ORC §§101.70-101.79) described in the extraction brief. Schema fields and rules were applied as closely as possible, but the distinction should be noted for human review."", ""Section I discloses 'No agency decisions' — no LobbyingPosition rows emitted."", ""Section II discloses 'No expenditures' — no LobbyingExpenditure rows emitted."", ""Reporting period label is 'Sep-Dec25'; interpreted as 2025-09-01 through 2025-12-31. Ohio executive AERs use a Sep–Dec quarter rather than the legislative tri-annual windows; exact start/end dates inferred from the period label.""]"
20260128EUPA1478452	2025-09-01..2025-12-31	Toledo Mud Hens Baseball	org-toledo-mud-hens-baseball	Andrew W Herf	person-andrew-w-herf	0.0	True	original		0	0	0	"[""This AER is an Executive Agency filing (not Legislative), as indicated by the 'Executive Agency Lobbying Activity' and 'Executive Agency Lobbying Expenditure Statement' section headers and the OLAC form title 'View Agent Executive AER'. The LobbyingFiling schema does not have a distinct field to distinguish executive-agency AERs from legislative AERs; this distinction is noted here for human review."", ""Reporting period label is 'Sep-Dec25'; interpreted as 2025-09-01 to 2025-12-31. Ohio executive-agency AERs use the same quarterly-tri-annual windows as legislative AERs."", ""Section I discloses 'No agency decisions' — no LobbyingPosition rows emitted."", ""Section II discloses 'No expenditures' — no LobbyingExpenditure rows emitted.""]"
20260128LUPA1459440	2025-09-01..2025-12-31	National Federation of Independent Business/Ohio	org-national-federation-of-independent-business-ohio	Jared Weiser	person-jared-weiser	0.0	True	original		104	0	0	"[""Section II reported as 'No expenditures' — all expenditure sub-sections (II.A Gifts, II.B Itemized Meals & Beverages, II.C Dinner/Party/Function, II.D Aggregate) are empty; no expenditure rows emitted."", 'The OH AER form does not collect a lobbying stance (support/oppose/etc.) for Section I bills; all LobbyingPosition.position fields set to null.', ""Reporting period label 'Sep-Dec25' spans September–December 2025; reporting_period_start set to 2025-09-01 and reporting_period_end set to 2025-12-31 by inference (standard OH Sep 30 window runs Jul–Sep; however the label explicitly states Sep–Dec, so end date inferred as 2025-12-31). Human review recommended to confirm exact period boundaries."", ""Legislative title disclaimer present in source: 'ANY LEGISLATIVE TITLES APPEARING IN THE DISCLOSURE ABOVE ARE FOR INFORMATIONAL PURPOSES ONLY AND NOT INTENDED TO BE AN OFFICIAL OR EXCLUSIVE DESIGNATION OF ANY LEGISLATION CURRENTLY BEFORE OR ENACTED BY THE OHIO GENERAL ASSEMBLY.' — informational only, no schema field available.""]"
20260128LUPA1475972	2025-09-01..2025-12-31	State Medical Board of Ohio	org-state-medical-board-of-ohio	Melinda Snyder	person-melinda-snyder	0.0	True	original		108	0	0	"[""Section II shows 'No expenditures' with the note 'I am a state employee and not required to complete the expenditure statement'. The state-employee exemption status is not captured in the schema."", ""JC-prefixed items (e.g., 'JC 4778-1-01') appear to be Ohio Administrative Code rule references submitted for Joint Committee on Agency Rule Review (JCARR). The schema reference_type 'regulation' is used as the closest fit, but there is no dedicated JCARR/OAC rule reference type in the schema. No title/description text was provided for any JC item in the source."", ""One entry 'JC 4761-5-01' appears twice in the source. Both occurrences have been emitted as separate LobbyingPosition records; duplication may reflect a source filing error.""]"
20260128LUPA1477660	2025-09-01..2025-12-31	Pharmaceutical Research and Manufacturers of America(PhRMA)	org-pharmaceutical-research-and-manufacturers-of-america-phrma	Robert N Eshenbaugh, Jr	person-robert-n-eshenbaugh-jr	0.0	True	original		24	0	0	"[""HB 434 ('Exempt military driver's license applicants from driver's ed') appears unrelated to PhRMA's pharmaceutical/healthcare interests; retained as disclosed in the source without modification."", ""Section II states 'No expenditures' globally; no itemized rows were present for any of Sections II.A (Gifts), II.B (Itemized Meals & Beverages), II.C (Dinner/Party/Function), or II.D (Non-itemized aggregate). No LobbyingExpenditure records emitted."", ""Reporting period label in source is 'Sep-Dec25'; interpreted as 2025-09-01 through 2025-12-31 per OH tri-annual AER schedule (Sep–Dec window, due Jan 31).""]"
20260128LUPA1477904	2025-09-01..2025-12-31	TeamHealth, Inc.	org-teamhealth-inc	Victor F Hipsley	person-victor-f-hipsley	0.0	True	original		11	0	0	"[""Section II states 'No expenditures' — no expenditure rows emitted for Sections II.A, II.B, II.C, or II.D."", ""Reporting period label is 'Sep-Dec25'; interpreted as 2025-09-01 through 2025-12-31 (Ohio Sep–Dec quarterly window). Exact start/end dates inferred from Ohio AER quarterly convention, not stated explicitly in source.""]"
20260128LUPA1478114	2025-09-01..2025-12-31	Massillon Community Health and Innovation Center	org-massillon-community-health-and-innovation-center	Sherri Warner	person-sherri-warner	0.0	True	original		0	0	0	"[""Section I: 'No Activity Reported' — no bills or resolutions were disclosed; zero LobbyingPosition records emitted."", ""Section II: 'No expenditures' — all expenditure sub-sections (II.A Gifts, II.B Itemized Meals & Beverages, II.C Dinner/Party/Function, II.D Non-itemized Aggregate) are collectively reported as empty; zero LobbyingExpenditure records emitted."", ""Reporting period 'Sep-Dec25' interpreted as 2025-09-01 through 2025-12-31 (Ohio Sep 30 deadline window covers the September–December quarter, filed by January 31 deadline).""]"
20260129EUPA1480210	2025-09-01..2025-12-31	Charter Communications Operating, LLC	org-charter-communications-operating-llc	Chad Hawley	person-chad-hawley	0.0	True	original		0	0	0	"[""This AER is an Executive Agency (not Legislative) form — 'OLAC View Agent Executive AER' — covering executive agency lobbying activity under the executive regime. The schema filing_type 'activity_report' is used as the closest match, but the form is specifically an Executive AER, not a Legislative AER."", ""Section I discloses 'No agency decisions' — no LobbyingPosition rows emitted."", ""Section II discloses 'No expenditures' — no LobbyingExpenditure rows emitted."", ""Reporting period label is 'Sep-Dec25'; interpreted as 2025-09-01 through 2025-12-31. Note this is a four-month executive agency period, not a standard legislative quarterly window.""]"
20260129EUPA1481742	2025-09-01..2025-12-31	Ohio Apartment Association	org-ohio-apartment-association	Joshua Sanders	person-joshua-sanders	0.0	True	original		0	0	0	"[""This is an Executive Agency AER (not a Legislative AER). The form header reads 'View Agent Executive AER' and Section I covers 'Executive Agency Lobbying Activity' with agency decisions (not bills/resolutions). No positions emitted because no agency decisions were disclosed."", ""Section I states 'No agency decisions' — no lobbying positions or engagements were recorded this period."", ""Section II states 'No expenditures' — no expenditure rows emitted.""]"
20260129LUPA1480814	2025-09-01..2025-12-31	Ohio Aggregates & Industrial Minerals Association	org-ohio-aggregates-industrial-minerals-association	R Daniel Mapes	person-r-daniel-mapes	0.0	True	original		2	0	0	[]
20260129LUPA1481348	2025-09-01..2025-12-31	The Cincinnati Enquirer, A Division of Gannett Satellite Information Network, Inc.	org-the-cincinnati-enquirer-a-division-of-gannett-satellite-information-network-inc	Melissa R Hoeffel	person-melissa-r-hoeffel	0.0	True	original		0	0	0	"[""Reporting period 'Sep-Dec25' spans September–December 2025. Ohio's standard quarterly windows end Sep 30; the Dec 31 end date is inferred from the 'Sep-Dec' label and the Jan 31 filing deadline. If the state uses a different end date (e.g., Nov 30), the reporting_period_end should be adjusted."", ""Section I: 'No Activity Reported' — no LobbyingPosition rows emitted."", ""Section II: 'No expenditures' — no LobbyingExpenditure rows emitted for any sub-section (II.A, II.B, II.C, II.D).""]"
20260130EUPA1482982	2025-09-01..2025-12-31	Fuyao Glass America, Inc.	org-fuyao-glass-america-inc	Shannon Strow	person-shannon-strow	0.0	True	original		1	0	0	"[""This is an Executive Agency AER (not a Legislative AER). The lobbying activity is directed at the Governor (executive agency), not the legislature. The schema's LobbyingPosition has no dedicated field for agency/decision number; the decision is captured in the description field and the agency (Governor) is not representable as a bill_reference — bill_reference left null."", ""Section I discloses an agency decision ('Foreign Adversary Property Protection') with no Decision/Rule # provided. There is no bill number to populate in bill_reference."", ""The form header identifies this as 'View Agent Executive AER' (executive regime), whereas the extraction brief targets the legislative regime. Schema has no explicit flag distinguishing executive vs. legislative AER type — noted here for human review.""]"
20260130LUPA1482434	2025-09-01..2025-12-31	Health Policy Institute of Ohio	org-health-policy-institute-of-ohio	Robin Blair-Ackison	person-robin-blair-ackison	0.0	True	original		0	0	0	"[""Section I: 'No Activity Reported' — no bills or resolutions disclosed for this period; no LobbyingPosition records emitted."", ""Section II: 'No expenditures' — all expenditure sections (II.A Gifts, II.B Itemized Meals & Beverages, II.C Dinner/Party/Function, II.D Non-itemized aggregates) are empty; no LobbyingExpenditure records emitted.""]"
20260130LUPA1482470	2025-09-01..2025-12-31	Milan Laser Corporate, LLC dba Milan Laser Hair Removal	org-milan-laser-corporate-llc-dba-milan-laser-hair-removal	Leah Pappas Porner	person-leah-pappas-porner	1.35	True	original		1	0	1	"['Section II.D splits into three sub-amounts: Meals Under $50 ($1.35), Speaking Engagements ($0.00), National Conference Meals ($0.00). Schema has one entertainment row for the aggregate; sub-breakdown is lost.', ""Reporting period 'Sep-Dec25' interpreted as 2025-09-01 through 2025-12-31. Ohio Sep–Dec period is non-standard (typical windows end Sep 30); Dec 31 used as period end since the filing deadline was Jan 31."", 'Sections II.A (Gifts), II.B (Itemized Meals & Beverages), and II.C (Dinner/Party/Function) contained no rows; no expenditure records emitted for those sections.']"
20260130LUPA1482902	2025-09-01..2025-12-31	Fuyao Glass America, Inc.	org-fuyao-glass-america-inc	Lori Kershner	person-lori-kershner	0.0	True	original		3	0	0	"[""Section II states 'No expenditures' — no expenditure rows emitted for any sub-section (II.A Gifts, II.B Itemized Meals & Beverages, II.C Dinner/Party/Function, II.D Aggregate).""]"
20260130LUPA1482928	2025-09-01..2025-12-31	AARP	org-aarp	Jennifer Carlson	person-jennifer-carlson	0.0	True	original		4	0	0	"[""Reporting period label is 'Sep-Dec25'; interpreted as 2025-09-01 through 2025-12-31 (non-standard Ohio quarterly window). Standard OH legislative AER windows end Sep 30 or Jan 31; this window spans Sep–Dec and filed Jan 30 2026, suggesting it covers the full Sep–Dec 2025 period."", ""Section II states 'No expenditures' globally; no expenditure rows emitted for any sub-section (II.A, II.B, II.C, II.D).""]"
20260130LUPA1483488	2025-09-01..2025-12-31	Eyas Medical Imaging	org-eyas-medical-imaging	Matthew Davis	person-matthew-davis	0.0	True	original		0	0	0	"[""Reporting period 'Sep-Dec25' spans September–December 2025; reporting_period_start set to 2025-09-01 and reporting_period_end set to 2025-12-31 by inference, as the form does not provide explicit ISO dates for this window.""]"
20260131EUPA1484264	2025-09-01..2025-12-31	Wine.com of Ohio LLC	org-wine-com-of-ohio-llc	Scott North	person-scott-north	0.0	True	original		0	0	0	"[""This is an Executive Agency AER (not a Legislative AER). The form header reads 'View Agent Executive AER' and Section I covers 'Executive Agency Lobbying Activity' (agency decisions), not legislative bills/resolutions. The filing regime is executive-branch lobbying under ORC Chapter 121, not ORC §§101.70-101.79. No agency decisions were disclosed and no expenditures were reported for the Sep-Dec 2025 period.""]"
20260201EUPA1484650	2025-09-01..2025-12-31	United States Steel Corporation	org-united-states-steel-corporation	Adam Hewit	person-adam-hewit	0.0	True	original		0	0	0	"[""This AER is an Executive Agency filing (not a legislative AER). The form covers 'Executive Agency Lobbying Activity' and 'Executive Agency Lobbying Expenditure Statement', governed by a different regime than the legislative AER described in the extraction brief. No agency decisions and no expenditures were reported."", ""Reporting period label is 'Sep-Dec25'; interpreted as 2025-09-01 through 2025-12-31. The exact start day is not stated on the form — first day of September assumed.""]"
20260201EUPA1485334	2025-09-01..2025-12-31	Triple P America Inc.	org-triple-p-america-inc	Michael Hall	person-michael-hall	0.0	True	original		6	0	0	"['This is an Executive Agency AER (not a legislative AER). The form covers executive agency lobbying activity (ORC §121.60 et seq. regime), not the legislative regime (ORC §§101.70-101.79). The LobbyingFiling schema does not have a dedicated field to distinguish executive-branch from legislative-branch lobbying regimes; this distinction is recorded here as a warning.', ""Section I lists Agency and Decision Description columns but no 'Decision / Rule #' values were provided for any row. The schema has no dedicated field for agency decision/rule numbers; this information would be lost. No rule numbers were present in the source."", ""Six agency-advocacy rows all share the same Decision Description ('parenting program funding') with no bill_reference or bill_number available. These have been mapped to LobbyingPosition using general_issue_area for the agency name and description for the decision topic, but no bill_reference sub-entity could be populated as no bill or rule numbers were stated."", ""Section II shows 'No expenditures'; no expenditure rows emitted.""]"
20260202EUPA1483138	2025-09-01..2025-12-31	Mental Health & Addiction Advocacy Coalition	org-mental-health-addiction-advocacy-coalition	Joan Englund	person-joan-englund	0.0	True	original		5	0	0	"['This is an Executive Agency AER (not a legislative AER): Section I lists agency decisions with Agency, Decision Description, and Decision/Rule # columns rather than bills/resolutions. The LobbyingPosition schema has no dedicated fields for agency name, decision rule number, or executive-agency-specific metadata. Agency name mapped to general_issue_area and Decision/Rule # is lost except where it is a bill reference (SB 295).', 'Section I row for Governor/SB 295 contains a bill reference (SB 295) listed under the Decision/Rule # column rather than a descriptive decision title; captured as a BillReference but the decision description field is absent for that row.', ""Reporting period 'Sep-Dec25' implies September–December 2025; reporting_period_start set to 2025-09-01 and reporting_period_end set to 2025-12-31 by inference — exact day boundaries not stated in source."", ""Section II states 'No expenditures'; no expenditure rows emitted.""]"
20260202EUPA1486704	2025-09-01..2025-12-31	Giant Eagle, Inc	org-giant-eagle-inc	Hurst Talbott	person-hurst-talbott	0.0	True	original		0	0	0	"[""This AER is an Executive Agency filing (not a Legislative Agent filing). The form header reads 'View Agent Executive AER' and Section I covers 'Executive Agency Lobbying Activity' (agency decisions), not legislative bills/resolutions. The schema's LobbyingFiling type does not distinguish executive-agency AERs from legislative AERs; this distinction is noted here for human review."", ""Section I discloses 'No agency decisions' — no LobbyingPosition rows emitted."", ""Section II discloses 'No expenditures' — no LobbyingExpenditure rows emitted."", ""Reporting period label 'Sep-Dec25' interpreted as September–December 2025 (2025-09-01 to 2025-12-31).""]"
20260202EUPA1487070	2025-09-01..2025-12-31	American Electric Power	org-american-electric-power	Douglas J Preisse	person-douglas-j-preisse	0.0	True	original		0	0	0	"[""This is an Executive Agency AER (not a Legislative AER). Section I discloses executive agency decisions (not bills/resolutions), and the form header reads 'Executive Agency Lobbying Activity'. No agency decisions were reported this period. The regime noted in the extraction brief is legislative (ORC §§101.70-101.79), but the source document is governed by the executive agency lobbying regime — this discrepancy should be reviewed."", ""Reporting period label is 'Sep-Dec25'; interpreted as 2025-09-01 through 2025-12-31. Ohio executive AER periods differ from legislative quarterly windows; exact start/end dates should be confirmed against OLAC.""]"
20260202EUPA1487584	2025-09-01..2025-12-31	American Petroleum Institute - API Ohio	org-american-petroleum-institute-api-ohio	Gregory J Lestini	person-gregory-j-lestini	0.0	True	original		0	0	0	"[""This AER is an Executive Agency form (OLAC 'View Agent Executive AER'), not a Legislative Agent AER. The filing covers executive agency lobbying activity rather than legislative activity. The schema does not have a distinct field for executive vs. legislative regime; filing_type='activity_report' is used as the closest match."", ""Section I discloses 'No agency decisions' — no LobbyingPosition rows emitted."", ""Section II discloses 'No expenditures' — no LobbyingExpenditure rows emitted."", ""Reporting period label 'Sep-Dec25' interpreted as September 1 – December 31, 2025; exact start/end dates inferred from standard Ohio executive AER period boundaries.""]"
20260202EUPA1487630	2025-09-01..2025-12-31	Venture Land Title Agency	org-venture-land-title-agency	Ben Kaiser	person-ben-kaiser	0.0	True	original		0	0	0	"[""This AER is an Executive Agency form (not a Legislative Agent form). The source header reads 'View Agent Executive AER' and the lobbying activity section is titled 'I. Executive Agency Lobbying Activity' covering agency decisions, not legislative bills. The schema filing_type does not distinguish executive-agency AERs from legislative AERs; filed as activity_report."", ""Section I discloses 'No agency decisions' — no positions emitted."", ""Section II discloses 'No expenditures' — no expenditure rows emitted.""]"
20260202EUPA1488520	2025-09-01..2025-12-31	Cleveland Thermal	org-cleveland-thermal	Matt Koppitch	person-matt-koppitch	0.0	True	original		0	0	0	"['This is an Executive Agency AER (not a Legislative AER). The form covers executive agency lobbying activity (ORC §121.60 regime), not legislative lobbying (ORC §§101.70-101.79). The extraction brief references legislative AERs; this source is the executive variant.', ""Section I discloses 'No agency decisions' — no LobbyingPosition rows emitted."", ""Section II discloses 'No expenditures' — no LobbyingExpenditure rows emitted.""]"
20260202LUPA1485892	2025-09-01..2025-12-31	Department of Job and Family Services	org-department-of-job-and-family-services	Margaret Camma	person-margaret-camma	0.0	True	original		15	0	0	"['Section II.D sub-amounts (Meals Under $50: $0.00, Speaking Engagements: $0.00, National Conference Meals: $0.00) are all zero; no expenditure row emitted. Schema can only represent the aggregate, not the three-way breakdown — sub-breakdown would be lost if non-zero.', ""Form includes a state-employee attestation: 'I am a state employee and not required to complete the expenditure statement.' This status note has no dedicated schema field and is recorded here for human review."", ""Reporting period label 'Sep-Dec25' was interpreted as 2025-09-01 through 2025-12-31 (Ohio Sep–Dec quarterly window). No explicit start/end dates were provided in the source.""]"
20260202LUPA1486822	2025-09-01..2025-12-31	The Corporation for Findlay Market	org-the-corporation-for-findlay-market	Charles H Gerhardt, III	person-charles-h-gerhardt-iii	0.0	True	original		0	0	0	"[""Section I: 'No Activity Reported' — no bills or resolutions were disclosed for this period; no LobbyingPosition records emitted."", ""Section II: 'No expenditures' — all expenditure sections (II.A Gifts, II.B Itemized Meals & Beverages, II.C Dinner/Party/Function, II.D Aggregate) are empty; no LobbyingExpenditure records emitted."", ""Reporting period label 'Sep-Dec25' interpreted as September 1 – December 31, 2025 (a non-standard quarterly window); exact start/end dates inferred from period label as no explicit dates were provided in the source.""]"
20260202LUPA1487434	2025-09-01..2025-12-31	Ohio High School Athletic Association	org-ohio-high-school-athletic-association	Douglas J Preisse	person-douglas-j-preisse	0.0	True	original		2	0	0	"[""Section II header states 'No expenditures' — all expenditure subsections (II.A Gifts, II.B Itemized Meals & Beverages, II.C Dinner/Party/Function, II.D Aggregate) are empty; no expenditure rows emitted."", 'Bill titles in Section I carry a JLEC disclaimer that they are informational only and not official or exclusive designations; this disclaimer has no schema slot and is noted here for auditability.']"
20260202LUPA1489308	2025-09-01..2025-12-31	McLane Company, Inc.	org-mclane-company-inc	Rachael Guastella	person-rachael-guastella	0.33	True	original		22	0	1	"['Section II.D breaks down Non-Itemized Meals and Beverages into three sub-amounts: Meals Under $50 ($0.33), Speaking Engagements ($0.00), National Conference Meals ($0.00). Per extraction rules, a single entertainment row is emitted for the $0.33 total; the three-way sub-breakdown is not representable in the schema and is lost.', ""Reporting period label is 'Sep-Dec25'. OH Sep–Dec period interpreted as 2025-09-01 to 2025-12-31; no explicit start/end dates provided in the source."", 'Sections II.A (Gifts), II.B (Itemized Meals and Beverages), and II.C (Dinner/Party/Function) are empty; no expenditure rows emitted for those sections.']"
20260501RUPA1492036	2026-01-01..2026-04-30	Fifth Third Bank	org-fifth-third-bank	Patrick Blom	person-patrick-blom	0.0	True	original		0	0	0	"[""This is a Retirement System Agent AER (not a standard legislative agent AER). Section I covers 'retirement system decisions' rather than bills/resolutions — no retirement system activity was reported this period. The schema has no dedicated field for retirement system advocacy; positions[] is left empty. Section II reports no expenditures."", ""Reporting period label is 'Jan-Apr26'; interpreted as 2026-01-01 through 2026-04-30. Ohio retirement agent AERs use a Jan–Apr window not present in the standard legislative tri-annual schedule (May 31 / Sep 30 / Jan 31).""]"
20260505EUPA1492516	2026-01-01..2026-04-30	ALPS Services Inc.	org-alps-services-inc	Nathan Aichele	person-nathan-aichele	0.0	True	original		0	0	0	"[""This is an Executive Agency AER (not a Legislative AER). Section I covers executive agency decisions rather than bills/resolutions — no positions emitted because the source states 'No agency decisions'. The schema's LobbyingPosition.bill_reference is oriented toward legislation; executive agency decisions have no equivalent slot."", ""Reporting period label is 'Jan-Apr26', interpreted as 2026-01-01 through 2026-04-30. Ohio executive AER windows do not perfectly match the legislative quarterly windows; exact start/end dates are inferred from the period label and the May 5 filing date.""]"
20260505LUPA1492518	2026-01-01..2026-04-30	ALPS Services Inc.	org-alps-services-inc	Nathan Aichele	person-nathan-aichele	0.0	True	original		0	0	0	"[""Section I shows 'No Activity Reported' — no LobbyingPosition rows emitted."", ""Section II shows 'No expenditures' — no LobbyingExpenditure rows emitted."", ""Reporting period label is 'Jan-Apr26'; interpreted as 2026-01-01 through 2026-04-30 (Ohio Jan–Apr tri-annual window). Exact boundary dates not explicitly stated in source.""]"
20260507EUPA1493014	2026-01-01..2026-04-30	American Heart Association	org-american-heart-association	Dustin Holfinger	person-dustin-holfinger	0.0	True	original		0	0	0	"[""This AER is an Executive Agency form (OLAC 'View Agent Executive AER'), not a Legislative Agent AER. Section I covers 'Executive Agency Lobbying Activity' (agency decisions), not legislative bills/resolutions — no LobbyingPosition records were emitted. Section II covers 'Executive Agency Lobbying Expenditure Statement', not the legislative II.A–D itemized tables."", ""Reporting period label is 'Jan-Apr26'; interpreted as 2026-01-01 through 2026-04-30. The schema uses start/end dates; the exact end-of-April date (April 30) was inferred from the period label, not explicitly stated."", ""Section I: 'No agency decisions' — no lobbying activity to record."", ""Section II: 'No expenditures' — no expenditure rows emitted.""]"
20260507EUPA1493524	2026-01-01..2026-04-30	The Columbus Foundation	org-the-columbus-foundation	Andrew Minton	person-andrew-minton	0.0	True	original		0	0	0	"[""Source form is titled 'View Agent Executive AER', indicating this is an Executive Agency AER (not a Legislative AER). Section I covers executive agency lobbying activity (not bills/resolutions), and no agency decisions were disclosed. The filing_type has been set to activity_report and filer_role to lobbyist as the closest available schema values, but the executive-vs-legislative regime distinction is not represented in the schema."", ""Reporting period label is 'Jan-Apr26'; interpreted as 2026-01-01 to 2026-04-30. The exact start/end dates for this executive AER window are inferred and may differ from official period boundaries.""]"
20260507EUPA1493616	2026-01-01..2026-04-30	Management Council of the Ohio Education Computer Network	org-management-council-of-the-ohio-education-computer-network	Ben Cech	person-ben-cech	0.0	True	original		0	0	0	"[""This is an Executive Agency AER (not a Legislative AER). Section I covers 'Executive Agency Lobbying Activity' (agency decisions), not legislative bills/resolutions — no LobbyingPosition rows were emitted because the form reported 'No agency decisions'. Section II reported 'No expenditures', so no LobbyingExpenditure rows were emitted."", ""Reporting period label 'Jan-Apr26' does not map to a standard OH legislative AER quarterly window (May 31 / Sep 30 / Jan 31). It appears to be a Jan–Apr executive agency reporting window; period end set to 2026-04-30 by inference."", ""Confirmation number prefix 'EUPA' suggests Executive Agency filing type, distinct from a Legislative Agent AER. Schema does not have a separate filing_type for executive-agency vs. legislative AER; filed as 'activity_report'.""]"
20260507LUPA1493736	2026-01-01..2026-04-30	Central Ohio Transit Authority (COTA)	org-central-ohio-transit-authority-cota	Stephen Nielson	person-stephen-nielson	0.0	True	original		8	0	0	"[""Section II states 'No expenditures' — all expenditure sections (II.A Gifts, II.B Itemized Meals & Beverages, II.C Dinner/Party/Function, II.D Aggregate) are empty; no expenditure rows emitted."", ""Reporting period label is 'Jan-Apr26'; Ohio AER Jan window conventionally covers January–April. Dates mapped to 2026-01-01 through 2026-04-30. If the official period differs, this should be corrected."", ""Disclaimer text present in Section I: 'ANY LEGISLATIVE TITLES APPEARING IN THE DISCLOSURE ABOVE ARE FOR INFORMATIONAL PURPOSES ONLY AND NOT INTENDED TO BE AN OFFICIAL OR EXCLUSIVE DESIGNATION OF ANY LEGISLATION CURRENTLY BEFORE OR ENACTED BY THE OHIO GENERAL ASSEMBLY.' — informational only, no schema slot available.""]"
20260511LUPA1494376	2026-01-01..2026-04-30	Amgen	org-amgen	Deborah Hackathorn	person-deborah-hackathorn	0.0	True	original		4	0	0	"[""Reporting period label is 'Jan-Apr26'; interpreted as 2026-01-01 through 2026-04-30 (Jan–Apr filing window under the May 31 deadline). Exact start/end dates are inferred from standard OH quarterly-tri-annual period conventions."", ""Section II states 'No expenditures' globally; no expenditure rows emitted for any sub-section (II.A, II.B, II.C, II.D)."", 'Bill titles in Section I are flagged by the form as informational only and not official designations — noted for downstream use.']"
20260512LUPA1494960	2026-01-01..2026-04-30	Ohio Association of Foodbanks	org-ohio-association-of-foodbanks	Joree Novotny	person-joree-novotny	0.0	True	original		3	0	0	"[""Reporting period label is 'Jan-Apr26'; exact start/end dates inferred as 2026-01-01 to 2026-04-30 based on the standard OH Jan–Apr quarterly window (deadline May 31). Confirm if the jurisdiction uses a different convention."", ""Section II states 'No expenditures' globally — no itemized rows were present for any sub-section (II.A, II.B, II.C, II.D); no LobbyingExpenditure records emitted.""]"
20260512LUPA1495224	2026-01-01..2026-04-30	Cigna Corporate Services, LLC	org-cigna-corporate-services-llc	McKenzie K Davis	person-mckenzie-k-davis	0.0	True	original		4	0	0	"[""Reporting period label is 'Jan-Apr26'; interpreted as 2026-01-01 through 2026-04-30. The OH quarterly-triannual cycle typically ends Jan 31, but this label suggests an April end date — human review recommended to confirm exact period boundaries."", ""Section II shows 'No expenditures' globally with no sub-section breakdown provided; no expenditure rows emitted.""]"
20260513LUPA1495792	2026-01-01..2026-04-30	Ohio Council of Behavioral Health & Family Services Providers	org-ohio-council-of-behavioral-health-family-services-providers	Michael Toman	person-michael-toman	0.0	True	original		5	0	0	"[""Reporting period label is 'Jan-Apr26'; interpreted as 2026-01-01 to 2026-04-30. Ohio's standard Jan–Apr window aligns with the May 31 filing deadline, but exact start/end day boundaries are inferred, not explicitly stated in the source."", ""Section II states 'No expenditures' globally — no itemized sections (II.A, II.B, II.C, II.D) are present. No expenditure rows emitted."", 'Bill titles are flagged in source as informational only and not official/exclusive designations — caveat preserved here for auditability.']"
20260513LUPA1495960	2026-01-01..2026-04-30	CoinFlip	org-coinflip	W. Fletch Zimpher	person-w-fletch-zimpher	0.0	True	original		4	0	0	"[""Reporting period label is 'Jan-Apr26'; interpreted as 2026-01-01 through 2026-04-30 (the standard Jan 31-deadline window covering January–April). Exact start/end dates not explicitly stated on form."", 'Bill titles are flagged in the source as informational only and not official or exclusive designations — reproduced as-is in position descriptions per source.', ""Section II states 'No expenditures' globally with no sub-section breakdown; no expenditure rows emitted.""]"
20260515EUPA1496748	2026-01-01..2026-04-30	The Repair Association	org-the-repair-association	William Hinman	person-william-hinman	0.0	True	original		3	0	0	"[""This is an Executive Agency AER (not a Legislative AER). Section I discloses executive agency lobbying activity across three agencies (Commerce, Governor, Lieutenant Governor), each with the same decision description ('Decisions regarding consumer rights') and no Decision/Rule # provided. The LobbyingPosition schema has no dedicated field for agency name or decision/rule number; agency name has been recorded in general_issue_area and description as best fit, but the agency-specific structure is not fully representable."", ""Reporting period label is 'Jan-Apr26'; interpreted as January 1 – April 30, 2026. The exact start/end day boundaries are inferred, not explicitly stated."", ""Section II expenditures are 'No expenditures'; no expenditure rows emitted.""]"
20260515EUPA1496886	2026-01-01..2026-04-30	Centene Corporation	org-centene-corporation	Andrew D Bowers	person-andrew-d-bowers	0.0	True	original		0	0	0	"['This AER is an Executive Agency form (not a Legislative Agent AER). The form covers executive agency lobbying activity (ORC executive regime), not the legislative regime (ORC §§101.70-101.79). The schema does not have a distinct field to distinguish legislative vs. executive AER type; this has been noted here for human review.', ""Section I discloses 'No agency decisions' — no lobbying positions extracted."", ""Section II discloses 'No expenditures' — no expenditure rows extracted.""]"
20260515EUPA1496930	2026-01-01..2026-04-30	Regional Income Tax Agency	org-regional-income-tax-agency	Anthony Aquillo	person-anthony-aquillo	0.0	True	original		0	0	0	"[""This is an Executive Agency AER (not a Legislative AER). The form heading reads 'View Agent Executive AER' and Section I is titled 'Executive Agency Lobbying Activity', governed by the executive lobbying regime, not ORC §§101.70-101.79. The schema and extraction rules supplied reference the legislative regime; this distinction is noted for human review."", ""Section I: 'No agency decisions' — no LobbyingPosition rows emitted."", ""Section II: 'No expenditures' — no LobbyingExpenditure rows emitted."", ""Reporting period label 'Jan-Apr26' interpreted as January 1 – April 30, 2026. Ohio executive AER deadlines differ from legislative AER deadlines; the exact period boundary dates may need confirmation.""]"
20260516EUPA1497156	2026-01-01..2026-04-30	Life Connection	org-life-connection	Michelle M Fitzgibbon	person-michelle-m-fitzgibbon	0.0	True	original		0	0	0	"[""This is an Executive Agency AER (not a Legislative AER). The form covers executive agency lobbying activity under a different OLAC regime. The schema's LobbyingPosition entity is designed for bills/resolutions; the disclosed item here is an agency decision (Ohio Dept. of Rehabilitation & Corrections — 'Discussing opportunities for modernizing the donation process', no Decision/Rule # provided). It has been captured as a LobbyingEngagement instead, which is the closest available schema fit."", 'No Decision/Rule # was provided for the Rehabilitation & Corrections agency decision; the field was left blank in the source.', ""Reporting period label is 'Jan-Apr26'; interpreted as 2026-01-01 to 2026-04-30. Ohio executive agent AERs use a Jan–Apr window (due May 31), consistent with this interpretation."", ""Section II states 'No expenditures'; no LobbyingExpenditure rows emitted.""]"
20260518EUPA1491744	2026-01-01..2026-04-30	Ohio Suicide Prevention Foundation	org-ohio-suicide-prevention-foundation	Tony Coder	person-tony-coder	0.0	True	original		0	0	0	"[""This is an Executive Agency AER (not a Legislative AER). The form header reads 'View Agent Executive AER' and Section I covers 'Executive Agency Lobbying Activity' / 'agency decisions', not legislative bills. The LobbyingFiling schema does not have a distinct field to flag executive vs. legislative regime; recorded here for human review."", ""Section I: 'No agency decisions' — no lobbying activity to record."", ""Section II: 'No expenditures' — no expenditure rows emitted."", ""Reporting period label 'Jan-Apr26' interpreted as 2026-01-01 through 2026-04-30 (executive regime uses Jan–Apr window rather than the legislative quarterly windows).""]"
20260518EUPA1498126	2026-01-01..2026-04-30	ZHF Consulting LLC	org-zhf-consulting-llc	Thomas M Zaino	person-thomas-m-zaino	0.0	True	original		0	0	0	"['This is an Executive Agency AER (not a Legislative AER). The filer lobbied an executive agency (Taxation / Tax Policy), not the legislature. The LobbyingFiling schema does not have a dedicated field distinguishing executive-agency vs. legislative regime; this is captured only in the engagements[].institution field.', 'Section I discloses an executive agency decision (Agency: Taxation, Decision Description: Tax Policy) with no Decision/Rule # provided. No bill references are applicable; the engagement is recorded under engagements[] rather than positions[].', ""Section II states 'No expenditures'; no LobbyingExpenditure rows were emitted."", ""Reporting period label 'Jan-Apr26' was interpreted as 2026-01-01 through 2026-04-30. The exact start/end day boundaries for this period are not explicitly stated on the form.""]"
20260519LUPA1498832	2026-01-01..2026-04-30	Johnson & Johnson	org-johnson-johnson	Kelsey Woolard	person-kelsey-woolard	0.0	True	original		6	0	0	"[""Reporting period label is 'Jan-Apr26'; mapped to 2026-01-01 – 2026-04-30. Ohio's Jan–Apr window typically runs January 1 – April 30; confirm if the exact end date differs from the standard May 31 deadline window."", ""Section II states 'No expenditures' — no expenditure rows emitted for any sub-section (II.A, II.B, II.C, II.D).""]"
20260520EUPA1501358	2026-01-01..2026-04-30	Green Lawn Cemetery Association	org-green-lawn-cemetery-association	William Vorys	person-william-vorys	0.0	True	original		0	0	0	"[""This AER is an Executive Agency form (OLAC 'View Agent Executive AER'), not a Legislative Agent AER. The regime is executive agency lobbying (not ORC §§101.70-101.79 legislative). Schema has no dedicated field to distinguish executive vs. legislative AER type; noted here for human review."", ""Reporting period is labeled 'Jan-Apr26' on the form. Ohio executive AER periods do not map directly to the legislative quarterly windows (May 31 / Sep 30 / Jan 31). Reporting period start/end inferred as 2026-01-01 to 2026-04-30 based on the label; exact statutory boundaries should be confirmed."", ""Section I discloses 'No agency decisions' — no LobbyingPosition rows emitted."", ""Section II discloses 'No expenditures' — no LobbyingExpenditure rows emitted.""]"
20260520LUPA1499716	2026-01-01..2026-04-30	Blood Cancer United, Inc.	org-blood-cancer-united-inc	Dave Almeida	person-dave-almeida	0.0	True	original		0	0	0	"[""Section I: 'No Activity Reported' — no bills or resolutions disclosed; positions list is empty."", ""Section II: 'No expenditures' — all expenditure sections (II.A–D) are empty; expenditure list is empty."", ""Reporting period label 'Jan-Apr26' interpreted as 2026-01-01 through 2026-04-30 (standard OH Jan–Apr window). Exact start/end dates not explicitly stated in source.""]"
20260520LUPA1499942	2026-01-01..2026-04-30	Ohio Credit Union League & Affiliates	org-ohio-credit-union-league-affiliates	David A Battocletti	person-david-a-battocletti	4.7	True	original		42	0	1	"['Section II.D splits into three sub-amounts: Meals Under $50 ($4.70), Speaking Engagements ($0.00), National Conference Meals ($0.00). Per extraction rules, one entertainment row emitted for the non-zero total ($4.70); the three-way sub-breakdown is not representable in the schema and is lost.', ""Reporting period label in source is 'Jan-Apr26', interpreted as January 1 – April 30, 2026. The OH legislative AER Jan-deadline window typically covers May–January; the label 'Jan-Apr26' suggests a non-standard or extended window. Human review recommended to confirm exact period dates."", ""The disclaimer text 'ANY LEGISLATIVE TITLES APPEARING IN THE DISCLOSURE ABOVE ARE FOR INFORMATIONAL PURPOSES ONLY...' appears in the source but has no schema field; noted here for completeness.""]"
20260520LUPA1500112	2026-01-01..2026-04-30	AARP	org-aarp	Benjamin Webb	person-benjamin-webb	0.0	True	original		7	0	0	"[""Section II states 'No expenditures' — no expenditure rows emitted for any sub-section (II.A, II.B, II.C, II.D)."", ""Reporting period label is 'Jan-Apr26'; start date inferred as 2026-01-01 and end date as 2026-04-30 based on the Ohio Jan–Apr quarterly window (deadline May 31). Exact boundary dates not explicitly stated in source."", ""Disclaimer note present in source: 'ANY LEGISLATIVE TITLES APPEARING IN THE DISCLOSURE ABOVE ARE FOR INFORMATIONAL PURPOSES ONLY AND NOT INTENDED TO BE AN OFFICIAL OR EXCLUSIVE DESIGNATION OF ANY LEGISLATION CURRENTLY BEFORE OR ENACTED BY THE OHIO GENERAL ASSEMBLY.' Not representable in schema; noted here for completeness.""]"
20260520LUPA1500422	2026-01-01..2026-04-30	Imagine Learning	org-imagine-learning	Victor F Hipsley	person-victor-f-hipsley	0.0	True	original		2	0	0	"[""Reporting period label 'Jan-Apr26' implies January–April 2026; reporting_period_start set to 2026-01-01 and reporting_period_end set to 2026-04-30 by inference from the standard OH Jan-Apr window, as exact boundary dates are not explicitly stated in the source.""]"
20260520LUPA1500954	2026-01-01..2026-04-30	Healthcare Distribution Alliance	org-healthcare-distribution-alliance	Kevin Shimp	person-kevin-shimp	0.0	True	original		5	0	0	"[""Reporting period label is 'Jan-Apr26'; interpreted as January 1 – April 30, 2026 (Ohio Jan 31-deadline quarterly window). Exact start/end dates inferred from Ohio AER convention; not explicitly stated in source."", ""Section II states 'No expenditures' globally — no itemized rows emitted for Sections II.A, II.B, II.C, or II.D."", ""Bill title disclaimer present in source ('ANY LEGISLATIVE TITLES APPEARING IN THE DISCLOSURE ABOVE ARE FOR INFORMATIONAL PURPOSES ONLY…'); captured here for completeness but has no schema slot.""]"
20260521EUPA1502660	2026-01-01..2026-04-30	NAR Solutions, Inc.	org-nar-solutions-inc	Spencer Gross	person-spencer-gross	0.0	True	original		0	0	0	"[""This AER is an Executive Agency form (not a Legislative AER). The form header reads 'View Agent Executive AER' and Section I is titled 'Executive Agency Lobbying Activity' — it tracks executive agency decisions, not legislative bills/resolutions. The extraction brief covers Legislative Agent AERs; this filing falls under a different regime. No agency decisions were disclosed and no expenditures were reported."", ""Reporting period label 'Jan-Apr26' does not map to a standard OH legislative AER quarter (May 31 / Sep 30 / Jan 31 windows). Interpreted as January 1 – April 30, 2026 for an executive agency reporting cycle. Exact start/end dates may differ from the official period definition."", ""Section I: 'No agency decisions' — no LobbyingPosition rows emitted."", ""Section II: 'No expenditures' — no LobbyingExpenditure rows emitted.""]"
20260521EUPA1502750	2026-01-01..2026-04-30	Ohio School-Based Health Alliance	org-ohio-school-based-health-alliance	Markee Osborne	person-markee-osborne	0.0	True	original		0	0	0	"[""This is an Executive Agency AER (not a Legislative AER). The form covers executive agency lobbying activity and expenditures, not legislative bill/resolution advocacy. The schema's LobbyingFiling does not have a dedicated field distinguishing executive-branch from legislative-branch filings; this distinction is noted here for human review."", ""Section I discloses 'No agency decisions' — no LobbyingPosition rows emitted."", ""Section II discloses 'No expenditures' — no LobbyingExpenditure rows emitted."", ""Reporting period label is 'Jan-Apr26'; interpreted as January 1 – April 30, 2026 (executive regime uses a Jan–Apr window rather than the legislative Jan 31 deadline window).""]"
20260521LUPA1502242	2026-01-01..2026-04-30	Greater Cleveland Sports Commission	org-greater-cleveland-sports-commission	Jackson Bergdoll	person-jackson-bergdoll	0.0	True	original		1	0	0	"[""Reporting period label is 'Jan-Apr26'; interpreted as 2026-01-01 through 2026-04-30. Ohio AER windows typically end May 31 (filed by May 31), so start/end dates are inferred — confirm against OLAC official period definitions."", ""Section II shows 'No expenditures'; no expenditure rows emitted for any sub-section (II.A–D).""]"
20260521LUPA1502300	2026-01-01..2026-04-30	Aircraft Owners and Pilots Association	org-aircraft-owners-and-pilots-association	Kyle Lewis	person-kyle-lewis	0.0	True	original		0	0	0	"[""Section I: 'No Activity Reported' — no bills or resolutions disclosed; zero LobbyingPosition rows emitted."", ""Section II: 'No expenditures' — all expenditure sections (A, B, C, D) are empty; zero LobbyingExpenditure rows emitted."", ""Reporting period label is 'Jan-Apr26'; interpreted as 2026-01-01 through 2026-04-30 (standard OH Jan–Apr window ending before the May 31 deadline).""]"
20260521LUPA1502316	2026-01-01..2026-04-30	Alvis, Inc.	org-alvis-inc	Andrew Minton	person-andrew-minton	0.0	True	original		1	0	0	"[""Reporting period label is 'Jan-Apr26'; interpreted as January 1 – April 30, 2026. Ohio's standard Jan-filing window typically runs Aug 1 – Dec 31 of the prior year; this label suggests a non-standard or renamed period. Exact start/end dates should be verified against OLAC's period definitions."", ""Section II states 'No expenditures' globally — no itemized or aggregate expenditure rows emitted for any sub-section (A, B, C, or D).""]"
20260521LUPA1502536	2026-01-01..2026-04-30	FEWI Development Corporation	org-fewi-development-corporation	Patrick Schwartz	person-patrick-schwartz	0.0	True	original		0	0	0	"[""Reporting period label is 'Jan-Apr26'; interpreted as 2026-01-01 to 2026-04-30, consistent with the OH legislative AER Jan 31 deadline cycle covering January–April."", ""Section I: 'No Activity Reported' — no LobbyingPosition rows emitted."", ""Section II: 'No expenditures' — no LobbyingExpenditure rows emitted for any sub-section (II.A–D).""]"
20260522EUPA1504586	2026-01-01..2026-04-30	Alliance For Automotive Innovation	org-alliance-for-automotive-innovation	Joshua Sanders	person-joshua-sanders	0.0	True	original		0	0	0	"[""This AER is an Executive Agency (not Legislative) form — OLAC 'View Agent Executive AER'. The LobbyingFiling schema does not have a dedicated field to distinguish legislative vs. executive-agency regime; filed under filing_type='activity_report' without further differentiation."", ""Section I lists 'No agency decisions' — no LobbyingPosition rows emitted."", ""Section II lists 'No expenditures' — no LobbyingExpenditure rows emitted."", ""Reporting period label is 'Jan-Apr26'; interpreted as 2026-01-01 through 2026-04-30 (executive-agency Jan–Apr window). Exact start/end dates not explicitly stated in source.""]"
20260522LUPA1504886	2026-01-01..2026-04-30	DirecTV, LLC	org-directv-llc	Daniel A Reinhard	person-daniel-a-reinhard	2.73	True	original		0	0	1	"['Section II.D breaks down into three sub-categories: Meals Under $50 ($2.73), Speaking Engagements ($0.00), and National Conference Meals ($0.00). The schema has only one entertainment row for aggregate Section D; the sub-category breakdown is lost.', ""Reporting period label is 'Jan-Apr26'; interpreted as January 1 – April 30, 2026 (Ohio Jan 31-deadline quarter). Exact start/end day boundaries are not stated on the form."", ""Section I shows 'No Activity Reported'; no LobbyingPosition rows were emitted."", 'Sections II.A (Gifts), II.B (Itemized Meals & Beverages), and II.C (Dinner/Party/Function) are all empty; no expenditure rows were emitted for those sections.']"
20260522LUPA1505132	2026-01-01..2026-04-30	Vitra Health	org-vitra-health	Erin Synk	person-erin-synk	0.0	True	original		0	0	0	"[""Reporting period label is 'Jan-Apr26'; OH AER reporting windows are typically Jan–Apr (filed by May 31). Mapped to 2026-01-01 / 2026-04-30."", ""Section I: 'No Activity Reported' — no LobbyingPosition rows emitted."", ""Section II: 'No expenditures' — no LobbyingExpenditure rows emitted.""]"
20260526EUPA1505644	2026-01-01..2026-04-30	Ohio Education Association	org-ohio-education-association	Matthew M Dotson	person-matthew-m-dotson	0.0	True	original		0	0	0	"[""This is an Executive Agency AER (executive-branch lobbying), not a Legislative AER. The filing form is 'OLAC - View Agent Executive AER', governed by the executive lobbying regime, not ORC §§101.70-101.79. The extraction brief targets legislative AERs; this filing may belong to a different regulatory category."", ""Section I reports 'No agency decisions' — no LobbyingPosition rows emitted."", ""Section II reports 'No expenditures' — no LobbyingExpenditure rows emitted."", ""Reporting period is labeled 'Jan-Apr26'; interpreted as 2026-01-01 through 2026-04-30 (executive AER Jan–Apr window). Exact start/end dates are inferred from the period label, not explicitly stated.""]"
20260526EUPA1505944	2026-01-01..2026-04-30	Turo, Inc.	org-turo-inc	Thomas P Pappas	person-thomas-p-pappas	0.0	True	original		0	0	0	"[""This AER is an Executive Agency form (OLAC 'View Agent Executive AER'), not a Legislative Agent AER. The regime is executive agency lobbying (ORC §§121.60-121.69), not legislative (ORC §§101.70-101.79). The schema does not have a distinct field to flag executive vs. legislative regime; this distinction is noted here for human review."", ""Section I discloses 'No agency decisions' — no LobbyingPosition rows emitted."", ""Section II discloses 'No expenditures' — no LobbyingExpenditure rows emitted."", ""Reporting period label is 'Jan-Apr26'; reporting_period_start inferred as 2026-01-01 and reporting_period_end inferred as 2026-04-30 based on the Jan–Apr window convention for this Ohio executive AER deadline cycle.""]"
20260526EUPA1506792	2026-01-01..2026-04-30	Ohio Distiller's Guild	org-ohio-distiller-s-guild	Charles H Gerhardt, III	person-charles-h-gerhardt-iii	0.0	True	original		2	0	0	"['This is an Executive Agency AER (not a legislative AER). Section I discloses specific agency decisions with active advocacy (Commerce and Fire Marshall), not bills/resolutions. The LobbyingPosition schema has no dedicated fields for agency name, decision description, or decision/rule number; these have been mapped to general_issue_area (agency) and description (decision description). Decision/Rule # was blank in the source.', ""Reporting period label is 'Jan-Apr26', interpreted as January–April 2026. The schema uses start/end dates; start mapped to 2026-01-01 and end to 2026-04-30. Ohio executive AER Jan–Apr period end date may officially be April 30; confirm if a different convention applies.""]"
20260526EUPA1507830	2026-01-01..2026-04-30	Meta Platforms, Inc.	org-meta-platforms-inc	Lisa H Dodge	person-lisa-h-dodge	0.0	True	original		0	0	0	"[""This is an Executive Agency AER (executive lobbying regime), not a Legislative Agent AER. The form header reads 'View Agent Executive AER' and references JLEC executive agency lobbying (ORC §121.60 et seq.), not the legislative regime (ORC §§101.70-101.79). The extraction brief assumed a legislative filing; the regime distinction is flagged for human review."", ""Section I discloses 'No agency decisions' — no LobbyingPosition rows emitted."", ""Section II discloses 'No expenditures' — no LobbyingExpenditure rows emitted."", ""Reporting period label is 'Jan-Apr26'; interpreted as January 1 – April 30, 2026. Ohio executive AER May 31 deadline aligns with this window, but exact start/end dates are inferred from the period label, not stated explicitly.""]"
20260526EUPA1508506	2026-01-01..2026-04-30	Southwest Ohio Regional Transit Authority	org-southwest-ohio-regional-transit-authority	James T Benedict	person-james-t-benedict	0.0	True	original		2	0	0	"[""This is an Executive Agency AER (not a Legislative AER). Section I discloses executive agency lobbying activity (contacts with Governor and Transportation agency), not legislative bills/resolutions. The LobbyingPosition schema does not have dedicated fields for agency name or decision/rule number; these were mapped to general_issue_area and description as best approximations. Agency names ('Governor', 'Transportation') and decision descriptions are preserved in position descriptions, but the Decision/Rule# column was blank in the source."", ""Reporting period label is 'Jan-Apr26', interpreted as January 1 – April 30, 2026. The exact start/end dates are inferred from the period label, not explicitly stated."", ""Section II states 'No expenditures'; no expenditure rows were emitted.""]"
20260526EUPA1508826	2026-01-01..2026-04-30	Gavin Generation II, LLC	org-gavin-generation-ii-llc	W Zachary Holzapfel	person-w-zachary-holzapfel	0.0	True	original		0	0	0	"[""This is an Executive Agency AER (not a Legislative AER). The form covers executive agency lobbying activity (JobsOhio and Public Utilities Commission), not legislative bill/resolution activity. The schema's LobbyingPosition entity is oriented toward bills; the agency decisions (JobsOhio – Energy Policy; Public Utilities Commission – Energy Policy) were not emitted as LobbyingPositions because they reference agency decisions/rules, not legislation. Decision/Rule # fields were blank in the source."", 'Section I discloses two executive agency lobbying activities: (1) Agency: JobsOhio, Decision Description: Energy Policy, Decision/Rule #: [blank]; (2) Agency: Public Utilities Commission, Decision Description: Energy Policy, Decision/Rule #: [blank]. No schema slot exists for executive agency decision references on LobbyingFiling; information retained here in extraction_warnings.', ""Reporting period label 'Jan-Apr26' interpreted as January 1, 2026 – April 30, 2026 (pre-May 31 deadline cycle for executive AERs).""]"
20260526LUPA1506034	2026-01-01..2026-04-30	Ohio Hospital Association	org-ohio-hospital-association	Mike Abrams	person-mike-abrams	0.0	True	original		3	0	0	"[""Section I lists 'CB DOH0105168' — this appears to be an Ohio administrative/committee bill or docket reference (prefix 'CB DOH') rather than a standard House (HB) or Senate (SB) bill. It is not resolvable to a standard legislative bill number from the source text alone; stored as-is in bill_reference.original_text with reference_type='bill' pending human review."", ""Reporting period label 'Jan-Apr26' does not specify exact start/end dates. Dates inferred as 2026-01-01 through 2026-04-30 based on the standard Ohio legislative AER Jan–Apr window; human review advised."", ""Section II states 'No expenditures' — no expenditure rows emitted for any sub-section (II.A, II.B, II.C, II.D).""]"
20260526LUPA1507184	2026-01-01..2026-04-30	Ohio School Health Services Association (OSHSA)	org-ohio-school-health-services-association-oshsa	Bryan Williams	person-bryan-williams	0.0	True	original		0	0	0	"[""Reporting period label is 'Jan-Apr26'; Ohio legislative AERs use a Jan–Apr window (due May 31). Interpreted as 2026-01-01 to 2026-04-30. Exact start/end dates not explicitly stated in the source."", ""Section I: 'No Activity Reported' — no LobbyingPosition rows emitted."", ""Section II: 'No expenditures' — no LobbyingExpenditure rows emitted for any sub-section (II.A, II.B, II.C, II.D).""]"
20260526LUPA1507534	2026-01-01..2026-04-30	Cincinnati Children's Hospital Medical Center	org-cincinnati-children-s-hospital-medical-center	Alana Tucker	person-alana-tucker	0.0	True	original		12	0	0	"[""Reporting period label is 'Jan-Apr26'; interpreted as 2026-01-01 through 2026-04-30. Ohio's Jan-Apr window typically runs January 1 – April 30 under the May 31 deadline cycle."", ""Section II shows 'No expenditures' globally — no rows emitted for Sections A, B, C, or D.""]"
20260526LUPA1508874	2026-01-01..2026-04-30	MobilityWorks	org-mobilityworks	Scott Owens	person-scott-owens	0.0	True	original		0	0	0	"[""Section I: 'No Activity Reported' — no bills or resolutions disclosed; zero LobbyingPosition records emitted."", ""Section II: 'No expenditures' — all expenditure sections (A, B, C, D) are empty; zero LobbyingExpenditure records emitted."", ""Reporting period label 'Jan-Apr26' interpreted as 2026-01-01 through 2026-04-30 (Ohio Jan–Apr window with May 31 deadline); exact end date not explicitly stated in source.""]"
20260526LUPA1509028	2026-01-01..2026-04-30	Xavier University	org-xavier-university	Ronald Romito	person-ronald-romito	0.0	True	original		3	0	0	"[""Reporting period label is 'Jan-Apr26'; interpreted as January 1 – April 30, 2026 (standard OH Jan–Apr window with May 31 deadline)."", ""Section II states 'No expenditures' globally — no expenditure rows emitted for any sub-section (A, B, C, or D)."", ""Bill titles are flagged in the source as 'for informational purposes only and not intended to be an official or exclusive designation'; captured as-filed.""]"
20260526LUPA1509340	2026-01-01..2026-04-30	National Wildlife Federation	org-national-wildlife-federation	Rebecca Meuninck	person-rebecca-meuninck	0.0	True	original		0	0	0	"[""Reporting period label is 'Jan-Apr26'; OH legislative AER periods are typically Jan–Apr (May 31 deadline). reporting_period_start set to 2026-01-01 and reporting_period_end set to 2026-04-30 by convention; exact boundary dates not explicitly stated in source."", ""Section I shows 'No Activity Reported' — no LobbyingPosition rows emitted."", ""Section II shows 'No expenditures' — no LobbyingExpenditure rows emitted.""]"
20260527EUPA1510294	2026-01-01..2026-04-30	Coalition For Ticket Fairness	org-coalition-for-ticket-fairness	William L Byers, IV	person-william-l-byers-iv	0.0	True	original		0	0	0	"[""This AER is an Executive Agency form (OLAC 'View Agent Executive AER'), not a Legislative AER. Section I covers 'Executive Agency Lobbying Activity' (agency decisions), not legislative bills/resolutions. No legislative positions are reported."", ""Section I discloses 'No agency decisions' — no lobbying activity rows to extract."", ""Section II discloses 'No expenditures' — no expenditure rows to extract."", ""Reporting period label is 'Jan-Apr26'; interpreted as January 1 – April 30, 2026. Ohio executive AERs use a Jan–Apr window (due May 31), consistent with the May 27, 2026 filed date.""]"
20260527EUPA1511096	2026-01-01..2026-04-30	Aultman Hospital	org-aultman-hospital	Jason A Paduchik	person-jason-a-paduchik	0.0	True	original		0	0	0	"[""This AER is an Executive Agency form (OLAC 'View Agent Executive AER'), not a Legislative Agent AER. The extraction brief targets legislative AERs (ORC §§101.70-101.79); this filing covers executive agency lobbying activity. The regime difference is noted for human review."", ""Section I states 'No agency decisions' — no lobbying positions extracted."", ""Section II states 'No expenditures' — no expenditure rows extracted."", ""Reporting period label is 'Jan-Apr26'; interpreted as 2026-01-01 through 2026-04-30. Ohio executive AER periods may differ from legislative periods; confirm exact end date.""]"
20260527LUPA1509700	2026-01-01..2026-04-30	GlaxoSmithKline	org-glaxosmithkline	Sandra Benen	person-sandra-benen	0.0	True	original		0	0	0	"[""Reporting period label is 'Jan-Apr26'; interpreted as January 1 – April 30, 2026. The exact start/end day boundaries for this Ohio tri-annual window are inferred from convention (Jan 1 – Apr 30); the form does not state explicit calendar dates."", ""Section I: 'No Activity Reported' — no LobbyingPosition rows emitted."", ""Section II: 'No expenditures' — no LobbyingExpenditure rows emitted for any sub-section (II.A Gifts, II.B Itemized Meals & Beverages, II.C Dinner/Party/Function, II.D Aggregate).""]"
20260527LUPA1509802	2026-01-01..2026-04-30	Edmentum	org-edmentum	Madison Whalen	person-madison-whalen	15.0	True	original		2	0	1	"['Section II.D splits into three sub-amounts: Meals Under $50 ($15.00), Speaking Engagements ($0.00), National Conference Meals ($0.00). Schema supports only one entertainment row for the Section D aggregate; sub-breakdown is lost.', ""Reporting period label is 'Jan-Apr26' (January–April 2026). OH AER periods typically run Jan–Apr; start mapped to 2026-01-01 and end mapped to 2026-04-30 by convention, but exact boundary dates are not stated on the form.""]"
20260527LUPA1510448	2026-01-01..2026-04-30	Cleveland Public Theatre	org-cleveland-public-theatre	Brian Durdle	person-brian-durdle	0.0	True	original		0	0	0	"[""Reporting period label is 'Jan-Apr26'; interpreted as 2026-01-01 to 2026-04-30 (the Ohio Jan 31 deadline window). Exact start/end dates not explicitly stated on form."", ""Section I: 'No Activity Reported' — no LobbyingPosition rows emitted."", ""Section II: 'No expenditures' — no LobbyingExpenditure rows emitted.""]"
20260527LUPA1510720	2026-01-01..2026-04-30	Caregiver Inc.	org-caregiver-inc	Matt Carle	person-matt-carle	0.0	True	original		0	0	0	"[""Section I shows 'No Activity Reported' — no bills or resolutions were disclosed for this reporting period; no LobbyingPosition records emitted."", ""Section II shows 'No expenditures' — no expenditure records emitted for any sub-section."", ""Reporting period label is 'Jan-Apr26'; interpreted as 2026-01-01 through 2026-04-30. Ohio's standard Jan-Apr window (Jan 31 deadline cycle) typically runs February–April; the exact start date is inferred as January 1 and end date as April 30 based on the period label.""]"
20260527LUPA1511478	2026-01-01..2026-04-30	Groundwork Ohio	org-groundwork-ohio	Jimmy Wolf	person-jimmy-wolf	20.0	True	original		5	0	1	"['Section II.D reports a three-way sub-breakdown: Meals Under $50 = $20.00, Speaking Engagements = $0.00, National Conference Meals = $0.00. Schema supports only one entertainment row for Section D; sub-breakdown detail is lost. Single row emitted with total $20.00.', ""Reporting period labeled 'Jan-Apr26' on the form. Mapped to 2026-01-01 through 2026-04-30; exact start/end day boundaries are conventional (OH Jan–Apr window) and not explicitly stated in the source."", 'Sections II.A (Gifts), II.B (Itemized Meals and Beverages), and II.C (Dinner/Party/Function) were all empty; no expenditure rows emitted for those sections.']"
20260527LUPA1511648	2026-01-01..2026-04-30	Wagenbrenner Development	org-wagenbrenner-development	Dave Salisbury	person-dave-salisbury	0.0	True	original		0	0	0	"[""Section I: 'No Activity Reported' — no bills or resolutions disclosed for this period; zero LobbyingPosition records emitted."", ""Section II: 'No expenditures' — all expenditure sections (II.A–D) are empty; zero LobbyingExpenditure records emitted."", ""Reporting period label is 'Jan-Apr26'; interpreted as January 1 – April 30, 2026 (May 31 deadline cycle). Ohio AER periods do not always align to exact calendar boundaries; human review recommended.""]"
20260527LUPA1511710	2026-01-01..2026-04-30	Riveon Mental Health & Recovery	org-riveon-mental-health-recovery	Matthew R Cox	person-matthew-r-cox	0.0	True	original		0	0	0	"[""Reporting period label is 'Jan-Apr26'. Ohio legislative AER periods typically run Jan–Apr; reporting_period_start set to 2026-01-01 and reporting_period_end set to 2026-04-30 by convention, but the form does not state exact dates explicitly.""]"
20260528EUPA1504716	2026-01-01..2026-04-30	AARP	org-aarp	Graciana Flajnik	person-graciana-flajnik	0.0	True	original		2	0	0	"[""This is an Executive Agency AER (not a Legislative AER). Section I discloses executive agency lobbying activity against specific agencies (Governor, Commerce) and their decisions, not legislative bills. The bill reference 'HB 648' appears only as context in the decision description, not as a primary legislative referral. The schema's LobbyingPosition is designed for legislative bills; executive agency decision/rule lobbying is a schema gap — agency name and decision description captured in position.description as best-fit."", ""Reporting period label is 'Jan-Apr26'; interpreted as January 1 – April 30, 2026. Exact start/end dates not explicitly stated on form."", 'Section I includes two rows for the same bill (HB 648) against two different agencies (Governor and Commerce). Schema has no field for the target agency of executive lobbying; agency names captured in position description only.', ""Confirmation number prefix 'EUPA' suggests Executive (not Legislative) agent filing; noted for human review.""]"
20260528EUPA1513724	2026-01-01..2026-04-30	Ohio Blockchain Council	org-ohio-blockchain-council	Judd Templin	person-judd-templin	0.0	True	original		0	0	0	"['This is an Executive Agency AER (not a Legislative AER). The form covers executive agency lobbying activity and expenditures, not legislative bill/resolution advocacy. The filing type and regime differ from a standard Legislative Agent AER; no legislative bill positions are present.', ""Reporting period label is 'Jan-Apr26', interpreted as January 1 – April 30, 2026. Ohio executive AER windows do not always align exactly with calendar month-end; exact start/end dates inferred from period label."", ""Section I (Executive Agency Lobbying Activity) states 'No agency decisions' — no LobbyingEngagement or LobbyingPosition records emitted."", ""Section II (Executive Agency Lobbying Expenditure Statement) states 'No expenditures' — no LobbyingExpenditure records emitted.""]"
20260528EUPA1514168	2026-01-01..2026-04-30	Marburn Academy	org-marburn-academy	Lauren Strope	person-lauren-strope	0.0	True	original		1	0	0	"[""This is an Executive Agency AER (not a legislative AER). The lobbying activity is directed at the Ohio Department of Education and Workforce via specific agency decisions (JPSNS, Autism Scholarship), not legislative bills. The schema's LobbyingPosition.bill_reference field is not applicable; activity was mapped to LobbyingPosition.description and general_issue_area instead. No Decision/Rule # was provided in the source."", ""Reporting period label is 'Jan-Apr26'; interpreted as January 1 – April 30, 2026 per standard OH executive AER quarterly window.""]"
20260528EUPA1515690	2026-01-01..2026-04-30	Hyland	org-hyland	Mariah Field	person-mariah-field	0.0	True	original		0	0	0	"[""This AER is an Executive Agency form (not a Legislative AER). The source is titled 'View Agent Executive AER' and Section I discloses executive agency decisions/rules rather than legislative bills. The LobbyingFiling schema has no dedicated field for executive agency decision references (agency name, decision description, rule number). The two disclosed agency engagements — (1) Administrative Services / Procurement opportunities and (2) Job & Family Services / procurement opportunities — could not be placed in LobbyingPosition (which expects bill references) and are instead noted here to avoid data loss."", ""Section I columns include 'Decision / Rule #' with no values populated for either row; this field has no schema equivalent and is noted for completeness."", ""Reporting period label 'Jan-Apr26' interpreted as January 1 – April 30, 2026. Ohio executive AER deadlines differ from legislative AER deadlines; exact period boundary dates should be verified against OLAC.""]"
20260528LUPA1495460	2026-01-01..2026-04-30	Stonehenge Capital Company, LLC	org-stonehenge-capital-company-llc	Thomas Niehaus	person-thomas-niehaus	0.0	True	original		1	0	0	"[""Reporting period label is 'Jan-Apr26'; interpreted as 2026-01-01 through 2026-04-30 (the May 31 deadline window). Exact start/end dates not explicitly stated in source."", ""Section II shows 'No expenditures' — no expenditure rows emitted for any sub-section (II.A, II.B, II.C, II.D).""]"
20260528LUPA1512822	2026-01-01..2026-04-30	Burgess & Niple, Inc	org-burgess-niple-inc	Matthew S Whitehead	person-matthew-s-whitehead	0.0	True	original		0	0	0	"[""Reporting period label 'Jan-Apr26' corresponds to the January–April 2026 window (May 31 deadline). Start date inferred as 2026-01-01 and end date as 2026-04-30 based on standard OH legislative AER quarterly-tri-annual periods; exact day boundaries not stated in source.""]"
20260528LUPA1512892	2026-01-01..2026-04-30	PartnerSolutions	org-partnersolutions	Jason Knox	person-jason-knox	0.0	True	original		0	0	0	"[""Section I: 'No Activity Reported' — no bills or resolutions disclosed; zero LobbyingPosition records emitted."", ""Section II: 'No expenditures' — no expenditure rows emitted for any sub-section (II.A, II.B, II.C, II.D)."", ""Reporting period label is 'Jan-Apr26'; Ohio's Jan 31 deadline window typically covers Sep–Dec, but the label explicitly states Jan–Apr 2026. Interpreted as 2026-01-01 to 2026-04-30. Human review recommended to confirm exact period boundaries.""]"
20260528LUPA1513848	2026-01-01..2026-04-30	Ohio Society of Anesthesiologists	org-ohio-society-of-anesthesiologists	Nathanael Jonhenry	person-nathanael-jonhenry	0.0	True	original		1	0	0	"[""Section II header states 'No expenditures' — all expenditure sub-sections (II.A Gifts, II.B Itemized Meals & Beverages, II.C Dinner/Party/Function, II.D Aggregate) are empty; no expenditure rows emitted."", ""Reporting period label is 'Jan-Apr26'; interpreted as 2026-01-01 through 2026-04-30 (the Ohio Jan–Apr window ending before the May 31 deadline). Ohio AER windows are Jan–Apr, May–Aug, Sep–Dec, so start/end dates are inferred from convention rather than explicit dates in the source.""]"
20260528LUPA1513894	2026-01-01..2026-04-30	Rocket Mortgage, LLC	org-rocket-mortgage-llc	Wendell Robinson	person-wendell-robinson	0.0	True	original		0	0	0	[]
20260528LUPA1514356	2026-01-01..2026-04-30	PACE Association of Ohio	org-pace-association-of-ohio	Eli Faes	person-eli-faes	0.0	True	original		3	0	0	"[""Section I contains a 'JC' (Joint Committee / administrative rule) entry citing Ohio Administrative Code sections 173-50-01 through 173-50-05. These are regulations, not bills or resolutions. The schema's BillReference.reference_type='regulation' was used as the closest fit, but the 'JC' prefix and OAC citation format have no dedicated schema slot; the five individual rule sections were collapsed into one LobbyingPosition because the schema has no sub-section breakdown."", ""Reporting period label is 'Jan-Apr26', which corresponds to January–April 2026 (the first tri-annual window with a May 31 deadline). The schema requires specific dates; 2026-01-01 to 2026-04-30 were inferred from standard OH AER period conventions — exact start/end dates are not explicitly stated in the source.""]"
20260528LUPA1514598	2026-01-01..2026-04-30	Ohio Farm Bureau Federation, Inc.	org-ohio-farm-bureau-federation-inc	Bradley Bales	person-bradley-bales	0.0	True	original		41	0	0	"[""Section II states 'No expenditures'; no expenditure rows emitted for any sub-section (II.A Gifts, II.B Itemized Meals & Beverages, II.C Dinner/Party/Function, II.D Aggregate)."", ""Reporting period label is 'Jan-Apr26'; interpreted as 2026-01-01 to 2026-04-30. Ohio AER Jan–Apr window is a non-standard period not aligned to the standard May 31 / Sep 30 / Jan 31 tri-annual deadlines — flagged for human review."", ""Bill title disclaimer present in source: 'ANY LEGISLATIVE TITLES APPEARING IN THE DISCLOSURE ABOVE ARE FOR INFORMATIONAL PURPOSES ONLY AND NOT INTENDED TO BE AN OFFICIAL OR EXCLUSIVE DESIGNATION OF ANY LEGISLATION CURRENTLY BEFORE OR ENACTED BY THE OHIO GENERAL ASSEMBLY.' Not representable in schema; noted here.""]"
20260528LUPA1514620	2026-01-01..2026-04-30	Insurance Auto Auctions, Inc	org-insurance-auto-auctions-inc	Andy Shifflette	person-andy-shifflette	0.0	True	original		0	0	0	"[""Reporting period label is 'Jan-Apr26'. Ohio AER periods typically run Jan–Apr (due May 31). Start date inferred as 2026-01-01 and end date as 2026-04-30."", ""Section I: 'No Activity Reported' — no LobbyingPosition records emitted."", ""Section II: 'No expenditures' — no LobbyingExpenditure records emitted.""]"
20260528LUPA1514968	2026-01-01..2026-04-30	Cleveland Foundation	org-cleveland-foundation	Brittany Warner	person-brittany-warner	0.0	True	original		3	0	0	"[""Reporting period label is 'Jan-Apr26'; interpreted as January 1 – April 30, 2026 (the standard OH Jan–Apr window). Exact start/end dates not explicitly stated on form."", ""Section II states 'No expenditures' — all expenditure sections (II.A, II.B, II.C, II.D) are empty; no expenditure rows emitted.""]"
20260528LUPA1514992	2026-01-01..2026-04-30	Cannabis Safety First LLC	org-cannabis-safety-first-llc	Tim W Johnson	person-tim-w-johnson	0.0	True	original		10	0	0	"[""Reporting period label is 'Jan-Apr26'; interpreted as 2026-01-01 through 2026-04-30 (standard OH Jan–Apr window). Exact start/end dates not explicitly stated in the source."", ""Section II states 'No expenditures' — no expenditure rows emitted for any sub-section (II.A, II.B, II.C, II.D)."", ""Bill titles are flagged in the source as 'for informational purposes only and not intended to be an official or exclusive designation'; captured as-is in LobbyingPosition.description."", ""SB 59 (Exempt firearms and ammunition from sales and use tax) appears unrelated to Cannabis Safety First LLC's apparent core interest; captured as disclosed without inference.""]"
20260528LUPA1515608	2026-01-01..2026-04-30	Sharonville Convention Center	org-sharonville-convention-center	Matthew Davis	person-matthew-davis	0.0	True	original		0	0	0	"[""Reporting period label is 'Jan-Apr26'; OH quarterly AER windows typically run Jan 1 – Apr 30. reporting_period_start set to 2026-01-01 and reporting_period_end set to 2026-04-30 by convention; exact dates not explicitly stated in the source."", ""Section I: 'No Activity Reported' — no LobbyingPosition rows emitted."", ""Section II: 'No expenditures' — no LobbyingExpenditure rows emitted for any sub-section (II.A, II.B, II.C, or II.D).""]"
20260528LUPA1515976	2026-01-01..2026-04-30	Warren County Transportation Improvement District	org-warren-county-transportation-improvement-district	Stephen E Tugend	person-stephen-e-tugend	0.0	True	original		2	0	0	"[""Reporting period label 'Jan-Apr26' is a non-standard Ohio window (standard windows end May 31 / Sep 30 / Jan 31). Interpreted as January 1 – April 30, 2026; exact start/end dates should be confirmed against OLAC official period definitions.""]"
20260529EUPA1505752	2026-01-01..2026-04-30	Ohio Insurance Agents Association, Inc.	org-ohio-insurance-agents-association-inc	George Christy	person-george-christy	0.0	True	original		6	0	0	"[""This is an Executive Agency AER (executive lobbying), not a Legislative AER. The schema filing_type does not have a distinct 'executive_agency_activity_report' value; 'activity_report' was used as the closest match."", ""Section I discloses agency decisions (OAC rule/docket references) rather than legislative bills. The LobbyingPosition.bill_reference field was used with reference_type='regulation' to capture these, but the schema is oriented toward legislative bills."", ""One agency decision row ('Excess and Surplus Lines Export List') had no Decision/Rule # provided; no rule number was populated for that entry."", ""One agency decision row ('Issues affecting insurance agents') had no Decision/Rule # provided and is a broad topic rather than a specific decision; captured under reference_type='other'."", ""Reporting period label is 'Jan-Apr26'; interpreted as January 1, 2026 through April 30, 2026 (executive agency AER filed on May 29 deadline)."", ""Section II states 'No expenditures'; no LobbyingExpenditure records were emitted.""]"
20260529EUPA1507324	2026-01-01..2026-04-30	Ohio Financial Services Association	org-ohio-financial-services-association	Kate Gordon	person-kate-gordon	0.0	True	original		0	0	0	"[""This AER is an Executive Agency form (not a Legislative AER). The source header reads 'View Agent Executive AER' and Section I covers 'Executive Agency Lobbying Activity' (agency decisions), not legislative bills. The LobbyingFiling schema does not have a distinct field to flag executive vs. legislative regime; this distinction is noted here for human review."", ""Section I discloses 'No agency decisions' — no LobbyingPosition rows emitted."", ""Section II discloses 'No expenditures' — no LobbyingExpenditure rows emitted."", ""Reporting period label 'Jan-Apr26' interpreted as 2026-01-01 through 2026-04-30 (executive-regime May 31 deadline cycle). Exact start/end dates not explicitly stated in source.""]"
20260529EUPA1507670	2026-01-01..2026-04-30	Buckeye Community Hope Foundation	org-buckeye-community-hope-foundation	Donald Baird	person-donald-baird	0.0	True	original		0	0	0	"[""This AER is an Executive Agency report (agent lobbying executive agencies), not a Legislative AER. The form header reads 'View Agent Executive AER' and Section I is titled 'I. Executive Agency Lobbying Activity' listing agency decisions rather than bills/resolutions. No LobbyingPosition records were emitted because there are no legislative bills disclosed."", ""Section I discloses an agency engagement with 'Education and Workforce' on 'Discussions regarding sponsor operations' with no Decision/Rule # provided. This was captured as a LobbyingEngagement; there is no Decision/Rule # to record."", ""Reporting period label 'Jan-Apr26' was interpreted as January 1 – April 30, 2026 (consistent with a May 31 filing deadline). The exact start/end dates are inferred, not explicitly stated.""]"
20260529LUPA1516298	2026-01-01..2026-04-30	Waterford Institute	org-waterford-institute	Adam Hewit	person-adam-hewit	0.0	True	original		0	0	0	"[""Reporting period labeled 'Jan-Apr26' on the form; interpreted as 2026-01-01 through 2026-04-30, consistent with the May 31 quarterly deadline cycle."", ""Section I: 'No Activity Reported' — no bills or resolutions were disclosed; no LobbyingPosition records emitted."", ""Section II: 'No expenditures' — all sub-sections (A, B, C, D) are empty; no LobbyingExpenditure records emitted.""]"
20260529LUPA1517760	2026-01-01..2026-04-30	Ohio Cattlemen's Association	org-ohio-cattlemen-s-association	Elizabeth A Harsh	person-elizabeth-a-harsh	0.0	True	original		0	0	0	"[""Section I: 'No Activity Reported' — no bills or resolutions were disclosed for this period; positions array is empty."", ""Section II: 'No expenditures' — all expenditure sections (II.A–D) are empty; expenditures array is empty."", ""Reporting period label 'Jan-Apr26' interpreted as 2026-01-01 through 2026-04-30 (OH May 31 deadline window).""]"
20260529LUPA1517908	2026-01-01..2026-04-30	Public Utilities Commission of Ohio	org-public-utilities-commission-of-ohio	Penny Seipel	person-penny-seipel	0.0	True	original		13	0	0	"[""Section II expenditure statement is waived with the note 'I am a state employee and not required to complete the expenditure statement'; no expenditure rows emitted. The state-employee exemption reason is not representable in the schema."", ""'JC 4901:1-22-01 through 4901:1-22-10' and 'JC 4901:1-16-01 through 4901:1-16-06' appear to be Ohio Administrative Code rule ranges (Joint Commission / agency rulemaking), not bills. Mapped to reference_type='regulation'; range notation preserved in original_text."", ""'NM' (Nomination Matter) for confirmation of PUCO Commissioner Dennis Deters does not correspond to a bill or resolution number. Mapped to reference_type='other'; original_text set to 'NM' with description carrying the full context."", ""Reporting period label is 'Jan-Apr26'; interpreted as January 1 – April 30, 2026. OLAC does not display explicit start/end dates for this window.""]"
20260531EUPA1518846	2026-01-01..2026-04-30	Cleveland Clinic Foundation	org-cleveland-clinic-foundation	Desmond Bryant	person-desmond-bryant	0.0	True	original		0	0	0	"[""Source form is an Executive Agency AER (not a Legislative AER). Section I covers 'Executive Agency Lobbying Activity' (agency decisions), not legislative bills/resolutions — no LobbyingPosition rows emitted. Section I states 'No agency decisions'."", ""Reporting period label is 'Jan-Apr26'; interpreted as 2026-01-01 to 2026-04-30 (executive regime uses Jan–Apr window). Exact start/end dates are inferred from the period label, not explicitly stated."", ""Form header reads 'View Agent Executive AER', indicating this is an executive-branch lobbying report governed by a different ORC regime than the legislative AER described in the extraction brief. The extraction rules reference ORC §§101.70-101.79 (legislative); executive AERs fall under a separate statutory regime. This mismatch is flagged for human review.""]"
20260531LUPA1519178	2026-01-01..2026-04-30	Cleveland Rowing Foundation	org-cleveland-rowing-foundation	Dora Pruce	person-dora-pruce	0.0	True	original		0	0	0	[]
20260601EUPA1520288	2026-01-01..2026-04-30	Ohio Land Title Association	org-ohio-land-title-association	Troy Judy	person-troy-judy	0.0	True	original		0	0	0	"[""This is an Executive Agency AER (not a Legislative AER). The form header reads 'View Agent Executive AER' and Section I covers 'Executive Agency Lobbying Activity' (agency decisions), not legislative bills. The filer_role is set to 'lobbyist' as the closest available value, but the Ohio regime here is executive-branch lobbying, not ORC §§101.70-101.79 legislative lobbying."", ""Reporting period label is 'Jan-Apr26'. Interpreted as January 1 – April 30, 2026. The exact start/end day boundaries for this executive AER window are not stated explicitly in the source.""]"
20260601EUPA1521504	2026-01-01..2026-04-30	Columbus Clippers	org-columbus-clippers	Michael Lord	person-michael-lord	0.0	True	original		0	0	0	"[""This AER is an Executive Agency form (OLAC 'View Agent Executive AER'), not a Legislative Agent AER. The form covers executive agency lobbying activity and expenditures, not legislative bill/resolution activity. The schema's LobbyingPosition and bill-reference fields are not applicable here."", ""Reporting period label is 'Jan-Apr26'; interpreted as January 1 – April 30, 2026. Ohio executive AER periods do not always align with the May 31/Sep 30/Jan 31 legislative deadlines — exact start/end dates may differ."", ""Section I ('Executive Agency Lobbying Activity') states 'No agency decisions' — no positions or engagements emitted."", ""Section II ('Executive Agency Lobbying Expenditure Statement') states 'No expenditures' — no expenditure rows emitted.""]"
20260601LUPA1519880	2026-01-01..2026-04-30	Six Flags Entertainment Corporation	org-six-flags-entertainment-corporation	Timothy J Cosgrove	person-timothy-j-cosgrove	0.0	True	original		3	0	0	"[""Reporting period label is 'Jan-Apr26'; interpreted as 2026-01-01 through 2026-04-30 per OH quarterly AER conventions. No explicit end date was stated in the source."", ""Section II states 'No expenditures' globally — no sub-section (A/B/C/D) detail was provided; no expenditure rows emitted.""]"
20260601LUPA1521268	2026-01-01..2026-04-30	Rock Entertainment Group	org-rock-entertainment-group	Scott Lundregan	person-scott-lundregan	0.0	True	original		0	0	0	"[""Reporting period label is 'Jan-Apr26'; OH quarterly AER windows are typically Jan 1–Apr 30 for the May 31 deadline. Start date set to 2026-01-01 and end date to 2026-04-30 by inference from the label; exact dates not explicitly stated in the source.""]"
20260604LUPA1523272	2026-01-01..2026-04-30	Sortino Management and Development Company	org-sortino-management-and-development-company	Doug Talbott	person-doug-talbott	0.0	True	original		0	0	0	"[""Section I: 'No Activity Reported' — no bills or resolutions were disclosed for this period; no LobbyingPosition records emitted."", ""Section II: 'No expenditures' — the form indicates no expenditures of any kind for this period; no LobbyingExpenditure records emitted."", ""Reporting period label is 'Jan-Apr26'; interpreted as January 1 – April 30, 2026. Ohio's Jan-Apr window (due May 31) is a non-standard period not exactly matching the schema's typical quarterly boundaries; flag for human review if period boundaries differ.""]"
