filing_id	lobbyist_id	state	filing_type	filer_role	reporting_period_start	reporting_period_end	total_hours_communicating	total_hours_other	source_url
WI-lobbyist-11040-activity-2025-H1	11040	WI	activity_report	lobbyist	2025-01-01	2025-06-30	0.0	0.0	https://lobbying.wi.gov/Who/LobbyistInformation/2025REG/Information/11040
WI-lobbyist-11040-activity-2025-H2	11040	WI	activity_report	lobbyist	2025-07-01	2025-12-31	4.0	0.0	https://lobbying.wi.gov/Who/LobbyistInformation/2025REG/Information/11040
WI-lobbyist-11040-activity-2026-H1	11040	WI	activity_report	lobbyist	2026-01-01	2026-06-30	0.0	0.0	https://lobbying.wi.gov/Who/LobbyistInformation/2025REG/Information/11040
WI-lobbyist-11040-activity-2026-H2	11040	WI	activity_report	lobbyist	2026-07-01	2026-12-31	0.0	0.0	https://lobbying.wi.gov/Who/LobbyistInformation/2025REG/Information/11040
WI-lobbyist-11041-activity-2025-H1	11041	WI	activity_report	lobbyist	2025-01-01	2025-06-30	44.75	241.5	https://lobbying.wi.gov/Who/LobbyistInformation/2025REG/Information/11041
WI-lobbyist-11041-activity-2025-H2	11041	WI	activity_report	lobbyist	2025-07-01	2025-12-31	6.5	231.0	https://lobbying.wi.gov/Who/LobbyistInformation/2025REG/Information/11041
WI-lobbyist-11041-activity-2026-H1	11041	WI	activity_report	lobbyist	2026-01-01	2026-06-30	0.0	0.0	https://lobbying.wi.gov/Who/LobbyistInformation/2025REG/Information/11041
WI-lobbyist-11041-activity-2026-H2	11041	WI	activity_report	lobbyist	2026-07-01	2026-12-31	0.0	0.0	https://lobbying.wi.gov/Who/LobbyistInformation/2025REG/Information/11041
WI-lobbyist-11042-activity-2025-H1	11042	WI	activity_report	lobbyist	2025-01-01	2025-06-30	125.0	259.5	https://lobbying.wi.gov/Who/LobbyistInformation/2025REG/Information/11042
WI-lobbyist-11042-activity-2025-H2	11042	WI	activity_report	lobbyist	2025-07-01	2025-12-31	74.0	276.0	https://lobbying.wi.gov/Who/LobbyistInformation/2025REG/Information/11042
WI-lobbyist-11042-activity-2026-H1	11042	WI	activity_report	lobbyist	2026-01-01	2026-06-30	0.0	0.0	https://lobbying.wi.gov/Who/LobbyistInformation/2025REG/Information/11042
WI-lobbyist-11042-activity-2026-H2	11042	WI	activity_report	lobbyist	2026-07-01	2026-12-31	0.0	0.0	https://lobbying.wi.gov/Who/LobbyistInformation/2025REG/Information/11042
WI-lobbyist-11043-activity-2025-H1	11043	WI	activity_report	lobbyist	2025-01-01	2025-06-30	21.0	25.0	https://lobbying.wi.gov/Who/LobbyistInformation/2025REG/Information/11043
WI-lobbyist-11043-activity-2025-H2	11043	WI	activity_report	lobbyist	2025-07-01	2025-12-31	1.0	2.0	https://lobbying.wi.gov/Who/LobbyistInformation/2025REG/Information/11043
WI-lobbyist-11043-activity-2026-H1	11043	WI	activity_report	lobbyist	2026-01-01	2026-06-30	2.0	0.0	https://lobbying.wi.gov/Who/LobbyistInformation/2025REG/Information/11043
WI-lobbyist-11043-activity-2026-H2	11043	WI	activity_report	lobbyist	2026-07-01	2026-12-31	0.0	0.0	https://lobbying.wi.gov/Who/LobbyistInformation/2025REG/Information/11043
WI-lobbyist-11044-activity-2025-H1	11044	WI	activity_report	lobbyist	2025-01-01	2025-06-30	124.0	117.0	https://lobbying.wi.gov/Who/LobbyistInformation/2025REG/Information/11044
WI-lobbyist-11044-activity-2025-H2	11044	WI	activity_report	lobbyist	2025-07-01	2025-12-31	103.0	121.0	https://lobbying.wi.gov/Who/LobbyistInformation/2025REG/Information/11044
WI-lobbyist-11044-activity-2026-H1	11044	WI	activity_report	lobbyist	2026-01-01	2026-06-30	0.0	0.0	https://lobbying.wi.gov/Who/LobbyistInformation/2025REG/Information/11044
WI-lobbyist-11044-activity-2026-H2	11044	WI	activity_report	lobbyist	2026-07-01	2026-12-31	0.0	0.0	https://lobbying.wi.gov/Who/LobbyistInformation/2025REG/Information/11044
WI-lobbyist-11045-activity-2025-H1	11045	WI	activity_report	lobbyist	2025-01-01	2025-06-30	14.5	4.5	https://lobbying.wi.gov/Who/LobbyistInformation/2025REG/Information/11045
WI-lobbyist-11045-activity-2025-H2	11045	WI	activity_report	lobbyist	2025-07-01	2025-12-31	11.5	4.0	https://lobbying.wi.gov/Who/LobbyistInformation/2025REG/Information/11045
WI-lobbyist-11045-activity-2026-H1	11045	WI	activity_report	lobbyist	2026-01-01	2026-06-30	0.0	0.0	https://lobbying.wi.gov/Who/LobbyistInformation/2025REG/Information/11045
WI-lobbyist-11045-activity-2026-H2	11045	WI	activity_report	lobbyist	2026-07-01	2026-12-31	0.0	0.0	https://lobbying.wi.gov/Who/LobbyistInformation/2025REG/Information/11045
WI-lobbyist-11046-activity-2025-H1	11046	WI	activity_report	lobbyist	2025-01-01	2025-06-30	14.75	232.0	https://lobbying.wi.gov/Who/LobbyistInformation/2025REG/Information/11046
WI-lobbyist-11046-activity-2025-H2	11046	WI	activity_report	lobbyist	2025-07-01	2025-12-31	1.5	36.5	https://lobbying.wi.gov/Who/LobbyistInformation/2025REG/Information/11046
WI-lobbyist-11046-activity-2026-H1	11046	WI	activity_report	lobbyist	2026-01-01	2026-06-30	0.0	0.0	https://lobbying.wi.gov/Who/LobbyistInformation/2025REG/Information/11046
WI-lobbyist-11046-activity-2026-H2	11046	WI	activity_report	lobbyist	2026-07-01	2026-12-31	0.0	0.0	https://lobbying.wi.gov/Who/LobbyistInformation/2025REG/Information/11046
WI-lobbyist-11047-activity-2025-H1	11047	WI	activity_report	lobbyist	2025-01-01	2025-06-30	15.0	11.0	https://lobbying.wi.gov/Who/LobbyistInformation/2025REG/Information/11047
WI-lobbyist-11047-activity-2025-H2	11047	WI	activity_report	lobbyist	2025-07-01	2025-12-31	18.0	10.0	https://lobbying.wi.gov/Who/LobbyistInformation/2025REG/Information/11047
WI-lobbyist-11047-activity-2026-H1	11047	WI	activity_report	lobbyist	2026-01-01	2026-06-30	0.0	0.0	https://lobbying.wi.gov/Who/LobbyistInformation/2025REG/Information/11047
WI-lobbyist-11047-activity-2026-H2	11047	WI	activity_report	lobbyist	2026-07-01	2026-12-31	0.0	0.0	https://lobbying.wi.gov/Who/LobbyistInformation/2025REG/Information/11047
WI-lobbyist-11048-activity-2025-H1	11048	WI	activity_report	lobbyist	2025-01-01	2025-06-30	9.5	16.0	https://lobbying.wi.gov/Who/LobbyistInformation/2025REG/Information/11048
WI-lobbyist-11048-activity-2025-H2	11048	WI	activity_report	lobbyist	2025-07-01	2025-12-31	0.0	0.0	https://lobbying.wi.gov/Who/LobbyistInformation/2025REG/Information/11048
WI-lobbyist-11048-activity-2026-H1	11048	WI	activity_report	lobbyist	2026-01-01	2026-06-30	0.0	0.0	https://lobbying.wi.gov/Who/LobbyistInformation/2025REG/Information/11048
WI-lobbyist-11048-activity-2026-H2	11048	WI	activity_report	lobbyist	2026-07-01	2026-12-31	0.0	0.0	https://lobbying.wi.gov/Who/LobbyistInformation/2025REG/Information/11048
WI-lobbyist-11049-activity-2025-H1	11049	WI	activity_report	lobbyist	2025-01-01	2025-06-30	46.25	170.0	https://lobbying.wi.gov/Who/LobbyistInformation/2025REG/Information/11049
WI-lobbyist-11049-activity-2025-H2	11049	WI	activity_report	lobbyist	2025-07-01	2025-12-31	17.0	83.5	https://lobbying.wi.gov/Who/LobbyistInformation/2025REG/Information/11049
WI-lobbyist-11049-activity-2026-H1	11049	WI	activity_report	lobbyist	2026-01-01	2026-06-30	0.0	0.0	https://lobbying.wi.gov/Who/LobbyistInformation/2025REG/Information/11049
WI-lobbyist-11049-activity-2026-H2	11049	WI	activity_report	lobbyist	2026-07-01	2026-12-31	0.0	0.0	https://lobbying.wi.gov/Who/LobbyistInformation/2025REG/Information/11049
WI-lobbyist-11050-activity-2025-H1	11050	WI	activity_report	lobbyist	2025-01-01	2025-06-30	3.5	3.0	https://lobbying.wi.gov/Who/LobbyistInformation/2025REG/Information/11050
WI-lobbyist-11050-activity-2025-H2	11050	WI	activity_report	lobbyist	2025-07-01	2025-12-31	0.0	0.75	https://lobbying.wi.gov/Who/LobbyistInformation/2025REG/Information/11050
WI-lobbyist-11050-activity-2026-H1	11050	WI	activity_report	lobbyist	2026-01-01	2026-06-30	0.75	6.25	https://lobbying.wi.gov/Who/LobbyistInformation/2025REG/Information/11050
WI-lobbyist-11050-activity-2026-H2	11050	WI	activity_report	lobbyist	2026-07-01	2026-12-31	0.0	0.0	https://lobbying.wi.gov/Who/LobbyistInformation/2025REG/Information/11050
WI-lobbyist-11051-activity-2025-H1	11051	WI	activity_report	lobbyist	2025-01-01	2025-06-30	64.4	551.8	https://lobbying.wi.gov/Who/LobbyistInformation/2025REG/Information/11051
WI-lobbyist-11051-activity-2025-H2	11051	WI	activity_report	lobbyist	2025-07-01	2025-12-31	76.1	314.4	https://lobbying.wi.gov/Who/LobbyistInformation/2025REG/Information/11051
WI-lobbyist-11051-activity-2026-H1	11051	WI	activity_report	lobbyist	2026-01-01	2026-06-30	0.0	0.0	https://lobbying.wi.gov/Who/LobbyistInformation/2025REG/Information/11051
WI-lobbyist-11051-activity-2026-H2	11051	WI	activity_report	lobbyist	2026-07-01	2026-12-31	0.0	0.0	https://lobbying.wi.gov/Who/LobbyistInformation/2025REG/Information/11051
WI-lobbyist-11052-activity-2025-H1	11052	WI	activity_report	lobbyist	2025-01-01	2025-06-30	102.5	566.0	https://lobbying.wi.gov/Who/LobbyistInformation/2025REG/Information/11052
WI-lobbyist-11052-activity-2025-H2	11052	WI	activity_report	lobbyist	2025-07-01	2025-12-31	195.0	673.9	https://lobbying.wi.gov/Who/LobbyistInformation/2025REG/Information/11052
WI-lobbyist-11052-activity-2026-H1	11052	WI	activity_report	lobbyist	2026-01-01	2026-06-30	0.0	0.0	https://lobbying.wi.gov/Who/LobbyistInformation/2025REG/Information/11052
WI-lobbyist-11052-activity-2026-H2	11052	WI	activity_report	lobbyist	2026-07-01	2026-12-31	0.0	0.0	https://lobbying.wi.gov/Who/LobbyistInformation/2025REG/Information/11052
WI-lobbyist-11053-activity-2025-H1	11053	WI	activity_report	lobbyist	2025-01-01	2025-06-30	83.0	436.75	https://lobbying.wi.gov/Who/LobbyistInformation/2025REG/Information/11053
WI-lobbyist-11053-activity-2025-H2	11053	WI	activity_report	lobbyist	2025-07-01	2025-12-31	63.75	431.0	https://lobbying.wi.gov/Who/LobbyistInformation/2025REG/Information/11053
WI-lobbyist-11053-activity-2026-H1	11053	WI	activity_report	lobbyist	2026-01-01	2026-06-30	0.0	0.0	https://lobbying.wi.gov/Who/LobbyistInformation/2025REG/Information/11053
WI-lobbyist-11053-activity-2026-H2	11053	WI	activity_report	lobbyist	2026-07-01	2026-12-31	0.0	0.0	https://lobbying.wi.gov/Who/LobbyistInformation/2025REG/Information/11053
WI-lobbyist-11054-activity-2025-H1	11054	WI	activity_report	lobbyist	2025-01-01	2025-06-30	2.5	40.5	https://lobbying.wi.gov/Who/LobbyistInformation/2025REG/Information/11054
WI-lobbyist-11054-activity-2025-H2	11054	WI	activity_report	lobbyist	2025-07-01	2025-12-31	0.0	5.0	https://lobbying.wi.gov/Who/LobbyistInformation/2025REG/Information/11054
WI-lobbyist-11054-activity-2026-H1	11054	WI	activity_report	lobbyist	2026-01-01	2026-06-30	0.0	7.5	https://lobbying.wi.gov/Who/LobbyistInformation/2025REG/Information/11054
WI-lobbyist-11054-activity-2026-H2	11054	WI	activity_report	lobbyist	2026-07-01	2026-12-31	0.0	0.0	https://lobbying.wi.gov/Who/LobbyistInformation/2025REG/Information/11054
WI-lobbyist-11055-activity-2025-H1	11055	WI	activity_report	lobbyist	2025-01-01	2025-06-30	25.5	109.5	https://lobbying.wi.gov/Who/LobbyistInformation/2025REG/Information/11055
WI-lobbyist-11055-activity-2025-H2	11055	WI	activity_report	lobbyist	2025-07-01	2025-12-31	4.0	54.5	https://lobbying.wi.gov/Who/LobbyistInformation/2025REG/Information/11055
WI-lobbyist-11055-activity-2026-H1	11055	WI	activity_report	lobbyist	2026-01-01	2026-06-30	0.0	0.0	https://lobbying.wi.gov/Who/LobbyistInformation/2025REG/Information/11055
WI-lobbyist-11055-activity-2026-H2	11055	WI	activity_report	lobbyist	2026-07-01	2026-12-31	0.0	0.0	https://lobbying.wi.gov/Who/LobbyistInformation/2025REG/Information/11055
WI-lobbyist-11056-activity-2025-H1	11056	WI	activity_report	lobbyist	2025-01-01	2025-06-30	185.3	442.0	https://lobbying.wi.gov/Who/LobbyistInformation/2025REG/Information/11056
WI-lobbyist-11056-activity-2025-H2	11056	WI	activity_report	lobbyist	2025-07-01	2025-12-31	84.5	388.5	https://lobbying.wi.gov/Who/LobbyistInformation/2025REG/Information/11056
WI-lobbyist-11056-activity-2026-H1	11056	WI	activity_report	lobbyist	2026-01-01	2026-06-30	41.0	284.0	https://lobbying.wi.gov/Who/LobbyistInformation/2025REG/Information/11056
WI-lobbyist-11056-activity-2026-H2	11056	WI	activity_report	lobbyist	2026-07-01	2026-12-31	0.0	0.0	https://lobbying.wi.gov/Who/LobbyistInformation/2025REG/Information/11056
WI-lobbyist-11057-activity-2025-H1	11057	WI	activity_report	lobbyist	2025-01-01	2025-06-30	69.5	220.75	https://lobbying.wi.gov/Who/LobbyistInformation/2025REG/Information/11057
WI-lobbyist-11057-activity-2025-H2	11057	WI	activity_report	lobbyist	2025-07-01	2025-12-31	58.5	184.25	https://lobbying.wi.gov/Who/LobbyistInformation/2025REG/Information/11057
WI-lobbyist-11057-activity-2026-H1	11057	WI	activity_report	lobbyist	2026-01-01	2026-06-30	4.25	5.5	https://lobbying.wi.gov/Who/LobbyistInformation/2025REG/Information/11057
WI-lobbyist-11057-activity-2026-H2	11057	WI	activity_report	lobbyist	2026-07-01	2026-12-31	0.0	0.0	https://lobbying.wi.gov/Who/LobbyistInformation/2025REG/Information/11057
WI-lobbyist-11058-activity-2025-H1	11058	WI	activity_report	lobbyist	2025-01-01	2025-06-30	105.0	130.0	https://lobbying.wi.gov/Who/LobbyistInformation/2025REG/Information/11058
WI-lobbyist-11058-activity-2025-H2	11058	WI	activity_report	lobbyist	2025-07-01	2025-12-31	28.75	76.0	https://lobbying.wi.gov/Who/LobbyistInformation/2025REG/Information/11058
WI-lobbyist-11058-activity-2026-H1	11058	WI	activity_report	lobbyist	2026-01-01	2026-06-30	0.0	0.0	https://lobbying.wi.gov/Who/LobbyistInformation/2025REG/Information/11058
WI-lobbyist-11058-activity-2026-H2	11058	WI	activity_report	lobbyist	2026-07-01	2026-12-31	0.0	0.0	https://lobbying.wi.gov/Who/LobbyistInformation/2025REG/Information/11058
WI-lobbyist-11060-activity-2025-H1	11060	WI	activity_report	lobbyist	2025-01-01	2025-06-30	22.25	93.25	https://lobbying.wi.gov/Who/LobbyistInformation/2025REG/Information/11060
WI-lobbyist-11060-activity-2025-H2	11060	WI	activity_report	lobbyist	2025-07-01	2025-12-31	9.0	48.25	https://lobbying.wi.gov/Who/LobbyistInformation/2025REG/Information/11060
WI-lobbyist-11060-activity-2026-H1	11060	WI	activity_report	lobbyist	2026-01-01	2026-06-30	0.0	0.0	https://lobbying.wi.gov/Who/LobbyistInformation/2025REG/Information/11060
WI-lobbyist-11060-activity-2026-H2	11060	WI	activity_report	lobbyist	2026-07-01	2026-12-31	0.0	0.0	https://lobbying.wi.gov/Who/LobbyistInformation/2025REG/Information/11060
WI-lobbyist-11061-activity-2025-H1	11061	WI	activity_report	lobbyist	2025-01-01	2025-06-30	0.0	0.0	https://lobbying.wi.gov/Who/LobbyistInformation/2025REG/Information/11061
WI-lobbyist-11061-activity-2025-H2	11061	WI	activity_report	lobbyist	2025-07-01	2025-12-31	0.0	0.0	https://lobbying.wi.gov/Who/LobbyistInformation/2025REG/Information/11061
WI-lobbyist-11061-activity-2026-H1	11061	WI	activity_report	lobbyist	2026-01-01	2026-06-30	0.0	0.0	https://lobbying.wi.gov/Who/LobbyistInformation/2025REG/Information/11061
WI-lobbyist-11061-activity-2026-H2	11061	WI	activity_report	lobbyist	2026-07-01	2026-12-31	0.0	0.0	https://lobbying.wi.gov/Who/LobbyistInformation/2025REG/Information/11061
WI-lobbyist-11062-activity-2025-H1	11062	WI	activity_report	lobbyist	2025-01-01	2025-06-30	20.74	14.75	https://lobbying.wi.gov/Who/LobbyistInformation/2025REG/Information/11062
WI-lobbyist-11062-activity-2025-H2	11062	WI	activity_report	lobbyist	2025-07-01	2025-12-31	24.0	16.5	https://lobbying.wi.gov/Who/LobbyistInformation/2025REG/Information/11062
WI-lobbyist-11062-activity-2026-H1	11062	WI	activity_report	lobbyist	2026-01-01	2026-06-30	19.5	11.25	https://lobbying.wi.gov/Who/LobbyistInformation/2025REG/Information/11062
WI-lobbyist-11062-activity-2026-H2	11062	WI	activity_report	lobbyist	2026-07-01	2026-12-31	0.0	0.0	https://lobbying.wi.gov/Who/LobbyistInformation/2025REG/Information/11062
WI-lobbyist-11063-activity-2025-H1	11063	WI	activity_report	lobbyist	2025-01-01	2025-06-30	72.5	46.0	https://lobbying.wi.gov/Who/LobbyistInformation/2025REG/Information/11063
WI-lobbyist-11063-activity-2025-H2	11063	WI	activity_report	lobbyist	2025-07-01	2025-12-31	96.0	47.5	https://lobbying.wi.gov/Who/LobbyistInformation/2025REG/Information/11063
WI-lobbyist-11063-activity-2026-H1	11063	WI	activity_report	lobbyist	2026-01-01	2026-06-30	0.0	0.0	https://lobbying.wi.gov/Who/LobbyistInformation/2025REG/Information/11063
WI-lobbyist-11063-activity-2026-H2	11063	WI	activity_report	lobbyist	2026-07-01	2026-12-31	0.0	0.0	https://lobbying.wi.gov/Who/LobbyistInformation/2025REG/Information/11063
WI-lobbyist-11064-activity-2025-H1	11064	WI	activity_report	lobbyist	2025-01-01	2025-06-30	43.0	68.75	https://lobbying.wi.gov/Who/LobbyistInformation/2025REG/Information/11064
WI-lobbyist-11064-activity-2025-H2	11064	WI	activity_report	lobbyist	2025-07-01	2025-12-31	0.5	19.5	https://lobbying.wi.gov/Who/LobbyistInformation/2025REG/Information/11064
WI-lobbyist-11064-activity-2026-H1	11064	WI	activity_report	lobbyist	2026-01-01	2026-06-30	10.5	14.5	https://lobbying.wi.gov/Who/LobbyistInformation/2025REG/Information/11064
WI-lobbyist-11064-activity-2026-H2	11064	WI	activity_report	lobbyist	2026-07-01	2026-12-31	0.0	0.0	https://lobbying.wi.gov/Who/LobbyistInformation/2025REG/Information/11064
WI-lobbyist-11065-activity-2025-H1	11065	WI	activity_report	lobbyist	2025-01-01	2025-06-30	0.25	0.0	https://lobbying.wi.gov/Who/LobbyistInformation/2025REG/Information/11065
WI-lobbyist-11065-activity-2025-H2	11065	WI	activity_report	lobbyist	2025-07-01	2025-12-31	0.0	0.0	https://lobbying.wi.gov/Who/LobbyistInformation/2025REG/Information/11065
WI-lobbyist-11065-activity-2026-H1	11065	WI	activity_report	lobbyist	2026-01-01	2026-06-30	0.0	0.0	https://lobbying.wi.gov/Who/LobbyistInformation/2025REG/Information/11065
WI-lobbyist-11065-activity-2026-H2	11065	WI	activity_report	lobbyist	2026-07-01	2026-12-31	0.0	0.0	https://lobbying.wi.gov/Who/LobbyistInformation/2025REG/Information/11065
WI-lobbyist-11066-activity-2025-H1	11066	WI	activity_report	lobbyist	2025-01-01	2025-06-30	6.0	0.0	https://lobbying.wi.gov/Who/LobbyistInformation/2025REG/Information/11066
WI-lobbyist-11066-activity-2025-H2	11066	WI	activity_report	lobbyist	2025-07-01	2025-12-31	0.0	0.0	https://lobbying.wi.gov/Who/LobbyistInformation/2025REG/Information/11066
WI-lobbyist-11066-activity-2026-H1	11066	WI	activity_report	lobbyist	2026-01-01	2026-06-30	0.0	0.0	https://lobbying.wi.gov/Who/LobbyistInformation/2025REG/Information/11066
WI-lobbyist-11066-activity-2026-H2	11066	WI	activity_report	lobbyist	2026-07-01	2026-12-31	0.0	0.0	https://lobbying.wi.gov/Who/LobbyistInformation/2025REG/Information/11066
WI-lobbyist-11067-activity-2025-H1	11067	WI	activity_report	lobbyist	2025-01-01	2025-06-30	11.7	52.2	https://lobbying.wi.gov/Who/LobbyistInformation/2025REG/Information/11067
WI-lobbyist-11067-activity-2025-H2	11067	WI	activity_report	lobbyist	2025-07-01	2025-12-31	15.1	47.5	https://lobbying.wi.gov/Who/LobbyistInformation/2025REG/Information/11067
WI-lobbyist-11067-activity-2026-H1	11067	WI	activity_report	lobbyist	2026-01-01	2026-06-30	0.0	0.0	https://lobbying.wi.gov/Who/LobbyistInformation/2025REG/Information/11067
WI-lobbyist-11067-activity-2026-H2	11067	WI	activity_report	lobbyist	2026-07-01	2026-12-31	0.0	0.0	https://lobbying.wi.gov/Who/LobbyistInformation/2025REG/Information/11067
WI-lobbyist-11068-activity-2025-H1	11068	WI	activity_report	lobbyist	2025-01-01	2025-06-30	21.5	14.75	https://lobbying.wi.gov/Who/LobbyistInformation/2025REG/Information/11068
WI-lobbyist-11068-activity-2025-H2	11068	WI	activity_report	lobbyist	2025-07-01	2025-12-31	18.0	49.5	https://lobbying.wi.gov/Who/LobbyistInformation/2025REG/Information/11068
WI-lobbyist-11068-activity-2026-H1	11068	WI	activity_report	lobbyist	2026-01-01	2026-06-30	12.75	34.5	https://lobbying.wi.gov/Who/LobbyistInformation/2025REG/Information/11068
WI-lobbyist-11068-activity-2026-H2	11068	WI	activity_report	lobbyist	2026-07-01	2026-12-31	0.0	0.0	https://lobbying.wi.gov/Who/LobbyistInformation/2025REG/Information/11068
WI-lobbyist-11070-activity-2025-H1	11070	WI	activity_report	lobbyist	2025-01-01	2025-06-30	3.0	19.0	https://lobbying.wi.gov/Who/LobbyistInformation/2025REG/Information/11070
WI-lobbyist-11070-activity-2025-H2	11070	WI	activity_report	lobbyist	2025-07-01	2025-12-31	5.0	12.0	https://lobbying.wi.gov/Who/LobbyistInformation/2025REG/Information/11070
WI-lobbyist-11070-activity-2026-H1	11070	WI	activity_report	lobbyist	2026-01-01	2026-06-30	0.0	0.0	https://lobbying.wi.gov/Who/LobbyistInformation/2025REG/Information/11070
WI-lobbyist-11070-activity-2026-H2	11070	WI	activity_report	lobbyist	2026-07-01	2026-12-31	0.0	0.0	https://lobbying.wi.gov/Who/LobbyistInformation/2025REG/Information/11070
WI-lobbyist-11071-activity-2025-H1	11071	WI	activity_report	lobbyist	2025-01-01	2025-06-30	51.0	96.5	https://lobbying.wi.gov/Who/LobbyistInformation/2025REG/Information/11071
WI-lobbyist-11071-activity-2025-H2	11071	WI	activity_report	lobbyist	2025-07-01	2025-12-31	47.0	55.5	https://lobbying.wi.gov/Who/LobbyistInformation/2025REG/Information/11071
WI-lobbyist-11071-activity-2026-H1	11071	WI	activity_report	lobbyist	2026-01-01	2026-06-30	0.0	0.0	https://lobbying.wi.gov/Who/LobbyistInformation/2025REG/Information/11071
WI-lobbyist-11071-activity-2026-H2	11071	WI	activity_report	lobbyist	2026-07-01	2026-12-31	0.0	0.0	https://lobbying.wi.gov/Who/LobbyistInformation/2025REG/Information/11071
WI-lobbyist-11072-activity-2025-H1	11072	WI	activity_report	lobbyist	2025-01-01	2025-06-30	651.0	3356.5	https://lobbying.wi.gov/Who/LobbyistInformation/2025REG/Information/11072
WI-lobbyist-11072-activity-2025-H2	11072	WI	activity_report	lobbyist	2025-07-01	2025-12-31	565.5	3038.0	https://lobbying.wi.gov/Who/LobbyistInformation/2025REG/Information/11072
WI-lobbyist-11072-activity-2026-H1	11072	WI	activity_report	lobbyist	2026-01-01	2026-06-30	0.0	0.0	https://lobbying.wi.gov/Who/LobbyistInformation/2025REG/Information/11072
WI-lobbyist-11072-activity-2026-H2	11072	WI	activity_report	lobbyist	2026-07-01	2026-12-31	0.0	0.0	https://lobbying.wi.gov/Who/LobbyistInformation/2025REG/Information/11072
WI-lobbyist-11073-activity-2025-H1	11073	WI	activity_report	lobbyist	2025-01-01	2025-06-30	50.5	24.0	https://lobbying.wi.gov/Who/LobbyistInformation/2025REG/Information/11073
WI-lobbyist-11073-activity-2025-H2	11073	WI	activity_report	lobbyist	2025-07-01	2025-12-31	0.0	16.0	https://lobbying.wi.gov/Who/LobbyistInformation/2025REG/Information/11073
WI-lobbyist-11073-activity-2026-H1	11073	WI	activity_report	lobbyist	2026-01-01	2026-06-30	0.0	0.0	https://lobbying.wi.gov/Who/LobbyistInformation/2025REG/Information/11073
WI-lobbyist-11073-activity-2026-H2	11073	WI	activity_report	lobbyist	2026-07-01	2026-12-31	0.0	0.0	https://lobbying.wi.gov/Who/LobbyistInformation/2025REG/Information/11073
WI-lobbyist-11074-activity-2025-H1	11074	WI	activity_report	lobbyist	2025-01-01	2025-06-30	1.0	23.0	https://lobbying.wi.gov/Who/LobbyistInformation/2025REG/Information/11074
WI-lobbyist-11074-activity-2025-H2	11074	WI	activity_report	lobbyist	2025-07-01	2025-12-31	0.0	0.0	https://lobbying.wi.gov/Who/LobbyistInformation/2025REG/Information/11074
WI-lobbyist-11074-activity-2026-H1	11074	WI	activity_report	lobbyist	2026-01-01	2026-06-30	0.0	0.0	https://lobbying.wi.gov/Who/LobbyistInformation/2025REG/Information/11074
WI-lobbyist-11074-activity-2026-H2	11074	WI	activity_report	lobbyist	2026-07-01	2026-12-31	0.0	0.0	https://lobbying.wi.gov/Who/LobbyistInformation/2025REG/Information/11074
WI-lobbyist-11075-activity-2025-H1	11075	WI	activity_report	lobbyist	2025-01-01	2025-06-30	0.0	0.0	https://lobbying.wi.gov/Who/LobbyistInformation/2025REG/Information/11075
WI-lobbyist-11075-activity-2025-H2	11075	WI	activity_report	lobbyist	2025-07-01	2025-12-31	0.0	0.0	https://lobbying.wi.gov/Who/LobbyistInformation/2025REG/Information/11075
WI-lobbyist-11075-activity-2026-H1	11075	WI	activity_report	lobbyist	2026-01-01	2026-06-30	0.0	0.0	https://lobbying.wi.gov/Who/LobbyistInformation/2025REG/Information/11075
WI-lobbyist-11075-activity-2026-H2	11075	WI	activity_report	lobbyist	2026-07-01	2026-12-31	0.0	0.0	https://lobbying.wi.gov/Who/LobbyistInformation/2025REG/Information/11075
WI-lobbyist-11077-activity-2025-H1	11077	WI	activity_report	lobbyist	2025-01-01	2025-06-30	37.5	9.0	https://lobbying.wi.gov/Who/LobbyistInformation/2025REG/Information/11077
WI-lobbyist-11077-activity-2025-H2	11077	WI	activity_report	lobbyist	2025-07-01	2025-12-31	8.5	6.0	https://lobbying.wi.gov/Who/LobbyistInformation/2025REG/Information/11077
WI-lobbyist-11077-activity-2026-H1	11077	WI	activity_report	lobbyist	2026-01-01	2026-06-30	0.0	0.0	https://lobbying.wi.gov/Who/LobbyistInformation/2025REG/Information/11077
WI-lobbyist-11077-activity-2026-H2	11077	WI	activity_report	lobbyist	2026-07-01	2026-12-31	0.0	0.0	https://lobbying.wi.gov/Who/LobbyistInformation/2025REG/Information/11077
WI-lobbyist-11078-activity-2025-H1	11078	WI	activity_report	lobbyist	2025-01-01	2025-06-30	0.0	0.0	https://lobbying.wi.gov/Who/LobbyistInformation/2025REG/Information/11078
WI-lobbyist-11078-activity-2025-H2	11078	WI	activity_report	lobbyist	2025-07-01	2025-12-31	0.0	0.0	https://lobbying.wi.gov/Who/LobbyistInformation/2025REG/Information/11078
WI-lobbyist-11078-activity-2026-H1	11078	WI	activity_report	lobbyist	2026-01-01	2026-06-30	0.0	0.0	https://lobbying.wi.gov/Who/LobbyistInformation/2025REG/Information/11078
WI-lobbyist-11078-activity-2026-H2	11078	WI	activity_report	lobbyist	2026-07-01	2026-12-31	0.0	0.0	https://lobbying.wi.gov/Who/LobbyistInformation/2025REG/Information/11078
WI-lobbyist-11079-activity-2025-H1	11079	WI	activity_report	lobbyist	2025-01-01	2025-06-30	0.0	0.0	https://lobbying.wi.gov/Who/LobbyistInformation/2025REG/Information/11079
WI-lobbyist-11079-activity-2025-H2	11079	WI	activity_report	lobbyist	2025-07-01	2025-12-31	3.0	0.0	https://lobbying.wi.gov/Who/LobbyistInformation/2025REG/Information/11079
WI-lobbyist-11079-activity-2026-H1	11079	WI	activity_report	lobbyist	2026-01-01	2026-06-30	0.0	0.0	https://lobbying.wi.gov/Who/LobbyistInformation/2025REG/Information/11079
WI-lobbyist-11079-activity-2026-H2	11079	WI	activity_report	lobbyist	2026-07-01	2026-12-31	0.0	0.0	https://lobbying.wi.gov/Who/LobbyistInformation/2025REG/Information/11079
WI-lobbyist-11081-activity-2025-H1	11081	WI	activity_report	lobbyist	2025-01-01	2025-06-30	353.5	416.5	https://lobbying.wi.gov/Who/LobbyistInformation/2025REG/Information/11081
WI-lobbyist-11081-activity-2025-H2	11081	WI	activity_report	lobbyist	2025-07-01	2025-12-31	120.25	420.0	https://lobbying.wi.gov/Who/LobbyistInformation/2025REG/Information/11081
WI-lobbyist-11081-activity-2026-H1	11081	WI	activity_report	lobbyist	2026-01-01	2026-06-30	0.0	0.0	https://lobbying.wi.gov/Who/LobbyistInformation/2025REG/Information/11081
WI-lobbyist-11081-activity-2026-H2	11081	WI	activity_report	lobbyist	2026-07-01	2026-12-31	0.0	0.0	https://lobbying.wi.gov/Who/LobbyistInformation/2025REG/Information/11081
WI-lobbyist-11082-activity-2025-H1	11082	WI	activity_report	lobbyist	2025-01-01	2025-06-30	175.0	398.5	https://lobbying.wi.gov/Who/LobbyistInformation/2025REG/Information/11082
WI-lobbyist-11082-activity-2025-H2	11082	WI	activity_report	lobbyist	2025-07-01	2025-12-31	103.0	475.0	https://lobbying.wi.gov/Who/LobbyistInformation/2025REG/Information/11082
WI-lobbyist-11082-activity-2026-H1	11082	WI	activity_report	lobbyist	2026-01-01	2026-06-30	0.0	0.0	https://lobbying.wi.gov/Who/LobbyistInformation/2025REG/Information/11082
WI-lobbyist-11082-activity-2026-H2	11082	WI	activity_report	lobbyist	2026-07-01	2026-12-31	0.0	0.0	https://lobbying.wi.gov/Who/LobbyistInformation/2025REG/Information/11082
WI-lobbyist-11083-activity-2025-H1	11083	WI	activity_report	lobbyist	2025-01-01	2025-06-30	119.5	572.25	https://lobbying.wi.gov/Who/LobbyistInformation/2025REG/Information/11083
WI-lobbyist-11083-activity-2025-H2	11083	WI	activity_report	lobbyist	2025-07-01	2025-12-31	131.3	346.15	https://lobbying.wi.gov/Who/LobbyistInformation/2025REG/Information/11083
WI-lobbyist-11083-activity-2026-H1	11083	WI	activity_report	lobbyist	2026-01-01	2026-06-30	0.0	0.0	https://lobbying.wi.gov/Who/LobbyistInformation/2025REG/Information/11083
WI-lobbyist-11083-activity-2026-H2	11083	WI	activity_report	lobbyist	2026-07-01	2026-12-31	0.0	0.0	https://lobbying.wi.gov/Who/LobbyistInformation/2025REG/Information/11083
WI-lobbyist-11084-activity-2025-H1	11084	WI	activity_report	lobbyist	2025-01-01	2025-06-30	24.75	20.5	https://lobbying.wi.gov/Who/LobbyistInformation/2025REG/Information/11084
WI-lobbyist-11084-activity-2025-H2	11084	WI	activity_report	lobbyist	2025-07-01	2025-12-31	26.25	4.5	https://lobbying.wi.gov/Who/LobbyistInformation/2025REG/Information/11084
WI-lobbyist-11084-activity-2026-H1	11084	WI	activity_report	lobbyist	2026-01-01	2026-06-30	0.0	0.0	https://lobbying.wi.gov/Who/LobbyistInformation/2025REG/Information/11084
WI-lobbyist-11084-activity-2026-H2	11084	WI	activity_report	lobbyist	2026-07-01	2026-12-31	0.0	0.0	https://lobbying.wi.gov/Who/LobbyistInformation/2025REG/Information/11084
WI-lobbyist-11085-activity-2025-H1	11085	WI	activity_report	lobbyist	2025-01-01	2025-06-30	18.5	9.5	https://lobbying.wi.gov/Who/LobbyistInformation/2025REG/Information/11085
WI-lobbyist-11085-activity-2025-H2	11085	WI	activity_report	lobbyist	2025-07-01	2025-12-31	0.0	0.0	https://lobbying.wi.gov/Who/LobbyistInformation/2025REG/Information/11085
WI-lobbyist-11085-activity-2026-H1	11085	WI	activity_report	lobbyist	2026-01-01	2026-06-30	0.0	0.0	https://lobbying.wi.gov/Who/LobbyistInformation/2025REG/Information/11085
WI-lobbyist-11085-activity-2026-H2	11085	WI	activity_report	lobbyist	2026-07-01	2026-12-31	0.0	0.0	https://lobbying.wi.gov/Who/LobbyistInformation/2025REG/Information/11085
WI-lobbyist-11086-activity-2025-H1	11086	WI	activity_report	lobbyist	2025-01-01	2025-06-30	0.0	0.0	https://lobbying.wi.gov/Who/LobbyistInformation/2025REG/Information/11086
WI-lobbyist-11086-activity-2025-H2	11086	WI	activity_report	lobbyist	2025-07-01	2025-12-31	0.0	0.0	https://lobbying.wi.gov/Who/LobbyistInformation/2025REG/Information/11086
WI-lobbyist-11086-activity-2026-H1	11086	WI	activity_report	lobbyist	2026-01-01	2026-06-30	0.0	0.0	https://lobbying.wi.gov/Who/LobbyistInformation/2025REG/Information/11086
WI-lobbyist-11086-activity-2026-H2	11086	WI	activity_report	lobbyist	2026-07-01	2026-12-31	0.0	0.0	https://lobbying.wi.gov/Who/LobbyistInformation/2025REG/Information/11086
WI-lobbyist-11087-activity-2025-H1	11087	WI	activity_report	lobbyist	2025-01-01	2025-06-30	14.5	19.5	https://lobbying.wi.gov/Who/LobbyistInformation/2025REG/Information/11087
WI-lobbyist-11087-activity-2025-H2	11087	WI	activity_report	lobbyist	2025-07-01	2025-12-31	5.5	2.0	https://lobbying.wi.gov/Who/LobbyistInformation/2025REG/Information/11087
WI-lobbyist-11087-activity-2026-H1	11087	WI	activity_report	lobbyist	2026-01-01	2026-06-30	0.0	0.0	https://lobbying.wi.gov/Who/LobbyistInformation/2025REG/Information/11087
WI-lobbyist-11087-activity-2026-H2	11087	WI	activity_report	lobbyist	2026-07-01	2026-12-31	0.0	0.0	https://lobbying.wi.gov/Who/LobbyistInformation/2025REG/Information/11087
WI-lobbyist-11088-activity-2025-H1	11088	WI	activity_report	lobbyist	2025-01-01	2025-06-30	48.2	4.25	https://lobbying.wi.gov/Who/LobbyistInformation/2025REG/Information/11088
WI-lobbyist-11088-activity-2025-H2	11088	WI	activity_report	lobbyist	2025-07-01	2025-12-31	0.0	0.0	https://lobbying.wi.gov/Who/LobbyistInformation/2025REG/Information/11088
WI-lobbyist-11088-activity-2026-H1	11088	WI	activity_report	lobbyist	2026-01-01	2026-06-30	0.0	0.0	https://lobbying.wi.gov/Who/LobbyistInformation/2025REG/Information/11088
WI-lobbyist-11088-activity-2026-H2	11088	WI	activity_report	lobbyist	2026-07-01	2026-12-31	0.0	0.0	https://lobbying.wi.gov/Who/LobbyistInformation/2025REG/Information/11088
WI-lobbyist-11089-activity-2025-H1	11089	WI	activity_report	lobbyist	2025-01-01	2025-06-30	0.5	0.0	https://lobbying.wi.gov/Who/LobbyistInformation/2025REG/Information/11089
WI-lobbyist-11089-activity-2025-H2	11089	WI	activity_report	lobbyist	2025-07-01	2025-12-31	1.0	0.0	https://lobbying.wi.gov/Who/LobbyistInformation/2025REG/Information/11089
WI-lobbyist-11089-activity-2026-H1	11089	WI	activity_report	lobbyist	2026-01-01	2026-06-30	0.0	0.0	https://lobbying.wi.gov/Who/LobbyistInformation/2025REG/Information/11089
WI-lobbyist-11089-activity-2026-H2	11089	WI	activity_report	lobbyist	2026-07-01	2026-12-31	0.0	0.0	https://lobbying.wi.gov/Who/LobbyistInformation/2025REG/Information/11089
WI-lobbyist-11090-activity-2025-H1	11090	WI	activity_report	lobbyist	2025-01-01	2025-06-30	141.0	314.0	https://lobbying.wi.gov/Who/LobbyistInformation/2025REG/Information/11090
WI-lobbyist-11090-activity-2025-H2	11090	WI	activity_report	lobbyist	2025-07-01	2025-12-31	64.0	494.0	https://lobbying.wi.gov/Who/LobbyistInformation/2025REG/Information/11090
WI-lobbyist-11090-activity-2026-H1	11090	WI	activity_report	lobbyist	2026-01-01	2026-06-30	0.0	0.0	https://lobbying.wi.gov/Who/LobbyistInformation/2025REG/Information/11090
WI-lobbyist-11090-activity-2026-H2	11090	WI	activity_report	lobbyist	2026-07-01	2026-12-31	0.0	0.0	https://lobbying.wi.gov/Who/LobbyistInformation/2025REG/Information/11090
WI-lobbyist-11091-activity-2025-H1	11091	WI	activity_report	lobbyist	2025-01-01	2025-06-30	76.3	0.0	https://lobbying.wi.gov/Who/LobbyistInformation/2025REG/Information/11091
WI-lobbyist-11091-activity-2025-H2	11091	WI	activity_report	lobbyist	2025-07-01	2025-12-31	31.0	0.0	https://lobbying.wi.gov/Who/LobbyistInformation/2025REG/Information/11091
WI-lobbyist-11091-activity-2026-H1	11091	WI	activity_report	lobbyist	2026-01-01	2026-06-30	66.5	0.0	https://lobbying.wi.gov/Who/LobbyistInformation/2025REG/Information/11091
WI-lobbyist-11091-activity-2026-H2	11091	WI	activity_report	lobbyist	2026-07-01	2026-12-31	0.0	0.0	https://lobbying.wi.gov/Who/LobbyistInformation/2025REG/Information/11091
WI-lobbyist-11092-activity-2025-H1	11092	WI	activity_report	lobbyist	2025-01-01	2025-06-30	3.5	10.25	https://lobbying.wi.gov/Who/LobbyistInformation/2025REG/Information/11092
WI-lobbyist-11092-activity-2025-H2	11092	WI	activity_report	lobbyist	2025-07-01	2025-12-31	0.0	0.0	https://lobbying.wi.gov/Who/LobbyistInformation/2025REG/Information/11092
WI-lobbyist-11092-activity-2026-H1	11092	WI	activity_report	lobbyist	2026-01-01	2026-06-30	0.0	0.0	https://lobbying.wi.gov/Who/LobbyistInformation/2025REG/Information/11092
WI-lobbyist-11092-activity-2026-H2	11092	WI	activity_report	lobbyist	2026-07-01	2026-12-31	0.0	0.0	https://lobbying.wi.gov/Who/LobbyistInformation/2025REG/Information/11092
WI-lobbyist-11093-activity-2025-H1	11093	WI	activity_report	lobbyist	2025-01-01	2025-06-30	69.9	134.7	https://lobbying.wi.gov/Who/LobbyistInformation/2025REG/Information/11093
WI-lobbyist-11093-activity-2025-H2	11093	WI	activity_report	lobbyist	2025-07-01	2025-12-31	33.1	62.4	https://lobbying.wi.gov/Who/LobbyistInformation/2025REG/Information/11093
WI-lobbyist-11093-activity-2026-H1	11093	WI	activity_report	lobbyist	2026-01-01	2026-06-30	22.8	38.3	https://lobbying.wi.gov/Who/LobbyistInformation/2025REG/Information/11093
WI-lobbyist-11093-activity-2026-H2	11093	WI	activity_report	lobbyist	2026-07-01	2026-12-31	0.0	0.0	https://lobbying.wi.gov/Who/LobbyistInformation/2025REG/Information/11093
WI-lobbyist-11094-activity-2025-H1	11094	WI	activity_report	lobbyist	2025-01-01	2025-06-30	194.75	361.75	https://lobbying.wi.gov/Who/LobbyistInformation/2025REG/Information/11094
WI-lobbyist-11094-activity-2025-H2	11094	WI	activity_report	lobbyist	2025-07-01	2025-12-31	90.5	412.25	https://lobbying.wi.gov/Who/LobbyistInformation/2025REG/Information/11094
WI-lobbyist-11094-activity-2026-H1	11094	WI	activity_report	lobbyist	2026-01-01	2026-06-30	0.0	0.0	https://lobbying.wi.gov/Who/LobbyistInformation/2025REG/Information/11094
WI-lobbyist-11094-activity-2026-H2	11094	WI	activity_report	lobbyist	2026-07-01	2026-12-31	0.0	0.0	https://lobbying.wi.gov/Who/LobbyistInformation/2025REG/Information/11094
WI-lobbyist-11095-activity-2025-H1	11095	WI	activity_report	lobbyist	2025-01-01	2025-06-30	5.25	2.25	https://lobbying.wi.gov/Who/LobbyistInformation/2025REG/Information/11095
WI-lobbyist-11095-activity-2025-H2	11095	WI	activity_report	lobbyist	2025-07-01	2025-12-31	4.25	13.0	https://lobbying.wi.gov/Who/LobbyistInformation/2025REG/Information/11095
WI-lobbyist-11095-activity-2026-H1	11095	WI	activity_report	lobbyist	2026-01-01	2026-06-30	0.0	0.0	https://lobbying.wi.gov/Who/LobbyistInformation/2025REG/Information/11095
WI-lobbyist-11095-activity-2026-H2	11095	WI	activity_report	lobbyist	2026-07-01	2026-12-31	0.0	0.0	https://lobbying.wi.gov/Who/LobbyistInformation/2025REG/Information/11095
WI-lobbyist-11096-activity-2025-H1	11096	WI	activity_report	lobbyist	2025-01-01	2025-06-30	314.0	76.5	https://lobbying.wi.gov/Who/LobbyistInformation/2025REG/Information/11096
WI-lobbyist-11096-activity-2025-H2	11096	WI	activity_report	lobbyist	2025-07-01	2025-12-31	203.5	51.0	https://lobbying.wi.gov/Who/LobbyistInformation/2025REG/Information/11096
WI-lobbyist-11096-activity-2026-H1	11096	WI	activity_report	lobbyist	2026-01-01	2026-06-30	24.0	12.5	https://lobbying.wi.gov/Who/LobbyistInformation/2025REG/Information/11096
WI-lobbyist-11096-activity-2026-H2	11096	WI	activity_report	lobbyist	2026-07-01	2026-12-31	0.0	0.0	https://lobbying.wi.gov/Who/LobbyistInformation/2025REG/Information/11096
WI-lobbyist-11097-activity-2025-H1	11097	WI	activity_report	lobbyist	2025-01-01	2025-06-30	35.0	60.5	https://lobbying.wi.gov/Who/LobbyistInformation/2025REG/Information/11097
WI-lobbyist-11097-activity-2025-H2	11097	WI	activity_report	lobbyist	2025-07-01	2025-12-31	3.0	20.0	https://lobbying.wi.gov/Who/LobbyistInformation/2025REG/Information/11097
WI-lobbyist-11097-activity-2026-H1	11097	WI	activity_report	lobbyist	2026-01-01	2026-06-30	0.0	0.0	https://lobbying.wi.gov/Who/LobbyistInformation/2025REG/Information/11097
WI-lobbyist-11097-activity-2026-H2	11097	WI	activity_report	lobbyist	2026-07-01	2026-12-31	0.0	0.0	https://lobbying.wi.gov/Who/LobbyistInformation/2025REG/Information/11097
WI-lobbyist-11098-activity-2025-H1	11098	WI	activity_report	lobbyist	2025-01-01	2025-06-30	110.0	623.0	https://lobbying.wi.gov/Who/LobbyistInformation/2025REG/Information/11098
WI-lobbyist-11098-activity-2025-H2	11098	WI	activity_report	lobbyist	2025-07-01	2025-12-31	49.5	403.5	https://lobbying.wi.gov/Who/LobbyistInformation/2025REG/Information/11098
WI-lobbyist-11098-activity-2026-H1	11098	WI	activity_report	lobbyist	2026-01-01	2026-06-30	0.0	0.0	https://lobbying.wi.gov/Who/LobbyistInformation/2025REG/Information/11098
WI-lobbyist-11098-activity-2026-H2	11098	WI	activity_report	lobbyist	2026-07-01	2026-12-31	0.0	0.0	https://lobbying.wi.gov/Who/LobbyistInformation/2025REG/Information/11098
WI-lobbyist-11099-activity-2025-H1	11099	WI	activity_report	lobbyist	2025-01-01	2025-06-30	16.0	28.9	https://lobbying.wi.gov/Who/LobbyistInformation/2025REG/Information/11099
WI-lobbyist-11099-activity-2025-H2	11099	WI	activity_report	lobbyist	2025-07-01	2025-12-31	4.5	11.5	https://lobbying.wi.gov/Who/LobbyistInformation/2025REG/Information/11099
WI-lobbyist-11099-activity-2026-H1	11099	WI	activity_report	lobbyist	2026-01-01	2026-06-30	0.0	0.0	https://lobbying.wi.gov/Who/LobbyistInformation/2025REG/Information/11099
WI-lobbyist-11099-activity-2026-H2	11099	WI	activity_report	lobbyist	2026-07-01	2026-12-31	0.0	0.0	https://lobbying.wi.gov/Who/LobbyistInformation/2025REG/Information/11099
WI-lobbyist-11100-activity-2025-H1	11100	WI	activity_report	lobbyist	2025-01-01	2025-06-30	2.0	12.5	https://lobbying.wi.gov/Who/LobbyistInformation/2025REG/Information/11100
WI-lobbyist-11100-activity-2025-H2	11100	WI	activity_report	lobbyist	2025-07-01	2025-12-31	0.0	0.0	https://lobbying.wi.gov/Who/LobbyistInformation/2025REG/Information/11100
WI-lobbyist-11100-activity-2026-H1	11100	WI	activity_report	lobbyist	2026-01-01	2026-06-30	0.0	0.0	https://lobbying.wi.gov/Who/LobbyistInformation/2025REG/Information/11100
WI-lobbyist-11100-activity-2026-H2	11100	WI	activity_report	lobbyist	2026-07-01	2026-12-31	0.0	0.0	https://lobbying.wi.gov/Who/LobbyistInformation/2025REG/Information/11100
WI-lobbyist-11101-activity-2025-H1	11101	WI	activity_report	lobbyist	2025-01-01	2025-06-30	57.0	175.0	https://lobbying.wi.gov/Who/LobbyistInformation/2025REG/Information/11101
WI-lobbyist-11101-activity-2025-H2	11101	WI	activity_report	lobbyist	2025-07-01	2025-12-31	37.5	149.0	https://lobbying.wi.gov/Who/LobbyistInformation/2025REG/Information/11101
WI-lobbyist-11101-activity-2026-H1	11101	WI	activity_report	lobbyist	2026-01-01	2026-06-30	0.0	0.0	https://lobbying.wi.gov/Who/LobbyistInformation/2025REG/Information/11101
WI-lobbyist-11101-activity-2026-H2	11101	WI	activity_report	lobbyist	2026-07-01	2026-12-31	0.0	0.0	https://lobbying.wi.gov/Who/LobbyistInformation/2025REG/Information/11101
WI-lobbyist-11102-activity-2025-H1	11102	WI	activity_report	lobbyist	2025-01-01	2025-06-30	19.75	6.5	https://lobbying.wi.gov/Who/LobbyistInformation/2025REG/Information/11102
WI-lobbyist-11102-activity-2025-H2	11102	WI	activity_report	lobbyist	2025-07-01	2025-12-31	8.75	9.0	https://lobbying.wi.gov/Who/LobbyistInformation/2025REG/Information/11102
WI-lobbyist-11102-activity-2026-H1	11102	WI	activity_report	lobbyist	2026-01-01	2026-06-30	14.0	8.5	https://lobbying.wi.gov/Who/LobbyistInformation/2025REG/Information/11102
WI-lobbyist-11102-activity-2026-H2	11102	WI	activity_report	lobbyist	2026-07-01	2026-12-31	0.0	0.0	https://lobbying.wi.gov/Who/LobbyistInformation/2025REG/Information/11102
WI-lobbyist-11103-activity-2025-H1	11103	WI	activity_report	lobbyist	2025-01-01	2025-06-30	19.5	11.75	https://lobbying.wi.gov/Who/LobbyistInformation/2025REG/Information/11103
WI-lobbyist-11103-activity-2025-H2	11103	WI	activity_report	lobbyist	2025-07-01	2025-12-31	12.5	5.0	https://lobbying.wi.gov/Who/LobbyistInformation/2025REG/Information/11103
WI-lobbyist-11103-activity-2026-H1	11103	WI	activity_report	lobbyist	2026-01-01	2026-06-30	0.5	1.0	https://lobbying.wi.gov/Who/LobbyistInformation/2025REG/Information/11103
WI-lobbyist-11103-activity-2026-H2	11103	WI	activity_report	lobbyist	2026-07-01	2026-12-31	0.0	0.0	https://lobbying.wi.gov/Who/LobbyistInformation/2025REG/Information/11103
WI-lobbyist-11104-activity-2025-H1	11104	WI	activity_report	lobbyist	2025-01-01	2025-06-30	9.0	13.75	https://lobbying.wi.gov/Who/LobbyistInformation/2025REG/Information/11104
WI-lobbyist-11104-activity-2025-H2	11104	WI	activity_report	lobbyist	2025-07-01	2025-12-31	0.0	0.0	https://lobbying.wi.gov/Who/LobbyistInformation/2025REG/Information/11104
WI-lobbyist-11104-activity-2026-H1	11104	WI	activity_report	lobbyist	2026-01-01	2026-06-30	0.0	0.0	https://lobbying.wi.gov/Who/LobbyistInformation/2025REG/Information/11104
WI-lobbyist-11104-activity-2026-H2	11104	WI	activity_report	lobbyist	2026-07-01	2026-12-31	0.0	0.0	https://lobbying.wi.gov/Who/LobbyistInformation/2025REG/Information/11104
WI-lobbyist-11105-activity-2025-H1	11105	WI	activity_report	lobbyist	2025-01-01	2025-06-30	27.0	11.5	https://lobbying.wi.gov/Who/LobbyistInformation/2025REG/Information/11105
WI-lobbyist-11105-activity-2025-H2	11105	WI	activity_report	lobbyist	2025-07-01	2025-12-31	3.25	4.0	https://lobbying.wi.gov/Who/LobbyistInformation/2025REG/Information/11105
WI-lobbyist-11105-activity-2026-H1	11105	WI	activity_report	lobbyist	2026-01-01	2026-06-30	0.0	0.0	https://lobbying.wi.gov/Who/LobbyistInformation/2025REG/Information/11105
WI-lobbyist-11105-activity-2026-H2	11105	WI	activity_report	lobbyist	2026-07-01	2026-12-31	0.0	0.0	https://lobbying.wi.gov/Who/LobbyistInformation/2025REG/Information/11105
WI-lobbyist-11107-activity-2025-H1	11107	WI	activity_report	lobbyist	2025-01-01	2025-06-30	55.5	302.75	https://lobbying.wi.gov/Who/LobbyistInformation/2025REG/Information/11107
WI-lobbyist-11107-activity-2025-H2	11107	WI	activity_report	lobbyist	2025-07-01	2025-12-31	70.25	266.0	https://lobbying.wi.gov/Who/LobbyistInformation/2025REG/Information/11107
WI-lobbyist-11107-activity-2026-H1	11107	WI	activity_report	lobbyist	2026-01-01	2026-06-30	0.0	0.0	https://lobbying.wi.gov/Who/LobbyistInformation/2025REG/Information/11107
WI-lobbyist-11107-activity-2026-H2	11107	WI	activity_report	lobbyist	2026-07-01	2026-12-31	0.0	0.0	https://lobbying.wi.gov/Who/LobbyistInformation/2025REG/Information/11107
WI-lobbyist-11108-activity-2025-H1	11108	WI	activity_report	lobbyist	2025-01-01	2025-06-30	44.0	135.0	https://lobbying.wi.gov/Who/LobbyistInformation/2025REG/Information/11108
WI-lobbyist-11108-activity-2025-H2	11108	WI	activity_report	lobbyist	2025-07-01	2025-12-31	37.0	78.0	https://lobbying.wi.gov/Who/LobbyistInformation/2025REG/Information/11108
WI-lobbyist-11108-activity-2026-H1	11108	WI	activity_report	lobbyist	2026-01-01	2026-06-30	0.0	0.0	https://lobbying.wi.gov/Who/LobbyistInformation/2025REG/Information/11108
WI-lobbyist-11108-activity-2026-H2	11108	WI	activity_report	lobbyist	2026-07-01	2026-12-31	0.0	0.0	https://lobbying.wi.gov/Who/LobbyistInformation/2025REG/Information/11108
WI-lobbyist-11109-activity-2025-H1	11109	WI	activity_report	lobbyist	2025-01-01	2025-06-30	12.5	40.5	https://lobbying.wi.gov/Who/LobbyistInformation/2025REG/Information/11109
WI-lobbyist-11109-activity-2025-H2	11109	WI	activity_report	lobbyist	2025-07-01	2025-12-31	57.75	141.75	https://lobbying.wi.gov/Who/LobbyistInformation/2025REG/Information/11109
WI-lobbyist-11109-activity-2026-H1	11109	WI	activity_report	lobbyist	2026-01-01	2026-06-30	0.0	0.0	https://lobbying.wi.gov/Who/LobbyistInformation/2025REG/Information/11109
WI-lobbyist-11109-activity-2026-H2	11109	WI	activity_report	lobbyist	2026-07-01	2026-12-31	0.0	0.0	https://lobbying.wi.gov/Who/LobbyistInformation/2025REG/Information/11109
WI-lobbyist-11110-activity-2025-H1	11110	WI	activity_report	lobbyist	2025-01-01	2025-06-30	64.0	270.0	https://lobbying.wi.gov/Who/LobbyistInformation/2025REG/Information/11110
WI-lobbyist-11110-activity-2025-H2	11110	WI	activity_report	lobbyist	2025-07-01	2025-12-31	62.5	494.76	https://lobbying.wi.gov/Who/LobbyistInformation/2025REG/Information/11110
WI-lobbyist-11110-activity-2026-H1	11110	WI	activity_report	lobbyist	2026-01-01	2026-06-30	0.0	0.0	https://lobbying.wi.gov/Who/LobbyistInformation/2025REG/Information/11110
WI-lobbyist-11110-activity-2026-H2	11110	WI	activity_report	lobbyist	2026-07-01	2026-12-31	0.0	0.0	https://lobbying.wi.gov/Who/LobbyistInformation/2025REG/Information/11110
WI-lobbyist-11112-activity-2025-H1	11112	WI	activity_report	lobbyist	2025-01-01	2025-06-30	28.9	20.0	https://lobbying.wi.gov/Who/LobbyistInformation/2025REG/Information/11112
WI-lobbyist-11112-activity-2025-H2	11112	WI	activity_report	lobbyist	2025-07-01	2025-12-31	13.85	5.75	https://lobbying.wi.gov/Who/LobbyistInformation/2025REG/Information/11112
WI-lobbyist-11112-activity-2026-H1	11112	WI	activity_report	lobbyist	2026-01-01	2026-06-30	0.0	0.0	https://lobbying.wi.gov/Who/LobbyistInformation/2025REG/Information/11112
WI-lobbyist-11112-activity-2026-H2	11112	WI	activity_report	lobbyist	2026-07-01	2026-12-31	0.0	0.0	https://lobbying.wi.gov/Who/LobbyistInformation/2025REG/Information/11112
WI-lobbyist-11113-activity-2025-H1	11113	WI	activity_report	lobbyist	2025-01-01	2025-06-30	50.25	304.0	https://lobbying.wi.gov/Who/LobbyistInformation/2025REG/Information/11113
WI-lobbyist-11113-activity-2025-H2	11113	WI	activity_report	lobbyist	2025-07-01	2025-12-31	23.0	220.75	https://lobbying.wi.gov/Who/LobbyistInformation/2025REG/Information/11113
WI-lobbyist-11113-activity-2026-H1	11113	WI	activity_report	lobbyist	2026-01-01	2026-06-30	15.0	121.0	https://lobbying.wi.gov/Who/LobbyistInformation/2025REG/Information/11113
WI-lobbyist-11113-activity-2026-H2	11113	WI	activity_report	lobbyist	2026-07-01	2026-12-31	0.0	0.0	https://lobbying.wi.gov/Who/LobbyistInformation/2025REG/Information/11113
WI-lobbyist-11114-activity-2025-H1	11114	WI	activity_report	lobbyist	2025-01-01	2025-06-30	92.75	232.5	https://lobbying.wi.gov/Who/LobbyistInformation/2025REG/Information/11114
WI-lobbyist-11114-activity-2025-H2	11114	WI	activity_report	lobbyist	2025-07-01	2025-12-31	53.49	162.0	https://lobbying.wi.gov/Who/LobbyistInformation/2025REG/Information/11114
WI-lobbyist-11114-activity-2026-H1	11114	WI	activity_report	lobbyist	2026-01-01	2026-06-30	0.0	0.0	https://lobbying.wi.gov/Who/LobbyistInformation/2025REG/Information/11114
WI-lobbyist-11114-activity-2026-H2	11114	WI	activity_report	lobbyist	2026-07-01	2026-12-31	0.0	0.0	https://lobbying.wi.gov/Who/LobbyistInformation/2025REG/Information/11114
WI-lobbyist-11115-activity-2025-H1	11115	WI	activity_report	lobbyist	2025-01-01	2025-06-30	6.0	84.0	https://lobbying.wi.gov/Who/LobbyistInformation/2025REG/Information/11115
WI-lobbyist-11115-activity-2025-H2	11115	WI	activity_report	lobbyist	2025-07-01	2025-12-31	3.0	95.5	https://lobbying.wi.gov/Who/LobbyistInformation/2025REG/Information/11115
WI-lobbyist-11115-activity-2026-H1	11115	WI	activity_report	lobbyist	2026-01-01	2026-06-30	0.0	0.0	https://lobbying.wi.gov/Who/LobbyistInformation/2025REG/Information/11115
WI-lobbyist-11115-activity-2026-H2	11115	WI	activity_report	lobbyist	2026-07-01	2026-12-31	0.0	0.0	https://lobbying.wi.gov/Who/LobbyistInformation/2025REG/Information/11115
WI-lobbyist-11116-activity-2025-H1	11116	WI	activity_report	lobbyist	2025-01-01	2025-06-30	50.5	47.5	https://lobbying.wi.gov/Who/LobbyistInformation/2025REG/Information/11116
WI-lobbyist-11116-activity-2025-H2	11116	WI	activity_report	lobbyist	2025-07-01	2025-12-31	57.0	61.5	https://lobbying.wi.gov/Who/LobbyistInformation/2025REG/Information/11116
WI-lobbyist-11116-activity-2026-H1	11116	WI	activity_report	lobbyist	2026-01-01	2026-06-30	0.0	0.0	https://lobbying.wi.gov/Who/LobbyistInformation/2025REG/Information/11116
WI-lobbyist-11116-activity-2026-H2	11116	WI	activity_report	lobbyist	2026-07-01	2026-12-31	0.0	0.0	https://lobbying.wi.gov/Who/LobbyistInformation/2025REG/Information/11116
WI-lobbyist-11117-activity-2025-H1	11117	WI	activity_report	lobbyist	2025-01-01	2025-06-30	28.0	14.5	https://lobbying.wi.gov/Who/LobbyistInformation/2025REG/Information/11117
WI-lobbyist-11117-activity-2025-H2	11117	WI	activity_report	lobbyist	2025-07-01	2025-12-31	12.5	6.5	https://lobbying.wi.gov/Who/LobbyistInformation/2025REG/Information/11117
WI-lobbyist-11117-activity-2026-H1	11117	WI	activity_report	lobbyist	2026-01-01	2026-06-30	0.0	0.0	https://lobbying.wi.gov/Who/LobbyistInformation/2025REG/Information/11117
WI-lobbyist-11117-activity-2026-H2	11117	WI	activity_report	lobbyist	2026-07-01	2026-12-31	0.0	0.0	https://lobbying.wi.gov/Who/LobbyistInformation/2025REG/Information/11117
WI-lobbyist-11119-activity-2025-H1	11119	WI	activity_report	lobbyist	2025-01-01	2025-06-30	235.0	705.05	https://lobbying.wi.gov/Who/LobbyistInformation/2025REG/Information/11119
WI-lobbyist-11119-activity-2025-H2	11119	WI	activity_report	lobbyist	2025-07-01	2025-12-31	127.0	376.7	https://lobbying.wi.gov/Who/LobbyistInformation/2025REG/Information/11119
WI-lobbyist-11119-activity-2026-H1	11119	WI	activity_report	lobbyist	2026-01-01	2026-06-30	1.0	0.0	https://lobbying.wi.gov/Who/LobbyistInformation/2025REG/Information/11119
WI-lobbyist-11119-activity-2026-H2	11119	WI	activity_report	lobbyist	2026-07-01	2026-12-31	23.0	54.5	https://lobbying.wi.gov/Who/LobbyistInformation/2025REG/Information/11119
WI-lobbyist-11120-activity-2025-H1	11120	WI	activity_report	lobbyist	2025-01-01	2025-06-30	113.0	141.55	https://lobbying.wi.gov/Who/LobbyistInformation/2025REG/Information/11120
WI-lobbyist-11120-activity-2025-H2	11120	WI	activity_report	lobbyist	2025-07-01	2025-12-31	40.55	118.3	https://lobbying.wi.gov/Who/LobbyistInformation/2025REG/Information/11120
WI-lobbyist-11120-activity-2026-H1	11120	WI	activity_report	lobbyist	2026-01-01	2026-06-30	0.0	0.0	https://lobbying.wi.gov/Who/LobbyistInformation/2025REG/Information/11120
WI-lobbyist-11120-activity-2026-H2	11120	WI	activity_report	lobbyist	2026-07-01	2026-12-31	0.0	0.0	https://lobbying.wi.gov/Who/LobbyistInformation/2025REG/Information/11120
WI-lobbyist-11121-activity-2025-H1	11121	WI	activity_report	lobbyist	2025-01-01	2025-06-30	10.75	43.5	https://lobbying.wi.gov/Who/LobbyistInformation/2025REG/Information/11121
WI-lobbyist-11121-activity-2025-H2	11121	WI	activity_report	lobbyist	2025-07-01	2025-12-31	10.0	1.5	https://lobbying.wi.gov/Who/LobbyistInformation/2025REG/Information/11121
WI-lobbyist-11121-activity-2026-H1	11121	WI	activity_report	lobbyist	2026-01-01	2026-06-30	0.0	0.0	https://lobbying.wi.gov/Who/LobbyistInformation/2025REG/Information/11121
WI-lobbyist-11121-activity-2026-H2	11121	WI	activity_report	lobbyist	2026-07-01	2026-12-31	0.0	0.0	https://lobbying.wi.gov/Who/LobbyistInformation/2025REG/Information/11121
WI-lobbyist-11124-activity-2025-H1	11124	WI	activity_report	lobbyist	2025-01-01	2025-06-30	238.5	205.0	https://lobbying.wi.gov/Who/LobbyistInformation/2025REG/Information/11124
WI-lobbyist-11124-activity-2025-H2	11124	WI	activity_report	lobbyist	2025-07-01	2025-12-31	131.0	181.0	https://lobbying.wi.gov/Who/LobbyistInformation/2025REG/Information/11124
WI-lobbyist-11124-activity-2026-H1	11124	WI	activity_report	lobbyist	2026-01-01	2026-06-30	0.0	0.0	https://lobbying.wi.gov/Who/LobbyistInformation/2025REG/Information/11124
WI-lobbyist-11124-activity-2026-H2	11124	WI	activity_report	lobbyist	2026-07-01	2026-12-31	0.0	0.0	https://lobbying.wi.gov/Who/LobbyistInformation/2025REG/Information/11124
WI-lobbyist-11128-activity-2025-H1	11128	WI	activity_report	lobbyist	2025-01-01	2025-06-30	0.0	2.5	https://lobbying.wi.gov/Who/LobbyistInformation/2025REG/Information/11128
WI-lobbyist-11128-activity-2025-H2	11128	WI	activity_report	lobbyist	2025-07-01	2025-12-31	0.0	0.5	https://lobbying.wi.gov/Who/LobbyistInformation/2025REG/Information/11128
WI-lobbyist-11128-activity-2026-H1	11128	WI	activity_report	lobbyist	2026-01-01	2026-06-30	0.0	0.0	https://lobbying.wi.gov/Who/LobbyistInformation/2025REG/Information/11128
WI-lobbyist-11128-activity-2026-H2	11128	WI	activity_report	lobbyist	2026-07-01	2026-12-31	0.0	0.0	https://lobbying.wi.gov/Who/LobbyistInformation/2025REG/Information/11128
WI-lobbyist-11129-activity-2025-H1	11129	WI	activity_report	lobbyist	2025-01-01	2025-06-30	30.0	56.75	https://lobbying.wi.gov/Who/LobbyistInformation/2025REG/Information/11129
WI-lobbyist-11129-activity-2025-H2	11129	WI	activity_report	lobbyist	2025-07-01	2025-12-31	6.25	7.5	https://lobbying.wi.gov/Who/LobbyistInformation/2025REG/Information/11129
WI-lobbyist-11129-activity-2026-H1	11129	WI	activity_report	lobbyist	2026-01-01	2026-06-30	0.0	0.0	https://lobbying.wi.gov/Who/LobbyistInformation/2025REG/Information/11129
WI-lobbyist-11129-activity-2026-H2	11129	WI	activity_report	lobbyist	2026-07-01	2026-12-31	0.0	0.0	https://lobbying.wi.gov/Who/LobbyistInformation/2025REG/Information/11129
WI-lobbyist-11130-activity-2025-H1	11130	WI	activity_report	lobbyist	2025-01-01	2025-06-30	7.0	158.0	https://lobbying.wi.gov/Who/LobbyistInformation/2025REG/Information/11130
WI-lobbyist-11130-activity-2025-H2	11130	WI	activity_report	lobbyist	2025-07-01	2025-12-31	7.5	124.5	https://lobbying.wi.gov/Who/LobbyistInformation/2025REG/Information/11130
WI-lobbyist-11130-activity-2026-H1	11130	WI	activity_report	lobbyist	2026-01-01	2026-06-30	0.0	0.0	https://lobbying.wi.gov/Who/LobbyistInformation/2025REG/Information/11130
WI-lobbyist-11130-activity-2026-H2	11130	WI	activity_report	lobbyist	2026-07-01	2026-12-31	0.0	0.0	https://lobbying.wi.gov/Who/LobbyistInformation/2025REG/Information/11130
WI-lobbyist-11131-activity-2025-H1	11131	WI	activity_report	lobbyist	2025-01-01	2025-06-30	6.5	5.5	https://lobbying.wi.gov/Who/LobbyistInformation/2025REG/Information/11131
WI-lobbyist-11131-activity-2025-H2	11131	WI	activity_report	lobbyist	2025-07-01	2025-12-31	1.75	12.25	https://lobbying.wi.gov/Who/LobbyistInformation/2025REG/Information/11131
WI-lobbyist-11131-activity-2026-H1	11131	WI	activity_report	lobbyist	2026-01-01	2026-06-30	0.0	0.0	https://lobbying.wi.gov/Who/LobbyistInformation/2025REG/Information/11131
WI-lobbyist-11131-activity-2026-H2	11131	WI	activity_report	lobbyist	2026-07-01	2026-12-31	0.0	0.0	https://lobbying.wi.gov/Who/LobbyistInformation/2025REG/Information/11131
WI-lobbyist-11132-activity-2025-H1	11132	WI	activity_report	lobbyist	2025-01-01	2025-06-30	11.0	138.5	https://lobbying.wi.gov/Who/LobbyistInformation/2025REG/Information/11132
WI-lobbyist-11132-activity-2025-H2	11132	WI	activity_report	lobbyist	2025-07-01	2025-12-31	14.5	150.5	https://lobbying.wi.gov/Who/LobbyistInformation/2025REG/Information/11132
WI-lobbyist-11132-activity-2026-H1	11132	WI	activity_report	lobbyist	2026-01-01	2026-06-30	0.0	0.0	https://lobbying.wi.gov/Who/LobbyistInformation/2025REG/Information/11132
WI-lobbyist-11132-activity-2026-H2	11132	WI	activity_report	lobbyist	2026-07-01	2026-12-31	0.0	0.0	https://lobbying.wi.gov/Who/LobbyistInformation/2025REG/Information/11132
WI-lobbyist-11133-activity-2025-H1	11133	WI	activity_report	lobbyist	2025-01-01	2025-06-30	7.5	8.0	https://lobbying.wi.gov/Who/LobbyistInformation/2025REG/Information/11133
WI-lobbyist-11133-activity-2025-H2	11133	WI	activity_report	lobbyist	2025-07-01	2025-12-31	1.0	2.75	https://lobbying.wi.gov/Who/LobbyistInformation/2025REG/Information/11133
WI-lobbyist-11133-activity-2026-H1	11133	WI	activity_report	lobbyist	2026-01-01	2026-06-30	0.0	0.0	https://lobbying.wi.gov/Who/LobbyistInformation/2025REG/Information/11133
WI-lobbyist-11133-activity-2026-H2	11133	WI	activity_report	lobbyist	2026-07-01	2026-12-31	0.0	0.0	https://lobbying.wi.gov/Who/LobbyistInformation/2025REG/Information/11133
WI-lobbyist-11135-activity-2025-H1	11135	WI	activity_report	lobbyist	2025-01-01	2025-06-30	2.5	8.0	https://lobbying.wi.gov/Who/LobbyistInformation/2025REG/Information/11135
WI-lobbyist-11135-activity-2025-H2	11135	WI	activity_report	lobbyist	2025-07-01	2025-12-31	3.5	18.0	https://lobbying.wi.gov/Who/LobbyistInformation/2025REG/Information/11135
WI-lobbyist-11135-activity-2026-H1	11135	WI	activity_report	lobbyist	2026-01-01	2026-06-30	6.5	18.0	https://lobbying.wi.gov/Who/LobbyistInformation/2025REG/Information/11135
WI-lobbyist-11135-activity-2026-H2	11135	WI	activity_report	lobbyist	2026-07-01	2026-12-31	0.0	0.0	https://lobbying.wi.gov/Who/LobbyistInformation/2025REG/Information/11135
WI-lobbyist-11136-activity-2025-H1	11136	WI	activity_report	lobbyist	2025-01-01	2025-06-30	17.04	9.0	https://lobbying.wi.gov/Who/LobbyistInformation/2025REG/Information/11136
WI-lobbyist-11136-activity-2025-H2	11136	WI	activity_report	lobbyist	2025-07-01	2025-12-31	25.0	15.25	https://lobbying.wi.gov/Who/LobbyistInformation/2025REG/Information/11136
WI-lobbyist-11136-activity-2026-H1	11136	WI	activity_report	lobbyist	2026-01-01	2026-06-30	22.25	0.5	https://lobbying.wi.gov/Who/LobbyistInformation/2025REG/Information/11136
WI-lobbyist-11136-activity-2026-H2	11136	WI	activity_report	lobbyist	2026-07-01	2026-12-31	0.0	0.0	https://lobbying.wi.gov/Who/LobbyistInformation/2025REG/Information/11136
WI-lobbyist-11137-activity-2025-H1	11137	WI	activity_report	lobbyist	2025-01-01	2025-06-30	54.0	218.0	https://lobbying.wi.gov/Who/LobbyistInformation/2025REG/Information/11137
WI-lobbyist-11137-activity-2025-H2	11137	WI	activity_report	lobbyist	2025-07-01	2025-12-31	11.0	165.0	https://lobbying.wi.gov/Who/LobbyistInformation/2025REG/Information/11137
WI-lobbyist-11137-activity-2026-H1	11137	WI	activity_report	lobbyist	2026-01-01	2026-06-30	0.0	0.0	https://lobbying.wi.gov/Who/LobbyistInformation/2025REG/Information/11137
WI-lobbyist-11137-activity-2026-H2	11137	WI	activity_report	lobbyist	2026-07-01	2026-12-31	0.0	0.0	https://lobbying.wi.gov/Who/LobbyistInformation/2025REG/Information/11137
WI-lobbyist-11138-activity-2025-H1	11138	WI	activity_report	lobbyist	2025-01-01	2025-06-30	94.25	231.25	https://lobbying.wi.gov/Who/LobbyistInformation/2025REG/Information/11138
WI-lobbyist-11138-activity-2025-H2	11138	WI	activity_report	lobbyist	2025-07-01	2025-12-31	38.25	105.75	https://lobbying.wi.gov/Who/LobbyistInformation/2025REG/Information/11138
WI-lobbyist-11138-activity-2026-H1	11138	WI	activity_report	lobbyist	2026-01-01	2026-06-30	0.0	0.0	https://lobbying.wi.gov/Who/LobbyistInformation/2025REG/Information/11138
WI-lobbyist-11138-activity-2026-H2	11138	WI	activity_report	lobbyist	2026-07-01	2026-12-31	0.0	0.0	https://lobbying.wi.gov/Who/LobbyistInformation/2025REG/Information/11138
WI-lobbyist-11139-activity-2025-H1	11139	WI	activity_report	lobbyist	2025-01-01	2025-06-30	0.0	0.0	https://lobbying.wi.gov/Who/LobbyistInformation/2025REG/Information/11139
WI-lobbyist-11139-activity-2025-H2	11139	WI	activity_report	lobbyist	2025-07-01	2025-12-31	0.0	0.0	https://lobbying.wi.gov/Who/LobbyistInformation/2025REG/Information/11139
WI-lobbyist-11139-activity-2026-H1	11139	WI	activity_report	lobbyist	2026-01-01	2026-06-30	0.0	0.0	https://lobbying.wi.gov/Who/LobbyistInformation/2025REG/Information/11139
WI-lobbyist-11139-activity-2026-H2	11139	WI	activity_report	lobbyist	2026-07-01	2026-12-31	0.0	0.0	https://lobbying.wi.gov/Who/LobbyistInformation/2025REG/Information/11139
WI-lobbyist-11140-activity-2025-H1	11140	WI	activity_report	lobbyist	2025-01-01	2025-06-30	1.5	45.8	https://lobbying.wi.gov/Who/LobbyistInformation/2025REG/Information/11140
WI-lobbyist-11140-activity-2025-H2	11140	WI	activity_report	lobbyist	2025-07-01	2025-12-31	5.0	35.9	https://lobbying.wi.gov/Who/LobbyistInformation/2025REG/Information/11140
WI-lobbyist-11140-activity-2026-H1	11140	WI	activity_report	lobbyist	2026-01-01	2026-06-30	0.0	0.0	https://lobbying.wi.gov/Who/LobbyistInformation/2025REG/Information/11140
WI-lobbyist-11140-activity-2026-H2	11140	WI	activity_report	lobbyist	2026-07-01	2026-12-31	0.0	0.0	https://lobbying.wi.gov/Who/LobbyistInformation/2025REG/Information/11140
WI-lobbyist-11141-activity-2025-H1	11141	WI	activity_report	lobbyist	2025-01-01	2025-06-30	325.75	756.5	https://lobbying.wi.gov/Who/LobbyistInformation/2025REG/Information/11141
WI-lobbyist-11141-activity-2025-H2	11141	WI	activity_report	lobbyist	2025-07-01	2025-12-31	495.5	484.5	https://lobbying.wi.gov/Who/LobbyistInformation/2025REG/Information/11141
WI-lobbyist-11141-activity-2026-H1	11141	WI	activity_report	lobbyist	2026-01-01	2026-06-30	3.0	2.0	https://lobbying.wi.gov/Who/LobbyistInformation/2025REG/Information/11141
WI-lobbyist-11141-activity-2026-H2	11141	WI	activity_report	lobbyist	2026-07-01	2026-12-31	0.0	0.0	https://lobbying.wi.gov/Who/LobbyistInformation/2025REG/Information/11141
WI-lobbyist-11142-activity-2025-H1	11142	WI	activity_report	lobbyist	2025-01-01	2025-06-30	266.2	670.5	https://lobbying.wi.gov/Who/LobbyistInformation/2025REG/Information/11142
WI-lobbyist-11142-activity-2025-H2	11142	WI	activity_report	lobbyist	2025-07-01	2025-12-31	137.25	564.61	https://lobbying.wi.gov/Who/LobbyistInformation/2025REG/Information/11142
WI-lobbyist-11142-activity-2026-H1	11142	WI	activity_report	lobbyist	2026-01-01	2026-06-30	0.0	0.0	https://lobbying.wi.gov/Who/LobbyistInformation/2025REG/Information/11142
WI-lobbyist-11142-activity-2026-H2	11142	WI	activity_report	lobbyist	2026-07-01	2026-12-31	0.0	0.0	https://lobbying.wi.gov/Who/LobbyistInformation/2025REG/Information/11142
WI-lobbyist-11143-activity-2025-H1	11143	WI	activity_report	lobbyist	2025-01-01	2025-06-30	4.0	5.0	https://lobbying.wi.gov/Who/LobbyistInformation/2025REG/Information/11143
WI-lobbyist-11143-activity-2025-H2	11143	WI	activity_report	lobbyist	2025-07-01	2025-12-31	1.0	4.0	https://lobbying.wi.gov/Who/LobbyistInformation/2025REG/Information/11143
WI-lobbyist-11143-activity-2026-H1	11143	WI	activity_report	lobbyist	2026-01-01	2026-06-30	0.0	0.0	https://lobbying.wi.gov/Who/LobbyistInformation/2025REG/Information/11143
WI-lobbyist-11143-activity-2026-H2	11143	WI	activity_report	lobbyist	2026-07-01	2026-12-31	0.0	0.0	https://lobbying.wi.gov/Who/LobbyistInformation/2025REG/Information/11143
WI-lobbyist-11144-activity-2025-H1	11144	WI	activity_report	lobbyist	2025-01-01	2025-06-30	0.0	45.3	https://lobbying.wi.gov/Who/LobbyistInformation/2025REG/Information/11144
WI-lobbyist-11144-activity-2025-H2	11144	WI	activity_report	lobbyist	2025-07-01	2025-12-31	0.0	70.9	https://lobbying.wi.gov/Who/LobbyistInformation/2025REG/Information/11144
WI-lobbyist-11144-activity-2026-H1	11144	WI	activity_report	lobbyist	2026-01-01	2026-06-30	0.0	0.0	https://lobbying.wi.gov/Who/LobbyistInformation/2025REG/Information/11144
WI-lobbyist-11144-activity-2026-H2	11144	WI	activity_report	lobbyist	2026-07-01	2026-12-31	0.0	0.0	https://lobbying.wi.gov/Who/LobbyistInformation/2025REG/Information/11144
WI-lobbyist-11145-activity-2025-H1	11145	WI	activity_report	lobbyist	2025-01-01	2025-06-30	121.5	284.0	https://lobbying.wi.gov/Who/LobbyistInformation/2025REG/Information/11145
WI-lobbyist-11145-activity-2025-H2	11145	WI	activity_report	lobbyist	2025-07-01	2025-12-31	115.25	266.25	https://lobbying.wi.gov/Who/LobbyistInformation/2025REG/Information/11145
WI-lobbyist-11145-activity-2026-H1	11145	WI	activity_report	lobbyist	2026-01-01	2026-06-30	0.0	0.0	https://lobbying.wi.gov/Who/LobbyistInformation/2025REG/Information/11145
WI-lobbyist-11145-activity-2026-H2	11145	WI	activity_report	lobbyist	2026-07-01	2026-12-31	0.0	0.0	https://lobbying.wi.gov/Who/LobbyistInformation/2025REG/Information/11145
WI-lobbyist-11146-activity-2025-H1	11146	WI	activity_report	lobbyist	2025-01-01	2025-06-30	104.25	640.25	https://lobbying.wi.gov/Who/LobbyistInformation/2025REG/Information/11146
WI-lobbyist-11146-activity-2025-H2	11146	WI	activity_report	lobbyist	2025-07-01	2025-12-31	87.75	682.0	https://lobbying.wi.gov/Who/LobbyistInformation/2025REG/Information/11146
WI-lobbyist-11146-activity-2026-H1	11146	WI	activity_report	lobbyist	2026-01-01	2026-06-30	0.0	0.0	https://lobbying.wi.gov/Who/LobbyistInformation/2025REG/Information/11146
WI-lobbyist-11146-activity-2026-H2	11146	WI	activity_report	lobbyist	2026-07-01	2026-12-31	0.0	0.0	https://lobbying.wi.gov/Who/LobbyistInformation/2025REG/Information/11146
WI-lobbyist-11147-activity-2025-H1	11147	WI	activity_report	lobbyist	2025-01-01	2025-06-30	85.5	492.25	https://lobbying.wi.gov/Who/LobbyistInformation/2025REG/Information/11147
WI-lobbyist-11147-activity-2025-H2	11147	WI	activity_report	lobbyist	2025-07-01	2025-12-31	72.5	422.5	https://lobbying.wi.gov/Who/LobbyistInformation/2025REG/Information/11147
WI-lobbyist-11147-activity-2026-H1	11147	WI	activity_report	lobbyist	2026-01-01	2026-06-30	0.0	0.0	https://lobbying.wi.gov/Who/LobbyistInformation/2025REG/Information/11147
WI-lobbyist-11147-activity-2026-H2	11147	WI	activity_report	lobbyist	2026-07-01	2026-12-31	11.75	28.75	https://lobbying.wi.gov/Who/LobbyistInformation/2025REG/Information/11147
WI-lobbyist-11150-activity-2025-H1	11150	WI	activity_report	lobbyist	2025-01-01	2025-06-30	52.5	394.2	https://lobbying.wi.gov/Who/LobbyistInformation/2025REG/Information/11150
WI-lobbyist-11150-activity-2025-H2	11150	WI	activity_report	lobbyist	2025-07-01	2025-12-31	45.3	496.9	https://lobbying.wi.gov/Who/LobbyistInformation/2025REG/Information/11150
WI-lobbyist-11150-activity-2026-H1	11150	WI	activity_report	lobbyist	2026-01-01	2026-06-30	0.0	0.0	https://lobbying.wi.gov/Who/LobbyistInformation/2025REG/Information/11150
WI-lobbyist-11150-activity-2026-H2	11150	WI	activity_report	lobbyist	2026-07-01	2026-12-31	0.0	0.0	https://lobbying.wi.gov/Who/LobbyistInformation/2025REG/Information/11150
WI-lobbyist-11151-activity-2025-H1	11151	WI	activity_report	lobbyist	2025-01-01	2025-06-30	42.5	0.0	https://lobbying.wi.gov/Who/LobbyistInformation/2025REG/Information/11151
WI-lobbyist-11151-activity-2025-H2	11151	WI	activity_report	lobbyist	2025-07-01	2025-12-31	15.5	0.0	https://lobbying.wi.gov/Who/LobbyistInformation/2025REG/Information/11151
WI-lobbyist-11151-activity-2026-H1	11151	WI	activity_report	lobbyist	2026-01-01	2026-06-30	0.0	0.0	https://lobbying.wi.gov/Who/LobbyistInformation/2025REG/Information/11151
WI-lobbyist-11151-activity-2026-H2	11151	WI	activity_report	lobbyist	2026-07-01	2026-12-31	0.0	0.0	https://lobbying.wi.gov/Who/LobbyistInformation/2025REG/Information/11151
WI-lobbyist-11152-activity-2025-H1	11152	WI	activity_report	lobbyist	2025-01-01	2025-06-30	30.15	289.5	https://lobbying.wi.gov/Who/LobbyistInformation/2025REG/Information/11152
WI-lobbyist-11152-activity-2025-H2	11152	WI	activity_report	lobbyist	2025-07-01	2025-12-31	47.95	241.65	https://lobbying.wi.gov/Who/LobbyistInformation/2025REG/Information/11152
WI-lobbyist-11152-activity-2026-H1	11152	WI	activity_report	lobbyist	2026-01-01	2026-06-30	0.0	0.0	https://lobbying.wi.gov/Who/LobbyistInformation/2025REG/Information/11152
WI-lobbyist-11152-activity-2026-H2	11152	WI	activity_report	lobbyist	2026-07-01	2026-12-31	0.0	0.0	https://lobbying.wi.gov/Who/LobbyistInformation/2025REG/Information/11152
WI-lobbyist-11153-activity-2025-H1	11153	WI	activity_report	lobbyist	2025-01-01	2025-06-30	92.0	202.1	https://lobbying.wi.gov/Who/LobbyistInformation/2025REG/Information/11153
WI-lobbyist-11153-activity-2025-H2	11153	WI	activity_report	lobbyist	2025-07-01	2025-12-31	38.0	125.26	https://lobbying.wi.gov/Who/LobbyistInformation/2025REG/Information/11153
WI-lobbyist-11153-activity-2026-H1	11153	WI	activity_report	lobbyist	2026-01-01	2026-06-30	41.5	88.0	https://lobbying.wi.gov/Who/LobbyistInformation/2025REG/Information/11153
WI-lobbyist-11153-activity-2026-H2	11153	WI	activity_report	lobbyist	2026-07-01	2026-12-31	0.0	0.0	https://lobbying.wi.gov/Who/LobbyistInformation/2025REG/Information/11153
WI-lobbyist-11154-activity-2025-H1	11154	WI	activity_report	lobbyist	2025-01-01	2025-06-30	0.5	26.5	https://lobbying.wi.gov/Who/LobbyistInformation/2025REG/Information/11154
WI-lobbyist-11154-activity-2025-H2	11154	WI	activity_report	lobbyist	2025-07-01	2025-12-31	0.0	11.0	https://lobbying.wi.gov/Who/LobbyistInformation/2025REG/Information/11154
WI-lobbyist-11154-activity-2026-H1	11154	WI	activity_report	lobbyist	2026-01-01	2026-06-30	0.0	37.0	https://lobbying.wi.gov/Who/LobbyistInformation/2025REG/Information/11154
WI-lobbyist-11154-activity-2026-H2	11154	WI	activity_report	lobbyist	2026-07-01	2026-12-31	0.0	0.0	https://lobbying.wi.gov/Who/LobbyistInformation/2025REG/Information/11154
WI-lobbyist-11155-activity-2025-H1	11155	WI	activity_report	lobbyist	2025-01-01	2025-06-30	64.0	511.0	https://lobbying.wi.gov/Who/LobbyistInformation/2025REG/Information/11155
WI-lobbyist-11155-activity-2025-H2	11155	WI	activity_report	lobbyist	2025-07-01	2025-12-31	50.0	407.0	https://lobbying.wi.gov/Who/LobbyistInformation/2025REG/Information/11155
WI-lobbyist-11155-activity-2026-H1	11155	WI	activity_report	lobbyist	2026-01-01	2026-06-30	0.0	0.0	https://lobbying.wi.gov/Who/LobbyistInformation/2025REG/Information/11155
WI-lobbyist-11155-activity-2026-H2	11155	WI	activity_report	lobbyist	2026-07-01	2026-12-31	0.0	0.0	https://lobbying.wi.gov/Who/LobbyistInformation/2025REG/Information/11155
WI-lobbyist-11156-activity-2025-H1	11156	WI	activity_report	lobbyist	2025-01-01	2025-06-30	15.0	37.0	https://lobbying.wi.gov/Who/LobbyistInformation/2025REG/Information/11156
WI-lobbyist-11156-activity-2025-H2	11156	WI	activity_report	lobbyist	2025-07-01	2025-12-31	1.0	7.0	https://lobbying.wi.gov/Who/LobbyistInformation/2025REG/Information/11156
WI-lobbyist-11156-activity-2026-H1	11156	WI	activity_report	lobbyist	2026-01-01	2026-06-30	0.0	0.0	https://lobbying.wi.gov/Who/LobbyistInformation/2025REG/Information/11156
WI-lobbyist-11156-activity-2026-H2	11156	WI	activity_report	lobbyist	2026-07-01	2026-12-31	0.0	0.0	https://lobbying.wi.gov/Who/LobbyistInformation/2025REG/Information/11156
WI-lobbyist-11157-activity-2025-H1	11157	WI	activity_report	lobbyist	2025-01-01	2025-06-30	0.0	17.25	https://lobbying.wi.gov/Who/LobbyistInformation/2025REG/Information/11157
WI-lobbyist-11157-activity-2025-H2	11157	WI	activity_report	lobbyist	2025-07-01	2025-12-31	0.0	9.75	https://lobbying.wi.gov/Who/LobbyistInformation/2025REG/Information/11157
WI-lobbyist-11157-activity-2026-H1	11157	WI	activity_report	lobbyist	2026-01-01	2026-06-30	0.0	0.0	https://lobbying.wi.gov/Who/LobbyistInformation/2025REG/Information/11157
WI-lobbyist-11157-activity-2026-H2	11157	WI	activity_report	lobbyist	2026-07-01	2026-12-31	0.0	0.0	https://lobbying.wi.gov/Who/LobbyistInformation/2025REG/Information/11157
WI-lobbyist-11158-activity-2025-H1	11158	WI	activity_report	lobbyist	2025-01-01	2025-06-30	42.0	105.0	https://lobbying.wi.gov/Who/LobbyistInformation/2025REG/Information/11158
WI-lobbyist-11158-activity-2025-H2	11158	WI	activity_report	lobbyist	2025-07-01	2025-12-31	38.0	68.0	https://lobbying.wi.gov/Who/LobbyistInformation/2025REG/Information/11158
WI-lobbyist-11158-activity-2026-H1	11158	WI	activity_report	lobbyist	2026-01-01	2026-06-30	0.0	0.0	https://lobbying.wi.gov/Who/LobbyistInformation/2025REG/Information/11158
WI-lobbyist-11158-activity-2026-H2	11158	WI	activity_report	lobbyist	2026-07-01	2026-12-31	0.0	0.0	https://lobbying.wi.gov/Who/LobbyistInformation/2025REG/Information/11158
WI-lobbyist-11159-activity-2025-H1	11159	WI	activity_report	lobbyist	2025-01-01	2025-06-30	2.5	47.25	https://lobbying.wi.gov/Who/LobbyistInformation/2025REG/Information/11159
WI-lobbyist-11159-activity-2025-H2	11159	WI	activity_report	lobbyist	2025-07-01	2025-12-31	0.5	6.0	https://lobbying.wi.gov/Who/LobbyistInformation/2025REG/Information/11159
WI-lobbyist-11159-activity-2026-H1	11159	WI	activity_report	lobbyist	2026-01-01	2026-06-30	7.5	25.0	https://lobbying.wi.gov/Who/LobbyistInformation/2025REG/Information/11159
WI-lobbyist-11159-activity-2026-H2	11159	WI	activity_report	lobbyist	2026-07-01	2026-12-31	0.0	0.0	https://lobbying.wi.gov/Who/LobbyistInformation/2025REG/Information/11159
WI-lobbyist-11160-activity-2025-H1	11160	WI	activity_report	lobbyist	2025-01-01	2025-06-30	157.0	260.0	https://lobbying.wi.gov/Who/LobbyistInformation/2025REG/Information/11160
WI-lobbyist-11160-activity-2025-H2	11160	WI	activity_report	lobbyist	2025-07-01	2025-12-31	141.0	222.0	https://lobbying.wi.gov/Who/LobbyistInformation/2025REG/Information/11160
WI-lobbyist-11160-activity-2026-H1	11160	WI	activity_report	lobbyist	2026-01-01	2026-06-30	0.0	0.0	https://lobbying.wi.gov/Who/LobbyistInformation/2025REG/Information/11160
WI-lobbyist-11160-activity-2026-H2	11160	WI	activity_report	lobbyist	2026-07-01	2026-12-31	0.0	0.0	https://lobbying.wi.gov/Who/LobbyistInformation/2025REG/Information/11160
WI-lobbyist-11161-activity-2025-H1	11161	WI	activity_report	lobbyist	2025-01-01	2025-06-30	3.0	11.3	https://lobbying.wi.gov/Who/LobbyistInformation/2025REG/Information/11161
WI-lobbyist-11161-activity-2025-H2	11161	WI	activity_report	lobbyist	2025-07-01	2025-12-31	0.0	4.5	https://lobbying.wi.gov/Who/LobbyistInformation/2025REG/Information/11161
WI-lobbyist-11161-activity-2026-H1	11161	WI	activity_report	lobbyist	2026-01-01	2026-06-30	0.0	0.0	https://lobbying.wi.gov/Who/LobbyistInformation/2025REG/Information/11161
WI-lobbyist-11161-activity-2026-H2	11161	WI	activity_report	lobbyist	2026-07-01	2026-12-31	0.0	0.0	https://lobbying.wi.gov/Who/LobbyistInformation/2025REG/Information/11161
WI-lobbyist-11162-activity-2025-H1	11162	WI	activity_report	lobbyist	2025-01-01	2025-06-30	0.0	0.0	https://lobbying.wi.gov/Who/LobbyistInformation/2025REG/Information/11162
WI-lobbyist-11162-activity-2025-H2	11162	WI	activity_report	lobbyist	2025-07-01	2025-12-31	0.0	0.0	https://lobbying.wi.gov/Who/LobbyistInformation/2025REG/Information/11162
WI-lobbyist-11162-activity-2026-H1	11162	WI	activity_report	lobbyist	2026-01-01	2026-06-30	0.0	0.0	https://lobbying.wi.gov/Who/LobbyistInformation/2025REG/Information/11162
WI-lobbyist-11162-activity-2026-H2	11162	WI	activity_report	lobbyist	2026-07-01	2026-12-31	0.0	0.0	https://lobbying.wi.gov/Who/LobbyistInformation/2025REG/Information/11162
WI-lobbyist-11163-activity-2025-H1	11163	WI	activity_report	lobbyist	2025-01-01	2025-06-30	348.0	369.0	https://lobbying.wi.gov/Who/LobbyistInformation/2025REG/Information/11163
WI-lobbyist-11163-activity-2025-H2	11163	WI	activity_report	lobbyist	2025-07-01	2025-12-31	255.75	442.5	https://lobbying.wi.gov/Who/LobbyistInformation/2025REG/Information/11163
WI-lobbyist-11163-activity-2026-H1	11163	WI	activity_report	lobbyist	2026-01-01	2026-06-30	2.0	3.0	https://lobbying.wi.gov/Who/LobbyistInformation/2025REG/Information/11163
WI-lobbyist-11163-activity-2026-H2	11163	WI	activity_report	lobbyist	2026-07-01	2026-12-31	0.0	0.0	https://lobbying.wi.gov/Who/LobbyistInformation/2025REG/Information/11163
WI-lobbyist-11164-activity-2025-H1	11164	WI	activity_report	lobbyist	2025-01-01	2025-06-30	92.0	175.5	https://lobbying.wi.gov/Who/LobbyistInformation/2025REG/Information/11164
WI-lobbyist-11164-activity-2025-H2	11164	WI	activity_report	lobbyist	2025-07-01	2025-12-31	98.0	215.0	https://lobbying.wi.gov/Who/LobbyistInformation/2025REG/Information/11164
WI-lobbyist-11164-activity-2026-H1	11164	WI	activity_report	lobbyist	2026-01-01	2026-06-30	0.0	0.0	https://lobbying.wi.gov/Who/LobbyistInformation/2025REG/Information/11164
WI-lobbyist-11164-activity-2026-H2	11164	WI	activity_report	lobbyist	2026-07-01	2026-12-31	8.5	26.0	https://lobbying.wi.gov/Who/LobbyistInformation/2025REG/Information/11164
WI-lobbyist-11165-activity-2025-H1	11165	WI	activity_report	lobbyist	2025-01-01	2025-06-30	46.0	286.0	https://lobbying.wi.gov/Who/LobbyistInformation/2025REG/Information/11165
WI-lobbyist-11165-activity-2025-H2	11165	WI	activity_report	lobbyist	2025-07-01	2025-12-31	107.0	212.55	https://lobbying.wi.gov/Who/LobbyistInformation/2025REG/Information/11165
WI-lobbyist-11165-activity-2026-H1	11165	WI	activity_report	lobbyist	2026-01-01	2026-06-30	0.0	0.0	https://lobbying.wi.gov/Who/LobbyistInformation/2025REG/Information/11165
WI-lobbyist-11165-activity-2026-H2	11165	WI	activity_report	lobbyist	2026-07-01	2026-12-31	0.0	0.0	https://lobbying.wi.gov/Who/LobbyistInformation/2025REG/Information/11165
WI-lobbyist-11166-activity-2025-H1	11166	WI	activity_report	lobbyist	2025-01-01	2025-06-30	105.75	330.0	https://lobbying.wi.gov/Who/LobbyistInformation/2025REG/Information/11166
WI-lobbyist-11166-activity-2025-H2	11166	WI	activity_report	lobbyist	2025-07-01	2025-12-31	55.0	249.5	https://lobbying.wi.gov/Who/LobbyistInformation/2025REG/Information/11166
WI-lobbyist-11166-activity-2026-H1	11166	WI	activity_report	lobbyist	2026-01-01	2026-06-30	0.0	0.0	https://lobbying.wi.gov/Who/LobbyistInformation/2025REG/Information/11166
WI-lobbyist-11166-activity-2026-H2	11166	WI	activity_report	lobbyist	2026-07-01	2026-12-31	0.0	0.0	https://lobbying.wi.gov/Who/LobbyistInformation/2025REG/Information/11166
WI-lobbyist-11167-activity-2025-H1	11167	WI	activity_report	lobbyist	2025-01-01	2025-06-30	26.5	126.4	https://lobbying.wi.gov/Who/LobbyistInformation/2025REG/Information/11167
WI-lobbyist-11167-activity-2025-H2	11167	WI	activity_report	lobbyist	2025-07-01	2025-12-31	9.0	82.4	https://lobbying.wi.gov/Who/LobbyistInformation/2025REG/Information/11167
WI-lobbyist-11167-activity-2026-H1	11167	WI	activity_report	lobbyist	2026-01-01	2026-06-30	0.0	0.0	https://lobbying.wi.gov/Who/LobbyistInformation/2025REG/Information/11167
WI-lobbyist-11167-activity-2026-H2	11167	WI	activity_report	lobbyist	2026-07-01	2026-12-31	0.0	0.0	https://lobbying.wi.gov/Who/LobbyistInformation/2025REG/Information/11167
WI-lobbyist-11169-activity-2025-H1	11169	WI	activity_report	lobbyist	2025-01-01	2025-06-30	14.5	54.5	https://lobbying.wi.gov/Who/LobbyistInformation/2025REG/Information/11169
WI-lobbyist-11169-activity-2025-H2	11169	WI	activity_report	lobbyist	2025-07-01	2025-12-31	26.5	58.5	https://lobbying.wi.gov/Who/LobbyistInformation/2025REG/Information/11169
WI-lobbyist-11169-activity-2026-H1	11169	WI	activity_report	lobbyist	2026-01-01	2026-06-30	0.0	0.0	https://lobbying.wi.gov/Who/LobbyistInformation/2025REG/Information/11169
WI-lobbyist-11169-activity-2026-H2	11169	WI	activity_report	lobbyist	2026-07-01	2026-12-31	0.0	0.0	https://lobbying.wi.gov/Who/LobbyistInformation/2025REG/Information/11169
WI-lobbyist-11170-activity-2025-H1	11170	WI	activity_report	lobbyist	2025-01-01	2025-06-30	41.5	56.0	https://lobbying.wi.gov/Who/LobbyistInformation/2025REG/Information/11170
WI-lobbyist-11170-activity-2025-H2	11170	WI	activity_report	lobbyist	2025-07-01	2025-12-31	90.0	278.0	https://lobbying.wi.gov/Who/LobbyistInformation/2025REG/Information/11170
WI-lobbyist-11170-activity-2026-H1	11170	WI	activity_report	lobbyist	2026-01-01	2026-06-30	0.0	0.0	https://lobbying.wi.gov/Who/LobbyistInformation/2025REG/Information/11170
WI-lobbyist-11170-activity-2026-H2	11170	WI	activity_report	lobbyist	2026-07-01	2026-12-31	0.0	0.0	https://lobbying.wi.gov/Who/LobbyistInformation/2025REG/Information/11170
WI-lobbyist-11173-activity-2025-H1	11173	WI	activity_report	lobbyist	2025-01-01	2025-06-30	3.0	4.4	https://lobbying.wi.gov/Who/LobbyistInformation/2025REG/Information/11173
WI-lobbyist-11173-activity-2025-H2	11173	WI	activity_report	lobbyist	2025-07-01	2025-12-31	0.3	1.6	https://lobbying.wi.gov/Who/LobbyistInformation/2025REG/Information/11173
WI-lobbyist-11173-activity-2026-H1	11173	WI	activity_report	lobbyist	2026-01-01	2026-06-30	0.0	0.0	https://lobbying.wi.gov/Who/LobbyistInformation/2025REG/Information/11173
WI-lobbyist-11173-activity-2026-H2	11173	WI	activity_report	lobbyist	2026-07-01	2026-12-31	0.0	0.0	https://lobbying.wi.gov/Who/LobbyistInformation/2025REG/Information/11173
WI-lobbyist-11174-activity-2025-H1	11174	WI	activity_report	lobbyist	2025-01-01	2025-06-30	0.5	43.0	https://lobbying.wi.gov/Who/LobbyistInformation/2025REG/Information/11174
WI-lobbyist-11174-activity-2025-H2	11174	WI	activity_report	lobbyist	2025-07-01	2025-12-31	11.5	61.0	https://lobbying.wi.gov/Who/LobbyistInformation/2025REG/Information/11174
WI-lobbyist-11174-activity-2026-H1	11174	WI	activity_report	lobbyist	2026-01-01	2026-06-30	0.0	0.0	https://lobbying.wi.gov/Who/LobbyistInformation/2025REG/Information/11174
WI-lobbyist-11174-activity-2026-H2	11174	WI	activity_report	lobbyist	2026-07-01	2026-12-31	0.0	0.0	https://lobbying.wi.gov/Who/LobbyistInformation/2025REG/Information/11174
WI-lobbyist-11176-activity-2025-H1	11176	WI	activity_report	lobbyist	2025-01-01	2025-06-30	0.0	14.5	https://lobbying.wi.gov/Who/LobbyistInformation/2025REG/Information/11176
WI-lobbyist-11176-activity-2025-H2	11176	WI	activity_report	lobbyist	2025-07-01	2025-12-31	6.5	24.5	https://lobbying.wi.gov/Who/LobbyistInformation/2025REG/Information/11176
WI-lobbyist-11176-activity-2026-H1	11176	WI	activity_report	lobbyist	2026-01-01	2026-06-30	0.0	0.0	https://lobbying.wi.gov/Who/LobbyistInformation/2025REG/Information/11176
WI-lobbyist-11176-activity-2026-H2	11176	WI	activity_report	lobbyist	2026-07-01	2026-12-31	0.0	0.0	https://lobbying.wi.gov/Who/LobbyistInformation/2025REG/Information/11176
WI-lobbyist-11177-activity-2025-H1	11177	WI	activity_report	lobbyist	2025-01-01	2025-06-30	100.0	64.0	https://lobbying.wi.gov/Who/LobbyistInformation/2025REG/Information/11177
WI-lobbyist-11177-activity-2025-H2	11177	WI	activity_report	lobbyist	2025-07-01	2025-12-31	88.0	11.0	https://lobbying.wi.gov/Who/LobbyistInformation/2025REG/Information/11177
WI-lobbyist-11177-activity-2026-H1	11177	WI	activity_report	lobbyist	2026-01-01	2026-06-30	62.0	5.5	https://lobbying.wi.gov/Who/LobbyistInformation/2025REG/Information/11177
WI-lobbyist-11177-activity-2026-H2	11177	WI	activity_report	lobbyist	2026-07-01	2026-12-31	0.0	0.0	https://lobbying.wi.gov/Who/LobbyistInformation/2025REG/Information/11177
WI-lobbyist-11178-activity-2025-H1	11178	WI	activity_report	lobbyist	2025-01-01	2025-06-30	397.0	224.0	https://lobbying.wi.gov/Who/LobbyistInformation/2025REG/Information/11178
WI-lobbyist-11178-activity-2025-H2	11178	WI	activity_report	lobbyist	2025-07-01	2025-12-31	0.0	0.0	https://lobbying.wi.gov/Who/LobbyistInformation/2025REG/Information/11178
WI-lobbyist-11178-activity-2026-H1	11178	WI	activity_report	lobbyist	2026-01-01	2026-06-30	0.0	0.0	https://lobbying.wi.gov/Who/LobbyistInformation/2025REG/Information/11178
WI-lobbyist-11178-activity-2026-H2	11178	WI	activity_report	lobbyist	2026-07-01	2026-12-31	0.0	0.0	https://lobbying.wi.gov/Who/LobbyistInformation/2025REG/Information/11178
WI-lobbyist-11179-activity-2025-H1	11179	WI	activity_report	lobbyist	2025-01-01	2025-06-30	343.0	597.0	https://lobbying.wi.gov/Who/LobbyistInformation/2025REG/Information/11179
WI-lobbyist-11179-activity-2025-H2	11179	WI	activity_report	lobbyist	2025-07-01	2025-12-31	181.0	325.0	https://lobbying.wi.gov/Who/LobbyistInformation/2025REG/Information/11179
WI-lobbyist-11179-activity-2026-H1	11179	WI	activity_report	lobbyist	2026-01-01	2026-06-30	0.0	0.0	https://lobbying.wi.gov/Who/LobbyistInformation/2025REG/Information/11179
WI-lobbyist-11179-activity-2026-H2	11179	WI	activity_report	lobbyist	2026-07-01	2026-12-31	0.0	0.0	https://lobbying.wi.gov/Who/LobbyistInformation/2025REG/Information/11179
WI-lobbyist-11180-activity-2025-H1	11180	WI	activity_report	lobbyist	2025-01-01	2025-06-30	103.65	515.0	https://lobbying.wi.gov/Who/LobbyistInformation/2025REG/Information/11180
WI-lobbyist-11180-activity-2025-H2	11180	WI	activity_report	lobbyist	2025-07-01	2025-12-31	85.85	526.65	https://lobbying.wi.gov/Who/LobbyistInformation/2025REG/Information/11180
WI-lobbyist-11180-activity-2026-H1	11180	WI	activity_report	lobbyist	2026-01-01	2026-06-30	0.0	0.0	https://lobbying.wi.gov/Who/LobbyistInformation/2025REG/Information/11180
WI-lobbyist-11180-activity-2026-H2	11180	WI	activity_report	lobbyist	2026-07-01	2026-12-31	0.0	0.0	https://lobbying.wi.gov/Who/LobbyistInformation/2025REG/Information/11180
WI-lobbyist-11181-activity-2025-H1	11181	WI	activity_report	lobbyist	2025-01-01	2025-06-30	73.0	343.5	https://lobbying.wi.gov/Who/LobbyistInformation/2025REG/Information/11181
WI-lobbyist-11181-activity-2025-H2	11181	WI	activity_report	lobbyist	2025-07-01	2025-12-31	83.5	338.0	https://lobbying.wi.gov/Who/LobbyistInformation/2025REG/Information/11181
WI-lobbyist-11181-activity-2026-H1	11181	WI	activity_report	lobbyist	2026-01-01	2026-06-30	0.0	0.0	https://lobbying.wi.gov/Who/LobbyistInformation/2025REG/Information/11181
WI-lobbyist-11181-activity-2026-H2	11181	WI	activity_report	lobbyist	2026-07-01	2026-12-31	0.0	0.0	https://lobbying.wi.gov/Who/LobbyistInformation/2025REG/Information/11181
WI-lobbyist-11182-activity-2025-H1	11182	WI	activity_report	lobbyist	2025-01-01	2025-06-30	240.25	370.75	https://lobbying.wi.gov/Who/LobbyistInformation/2025REG/Information/11182
WI-lobbyist-11182-activity-2025-H2	11182	WI	activity_report	lobbyist	2025-07-01	2025-12-31	191.0	328.75	https://lobbying.wi.gov/Who/LobbyistInformation/2025REG/Information/11182
WI-lobbyist-11182-activity-2026-H1	11182	WI	activity_report	lobbyist	2026-01-01	2026-06-30	0.0	0.0	https://lobbying.wi.gov/Who/LobbyistInformation/2025REG/Information/11182
WI-lobbyist-11182-activity-2026-H2	11182	WI	activity_report	lobbyist	2026-07-01	2026-12-31	0.0	0.0	https://lobbying.wi.gov/Who/LobbyistInformation/2025REG/Information/11182
WI-lobbyist-11183-activity-2025-H1	11183	WI	activity_report	lobbyist	2025-01-01	2025-06-30	194.75	313.25	https://lobbying.wi.gov/Who/LobbyistInformation/2025REG/Information/11183
WI-lobbyist-11183-activity-2025-H2	11183	WI	activity_report	lobbyist	2025-07-01	2025-12-31	92.75	249.5	https://lobbying.wi.gov/Who/LobbyistInformation/2025REG/Information/11183
WI-lobbyist-11183-activity-2026-H1	11183	WI	activity_report	lobbyist	2026-01-01	2026-06-30	0.0	0.0	https://lobbying.wi.gov/Who/LobbyistInformation/2025REG/Information/11183
WI-lobbyist-11183-activity-2026-H2	11183	WI	activity_report	lobbyist	2026-07-01	2026-12-31	0.0	0.0	https://lobbying.wi.gov/Who/LobbyistInformation/2025REG/Information/11183
WI-lobbyist-11184-activity-2025-H1	11184	WI	activity_report	lobbyist	2025-01-01	2025-06-30	14.8	16.5	https://lobbying.wi.gov/Who/LobbyistInformation/2025REG/Information/11184
WI-lobbyist-11184-activity-2025-H2	11184	WI	activity_report	lobbyist	2025-07-01	2025-12-31	5.45	1.0	https://lobbying.wi.gov/Who/LobbyistInformation/2025REG/Information/11184
WI-lobbyist-11184-activity-2026-H1	11184	WI	activity_report	lobbyist	2026-01-01	2026-06-30	0.0	0.0	https://lobbying.wi.gov/Who/LobbyistInformation/2025REG/Information/11184
WI-lobbyist-11184-activity-2026-H2	11184	WI	activity_report	lobbyist	2026-07-01	2026-12-31	0.0	0.0	https://lobbying.wi.gov/Who/LobbyistInformation/2025REG/Information/11184
WI-lobbyist-11185-activity-2025-H1	11185	WI	activity_report	lobbyist	2025-01-01	2025-06-30	8.0	27.0	https://lobbying.wi.gov/Who/LobbyistInformation/2025REG/Information/11185
WI-lobbyist-11185-activity-2025-H2	11185	WI	activity_report	lobbyist	2025-07-01	2025-12-31	0.3	17.0	https://lobbying.wi.gov/Who/LobbyistInformation/2025REG/Information/11185
WI-lobbyist-11185-activity-2026-H1	11185	WI	activity_report	lobbyist	2026-01-01	2026-06-30	0.0	0.0	https://lobbying.wi.gov/Who/LobbyistInformation/2025REG/Information/11185
WI-lobbyist-11185-activity-2026-H2	11185	WI	activity_report	lobbyist	2026-07-01	2026-12-31	0.0	0.0	https://lobbying.wi.gov/Who/LobbyistInformation/2025REG/Information/11185
WI-lobbyist-11186-activity-2025-H1	11186	WI	activity_report	lobbyist	2025-01-01	2025-06-30	85.75	193.75	https://lobbying.wi.gov/Who/LobbyistInformation/2025REG/Information/11186
WI-lobbyist-11186-activity-2025-H2	11186	WI	activity_report	lobbyist	2025-07-01	2025-12-31	73.25	223.25	https://lobbying.wi.gov/Who/LobbyistInformation/2025REG/Information/11186
WI-lobbyist-11186-activity-2026-H1	11186	WI	activity_report	lobbyist	2026-01-01	2026-06-30	0.0	0.0	https://lobbying.wi.gov/Who/LobbyistInformation/2025REG/Information/11186
WI-lobbyist-11186-activity-2026-H2	11186	WI	activity_report	lobbyist	2026-07-01	2026-12-31	0.0	0.0	https://lobbying.wi.gov/Who/LobbyistInformation/2025REG/Information/11186
WI-lobbyist-11187-activity-2025-H1	11187	WI	activity_report	lobbyist	2025-01-01	2025-06-30	110.5	271.25	https://lobbying.wi.gov/Who/LobbyistInformation/2025REG/Information/11187
WI-lobbyist-11187-activity-2025-H2	11187	WI	activity_report	lobbyist	2025-07-01	2025-12-31	131.0	244.5	https://lobbying.wi.gov/Who/LobbyistInformation/2025REG/Information/11187
WI-lobbyist-11187-activity-2026-H1	11187	WI	activity_report	lobbyist	2026-01-01	2026-06-30	0.0	0.0	https://lobbying.wi.gov/Who/LobbyistInformation/2025REG/Information/11187
WI-lobbyist-11187-activity-2026-H2	11187	WI	activity_report	lobbyist	2026-07-01	2026-12-31	0.0	0.0	https://lobbying.wi.gov/Who/LobbyistInformation/2025REG/Information/11187
WI-lobbyist-11188-activity-2025-H1	11188	WI	activity_report	lobbyist	2025-01-01	2025-06-30	47.25	127.25	https://lobbying.wi.gov/Who/LobbyistInformation/2025REG/Information/11188
WI-lobbyist-11188-activity-2025-H2	11188	WI	activity_report	lobbyist	2025-07-01	2025-12-31	77.25	200.5	https://lobbying.wi.gov/Who/LobbyistInformation/2025REG/Information/11188
WI-lobbyist-11188-activity-2026-H1	11188	WI	activity_report	lobbyist	2026-01-01	2026-06-30	0.0	0.0	https://lobbying.wi.gov/Who/LobbyistInformation/2025REG/Information/11188
WI-lobbyist-11188-activity-2026-H2	11188	WI	activity_report	lobbyist	2026-07-01	2026-12-31	0.0	0.0	https://lobbying.wi.gov/Who/LobbyistInformation/2025REG/Information/11188
WI-lobbyist-11191-activity-2025-H1	11191	WI	activity_report	lobbyist	2025-01-01	2025-06-30	5.25	40.5	https://lobbying.wi.gov/Who/LobbyistInformation/2025REG/Information/11191
WI-lobbyist-11191-activity-2025-H2	11191	WI	activity_report	lobbyist	2025-07-01	2025-12-31	3.75	13.5	https://lobbying.wi.gov/Who/LobbyistInformation/2025REG/Information/11191
WI-lobbyist-11191-activity-2026-H1	11191	WI	activity_report	lobbyist	2026-01-01	2026-06-30	0.25	1.5	https://lobbying.wi.gov/Who/LobbyistInformation/2025REG/Information/11191
WI-lobbyist-11191-activity-2026-H2	11191	WI	activity_report	lobbyist	2026-07-01	2026-12-31	0.75	1.5	https://lobbying.wi.gov/Who/LobbyistInformation/2025REG/Information/11191
WI-lobbyist-11192-activity-2025-H1	11192	WI	activity_report	lobbyist	2025-01-01	2025-06-30	3.0	1.0	https://lobbying.wi.gov/Who/LobbyistInformation/2025REG/Information/11192
WI-lobbyist-11192-activity-2025-H2	11192	WI	activity_report	lobbyist	2025-07-01	2025-12-31	0.0	0.0	https://lobbying.wi.gov/Who/LobbyistInformation/2025REG/Information/11192
WI-lobbyist-11192-activity-2026-H1	11192	WI	activity_report	lobbyist	2026-01-01	2026-06-30	0.0	0.0	https://lobbying.wi.gov/Who/LobbyistInformation/2025REG/Information/11192
WI-lobbyist-11192-activity-2026-H2	11192	WI	activity_report	lobbyist	2026-07-01	2026-12-31	0.0	0.0	https://lobbying.wi.gov/Who/LobbyistInformation/2025REG/Information/11192
WI-lobbyist-11194-activity-2025-H1	11194	WI	activity_report	lobbyist	2025-01-01	2025-06-30	19.15	12.1	https://lobbying.wi.gov/Who/LobbyistInformation/2025REG/Information/11194
WI-lobbyist-11194-activity-2025-H2	11194	WI	activity_report	lobbyist	2025-07-01	2025-12-31	0.0	0.0	https://lobbying.wi.gov/Who/LobbyistInformation/2025REG/Information/11194
WI-lobbyist-11194-activity-2026-H1	11194	WI	activity_report	lobbyist	2026-01-01	2026-06-30	0.0	0.0	https://lobbying.wi.gov/Who/LobbyistInformation/2025REG/Information/11194
WI-lobbyist-11194-activity-2026-H2	11194	WI	activity_report	lobbyist	2026-07-01	2026-12-31	0.0	0.0	https://lobbying.wi.gov/Who/LobbyistInformation/2025REG/Information/11194
WI-lobbyist-11195-activity-2025-H1	11195	WI	activity_report	lobbyist	2025-01-01	2025-06-30	2.0	0.0	https://lobbying.wi.gov/Who/LobbyistInformation/2025REG/Information/11195
WI-lobbyist-11195-activity-2025-H2	11195	WI	activity_report	lobbyist	2025-07-01	2025-12-31	1.5	0.0	https://lobbying.wi.gov/Who/LobbyistInformation/2025REG/Information/11195
WI-lobbyist-11195-activity-2026-H1	11195	WI	activity_report	lobbyist	2026-01-01	2026-06-30	0.5	0.0	https://lobbying.wi.gov/Who/LobbyistInformation/2025REG/Information/11195
WI-lobbyist-11195-activity-2026-H2	11195	WI	activity_report	lobbyist	2026-07-01	2026-12-31	0.0	0.0	https://lobbying.wi.gov/Who/LobbyistInformation/2025REG/Information/11195
WI-lobbyist-11196-activity-2025-H1	11196	WI	activity_report	lobbyist	2025-01-01	2025-06-30	145.5	514.25	https://lobbying.wi.gov/Who/LobbyistInformation/2025REG/Information/11196
WI-lobbyist-11196-activity-2025-H2	11196	WI	activity_report	lobbyist	2025-07-01	2025-12-31	152.6	414.5	https://lobbying.wi.gov/Who/LobbyistInformation/2025REG/Information/11196
WI-lobbyist-11196-activity-2026-H1	11196	WI	activity_report	lobbyist	2026-01-01	2026-06-30	0.0	0.0	https://lobbying.wi.gov/Who/LobbyistInformation/2025REG/Information/11196
WI-lobbyist-11196-activity-2026-H2	11196	WI	activity_report	lobbyist	2026-07-01	2026-12-31	0.0	0.0	https://lobbying.wi.gov/Who/LobbyistInformation/2025REG/Information/11196
WI-lobbyist-11197-activity-2025-H1	11197	WI	activity_report	lobbyist	2025-01-01	2025-06-30	0.0	0.0	https://lobbying.wi.gov/Who/LobbyistInformation/2025REG/Information/11197
WI-lobbyist-11197-activity-2025-H2	11197	WI	activity_report	lobbyist	2025-07-01	2025-12-31	0.0	0.0	https://lobbying.wi.gov/Who/LobbyistInformation/2025REG/Information/11197
WI-lobbyist-11197-activity-2026-H1	11197	WI	activity_report	lobbyist	2026-01-01	2026-06-30	0.0	0.0	https://lobbying.wi.gov/Who/LobbyistInformation/2025REG/Information/11197
WI-lobbyist-11197-activity-2026-H2	11197	WI	activity_report	lobbyist	2026-07-01	2026-12-31	0.0	0.0	https://lobbying.wi.gov/Who/LobbyistInformation/2025REG/Information/11197
WI-lobbyist-11199-activity-2025-H1	11199	WI	activity_report	lobbyist	2025-01-01	2025-06-30	4.3	20.4	https://lobbying.wi.gov/Who/LobbyistInformation/2025REG/Information/11199
WI-lobbyist-11199-activity-2025-H2	11199	WI	activity_report	lobbyist	2025-07-01	2025-12-31	5.2	14.6	https://lobbying.wi.gov/Who/LobbyistInformation/2025REG/Information/11199
WI-lobbyist-11199-activity-2026-H1	11199	WI	activity_report	lobbyist	2026-01-01	2026-06-30	0.0	0.0	https://lobbying.wi.gov/Who/LobbyistInformation/2025REG/Information/11199
WI-lobbyist-11199-activity-2026-H2	11199	WI	activity_report	lobbyist	2026-07-01	2026-12-31	0.0	0.0	https://lobbying.wi.gov/Who/LobbyistInformation/2025REG/Information/11199
WI-lobbyist-11200-activity-2025-H1	11200	WI	activity_report	lobbyist	2025-01-01	2025-06-30	35.5	103.25	https://lobbying.wi.gov/Who/LobbyistInformation/2025REG/Information/11200
WI-lobbyist-11200-activity-2025-H2	11200	WI	activity_report	lobbyist	2025-07-01	2025-12-31	7.0	15.5	https://lobbying.wi.gov/Who/LobbyistInformation/2025REG/Information/11200
WI-lobbyist-11200-activity-2026-H1	11200	WI	activity_report	lobbyist	2026-01-01	2026-06-30	0.0	0.0	https://lobbying.wi.gov/Who/LobbyistInformation/2025REG/Information/11200
WI-lobbyist-11200-activity-2026-H2	11200	WI	activity_report	lobbyist	2026-07-01	2026-12-31	0.0	0.0	https://lobbying.wi.gov/Who/LobbyistInformation/2025REG/Information/11200
WI-lobbyist-11201-activity-2025-H1	11201	WI	activity_report	lobbyist	2025-01-01	2025-06-30	0.0	0.0	https://lobbying.wi.gov/Who/LobbyistInformation/2025REG/Information/11201
WI-lobbyist-11201-activity-2025-H2	11201	WI	activity_report	lobbyist	2025-07-01	2025-12-31	0.0	0.0	https://lobbying.wi.gov/Who/LobbyistInformation/2025REG/Information/11201
WI-lobbyist-11201-activity-2026-H1	11201	WI	activity_report	lobbyist	2026-01-01	2026-06-30	0.0	0.0	https://lobbying.wi.gov/Who/LobbyistInformation/2025REG/Information/11201
WI-lobbyist-11201-activity-2026-H2	11201	WI	activity_report	lobbyist	2026-07-01	2026-12-31	0.0	0.0	https://lobbying.wi.gov/Who/LobbyistInformation/2025REG/Information/11201
WI-lobbyist-11202-activity-2025-H1	11202	WI	activity_report	lobbyist	2025-01-01	2025-06-30	147.75	785.25	https://lobbying.wi.gov/Who/LobbyistInformation/2025REG/Information/11202
WI-lobbyist-11202-activity-2025-H2	11202	WI	activity_report	lobbyist	2025-07-01	2025-12-31	83.5	859.0	https://lobbying.wi.gov/Who/LobbyistInformation/2025REG/Information/11202
WI-lobbyist-11202-activity-2026-H1	11202	WI	activity_report	lobbyist	2026-01-01	2026-06-30	0.0	0.0	https://lobbying.wi.gov/Who/LobbyistInformation/2025REG/Information/11202
WI-lobbyist-11202-activity-2026-H2	11202	WI	activity_report	lobbyist	2026-07-01	2026-12-31	0.0	0.0	https://lobbying.wi.gov/Who/LobbyistInformation/2025REG/Information/11202
WI-lobbyist-11203-activity-2025-H1	11203	WI	activity_report	lobbyist	2025-01-01	2025-06-30	278.0	532.0	https://lobbying.wi.gov/Who/LobbyistInformation/2025REG/Information/11203
WI-lobbyist-11203-activity-2025-H2	11203	WI	activity_report	lobbyist	2025-07-01	2025-12-31	191.0	568.0	https://lobbying.wi.gov/Who/LobbyistInformation/2025REG/Information/11203
WI-lobbyist-11203-activity-2026-H1	11203	WI	activity_report	lobbyist	2026-01-01	2026-06-30	0.0	0.0	https://lobbying.wi.gov/Who/LobbyistInformation/2025REG/Information/11203
WI-lobbyist-11203-activity-2026-H2	11203	WI	activity_report	lobbyist	2026-07-01	2026-12-31	0.0	0.0	https://lobbying.wi.gov/Who/LobbyistInformation/2025REG/Information/11203
WI-lobbyist-11204-activity-2025-H1	11204	WI	activity_report	lobbyist	2025-01-01	2025-06-30	40.0	0.0	https://lobbying.wi.gov/Who/LobbyistInformation/2025REG/Information/11204
WI-lobbyist-11204-activity-2025-H2	11204	WI	activity_report	lobbyist	2025-07-01	2025-12-31	22.5	0.0	https://lobbying.wi.gov/Who/LobbyistInformation/2025REG/Information/11204
WI-lobbyist-11204-activity-2026-H1	11204	WI	activity_report	lobbyist	2026-01-01	2026-06-30	0.0	0.0	https://lobbying.wi.gov/Who/LobbyistInformation/2025REG/Information/11204
WI-lobbyist-11204-activity-2026-H2	11204	WI	activity_report	lobbyist	2026-07-01	2026-12-31	0.0	0.0	https://lobbying.wi.gov/Who/LobbyistInformation/2025REG/Information/11204
WI-lobbyist-11208-activity-2025-H1	11208	WI	activity_report	lobbyist	2025-01-01	2025-06-30	0.0	0.0	https://lobbying.wi.gov/Who/LobbyistInformation/2025REG/Information/11208
WI-lobbyist-11208-activity-2025-H2	11208	WI	activity_report	lobbyist	2025-07-01	2025-12-31	0.0	0.0	https://lobbying.wi.gov/Who/LobbyistInformation/2025REG/Information/11208
WI-lobbyist-11208-activity-2026-H1	11208	WI	activity_report	lobbyist	2026-01-01	2026-06-30	0.0	0.0	https://lobbying.wi.gov/Who/LobbyistInformation/2025REG/Information/11208
WI-lobbyist-11208-activity-2026-H2	11208	WI	activity_report	lobbyist	2026-07-01	2026-12-31	0.0	0.0	https://lobbying.wi.gov/Who/LobbyistInformation/2025REG/Information/11208
WI-lobbyist-11209-activity-2025-H1	11209	WI	activity_report	lobbyist	2025-01-01	2025-06-30	0.0	24.6	https://lobbying.wi.gov/Who/LobbyistInformation/2025REG/Information/11209
WI-lobbyist-11209-activity-2025-H2	11209	WI	activity_report	lobbyist	2025-07-01	2025-12-31	2.25	32.25	https://lobbying.wi.gov/Who/LobbyistInformation/2025REG/Information/11209
WI-lobbyist-11209-activity-2026-H1	11209	WI	activity_report	lobbyist	2026-01-01	2026-06-30	0.0	0.0	https://lobbying.wi.gov/Who/LobbyistInformation/2025REG/Information/11209
WI-lobbyist-11209-activity-2026-H2	11209	WI	activity_report	lobbyist	2026-07-01	2026-12-31	0.0	0.0	https://lobbying.wi.gov/Who/LobbyistInformation/2025REG/Information/11209
WI-lobbyist-11210-activity-2025-H1	11210	WI	activity_report	lobbyist	2025-01-01	2025-06-30	0.0	0.0	https://lobbying.wi.gov/Who/LobbyistInformation/2025REG/Information/11210
WI-lobbyist-11210-activity-2025-H2	11210	WI	activity_report	lobbyist	2025-07-01	2025-12-31	2.75	2.75	https://lobbying.wi.gov/Who/LobbyistInformation/2025REG/Information/11210
WI-lobbyist-11210-activity-2026-H1	11210	WI	activity_report	lobbyist	2026-01-01	2026-06-30	0.0	0.0	https://lobbying.wi.gov/Who/LobbyistInformation/2025REG/Information/11210
WI-lobbyist-11210-activity-2026-H2	11210	WI	activity_report	lobbyist	2026-07-01	2026-12-31	0.0	0.0	https://lobbying.wi.gov/Who/LobbyistInformation/2025REG/Information/11210
WI-lobbyist-11212-activity-2025-H1	11212	WI	activity_report	lobbyist	2025-01-01	2025-06-30	4.5	58.75	https://lobbying.wi.gov/Who/LobbyistInformation/2025REG/Information/11212
WI-lobbyist-11212-activity-2025-H2	11212	WI	activity_report	lobbyist	2025-07-01	2025-12-31	20.75	20.75	https://lobbying.wi.gov/Who/LobbyistInformation/2025REG/Information/11212
WI-lobbyist-11212-activity-2026-H1	11212	WI	activity_report	lobbyist	2026-01-01	2026-06-30	0.0	0.0	https://lobbying.wi.gov/Who/LobbyistInformation/2025REG/Information/11212
WI-lobbyist-11212-activity-2026-H2	11212	WI	activity_report	lobbyist	2026-07-01	2026-12-31	0.0	0.0	https://lobbying.wi.gov/Who/LobbyistInformation/2025REG/Information/11212
WI-lobbyist-11213-activity-2025-H1	11213	WI	activity_report	lobbyist	2025-01-01	2025-06-30	62.75	107.5	https://lobbying.wi.gov/Who/LobbyistInformation/2025REG/Information/11213
WI-lobbyist-11213-activity-2025-H2	11213	WI	activity_report	lobbyist	2025-07-01	2025-12-31	39.75	97.75	https://lobbying.wi.gov/Who/LobbyistInformation/2025REG/Information/11213
WI-lobbyist-11213-activity-2026-H1	11213	WI	activity_report	lobbyist	2026-01-01	2026-06-30	0.0	0.0	https://lobbying.wi.gov/Who/LobbyistInformation/2025REG/Information/11213
WI-lobbyist-11213-activity-2026-H2	11213	WI	activity_report	lobbyist	2026-07-01	2026-12-31	0.0	0.0	https://lobbying.wi.gov/Who/LobbyistInformation/2025REG/Information/11213
WI-lobbyist-11214-activity-2025-H1	11214	WI	activity_report	lobbyist	2025-01-01	2025-06-30	9.5	10.5	https://lobbying.wi.gov/Who/LobbyistInformation/2025REG/Information/11214
WI-lobbyist-11214-activity-2025-H2	11214	WI	activity_report	lobbyist	2025-07-01	2025-12-31	9.5	9.5	https://lobbying.wi.gov/Who/LobbyistInformation/2025REG/Information/11214
WI-lobbyist-11214-activity-2026-H1	11214	WI	activity_report	lobbyist	2026-01-01	2026-06-30	0.0	0.0	https://lobbying.wi.gov/Who/LobbyistInformation/2025REG/Information/11214
WI-lobbyist-11214-activity-2026-H2	11214	WI	activity_report	lobbyist	2026-07-01	2026-12-31	0.0	0.0	https://lobbying.wi.gov/Who/LobbyistInformation/2025REG/Information/11214
WI-lobbyist-11216-activity-2025-H1	11216	WI	activity_report	lobbyist	2025-01-01	2025-06-30	174.5	364.25	https://lobbying.wi.gov/Who/LobbyistInformation/2025REG/Information/11216
WI-lobbyist-11216-activity-2025-H2	11216	WI	activity_report	lobbyist	2025-07-01	2025-12-31	66.0	220.75	https://lobbying.wi.gov/Who/LobbyistInformation/2025REG/Information/11216
WI-lobbyist-11216-activity-2026-H1	11216	WI	activity_report	lobbyist	2026-01-01	2026-06-30	0.0	0.0	https://lobbying.wi.gov/Who/LobbyistInformation/2025REG/Information/11216
WI-lobbyist-11216-activity-2026-H2	11216	WI	activity_report	lobbyist	2026-07-01	2026-12-31	0.0	0.0	https://lobbying.wi.gov/Who/LobbyistInformation/2025REG/Information/11216
WI-lobbyist-11217-activity-2025-H1	11217	WI	activity_report	lobbyist	2025-01-01	2025-06-30	100.0	418.0	https://lobbying.wi.gov/Who/LobbyistInformation/2025REG/Information/11217
WI-lobbyist-11217-activity-2025-H2	11217	WI	activity_report	lobbyist	2025-07-01	2025-12-31	0.0	41.0	https://lobbying.wi.gov/Who/LobbyistInformation/2025REG/Information/11217
WI-lobbyist-11217-activity-2026-H1	11217	WI	activity_report	lobbyist	2026-01-01	2026-06-30	0.0	0.0	https://lobbying.wi.gov/Who/LobbyistInformation/2025REG/Information/11217
WI-lobbyist-11217-activity-2026-H2	11217	WI	activity_report	lobbyist	2026-07-01	2026-12-31	0.0	0.0	https://lobbying.wi.gov/Who/LobbyistInformation/2025REG/Information/11217
WI-lobbyist-11220-activity-2025-H1	11220	WI	activity_report	lobbyist	2025-01-01	2025-06-30	7.88	20.77	https://lobbying.wi.gov/Who/LobbyistInformation/2025REG/Information/11220
WI-lobbyist-11220-activity-2025-H2	11220	WI	activity_report	lobbyist	2025-07-01	2025-12-31	1.41	5.49	https://lobbying.wi.gov/Who/LobbyistInformation/2025REG/Information/11220
WI-lobbyist-11220-activity-2026-H1	11220	WI	activity_report	lobbyist	2026-01-01	2026-06-30	0.0	0.0	https://lobbying.wi.gov/Who/LobbyistInformation/2025REG/Information/11220
WI-lobbyist-11220-activity-2026-H2	11220	WI	activity_report	lobbyist	2026-07-01	2026-12-31	0.0	0.0	https://lobbying.wi.gov/Who/LobbyistInformation/2025REG/Information/11220
WI-lobbyist-11221-activity-2025-H1	11221	WI	activity_report	lobbyist	2025-01-01	2025-06-30	388.0	804.0	https://lobbying.wi.gov/Who/LobbyistInformation/2025REG/Information/11221
WI-lobbyist-11221-activity-2025-H2	11221	WI	activity_report	lobbyist	2025-07-01	2025-12-31	372.0	737.0	https://lobbying.wi.gov/Who/LobbyistInformation/2025REG/Information/11221
WI-lobbyist-11221-activity-2026-H1	11221	WI	activity_report	lobbyist	2026-01-01	2026-06-30	0.0	0.0	https://lobbying.wi.gov/Who/LobbyistInformation/2025REG/Information/11221
WI-lobbyist-11221-activity-2026-H2	11221	WI	activity_report	lobbyist	2026-07-01	2026-12-31	0.0	0.0	https://lobbying.wi.gov/Who/LobbyistInformation/2025REG/Information/11221
WI-lobbyist-11222-activity-2025-H1	11222	WI	activity_report	lobbyist	2025-01-01	2025-06-30	0.0	3.0	https://lobbying.wi.gov/Who/LobbyistInformation/2025REG/Information/11222
WI-lobbyist-11222-activity-2025-H2	11222	WI	activity_report	lobbyist	2025-07-01	2025-12-31	0.0	0.5	https://lobbying.wi.gov/Who/LobbyistInformation/2025REG/Information/11222
WI-lobbyist-11222-activity-2026-H1	11222	WI	activity_report	lobbyist	2026-01-01	2026-06-30	0.5	1.5	https://lobbying.wi.gov/Who/LobbyistInformation/2025REG/Information/11222
WI-lobbyist-11222-activity-2026-H2	11222	WI	activity_report	lobbyist	2026-07-01	2026-12-31	0.0	0.0	https://lobbying.wi.gov/Who/LobbyistInformation/2025REG/Information/11222
WI-lobbyist-11223-activity-2025-H1	11223	WI	activity_report	lobbyist	2025-01-01	2025-06-30	1.5	1.75	https://lobbying.wi.gov/Who/LobbyistInformation/2025REG/Information/11223
WI-lobbyist-11223-activity-2025-H2	11223	WI	activity_report	lobbyist	2025-07-01	2025-12-31	1.5	5.0	https://lobbying.wi.gov/Who/LobbyistInformation/2025REG/Information/11223
WI-lobbyist-11223-activity-2026-H1	11223	WI	activity_report	lobbyist	2026-01-01	2026-06-30	0.0	0.0	https://lobbying.wi.gov/Who/LobbyistInformation/2025REG/Information/11223
WI-lobbyist-11223-activity-2026-H2	11223	WI	activity_report	lobbyist	2026-07-01	2026-12-31	0.0	0.0	https://lobbying.wi.gov/Who/LobbyistInformation/2025REG/Information/11223
WI-lobbyist-11224-activity-2025-H1	11224	WI	activity_report	lobbyist	2025-01-01	2025-06-30	0.0	0.0	https://lobbying.wi.gov/Who/LobbyistInformation/2025REG/Information/11224
WI-lobbyist-11224-activity-2025-H2	11224	WI	activity_report	lobbyist	2025-07-01	2025-12-31	9.0	13.0	https://lobbying.wi.gov/Who/LobbyistInformation/2025REG/Information/11224
WI-lobbyist-11224-activity-2026-H1	11224	WI	activity_report	lobbyist	2026-01-01	2026-06-30	0.0	0.0	https://lobbying.wi.gov/Who/LobbyistInformation/2025REG/Information/11224
WI-lobbyist-11224-activity-2026-H2	11224	WI	activity_report	lobbyist	2026-07-01	2026-12-31	0.0	0.0	https://lobbying.wi.gov/Who/LobbyistInformation/2025REG/Information/11224
WI-lobbyist-11225-activity-2025-H1	11225	WI	activity_report	lobbyist	2025-01-01	2025-06-30	8.95	1.0	https://lobbying.wi.gov/Who/LobbyistInformation/2025REG/Information/11225
WI-lobbyist-11225-activity-2025-H2	11225	WI	activity_report	lobbyist	2025-07-01	2025-12-31	1.0	0.0	https://lobbying.wi.gov/Who/LobbyistInformation/2025REG/Information/11225
WI-lobbyist-11225-activity-2026-H1	11225	WI	activity_report	lobbyist	2026-01-01	2026-06-30	0.0	0.0	https://lobbying.wi.gov/Who/LobbyistInformation/2025REG/Information/11225
WI-lobbyist-11225-activity-2026-H2	11225	WI	activity_report	lobbyist	2026-07-01	2026-12-31	0.0	0.0	https://lobbying.wi.gov/Who/LobbyistInformation/2025REG/Information/11225
WI-lobbyist-11226-activity-2025-H1	11226	WI	activity_report	lobbyist	2025-01-01	2025-06-30	0.0	0.0	https://lobbying.wi.gov/Who/LobbyistInformation/2025REG/Information/11226
WI-lobbyist-11226-activity-2025-H2	11226	WI	activity_report	lobbyist	2025-07-01	2025-12-31	0.0	0.0	https://lobbying.wi.gov/Who/LobbyistInformation/2025REG/Information/11226
WI-lobbyist-11226-activity-2026-H1	11226	WI	activity_report	lobbyist	2026-01-01	2026-06-30	0.0	0.0	https://lobbying.wi.gov/Who/LobbyistInformation/2025REG/Information/11226
WI-lobbyist-11226-activity-2026-H2	11226	WI	activity_report	lobbyist	2026-07-01	2026-12-31	0.0	0.0	https://lobbying.wi.gov/Who/LobbyistInformation/2025REG/Information/11226
WI-lobbyist-11228-activity-2025-H1	11228	WI	activity_report	lobbyist	2025-01-01	2025-06-30	58.0	114.25	https://lobbying.wi.gov/Who/LobbyistInformation/2025REG/Information/11228
WI-lobbyist-11228-activity-2025-H2	11228	WI	activity_report	lobbyist	2025-07-01	2025-12-31	57.0	143.0	https://lobbying.wi.gov/Who/LobbyistInformation/2025REG/Information/11228
WI-lobbyist-11228-activity-2026-H1	11228	WI	activity_report	lobbyist	2026-01-01	2026-06-30	0.0	0.0	https://lobbying.wi.gov/Who/LobbyistInformation/2025REG/Information/11228
WI-lobbyist-11228-activity-2026-H2	11228	WI	activity_report	lobbyist	2026-07-01	2026-12-31	0.0	0.0	https://lobbying.wi.gov/Who/LobbyistInformation/2025REG/Information/11228
WI-lobbyist-11229-activity-2025-H1	11229	WI	activity_report	lobbyist	2025-01-01	2025-06-30	35.5	113.0	https://lobbying.wi.gov/Who/LobbyistInformation/2025REG/Information/11229
WI-lobbyist-11229-activity-2025-H2	11229	WI	activity_report	lobbyist	2025-07-01	2025-12-31	17.0	82.5	https://lobbying.wi.gov/Who/LobbyistInformation/2025REG/Information/11229
WI-lobbyist-11229-activity-2026-H1	11229	WI	activity_report	lobbyist	2026-01-01	2026-06-30	0.0	0.0	https://lobbying.wi.gov/Who/LobbyistInformation/2025REG/Information/11229
WI-lobbyist-11229-activity-2026-H2	11229	WI	activity_report	lobbyist	2026-07-01	2026-12-31	0.0	0.0	https://lobbying.wi.gov/Who/LobbyistInformation/2025REG/Information/11229
WI-lobbyist-11230-activity-2025-H1	11230	WI	activity_report	lobbyist	2025-01-01	2025-06-30	18.0	51.5	https://lobbying.wi.gov/Who/LobbyistInformation/2025REG/Information/11230
WI-lobbyist-11230-activity-2025-H2	11230	WI	activity_report	lobbyist	2025-07-01	2025-12-31	5.5	18.5	https://lobbying.wi.gov/Who/LobbyistInformation/2025REG/Information/11230
WI-lobbyist-11230-activity-2026-H1	11230	WI	activity_report	lobbyist	2026-01-01	2026-06-30	0.0	0.0	https://lobbying.wi.gov/Who/LobbyistInformation/2025REG/Information/11230
WI-lobbyist-11230-activity-2026-H2	11230	WI	activity_report	lobbyist	2026-07-01	2026-12-31	0.0	0.0	https://lobbying.wi.gov/Who/LobbyistInformation/2025REG/Information/11230
WI-lobbyist-11232-activity-2025-H1	11232	WI	activity_report	lobbyist	2025-01-01	2025-06-30	12.0	7.5	https://lobbying.wi.gov/Who/LobbyistInformation/2025REG/Information/11232
WI-lobbyist-11232-activity-2025-H2	11232	WI	activity_report	lobbyist	2025-07-01	2025-12-31	0.0	0.0	https://lobbying.wi.gov/Who/LobbyistInformation/2025REG/Information/11232
WI-lobbyist-11232-activity-2026-H1	11232	WI	activity_report	lobbyist	2026-01-01	2026-06-30	0.0	0.0	https://lobbying.wi.gov/Who/LobbyistInformation/2025REG/Information/11232
WI-lobbyist-11232-activity-2026-H2	11232	WI	activity_report	lobbyist	2026-07-01	2026-12-31	0.0	0.0	https://lobbying.wi.gov/Who/LobbyistInformation/2025REG/Information/11232
WI-lobbyist-11233-activity-2025-H1	11233	WI	activity_report	lobbyist	2025-01-01	2025-06-30	0.0	0.0	https://lobbying.wi.gov/Who/LobbyistInformation/2025REG/Information/11233
WI-lobbyist-11233-activity-2025-H2	11233	WI	activity_report	lobbyist	2025-07-01	2025-12-31	0.0	0.0	https://lobbying.wi.gov/Who/LobbyistInformation/2025REG/Information/11233
WI-lobbyist-11233-activity-2026-H1	11233	WI	activity_report	lobbyist	2026-01-01	2026-06-30	0.0	0.0	https://lobbying.wi.gov/Who/LobbyistInformation/2025REG/Information/11233
WI-lobbyist-11233-activity-2026-H2	11233	WI	activity_report	lobbyist	2026-07-01	2026-12-31	0.0	0.0	https://lobbying.wi.gov/Who/LobbyistInformation/2025REG/Information/11233
WI-lobbyist-11234-activity-2025-H1	11234	WI	activity_report	lobbyist	2025-01-01	2025-06-30	3.0	3.5	https://lobbying.wi.gov/Who/LobbyistInformation/2025REG/Information/11234
WI-lobbyist-11234-activity-2025-H2	11234	WI	activity_report	lobbyist	2025-07-01	2025-12-31	0.0	1.1	https://lobbying.wi.gov/Who/LobbyistInformation/2025REG/Information/11234
WI-lobbyist-11234-activity-2026-H1	11234	WI	activity_report	lobbyist	2026-01-01	2026-06-30	0.0	0.0	https://lobbying.wi.gov/Who/LobbyistInformation/2025REG/Information/11234
WI-lobbyist-11234-activity-2026-H2	11234	WI	activity_report	lobbyist	2026-07-01	2026-12-31	0.0	0.0	https://lobbying.wi.gov/Who/LobbyistInformation/2025REG/Information/11234
WI-lobbyist-11235-activity-2025-H1	11235	WI	activity_report	lobbyist	2025-01-01	2025-06-30	45.0	50.5	https://lobbying.wi.gov/Who/LobbyistInformation/2025REG/Information/11235
WI-lobbyist-11235-activity-2025-H2	11235	WI	activity_report	lobbyist	2025-07-01	2025-12-31	70.0	66.0	https://lobbying.wi.gov/Who/LobbyistInformation/2025REG/Information/11235
WI-lobbyist-11235-activity-2026-H1	11235	WI	activity_report	lobbyist	2026-01-01	2026-06-30	0.0	0.0	https://lobbying.wi.gov/Who/LobbyistInformation/2025REG/Information/11235
WI-lobbyist-11235-activity-2026-H2	11235	WI	activity_report	lobbyist	2026-07-01	2026-12-31	0.0	0.0	https://lobbying.wi.gov/Who/LobbyistInformation/2025REG/Information/11235
WI-lobbyist-11236-activity-2025-H1	11236	WI	activity_report	lobbyist	2025-01-01	2025-06-30	66.0	452.0	https://lobbying.wi.gov/Who/LobbyistInformation/2025REG/Information/11236
WI-lobbyist-11236-activity-2025-H2	11236	WI	activity_report	lobbyist	2025-07-01	2025-12-31	51.5	365.0	https://lobbying.wi.gov/Who/LobbyistInformation/2025REG/Information/11236
WI-lobbyist-11236-activity-2026-H1	11236	WI	activity_report	lobbyist	2026-01-01	2026-06-30	0.0	0.0	https://lobbying.wi.gov/Who/LobbyistInformation/2025REG/Information/11236
WI-lobbyist-11236-activity-2026-H2	11236	WI	activity_report	lobbyist	2026-07-01	2026-12-31	0.0	0.0	https://lobbying.wi.gov/Who/LobbyistInformation/2025REG/Information/11236
WI-lobbyist-11237-activity-2025-H1	11237	WI	activity_report	lobbyist	2025-01-01	2025-06-30	30.15	46.65	https://lobbying.wi.gov/Who/LobbyistInformation/2025REG/Information/11237
WI-lobbyist-11237-activity-2025-H2	11237	WI	activity_report	lobbyist	2025-07-01	2025-12-31	25.75	67.0	https://lobbying.wi.gov/Who/LobbyistInformation/2025REG/Information/11237
WI-lobbyist-11237-activity-2026-H1	11237	WI	activity_report	lobbyist	2026-01-01	2026-06-30	0.0	0.0	https://lobbying.wi.gov/Who/LobbyistInformation/2025REG/Information/11237
WI-lobbyist-11237-activity-2026-H2	11237	WI	activity_report	lobbyist	2026-07-01	2026-12-31	0.0	0.0	https://lobbying.wi.gov/Who/LobbyistInformation/2025REG/Information/11237
WI-lobbyist-11239-activity-2025-H1	11239	WI	activity_report	lobbyist	2025-01-01	2025-06-30	76.0	827.5	https://lobbying.wi.gov/Who/LobbyistInformation/2025REG/Information/11239
WI-lobbyist-11239-activity-2025-H2	11239	WI	activity_report	lobbyist	2025-07-01	2025-12-31	107.25	814.0	https://lobbying.wi.gov/Who/LobbyistInformation/2025REG/Information/11239
WI-lobbyist-11239-activity-2026-H1	11239	WI	activity_report	lobbyist	2026-01-01	2026-06-30	0.0	0.0	https://lobbying.wi.gov/Who/LobbyistInformation/2025REG/Information/11239
WI-lobbyist-11239-activity-2026-H2	11239	WI	activity_report	lobbyist	2026-07-01	2026-12-31	0.0	0.0	https://lobbying.wi.gov/Who/LobbyistInformation/2025REG/Information/11239
WI-lobbyist-11240-activity-2025-H1	11240	WI	activity_report	lobbyist	2025-01-01	2025-06-30	63.0	114.0	https://lobbying.wi.gov/Who/LobbyistInformation/2025REG/Information/11240
WI-lobbyist-11240-activity-2025-H2	11240	WI	activity_report	lobbyist	2025-07-01	2025-12-31	44.25	88.25	https://lobbying.wi.gov/Who/LobbyistInformation/2025REG/Information/11240
WI-lobbyist-11240-activity-2026-H1	11240	WI	activity_report	lobbyist	2026-01-01	2026-06-30	0.0	0.0	https://lobbying.wi.gov/Who/LobbyistInformation/2025REG/Information/11240
WI-lobbyist-11240-activity-2026-H2	11240	WI	activity_report	lobbyist	2026-07-01	2026-12-31	0.0	0.0	https://lobbying.wi.gov/Who/LobbyistInformation/2025REG/Information/11240
WI-lobbyist-11241-activity-2025-H1	11241	WI	activity_report	lobbyist	2025-01-01	2025-06-30	10.25	93.0	https://lobbying.wi.gov/Who/LobbyistInformation/2025REG/Information/11241
WI-lobbyist-11241-activity-2025-H2	11241	WI	activity_report	lobbyist	2025-07-01	2025-12-31	9.0	99.5	https://lobbying.wi.gov/Who/LobbyistInformation/2025REG/Information/11241
WI-lobbyist-11241-activity-2026-H1	11241	WI	activity_report	lobbyist	2026-01-01	2026-06-30	0.0	0.0	https://lobbying.wi.gov/Who/LobbyistInformation/2025REG/Information/11241
WI-lobbyist-11241-activity-2026-H2	11241	WI	activity_report	lobbyist	2026-07-01	2026-12-31	4.5	25.0	https://lobbying.wi.gov/Who/LobbyistInformation/2025REG/Information/11241
WI-lobbyist-11242-activity-2025-H1	11242	WI	activity_report	lobbyist	2025-01-01	2025-06-30	34.75	59.5	https://lobbying.wi.gov/Who/LobbyistInformation/2025REG/Information/11242
WI-lobbyist-11242-activity-2025-H2	11242	WI	activity_report	lobbyist	2025-07-01	2025-12-31	44.25	55.0	https://lobbying.wi.gov/Who/LobbyistInformation/2025REG/Information/11242
WI-lobbyist-11242-activity-2026-H1	11242	WI	activity_report	lobbyist	2026-01-01	2026-06-30	0.0	0.0	https://lobbying.wi.gov/Who/LobbyistInformation/2025REG/Information/11242
WI-lobbyist-11242-activity-2026-H2	11242	WI	activity_report	lobbyist	2026-07-01	2026-12-31	0.0	0.0	https://lobbying.wi.gov/Who/LobbyistInformation/2025REG/Information/11242
WI-lobbyist-11243-activity-2025-H1	11243	WI	activity_report	lobbyist	2025-01-01	2025-06-30	61.5	96.5	https://lobbying.wi.gov/Who/LobbyistInformation/2025REG/Information/11243
WI-lobbyist-11243-activity-2025-H2	11243	WI	activity_report	lobbyist	2025-07-01	2025-12-31	38.0	62.5	https://lobbying.wi.gov/Who/LobbyistInformation/2025REG/Information/11243
WI-lobbyist-11243-activity-2026-H1	11243	WI	activity_report	lobbyist	2026-01-01	2026-06-30	0.0	0.0	https://lobbying.wi.gov/Who/LobbyistInformation/2025REG/Information/11243
WI-lobbyist-11243-activity-2026-H2	11243	WI	activity_report	lobbyist	2026-07-01	2026-12-31	0.0	0.0	https://lobbying.wi.gov/Who/LobbyistInformation/2025REG/Information/11243
WI-lobbyist-11244-activity-2025-H1	11244	WI	activity_report	lobbyist	2025-01-01	2025-06-30	2.0	194.0	https://lobbying.wi.gov/Who/LobbyistInformation/2025REG/Information/11244
WI-lobbyist-11244-activity-2025-H2	11244	WI	activity_report	lobbyist	2025-07-01	2025-12-31	28.0	147.0	https://lobbying.wi.gov/Who/LobbyistInformation/2025REG/Information/11244
WI-lobbyist-11244-activity-2026-H1	11244	WI	activity_report	lobbyist	2026-01-01	2026-06-30	0.0	0.0	https://lobbying.wi.gov/Who/LobbyistInformation/2025REG/Information/11244
WI-lobbyist-11244-activity-2026-H2	11244	WI	activity_report	lobbyist	2026-07-01	2026-12-31	0.0	0.0	https://lobbying.wi.gov/Who/LobbyistInformation/2025REG/Information/11244
WI-lobbyist-11245-activity-2025-H1	11245	WI	activity_report	lobbyist	2025-01-01	2025-06-30	0.0	0.0	https://lobbying.wi.gov/Who/LobbyistInformation/2025REG/Information/11245
WI-lobbyist-11245-activity-2025-H2	11245	WI	activity_report	lobbyist	2025-07-01	2025-12-31	0.0	0.0	https://lobbying.wi.gov/Who/LobbyistInformation/2025REG/Information/11245
WI-lobbyist-11245-activity-2026-H1	11245	WI	activity_report	lobbyist	2026-01-01	2026-06-30	0.0	0.0	https://lobbying.wi.gov/Who/LobbyistInformation/2025REG/Information/11245
WI-lobbyist-11245-activity-2026-H2	11245	WI	activity_report	lobbyist	2026-07-01	2026-12-31	0.0	0.0	https://lobbying.wi.gov/Who/LobbyistInformation/2025REG/Information/11245
WI-lobbyist-11246-activity-2025-H1	11246	WI	activity_report	lobbyist	2025-01-01	2025-06-30	6.5	10.75	https://lobbying.wi.gov/Who/LobbyistInformation/2025REG/Information/11246
WI-lobbyist-11246-activity-2025-H2	11246	WI	activity_report	lobbyist	2025-07-01	2025-12-31	1.5	8.0	https://lobbying.wi.gov/Who/LobbyistInformation/2025REG/Information/11246
WI-lobbyist-11246-activity-2026-H1	11246	WI	activity_report	lobbyist	2026-01-01	2026-06-30	0.0	0.0	https://lobbying.wi.gov/Who/LobbyistInformation/2025REG/Information/11246
WI-lobbyist-11246-activity-2026-H2	11246	WI	activity_report	lobbyist	2026-07-01	2026-12-31	0.0	0.0	https://lobbying.wi.gov/Who/LobbyistInformation/2025REG/Information/11246
WI-lobbyist-11247-activity-2025-H1	11247	WI	activity_report	lobbyist	2025-01-01	2025-06-30	77.0	244.0	https://lobbying.wi.gov/Who/LobbyistInformation/2025REG/Information/11247
WI-lobbyist-11247-activity-2025-H2	11247	WI	activity_report	lobbyist	2025-07-01	2025-12-31	63.0	364.0	https://lobbying.wi.gov/Who/LobbyistInformation/2025REG/Information/11247
WI-lobbyist-11247-activity-2026-H1	11247	WI	activity_report	lobbyist	2026-01-01	2026-06-30	0.0	0.0	https://lobbying.wi.gov/Who/LobbyistInformation/2025REG/Information/11247
WI-lobbyist-11247-activity-2026-H2	11247	WI	activity_report	lobbyist	2026-07-01	2026-12-31	0.0	0.0	https://lobbying.wi.gov/Who/LobbyistInformation/2025REG/Information/11247
WI-lobbyist-11248-activity-2025-H1	11248	WI	activity_report	lobbyist	2025-01-01	2025-06-30	21.0	15.0	https://lobbying.wi.gov/Who/LobbyistInformation/2025REG/Information/11248
WI-lobbyist-11248-activity-2025-H2	11248	WI	activity_report	lobbyist	2025-07-01	2025-12-31	0.0	0.0	https://lobbying.wi.gov/Who/LobbyistInformation/2025REG/Information/11248
WI-lobbyist-11248-activity-2026-H1	11248	WI	activity_report	lobbyist	2026-01-01	2026-06-30	0.0	0.0	https://lobbying.wi.gov/Who/LobbyistInformation/2025REG/Information/11248
WI-lobbyist-11248-activity-2026-H2	11248	WI	activity_report	lobbyist	2026-07-01	2026-12-31	0.0	0.0	https://lobbying.wi.gov/Who/LobbyistInformation/2025REG/Information/11248
WI-lobbyist-11249-activity-2025-H1	11249	WI	activity_report	lobbyist	2025-01-01	2025-06-30	35.05	86.4	https://lobbying.wi.gov/Who/LobbyistInformation/2025REG/Information/11249
WI-lobbyist-11249-activity-2025-H2	11249	WI	activity_report	lobbyist	2025-07-01	2025-12-31	40.25	105.75	https://lobbying.wi.gov/Who/LobbyistInformation/2025REG/Information/11249
WI-lobbyist-11249-activity-2026-H1	11249	WI	activity_report	lobbyist	2026-01-01	2026-06-30	0.0	0.0	https://lobbying.wi.gov/Who/LobbyistInformation/2025REG/Information/11249
WI-lobbyist-11249-activity-2026-H2	11249	WI	activity_report	lobbyist	2026-07-01	2026-12-31	0.0	0.0	https://lobbying.wi.gov/Who/LobbyistInformation/2025REG/Information/11249
WI-lobbyist-11250-activity-2025-H1	11250	WI	activity_report	lobbyist	2025-01-01	2025-06-30	0.0	0.0	https://lobbying.wi.gov/Who/LobbyistInformation/2025REG/Information/11250
WI-lobbyist-11250-activity-2025-H2	11250	WI	activity_report	lobbyist	2025-07-01	2025-12-31	2.5	5.5	https://lobbying.wi.gov/Who/LobbyistInformation/2025REG/Information/11250
WI-lobbyist-11250-activity-2026-H1	11250	WI	activity_report	lobbyist	2026-01-01	2026-06-30	0.0	0.0	https://lobbying.wi.gov/Who/LobbyistInformation/2025REG/Information/11250
WI-lobbyist-11250-activity-2026-H2	11250	WI	activity_report	lobbyist	2026-07-01	2026-12-31	0.0	0.0	https://lobbying.wi.gov/Who/LobbyistInformation/2025REG/Information/11250
WI-lobbyist-11251-activity-2025-H1	11251	WI	activity_report	lobbyist	2025-01-01	2025-06-30	50.25	20.0	https://lobbying.wi.gov/Who/LobbyistInformation/2025REG/Information/11251
WI-lobbyist-11251-activity-2025-H2	11251	WI	activity_report	lobbyist	2025-07-01	2025-12-31	35.25	27.5	https://lobbying.wi.gov/Who/LobbyistInformation/2025REG/Information/11251
WI-lobbyist-11251-activity-2026-H1	11251	WI	activity_report	lobbyist	2026-01-01	2026-06-30	0.0	0.0	https://lobbying.wi.gov/Who/LobbyistInformation/2025REG/Information/11251
WI-lobbyist-11251-activity-2026-H2	11251	WI	activity_report	lobbyist	2026-07-01	2026-12-31	0.0	0.0	https://lobbying.wi.gov/Who/LobbyistInformation/2025REG/Information/11251
WI-lobbyist-11252-activity-2025-H1	11252	WI	activity_report	lobbyist	2025-01-01	2025-06-30	0.0	0.0	https://lobbying.wi.gov/Who/LobbyistInformation/2025REG/Information/11252
WI-lobbyist-11252-activity-2025-H2	11252	WI	activity_report	lobbyist	2025-07-01	2025-12-31	0.0	0.0	https://lobbying.wi.gov/Who/LobbyistInformation/2025REG/Information/11252
WI-lobbyist-11252-activity-2026-H1	11252	WI	activity_report	lobbyist	2026-01-01	2026-06-30	0.0	0.0	https://lobbying.wi.gov/Who/LobbyistInformation/2025REG/Information/11252
WI-lobbyist-11252-activity-2026-H2	11252	WI	activity_report	lobbyist	2026-07-01	2026-12-31	0.0	0.0	https://lobbying.wi.gov/Who/LobbyistInformation/2025REG/Information/11252
WI-lobbyist-11253-activity-2025-H1	11253	WI	activity_report	lobbyist	2025-01-01	2025-06-30	25.5	592.0	https://lobbying.wi.gov/Who/LobbyistInformation/2025REG/Information/11253
WI-lobbyist-11253-activity-2025-H2	11253	WI	activity_report	lobbyist	2025-07-01	2025-12-31	21.0	438.0	https://lobbying.wi.gov/Who/LobbyistInformation/2025REG/Information/11253
WI-lobbyist-11253-activity-2026-H1	11253	WI	activity_report	lobbyist	2026-01-01	2026-06-30	0.0	0.0	https://lobbying.wi.gov/Who/LobbyistInformation/2025REG/Information/11253
WI-lobbyist-11253-activity-2026-H2	11253	WI	activity_report	lobbyist	2026-07-01	2026-12-31	0.0	0.0	https://lobbying.wi.gov/Who/LobbyistInformation/2025REG/Information/11253
WI-lobbyist-11254-activity-2025-H1	11254	WI	activity_report	lobbyist	2025-01-01	2025-06-30	4.5	5.0	https://lobbying.wi.gov/Who/LobbyistInformation/2025REG/Information/11254
WI-lobbyist-11254-activity-2025-H2	11254	WI	activity_report	lobbyist	2025-07-01	2025-12-31	1.0	7.0	https://lobbying.wi.gov/Who/LobbyistInformation/2025REG/Information/11254
WI-lobbyist-11254-activity-2026-H1	11254	WI	activity_report	lobbyist	2026-01-01	2026-06-30	0.0	0.0	https://lobbying.wi.gov/Who/LobbyistInformation/2025REG/Information/11254
WI-lobbyist-11254-activity-2026-H2	11254	WI	activity_report	lobbyist	2026-07-01	2026-12-31	0.0	0.0	https://lobbying.wi.gov/Who/LobbyistInformation/2025REG/Information/11254
WI-lobbyist-11255-activity-2025-H1	11255	WI	activity_report	lobbyist	2025-01-01	2025-06-30	119.75	428.75	https://lobbying.wi.gov/Who/LobbyistInformation/2025REG/Information/11255
WI-lobbyist-11255-activity-2025-H2	11255	WI	activity_report	lobbyist	2025-07-01	2025-12-31	130.5	381.0	https://lobbying.wi.gov/Who/LobbyistInformation/2025REG/Information/11255
WI-lobbyist-11255-activity-2026-H1	11255	WI	activity_report	lobbyist	2026-01-01	2026-06-30	0.0	0.0	https://lobbying.wi.gov/Who/LobbyistInformation/2025REG/Information/11255
WI-lobbyist-11255-activity-2026-H2	11255	WI	activity_report	lobbyist	2026-07-01	2026-12-31	0.0	0.0	https://lobbying.wi.gov/Who/LobbyistInformation/2025REG/Information/11255
WI-lobbyist-11256-activity-2025-H1	11256	WI	activity_report	lobbyist	2025-01-01	2025-06-30	6.0	9.0	https://lobbying.wi.gov/Who/LobbyistInformation/2025REG/Information/11256
WI-lobbyist-11256-activity-2025-H2	11256	WI	activity_report	lobbyist	2025-07-01	2025-12-31	0.0	0.0	https://lobbying.wi.gov/Who/LobbyistInformation/2025REG/Information/11256
WI-lobbyist-11256-activity-2026-H1	11256	WI	activity_report	lobbyist	2026-01-01	2026-06-30	0.0	0.0	https://lobbying.wi.gov/Who/LobbyistInformation/2025REG/Information/11256
WI-lobbyist-11256-activity-2026-H2	11256	WI	activity_report	lobbyist	2026-07-01	2026-12-31	0.0	0.0	https://lobbying.wi.gov/Who/LobbyistInformation/2025REG/Information/11256
WI-lobbyist-11257-activity-2025-H1	11257	WI	activity_report	lobbyist	2025-01-01	2025-06-30	182.8	229.5	https://lobbying.wi.gov/Who/LobbyistInformation/2025REG/Information/11257
WI-lobbyist-11257-activity-2025-H2	11257	WI	activity_report	lobbyist	2025-07-01	2025-12-31	179.25	219.25	https://lobbying.wi.gov/Who/LobbyistInformation/2025REG/Information/11257
WI-lobbyist-11257-activity-2026-H1	11257	WI	activity_report	lobbyist	2026-01-01	2026-06-30	0.0	0.0	https://lobbying.wi.gov/Who/LobbyistInformation/2025REG/Information/11257
WI-lobbyist-11257-activity-2026-H2	11257	WI	activity_report	lobbyist	2026-07-01	2026-12-31	0.0	0.0	https://lobbying.wi.gov/Who/LobbyistInformation/2025REG/Information/11257
WI-lobbyist-11258-activity-2025-H1	11258	WI	activity_report	lobbyist	2025-01-01	2025-06-30	78.25	490.0	https://lobbying.wi.gov/Who/LobbyistInformation/2025REG/Information/11258
WI-lobbyist-11258-activity-2025-H2	11258	WI	activity_report	lobbyist	2025-07-01	2025-12-31	8.75	147.75	https://lobbying.wi.gov/Who/LobbyistInformation/2025REG/Information/11258
WI-lobbyist-11258-activity-2026-H1	11258	WI	activity_report	lobbyist	2026-01-01	2026-06-30	0.0	0.0	https://lobbying.wi.gov/Who/LobbyistInformation/2025REG/Information/11258
WI-lobbyist-11258-activity-2026-H2	11258	WI	activity_report	lobbyist	2026-07-01	2026-12-31	0.0	0.0	https://lobbying.wi.gov/Who/LobbyistInformation/2025REG/Information/11258
WI-lobbyist-11259-activity-2025-H1	11259	WI	activity_report	lobbyist	2025-01-01	2025-06-30	101.75	270.75	https://lobbying.wi.gov/Who/LobbyistInformation/2025REG/Information/11259
WI-lobbyist-11259-activity-2025-H2	11259	WI	activity_report	lobbyist	2025-07-01	2025-12-31	134.5	250.5	https://lobbying.wi.gov/Who/LobbyistInformation/2025REG/Information/11259
WI-lobbyist-11259-activity-2026-H1	11259	WI	activity_report	lobbyist	2026-01-01	2026-06-30	0.0	0.0	https://lobbying.wi.gov/Who/LobbyistInformation/2025REG/Information/11259
WI-lobbyist-11259-activity-2026-H2	11259	WI	activity_report	lobbyist	2026-07-01	2026-12-31	0.0	0.0	https://lobbying.wi.gov/Who/LobbyistInformation/2025REG/Information/11259
WI-lobbyist-11261-activity-2025-H1	11261	WI	activity_report	lobbyist	2025-01-01	2025-06-30	45.0	253.0	https://lobbying.wi.gov/Who/LobbyistInformation/2025REG/Information/11261
WI-lobbyist-11261-activity-2025-H2	11261	WI	activity_report	lobbyist	2025-07-01	2025-12-31	15.0	228.5	https://lobbying.wi.gov/Who/LobbyistInformation/2025REG/Information/11261
WI-lobbyist-11261-activity-2026-H1	11261	WI	activity_report	lobbyist	2026-01-01	2026-06-30	0.0	0.0	https://lobbying.wi.gov/Who/LobbyistInformation/2025REG/Information/11261
WI-lobbyist-11261-activity-2026-H2	11261	WI	activity_report	lobbyist	2026-07-01	2026-12-31	0.0	0.0	https://lobbying.wi.gov/Who/LobbyistInformation/2025REG/Information/11261
WI-lobbyist-11262-activity-2025-H1	11262	WI	activity_report	lobbyist	2025-01-01	2025-06-30	185.0	445.5	https://lobbying.wi.gov/Who/LobbyistInformation/2025REG/Information/11262
WI-lobbyist-11262-activity-2025-H2	11262	WI	activity_report	lobbyist	2025-07-01	2025-12-31	148.0	342.5	https://lobbying.wi.gov/Who/LobbyistInformation/2025REG/Information/11262
WI-lobbyist-11262-activity-2026-H1	11262	WI	activity_report	lobbyist	2026-01-01	2026-06-30	119.5	315.0	https://lobbying.wi.gov/Who/LobbyistInformation/2025REG/Information/11262
WI-lobbyist-11262-activity-2026-H2	11262	WI	activity_report	lobbyist	2026-07-01	2026-12-31	0.0	0.0	https://lobbying.wi.gov/Who/LobbyistInformation/2025REG/Information/11262
WI-lobbyist-11263-activity-2025-H1	11263	WI	activity_report	lobbyist	2025-01-01	2025-06-30	32.5	12.25	https://lobbying.wi.gov/Who/LobbyistInformation/2025REG/Information/11263
WI-lobbyist-11263-activity-2025-H2	11263	WI	activity_report	lobbyist	2025-07-01	2025-12-31	8.75	9.75	https://lobbying.wi.gov/Who/LobbyistInformation/2025REG/Information/11263
WI-lobbyist-11263-activity-2026-H1	11263	WI	activity_report	lobbyist	2026-01-01	2026-06-30	0.0	0.0	https://lobbying.wi.gov/Who/LobbyistInformation/2025REG/Information/11263
WI-lobbyist-11263-activity-2026-H2	11263	WI	activity_report	lobbyist	2026-07-01	2026-12-31	0.0	0.0	https://lobbying.wi.gov/Who/LobbyistInformation/2025REG/Information/11263
WI-lobbyist-11264-activity-2025-H1	11264	WI	activity_report	lobbyist	2025-01-01	2025-06-30	0.0	0.0	https://lobbying.wi.gov/Who/LobbyistInformation/2025REG/Information/11264
WI-lobbyist-11264-activity-2025-H2	11264	WI	activity_report	lobbyist	2025-07-01	2025-12-31	0.0	0.0	https://lobbying.wi.gov/Who/LobbyistInformation/2025REG/Information/11264
WI-lobbyist-11264-activity-2026-H1	11264	WI	activity_report	lobbyist	2026-01-01	2026-06-30	0.0	0.0	https://lobbying.wi.gov/Who/LobbyistInformation/2025REG/Information/11264
WI-lobbyist-11264-activity-2026-H2	11264	WI	activity_report	lobbyist	2026-07-01	2026-12-31	0.0	0.0	https://lobbying.wi.gov/Who/LobbyistInformation/2025REG/Information/11264
WI-lobbyist-11265-activity-2025-H1	11265	WI	activity_report	lobbyist	2025-01-01	2025-06-30	192.5	1193.35	https://lobbying.wi.gov/Who/LobbyistInformation/2025REG/Information/11265
WI-lobbyist-11265-activity-2025-H2	11265	WI	activity_report	lobbyist	2025-07-01	2025-12-31	172.25	1127.0	https://lobbying.wi.gov/Who/LobbyistInformation/2025REG/Information/11265
WI-lobbyist-11265-activity-2026-H1	11265	WI	activity_report	lobbyist	2026-01-01	2026-06-30	0.0	0.0	https://lobbying.wi.gov/Who/LobbyistInformation/2025REG/Information/11265
WI-lobbyist-11265-activity-2026-H2	11265	WI	activity_report	lobbyist	2026-07-01	2026-12-31	0.0	0.0	https://lobbying.wi.gov/Who/LobbyistInformation/2025REG/Information/11265
WI-lobbyist-11266-activity-2025-H1	11266	WI	activity_report	lobbyist	2025-01-01	2025-06-30	15.0	70.5	https://lobbying.wi.gov/Who/LobbyistInformation/2025REG/Information/11266
WI-lobbyist-11266-activity-2025-H2	11266	WI	activity_report	lobbyist	2025-07-01	2025-12-31	18.5	54.5	https://lobbying.wi.gov/Who/LobbyistInformation/2025REG/Information/11266
WI-lobbyist-11266-activity-2026-H1	11266	WI	activity_report	lobbyist	2026-01-01	2026-06-30	0.0	0.0	https://lobbying.wi.gov/Who/LobbyistInformation/2025REG/Information/11266
WI-lobbyist-11266-activity-2026-H2	11266	WI	activity_report	lobbyist	2026-07-01	2026-12-31	0.0	0.0	https://lobbying.wi.gov/Who/LobbyistInformation/2025REG/Information/11266
WI-lobbyist-11267-activity-2025-H1	11267	WI	activity_report	lobbyist	2025-01-01	2025-06-30	89.0	60.0	https://lobbying.wi.gov/Who/LobbyistInformation/2025REG/Information/11267
WI-lobbyist-11267-activity-2025-H2	11267	WI	activity_report	lobbyist	2025-07-01	2025-12-31	28.0	38.0	https://lobbying.wi.gov/Who/LobbyistInformation/2025REG/Information/11267
WI-lobbyist-11267-activity-2026-H1	11267	WI	activity_report	lobbyist	2026-01-01	2026-06-30	0.0	0.0	https://lobbying.wi.gov/Who/LobbyistInformation/2025REG/Information/11267
WI-lobbyist-11267-activity-2026-H2	11267	WI	activity_report	lobbyist	2026-07-01	2026-12-31	0.0	0.0	https://lobbying.wi.gov/Who/LobbyistInformation/2025REG/Information/11267
WI-lobbyist-11268-activity-2025-H1	11268	WI	activity_report	lobbyist	2025-01-01	2025-06-30	16.5	3.0	https://lobbying.wi.gov/Who/LobbyistInformation/2025REG/Information/11268
WI-lobbyist-11268-activity-2025-H2	11268	WI	activity_report	lobbyist	2025-07-01	2025-12-31	2.25	3.0	https://lobbying.wi.gov/Who/LobbyistInformation/2025REG/Information/11268
WI-lobbyist-11268-activity-2026-H1	11268	WI	activity_report	lobbyist	2026-01-01	2026-06-30	0.0	0.0	https://lobbying.wi.gov/Who/LobbyistInformation/2025REG/Information/11268
WI-lobbyist-11268-activity-2026-H2	11268	WI	activity_report	lobbyist	2026-07-01	2026-12-31	0.0	0.0	https://lobbying.wi.gov/Who/LobbyistInformation/2025REG/Information/11268
WI-lobbyist-11269-activity-2025-H1	11269	WI	activity_report	lobbyist	2025-01-01	2025-06-30	121.25	360.25	https://lobbying.wi.gov/Who/LobbyistInformation/2025REG/Information/11269
WI-lobbyist-11269-activity-2025-H2	11269	WI	activity_report	lobbyist	2025-07-01	2025-12-31	61.75	263.85	https://lobbying.wi.gov/Who/LobbyistInformation/2025REG/Information/11269
WI-lobbyist-11269-activity-2026-H1	11269	WI	activity_report	lobbyist	2026-01-01	2026-06-30	0.0	0.0	https://lobbying.wi.gov/Who/LobbyistInformation/2025REG/Information/11269
WI-lobbyist-11269-activity-2026-H2	11269	WI	activity_report	lobbyist	2026-07-01	2026-12-31	0.0	0.0	https://lobbying.wi.gov/Who/LobbyistInformation/2025REG/Information/11269
WI-lobbyist-11270-activity-2025-H1	11270	WI	activity_report	lobbyist	2025-01-01	2025-06-30	171.0	187.0	https://lobbying.wi.gov/Who/LobbyistInformation/2025REG/Information/11270
WI-lobbyist-11270-activity-2025-H2	11270	WI	activity_report	lobbyist	2025-07-01	2025-12-31	121.0	109.0	https://lobbying.wi.gov/Who/LobbyistInformation/2025REG/Information/11270
WI-lobbyist-11270-activity-2026-H1	11270	WI	activity_report	lobbyist	2026-01-01	2026-06-30	0.0	0.0	https://lobbying.wi.gov/Who/LobbyistInformation/2025REG/Information/11270
WI-lobbyist-11270-activity-2026-H2	11270	WI	activity_report	lobbyist	2026-07-01	2026-12-31	0.0	0.0	https://lobbying.wi.gov/Who/LobbyistInformation/2025REG/Information/11270
WI-lobbyist-11271-activity-2025-H1	11271	WI	activity_report	lobbyist	2025-01-01	2025-06-30	69.75	196.0	https://lobbying.wi.gov/Who/LobbyistInformation/2025REG/Information/11271
WI-lobbyist-11271-activity-2025-H2	11271	WI	activity_report	lobbyist	2025-07-01	2025-12-31	25.5	157.75	https://lobbying.wi.gov/Who/LobbyistInformation/2025REG/Information/11271
WI-lobbyist-11271-activity-2026-H1	11271	WI	activity_report	lobbyist	2026-01-01	2026-06-30	0.0	0.0	https://lobbying.wi.gov/Who/LobbyistInformation/2025REG/Information/11271
WI-lobbyist-11271-activity-2026-H2	11271	WI	activity_report	lobbyist	2026-07-01	2026-12-31	0.0	0.0	https://lobbying.wi.gov/Who/LobbyistInformation/2025REG/Information/11271
WI-lobbyist-11272-activity-2025-H1	11272	WI	activity_report	lobbyist	2025-01-01	2025-06-30	1.0	0.0	https://lobbying.wi.gov/Who/LobbyistInformation/2025REG/Information/11272
WI-lobbyist-11272-activity-2025-H2	11272	WI	activity_report	lobbyist	2025-07-01	2025-12-31	1.0	0.0	https://lobbying.wi.gov/Who/LobbyistInformation/2025REG/Information/11272
WI-lobbyist-11272-activity-2026-H1	11272	WI	activity_report	lobbyist	2026-01-01	2026-06-30	0.0	0.0	https://lobbying.wi.gov/Who/LobbyistInformation/2025REG/Information/11272
WI-lobbyist-11272-activity-2026-H2	11272	WI	activity_report	lobbyist	2026-07-01	2026-12-31	0.0	0.0	https://lobbying.wi.gov/Who/LobbyistInformation/2025REG/Information/11272
WI-lobbyist-11273-activity-2025-H1	11273	WI	activity_report	lobbyist	2025-01-01	2025-06-30	95.9	58.0	https://lobbying.wi.gov/Who/LobbyistInformation/2025REG/Information/11273
WI-lobbyist-11273-activity-2025-H2	11273	WI	activity_report	lobbyist	2025-07-01	2025-12-31	95.1	19.5	https://lobbying.wi.gov/Who/LobbyistInformation/2025REG/Information/11273
WI-lobbyist-11273-activity-2026-H1	11273	WI	activity_report	lobbyist	2026-01-01	2026-06-30	42.8	3.7	https://lobbying.wi.gov/Who/LobbyistInformation/2025REG/Information/11273
WI-lobbyist-11273-activity-2026-H2	11273	WI	activity_report	lobbyist	2026-07-01	2026-12-31	0.0	0.0	https://lobbying.wi.gov/Who/LobbyistInformation/2025REG/Information/11273
WI-lobbyist-11276-activity-2025-H1	11276	WI	activity_report	lobbyist	2025-01-01	2025-06-30	0.0	0.0	https://lobbying.wi.gov/Who/LobbyistInformation/2025REG/Information/11276
WI-lobbyist-11276-activity-2025-H2	11276	WI	activity_report	lobbyist	2025-07-01	2025-12-31	0.0	0.0	https://lobbying.wi.gov/Who/LobbyistInformation/2025REG/Information/11276
WI-lobbyist-11276-activity-2026-H1	11276	WI	activity_report	lobbyist	2026-01-01	2026-06-30	0.0	0.0	https://lobbying.wi.gov/Who/LobbyistInformation/2025REG/Information/11276
WI-lobbyist-11276-activity-2026-H2	11276	WI	activity_report	lobbyist	2026-07-01	2026-12-31	0.0	0.0	https://lobbying.wi.gov/Who/LobbyistInformation/2025REG/Information/11276
WI-lobbyist-11277-activity-2025-H1	11277	WI	activity_report	lobbyist	2025-01-01	2025-06-30	20.0	10.0	https://lobbying.wi.gov/Who/LobbyistInformation/2025REG/Information/11277
WI-lobbyist-11277-activity-2025-H2	11277	WI	activity_report	lobbyist	2025-07-01	2025-12-31	14.0	10.0	https://lobbying.wi.gov/Who/LobbyistInformation/2025REG/Information/11277
WI-lobbyist-11277-activity-2026-H1	11277	WI	activity_report	lobbyist	2026-01-01	2026-06-30	0.0	0.0	https://lobbying.wi.gov/Who/LobbyistInformation/2025REG/Information/11277
WI-lobbyist-11277-activity-2026-H2	11277	WI	activity_report	lobbyist	2026-07-01	2026-12-31	0.0	0.0	https://lobbying.wi.gov/Who/LobbyistInformation/2025REG/Information/11277
WI-lobbyist-11279-activity-2025-H1	11279	WI	activity_report	lobbyist	2025-01-01	2025-06-30	0.0	0.0	https://lobbying.wi.gov/Who/LobbyistInformation/2025REG/Information/11279
WI-lobbyist-11279-activity-2025-H2	11279	WI	activity_report	lobbyist	2025-07-01	2025-12-31	0.0	0.0	https://lobbying.wi.gov/Who/LobbyistInformation/2025REG/Information/11279
WI-lobbyist-11279-activity-2026-H1	11279	WI	activity_report	lobbyist	2026-01-01	2026-06-30	0.0	0.0	https://lobbying.wi.gov/Who/LobbyistInformation/2025REG/Information/11279
WI-lobbyist-11279-activity-2026-H2	11279	WI	activity_report	lobbyist	2026-07-01	2026-12-31	0.0	0.0	https://lobbying.wi.gov/Who/LobbyistInformation/2025REG/Information/11279
WI-lobbyist-11281-activity-2025-H1	11281	WI	activity_report	lobbyist	2025-01-01	2025-06-30	8.0	3.9	https://lobbying.wi.gov/Who/LobbyistInformation/2025REG/Information/11281
WI-lobbyist-11281-activity-2025-H2	11281	WI	activity_report	lobbyist	2025-07-01	2025-12-31	3.3	13.15	https://lobbying.wi.gov/Who/LobbyistInformation/2025REG/Information/11281
WI-lobbyist-11281-activity-2026-H1	11281	WI	activity_report	lobbyist	2026-01-01	2026-06-30	0.0	0.0	https://lobbying.wi.gov/Who/LobbyistInformation/2025REG/Information/11281
WI-lobbyist-11281-activity-2026-H2	11281	WI	activity_report	lobbyist	2026-07-01	2026-12-31	0.0	0.0	https://lobbying.wi.gov/Who/LobbyistInformation/2025REG/Information/11281
WI-lobbyist-11282-activity-2025-H1	11282	WI	activity_report	lobbyist	2025-01-01	2025-06-30	0.0	0.0	https://lobbying.wi.gov/Who/LobbyistInformation/2025REG/Information/11282
WI-lobbyist-11282-activity-2025-H2	11282	WI	activity_report	lobbyist	2025-07-01	2025-12-31	0.0	0.0	https://lobbying.wi.gov/Who/LobbyistInformation/2025REG/Information/11282
WI-lobbyist-11282-activity-2026-H1	11282	WI	activity_report	lobbyist	2026-01-01	2026-06-30	0.0	0.0	https://lobbying.wi.gov/Who/LobbyistInformation/2025REG/Information/11282
WI-lobbyist-11282-activity-2026-H2	11282	WI	activity_report	lobbyist	2026-07-01	2026-12-31	0.0	0.0	https://lobbying.wi.gov/Who/LobbyistInformation/2025REG/Information/11282
WI-lobbyist-11283-activity-2025-H1	11283	WI	activity_report	lobbyist	2025-01-01	2025-06-30	0.5	0.0	https://lobbying.wi.gov/Who/LobbyistInformation/2025REG/Information/11283
WI-lobbyist-11283-activity-2025-H2	11283	WI	activity_report	lobbyist	2025-07-01	2025-12-31	0.0	0.0	https://lobbying.wi.gov/Who/LobbyistInformation/2025REG/Information/11283
WI-lobbyist-11283-activity-2026-H1	11283	WI	activity_report	lobbyist	2026-01-01	2026-06-30	0.0	0.0	https://lobbying.wi.gov/Who/LobbyistInformation/2025REG/Information/11283
WI-lobbyist-11283-activity-2026-H2	11283	WI	activity_report	lobbyist	2026-07-01	2026-12-31	0.0	0.0	https://lobbying.wi.gov/Who/LobbyistInformation/2025REG/Information/11283
WI-lobbyist-11285-activity-2025-H1	11285	WI	activity_report	lobbyist	2025-01-01	2025-06-30	0.0	0.0	https://lobbying.wi.gov/Who/LobbyistInformation/2025REG/Information/11285
WI-lobbyist-11285-activity-2025-H2	11285	WI	activity_report	lobbyist	2025-07-01	2025-12-31	0.0	0.0	https://lobbying.wi.gov/Who/LobbyistInformation/2025REG/Information/11285
WI-lobbyist-11285-activity-2026-H1	11285	WI	activity_report	lobbyist	2026-01-01	2026-06-30	0.0	0.0	https://lobbying.wi.gov/Who/LobbyistInformation/2025REG/Information/11285
WI-lobbyist-11285-activity-2026-H2	11285	WI	activity_report	lobbyist	2026-07-01	2026-12-31	0.0	0.0	https://lobbying.wi.gov/Who/LobbyistInformation/2025REG/Information/11285
WI-lobbyist-11286-activity-2025-H1	11286	WI	activity_report	lobbyist	2025-01-01	2025-06-30	6.0	21.0	https://lobbying.wi.gov/Who/LobbyistInformation/2025REG/Information/11286
WI-lobbyist-11286-activity-2025-H2	11286	WI	activity_report	lobbyist	2025-07-01	2025-12-31	1.0	1.0	https://lobbying.wi.gov/Who/LobbyistInformation/2025REG/Information/11286
WI-lobbyist-11286-activity-2026-H1	11286	WI	activity_report	lobbyist	2026-01-01	2026-06-30	1.5	0.0	https://lobbying.wi.gov/Who/LobbyistInformation/2025REG/Information/11286
WI-lobbyist-11286-activity-2026-H2	11286	WI	activity_report	lobbyist	2026-07-01	2026-12-31	0.0	0.0	https://lobbying.wi.gov/Who/LobbyistInformation/2025REG/Information/11286
WI-lobbyist-11287-activity-2025-H1	11287	WI	activity_report	lobbyist	2025-01-01	2025-06-30	46.25	334.0	https://lobbying.wi.gov/Who/LobbyistInformation/2025REG/Information/11287
WI-lobbyist-11287-activity-2025-H2	11287	WI	activity_report	lobbyist	2025-07-01	2025-12-31	38.0	337.5	https://lobbying.wi.gov/Who/LobbyistInformation/2025REG/Information/11287
WI-lobbyist-11287-activity-2026-H1	11287	WI	activity_report	lobbyist	2026-01-01	2026-06-30	0.0	0.0	https://lobbying.wi.gov/Who/LobbyistInformation/2025REG/Information/11287
WI-lobbyist-11287-activity-2026-H2	11287	WI	activity_report	lobbyist	2026-07-01	2026-12-31	0.0	0.0	https://lobbying.wi.gov/Who/LobbyistInformation/2025REG/Information/11287
WI-lobbyist-11288-activity-2025-H1	11288	WI	activity_report	lobbyist	2025-01-01	2025-06-30	124.25	456.25	https://lobbying.wi.gov/Who/LobbyistInformation/2025REG/Information/11288
WI-lobbyist-11288-activity-2025-H2	11288	WI	activity_report	lobbyist	2025-07-01	2025-12-31	93.0	417.0	https://lobbying.wi.gov/Who/LobbyistInformation/2025REG/Information/11288
WI-lobbyist-11288-activity-2026-H1	11288	WI	activity_report	lobbyist	2026-01-01	2026-06-30	0.0	0.0	https://lobbying.wi.gov/Who/LobbyistInformation/2025REG/Information/11288
WI-lobbyist-11288-activity-2026-H2	11288	WI	activity_report	lobbyist	2026-07-01	2026-12-31	0.0	0.0	https://lobbying.wi.gov/Who/LobbyistInformation/2025REG/Information/11288
WI-lobbyist-11289-activity-2025-H1	11289	WI	activity_report	lobbyist	2025-01-01	2025-06-30	0.0	270.75	https://lobbying.wi.gov/Who/LobbyistInformation/2025REG/Information/11289
WI-lobbyist-11289-activity-2025-H2	11289	WI	activity_report	lobbyist	2025-07-01	2025-12-31	0.0	118.5	https://lobbying.wi.gov/Who/LobbyistInformation/2025REG/Information/11289
WI-lobbyist-11289-activity-2026-H1	11289	WI	activity_report	lobbyist	2026-01-01	2026-06-30	0.0	0.0	https://lobbying.wi.gov/Who/LobbyistInformation/2025REG/Information/11289
WI-lobbyist-11289-activity-2026-H2	11289	WI	activity_report	lobbyist	2026-07-01	2026-12-31	0.0	0.0	https://lobbying.wi.gov/Who/LobbyistInformation/2025REG/Information/11289
WI-lobbyist-11290-activity-2025-H1	11290	WI	activity_report	lobbyist	2025-01-01	2025-06-30	481.0	587.5	https://lobbying.wi.gov/Who/LobbyistInformation/2025REG/Information/11290
WI-lobbyist-11290-activity-2025-H2	11290	WI	activity_report	lobbyist	2025-07-01	2025-12-31	197.25	385.0	https://lobbying.wi.gov/Who/LobbyistInformation/2025REG/Information/11290
WI-lobbyist-11290-activity-2026-H1	11290	WI	activity_report	lobbyist	2026-01-01	2026-06-30	0.0	0.0	https://lobbying.wi.gov/Who/LobbyistInformation/2025REG/Information/11290
WI-lobbyist-11290-activity-2026-H2	11290	WI	activity_report	lobbyist	2026-07-01	2026-12-31	0.0	0.0	https://lobbying.wi.gov/Who/LobbyistInformation/2025REG/Information/11290
WI-lobbyist-11291-activity-2025-H1	11291	WI	activity_report	lobbyist	2025-01-01	2025-06-30	8.0	8.0	https://lobbying.wi.gov/Who/LobbyistInformation/2025REG/Information/11291
WI-lobbyist-11291-activity-2025-H2	11291	WI	activity_report	lobbyist	2025-07-01	2025-12-31	8.0	2.0	https://lobbying.wi.gov/Who/LobbyistInformation/2025REG/Information/11291
WI-lobbyist-11291-activity-2026-H1	11291	WI	activity_report	lobbyist	2026-01-01	2026-06-30	0.0	0.0	https://lobbying.wi.gov/Who/LobbyistInformation/2025REG/Information/11291
WI-lobbyist-11291-activity-2026-H2	11291	WI	activity_report	lobbyist	2026-07-01	2026-12-31	0.0	0.0	https://lobbying.wi.gov/Who/LobbyistInformation/2025REG/Information/11291
WI-lobbyist-11292-activity-2025-H1	11292	WI	activity_report	lobbyist	2025-01-01	2025-06-30	29.5	263.15	https://lobbying.wi.gov/Who/LobbyistInformation/2025REG/Information/11292
WI-lobbyist-11292-activity-2025-H2	11292	WI	activity_report	lobbyist	2025-07-01	2025-12-31	56.55	327.5	https://lobbying.wi.gov/Who/LobbyistInformation/2025REG/Information/11292
WI-lobbyist-11292-activity-2026-H1	11292	WI	activity_report	lobbyist	2026-01-01	2026-06-30	4.0	26.25	https://lobbying.wi.gov/Who/LobbyistInformation/2025REG/Information/11292
WI-lobbyist-11292-activity-2026-H2	11292	WI	activity_report	lobbyist	2026-07-01	2026-12-31	0.0	0.0	https://lobbying.wi.gov/Who/LobbyistInformation/2025REG/Information/11292
WI-lobbyist-11293-activity-2025-H1	11293	WI	activity_report	lobbyist	2025-01-01	2025-06-30	104.0	928.0	https://lobbying.wi.gov/Who/LobbyistInformation/2025REG/Information/11293
WI-lobbyist-11293-activity-2025-H2	11293	WI	activity_report	lobbyist	2025-07-01	2025-12-31	72.0	808.0	https://lobbying.wi.gov/Who/LobbyistInformation/2025REG/Information/11293
WI-lobbyist-11293-activity-2026-H1	11293	WI	activity_report	lobbyist	2026-01-01	2026-06-30	0.0	0.0	https://lobbying.wi.gov/Who/LobbyistInformation/2025REG/Information/11293
WI-lobbyist-11293-activity-2026-H2	11293	WI	activity_report	lobbyist	2026-07-01	2026-12-31	0.0	0.0	https://lobbying.wi.gov/Who/LobbyistInformation/2025REG/Information/11293
WI-lobbyist-11294-activity-2025-H1	11294	WI	activity_report	lobbyist	2025-01-01	2025-06-30	0.0	11.5	https://lobbying.wi.gov/Who/LobbyistInformation/2025REG/Information/11294
WI-lobbyist-11294-activity-2025-H2	11294	WI	activity_report	lobbyist	2025-07-01	2025-12-31	0.0	7.0	https://lobbying.wi.gov/Who/LobbyistInformation/2025REG/Information/11294
WI-lobbyist-11294-activity-2026-H1	11294	WI	activity_report	lobbyist	2026-01-01	2026-06-30	0.0	0.0	https://lobbying.wi.gov/Who/LobbyistInformation/2025REG/Information/11294
WI-lobbyist-11294-activity-2026-H2	11294	WI	activity_report	lobbyist	2026-07-01	2026-12-31	0.0	0.0	https://lobbying.wi.gov/Who/LobbyistInformation/2025REG/Information/11294
WI-lobbyist-11295-activity-2025-H1	11295	WI	activity_report	lobbyist	2025-01-01	2025-06-30	3.0	0.0	https://lobbying.wi.gov/Who/LobbyistInformation/2025REG/Information/11295
WI-lobbyist-11295-activity-2025-H2	11295	WI	activity_report	lobbyist	2025-07-01	2025-12-31	1.0	0.0	https://lobbying.wi.gov/Who/LobbyistInformation/2025REG/Information/11295
WI-lobbyist-11295-activity-2026-H1	11295	WI	activity_report	lobbyist	2026-01-01	2026-06-30	0.0	0.0	https://lobbying.wi.gov/Who/LobbyistInformation/2025REG/Information/11295
WI-lobbyist-11295-activity-2026-H2	11295	WI	activity_report	lobbyist	2026-07-01	2026-12-31	0.0	0.0	https://lobbying.wi.gov/Who/LobbyistInformation/2025REG/Information/11295
WI-lobbyist-11296-activity-2025-H1	11296	WI	activity_report	lobbyist	2025-01-01	2025-06-30	93.5	184.0	https://lobbying.wi.gov/Who/LobbyistInformation/2025REG/Information/11296
WI-lobbyist-11296-activity-2025-H2	11296	WI	activity_report	lobbyist	2025-07-01	2025-12-31	53.5	171.5	https://lobbying.wi.gov/Who/LobbyistInformation/2025REG/Information/11296
WI-lobbyist-11296-activity-2026-H1	11296	WI	activity_report	lobbyist	2026-01-01	2026-06-30	0.0	0.0	https://lobbying.wi.gov/Who/LobbyistInformation/2025REG/Information/11296
WI-lobbyist-11296-activity-2026-H2	11296	WI	activity_report	lobbyist	2026-07-01	2026-12-31	0.0	0.0	https://lobbying.wi.gov/Who/LobbyistInformation/2025REG/Information/11296
WI-lobbyist-11297-activity-2025-H1	11297	WI	activity_report	lobbyist	2025-01-01	2025-06-30	1.0	0.0	https://lobbying.wi.gov/Who/LobbyistInformation/2025REG/Information/11297
WI-lobbyist-11297-activity-2025-H2	11297	WI	activity_report	lobbyist	2025-07-01	2025-12-31	0.0	0.0	https://lobbying.wi.gov/Who/LobbyistInformation/2025REG/Information/11297
WI-lobbyist-11297-activity-2026-H1	11297	WI	activity_report	lobbyist	2026-01-01	2026-06-30	0.0	0.0	https://lobbying.wi.gov/Who/LobbyistInformation/2025REG/Information/11297
WI-lobbyist-11297-activity-2026-H2	11297	WI	activity_report	lobbyist	2026-07-01	2026-12-31	0.0	0.0	https://lobbying.wi.gov/Who/LobbyistInformation/2025REG/Information/11297
WI-lobbyist-11298-activity-2025-H1	11298	WI	activity_report	lobbyist	2025-01-01	2025-06-30	0.0	0.0	https://lobbying.wi.gov/Who/LobbyistInformation/2025REG/Information/11298
WI-lobbyist-11298-activity-2025-H2	11298	WI	activity_report	lobbyist	2025-07-01	2025-12-31	0.0	0.0	https://lobbying.wi.gov/Who/LobbyistInformation/2025REG/Information/11298
WI-lobbyist-11298-activity-2026-H1	11298	WI	activity_report	lobbyist	2026-01-01	2026-06-30	0.0	0.0	https://lobbying.wi.gov/Who/LobbyistInformation/2025REG/Information/11298
WI-lobbyist-11298-activity-2026-H2	11298	WI	activity_report	lobbyist	2026-07-01	2026-12-31	0.0	0.0	https://lobbying.wi.gov/Who/LobbyistInformation/2025REG/Information/11298
WI-lobbyist-11299-activity-2025-H1	11299	WI	activity_report	lobbyist	2025-01-01	2025-06-30	86.0	58.0	https://lobbying.wi.gov/Who/LobbyistInformation/2025REG/Information/11299
WI-lobbyist-11299-activity-2025-H2	11299	WI	activity_report	lobbyist	2025-07-01	2025-12-31	64.0	51.5	https://lobbying.wi.gov/Who/LobbyistInformation/2025REG/Information/11299
WI-lobbyist-11299-activity-2026-H1	11299	WI	activity_report	lobbyist	2026-01-01	2026-06-30	0.0	0.0	https://lobbying.wi.gov/Who/LobbyistInformation/2025REG/Information/11299
WI-lobbyist-11299-activity-2026-H2	11299	WI	activity_report	lobbyist	2026-07-01	2026-12-31	0.0	0.0	https://lobbying.wi.gov/Who/LobbyistInformation/2025REG/Information/11299
WI-lobbyist-11300-activity-2025-H1	11300	WI	activity_report	lobbyist	2025-01-01	2025-06-30	9.0	95.0	https://lobbying.wi.gov/Who/LobbyistInformation/2025REG/Information/11300
WI-lobbyist-11300-activity-2025-H2	11300	WI	activity_report	lobbyist	2025-07-01	2025-12-31	1.0	75.0	https://lobbying.wi.gov/Who/LobbyistInformation/2025REG/Information/11300
WI-lobbyist-11300-activity-2026-H1	11300	WI	activity_report	lobbyist	2026-01-01	2026-06-30	0.0	0.0	https://lobbying.wi.gov/Who/LobbyistInformation/2025REG/Information/11300
WI-lobbyist-11300-activity-2026-H2	11300	WI	activity_report	lobbyist	2026-07-01	2026-12-31	0.0	0.0	https://lobbying.wi.gov/Who/LobbyistInformation/2025REG/Information/11300
WI-lobbyist-11301-activity-2025-H1	11301	WI	activity_report	lobbyist	2025-01-01	2025-06-30	16.0	0.0	https://lobbying.wi.gov/Who/LobbyistInformation/2025REG/Information/11301
WI-lobbyist-11301-activity-2025-H2	11301	WI	activity_report	lobbyist	2025-07-01	2025-12-31	4.0	0.0	https://lobbying.wi.gov/Who/LobbyistInformation/2025REG/Information/11301
WI-lobbyist-11301-activity-2026-H1	11301	WI	activity_report	lobbyist	2026-01-01	2026-06-30	0.0	0.0	https://lobbying.wi.gov/Who/LobbyistInformation/2025REG/Information/11301
WI-lobbyist-11301-activity-2026-H2	11301	WI	activity_report	lobbyist	2026-07-01	2026-12-31	0.0	0.0	https://lobbying.wi.gov/Who/LobbyistInformation/2025REG/Information/11301
WI-lobbyist-11302-activity-2025-H1	11302	WI	activity_report	lobbyist	2025-01-01	2025-06-30	25.5	19.0	https://lobbying.wi.gov/Who/LobbyistInformation/2025REG/Information/11302
WI-lobbyist-11302-activity-2025-H2	11302	WI	activity_report	lobbyist	2025-07-01	2025-12-31	12.5	24.5	https://lobbying.wi.gov/Who/LobbyistInformation/2025REG/Information/11302
WI-lobbyist-11302-activity-2026-H1	11302	WI	activity_report	lobbyist	2026-01-01	2026-06-30	0.0	0.0	https://lobbying.wi.gov/Who/LobbyistInformation/2025REG/Information/11302
WI-lobbyist-11302-activity-2026-H2	11302	WI	activity_report	lobbyist	2026-07-01	2026-12-31	0.0	0.0	https://lobbying.wi.gov/Who/LobbyistInformation/2025REG/Information/11302
WI-lobbyist-11303-activity-2025-H1	11303	WI	activity_report	lobbyist	2025-01-01	2025-06-30	0.0	0.0	https://lobbying.wi.gov/Who/LobbyistInformation/2025REG/Information/11303
WI-lobbyist-11303-activity-2025-H2	11303	WI	activity_report	lobbyist	2025-07-01	2025-12-31	0.0	0.0	https://lobbying.wi.gov/Who/LobbyistInformation/2025REG/Information/11303
WI-lobbyist-11303-activity-2026-H1	11303	WI	activity_report	lobbyist	2026-01-01	2026-06-30	0.0	0.0	https://lobbying.wi.gov/Who/LobbyistInformation/2025REG/Information/11303
WI-lobbyist-11303-activity-2026-H2	11303	WI	activity_report	lobbyist	2026-07-01	2026-12-31	0.0	0.0	https://lobbying.wi.gov/Who/LobbyistInformation/2025REG/Information/11303
WI-lobbyist-11304-activity-2025-H1	11304	WI	activity_report	lobbyist	2025-01-01	2025-06-30	0.0	0.0	https://lobbying.wi.gov/Who/LobbyistInformation/2025REG/Information/11304
WI-lobbyist-11304-activity-2025-H2	11304	WI	activity_report	lobbyist	2025-07-01	2025-12-31	0.0	0.0	https://lobbying.wi.gov/Who/LobbyistInformation/2025REG/Information/11304
WI-lobbyist-11304-activity-2026-H1	11304	WI	activity_report	lobbyist	2026-01-01	2026-06-30	0.0	0.0	https://lobbying.wi.gov/Who/LobbyistInformation/2025REG/Information/11304
WI-lobbyist-11304-activity-2026-H2	11304	WI	activity_report	lobbyist	2026-07-01	2026-12-31	0.0	0.0	https://lobbying.wi.gov/Who/LobbyistInformation/2025REG/Information/11304
WI-lobbyist-11306-activity-2025-H1	11306	WI	activity_report	lobbyist	2025-01-01	2025-06-30	34.0	157.0	https://lobbying.wi.gov/Who/LobbyistInformation/2025REG/Information/11306
WI-lobbyist-11306-activity-2025-H2	11306	WI	activity_report	lobbyist	2025-07-01	2025-12-31	22.0	189.0	https://lobbying.wi.gov/Who/LobbyistInformation/2025REG/Information/11306
WI-lobbyist-11306-activity-2026-H1	11306	WI	activity_report	lobbyist	2026-01-01	2026-06-30	18.0	152.0	https://lobbying.wi.gov/Who/LobbyistInformation/2025REG/Information/11306
WI-lobbyist-11306-activity-2026-H2	11306	WI	activity_report	lobbyist	2026-07-01	2026-12-31	0.0	0.0	https://lobbying.wi.gov/Who/LobbyistInformation/2025REG/Information/11306
WI-lobbyist-11307-activity-2025-H1	11307	WI	activity_report	lobbyist	2025-01-01	2025-06-30	1.3	0.15	https://lobbying.wi.gov/Who/LobbyistInformation/2025REG/Information/11307
WI-lobbyist-11307-activity-2025-H2	11307	WI	activity_report	lobbyist	2025-07-01	2025-12-31	0.9	35.75	https://lobbying.wi.gov/Who/LobbyistInformation/2025REG/Information/11307
WI-lobbyist-11307-activity-2026-H1	11307	WI	activity_report	lobbyist	2026-01-01	2026-06-30	0.0	0.0	https://lobbying.wi.gov/Who/LobbyistInformation/2025REG/Information/11307
WI-lobbyist-11307-activity-2026-H2	11307	WI	activity_report	lobbyist	2026-07-01	2026-12-31	0.0	0.0	https://lobbying.wi.gov/Who/LobbyistInformation/2025REG/Information/11307
WI-lobbyist-11308-activity-2025-H1	11308	WI	activity_report	lobbyist	2025-01-01	2025-06-30	155.5	258.0	https://lobbying.wi.gov/Who/LobbyistInformation/2025REG/Information/11308
WI-lobbyist-11308-activity-2025-H2	11308	WI	activity_report	lobbyist	2025-07-01	2025-12-31	140.0	201.0	https://lobbying.wi.gov/Who/LobbyistInformation/2025REG/Information/11308
WI-lobbyist-11308-activity-2026-H1	11308	WI	activity_report	lobbyist	2026-01-01	2026-06-30	0.0	0.0	https://lobbying.wi.gov/Who/LobbyistInformation/2025REG/Information/11308
WI-lobbyist-11308-activity-2026-H2	11308	WI	activity_report	lobbyist	2026-07-01	2026-12-31	0.0	0.0	https://lobbying.wi.gov/Who/LobbyistInformation/2025REG/Information/11308
WI-lobbyist-11309-activity-2025-H1	11309	WI	activity_report	lobbyist	2025-01-01	2025-06-30	59.5	184.25	https://lobbying.wi.gov/Who/LobbyistInformation/2025REG/Information/11309
WI-lobbyist-11309-activity-2025-H2	11309	WI	activity_report	lobbyist	2025-07-01	2025-12-31	17.75	158.25	https://lobbying.wi.gov/Who/LobbyistInformation/2025REG/Information/11309
WI-lobbyist-11309-activity-2026-H1	11309	WI	activity_report	lobbyist	2026-01-01	2026-06-30	11.0	78.75	https://lobbying.wi.gov/Who/LobbyistInformation/2025REG/Information/11309
WI-lobbyist-11309-activity-2026-H2	11309	WI	activity_report	lobbyist	2026-07-01	2026-12-31	0.0	0.0	https://lobbying.wi.gov/Who/LobbyistInformation/2025REG/Information/11309
WI-lobbyist-11310-activity-2025-H1	11310	WI	activity_report	lobbyist	2025-01-01	2025-06-30	2.5	1.0	https://lobbying.wi.gov/Who/LobbyistInformation/2025REG/Information/11310
WI-lobbyist-11310-activity-2025-H2	11310	WI	activity_report	lobbyist	2025-07-01	2025-12-31	2.4	0.0	https://lobbying.wi.gov/Who/LobbyistInformation/2025REG/Information/11310
WI-lobbyist-11310-activity-2026-H1	11310	WI	activity_report	lobbyist	2026-01-01	2026-06-30	0.0	0.0	https://lobbying.wi.gov/Who/LobbyistInformation/2025REG/Information/11310
WI-lobbyist-11310-activity-2026-H2	11310	WI	activity_report	lobbyist	2026-07-01	2026-12-31	0.0	0.0	https://lobbying.wi.gov/Who/LobbyistInformation/2025REG/Information/11310
WI-lobbyist-11311-activity-2025-H1	11311	WI	activity_report	lobbyist	2025-01-01	2025-06-30	91.5	476.0	https://lobbying.wi.gov/Who/LobbyistInformation/2025REG/Information/11311
WI-lobbyist-11311-activity-2025-H2	11311	WI	activity_report	lobbyist	2025-07-01	2025-12-31	1.25	68.55	https://lobbying.wi.gov/Who/LobbyistInformation/2025REG/Information/11311
WI-lobbyist-11311-activity-2026-H1	11311	WI	activity_report	lobbyist	2026-01-01	2026-06-30	0.0	0.0	https://lobbying.wi.gov/Who/LobbyistInformation/2025REG/Information/11311
WI-lobbyist-11311-activity-2026-H2	11311	WI	activity_report	lobbyist	2026-07-01	2026-12-31	0.0	0.0	https://lobbying.wi.gov/Who/LobbyistInformation/2025REG/Information/11311
WI-lobbyist-11313-activity-2025-H1	11313	WI	activity_report	lobbyist	2025-01-01	2025-06-30	15.0	0.0	https://lobbying.wi.gov/Who/LobbyistInformation/2025REG/Information/11313
WI-lobbyist-11313-activity-2025-H2	11313	WI	activity_report	lobbyist	2025-07-01	2025-12-31	0.0	0.0	https://lobbying.wi.gov/Who/LobbyistInformation/2025REG/Information/11313
WI-lobbyist-11313-activity-2026-H1	11313	WI	activity_report	lobbyist	2026-01-01	2026-06-30	0.0	0.0	https://lobbying.wi.gov/Who/LobbyistInformation/2025REG/Information/11313
WI-lobbyist-11313-activity-2026-H2	11313	WI	activity_report	lobbyist	2026-07-01	2026-12-31	0.0	0.0	https://lobbying.wi.gov/Who/LobbyistInformation/2025REG/Information/11313
WI-lobbyist-11314-activity-2025-H1	11314	WI	activity_report	lobbyist	2025-01-01	2025-06-30	291.0	524.5	https://lobbying.wi.gov/Who/LobbyistInformation/2025REG/Information/11314
WI-lobbyist-11314-activity-2025-H2	11314	WI	activity_report	lobbyist	2025-07-01	2025-12-31	249.85	439.0	https://lobbying.wi.gov/Who/LobbyistInformation/2025REG/Information/11314
WI-lobbyist-11314-activity-2026-H1	11314	WI	activity_report	lobbyist	2026-01-01	2026-06-30	0.0	1.0	https://lobbying.wi.gov/Who/LobbyistInformation/2025REG/Information/11314
WI-lobbyist-11314-activity-2026-H2	11314	WI	activity_report	lobbyist	2026-07-01	2026-12-31	0.0	0.0	https://lobbying.wi.gov/Who/LobbyistInformation/2025REG/Information/11314
WI-lobbyist-11315-activity-2025-H1	11315	WI	activity_report	lobbyist	2025-01-01	2025-06-30	3.0	242.45	https://lobbying.wi.gov/Who/LobbyistInformation/2025REG/Information/11315
WI-lobbyist-11315-activity-2025-H2	11315	WI	activity_report	lobbyist	2025-07-01	2025-12-31	11.0	189.5	https://lobbying.wi.gov/Who/LobbyistInformation/2025REG/Information/11315
WI-lobbyist-11315-activity-2026-H1	11315	WI	activity_report	lobbyist	2026-01-01	2026-06-30	0.0	0.0	https://lobbying.wi.gov/Who/LobbyistInformation/2025REG/Information/11315
WI-lobbyist-11315-activity-2026-H2	11315	WI	activity_report	lobbyist	2026-07-01	2026-12-31	0.0	0.0	https://lobbying.wi.gov/Who/LobbyistInformation/2025REG/Information/11315
WI-lobbyist-11316-activity-2025-H1	11316	WI	activity_report	lobbyist	2025-01-01	2025-06-30	0.0	0.0	https://lobbying.wi.gov/Who/LobbyistInformation/2025REG/Information/11316
WI-lobbyist-11316-activity-2025-H2	11316	WI	activity_report	lobbyist	2025-07-01	2025-12-31	0.0	0.0	https://lobbying.wi.gov/Who/LobbyistInformation/2025REG/Information/11316
WI-lobbyist-11316-activity-2026-H1	11316	WI	activity_report	lobbyist	2026-01-01	2026-06-30	0.0	0.0	https://lobbying.wi.gov/Who/LobbyistInformation/2025REG/Information/11316
WI-lobbyist-11316-activity-2026-H2	11316	WI	activity_report	lobbyist	2026-07-01	2026-12-31	0.0	0.0	https://lobbying.wi.gov/Who/LobbyistInformation/2025REG/Information/11316
WI-lobbyist-11317-activity-2025-H1	11317	WI	activity_report	lobbyist	2025-01-01	2025-06-30	6.6	23.5	https://lobbying.wi.gov/Who/LobbyistInformation/2025REG/Information/11317
WI-lobbyist-11317-activity-2025-H2	11317	WI	activity_report	lobbyist	2025-07-01	2025-12-31	11.6	20.0	https://lobbying.wi.gov/Who/LobbyistInformation/2025REG/Information/11317
WI-lobbyist-11317-activity-2026-H1	11317	WI	activity_report	lobbyist	2026-01-01	2026-06-30	0.0	0.0	https://lobbying.wi.gov/Who/LobbyistInformation/2025REG/Information/11317
WI-lobbyist-11317-activity-2026-H2	11317	WI	activity_report	lobbyist	2026-07-01	2026-12-31	0.0	0.0	https://lobbying.wi.gov/Who/LobbyistInformation/2025REG/Information/11317
WI-lobbyist-11319-activity-2025-H1	11319	WI	activity_report	lobbyist	2025-01-01	2025-06-30	196.25	445.5	https://lobbying.wi.gov/Who/LobbyistInformation/2025REG/Information/11319
WI-lobbyist-11319-activity-2025-H2	11319	WI	activity_report	lobbyist	2025-07-01	2025-12-31	82.75	196.75	https://lobbying.wi.gov/Who/LobbyistInformation/2025REG/Information/11319
WI-lobbyist-11319-activity-2026-H1	11319	WI	activity_report	lobbyist	2026-01-01	2026-06-30	0.0	0.0	https://lobbying.wi.gov/Who/LobbyistInformation/2025REG/Information/11319
WI-lobbyist-11319-activity-2026-H2	11319	WI	activity_report	lobbyist	2026-07-01	2026-12-31	0.0	0.0	https://lobbying.wi.gov/Who/LobbyistInformation/2025REG/Information/11319
WI-lobbyist-11320-activity-2025-H1	11320	WI	activity_report	lobbyist	2025-01-01	2025-06-30	1.1	5.5	https://lobbying.wi.gov/Who/LobbyistInformation/2025REG/Information/11320
WI-lobbyist-11320-activity-2025-H2	11320	WI	activity_report	lobbyist	2025-07-01	2025-12-31	9.0	37.6	https://lobbying.wi.gov/Who/LobbyistInformation/2025REG/Information/11320
WI-lobbyist-11320-activity-2026-H1	11320	WI	activity_report	lobbyist	2026-01-01	2026-06-30	0.0	0.0	https://lobbying.wi.gov/Who/LobbyistInformation/2025REG/Information/11320
WI-lobbyist-11320-activity-2026-H2	11320	WI	activity_report	lobbyist	2026-07-01	2026-12-31	0.0	0.0	https://lobbying.wi.gov/Who/LobbyistInformation/2025REG/Information/11320
WI-lobbyist-11321-activity-2025-H1	11321	WI	activity_report	lobbyist	2025-01-01	2025-06-30	0.0	102.25	https://lobbying.wi.gov/Who/LobbyistInformation/2025REG/Information/11321
WI-lobbyist-11321-activity-2025-H2	11321	WI	activity_report	lobbyist	2025-07-01	2025-12-31	0.0	112.75	https://lobbying.wi.gov/Who/LobbyistInformation/2025REG/Information/11321
WI-lobbyist-11321-activity-2026-H1	11321	WI	activity_report	lobbyist	2026-01-01	2026-06-30	0.0	0.0	https://lobbying.wi.gov/Who/LobbyistInformation/2025REG/Information/11321
WI-lobbyist-11321-activity-2026-H2	11321	WI	activity_report	lobbyist	2026-07-01	2026-12-31	0.0	0.0	https://lobbying.wi.gov/Who/LobbyistInformation/2025REG/Information/11321
WI-lobbyist-11323-activity-2025-H1	11323	WI	activity_report	lobbyist	2025-01-01	2025-06-30	18.5	551.5	https://lobbying.wi.gov/Who/LobbyistInformation/2025REG/Information/11323
WI-lobbyist-11323-activity-2025-H2	11323	WI	activity_report	lobbyist	2025-07-01	2025-12-31	0.0	0.0	https://lobbying.wi.gov/Who/LobbyistInformation/2025REG/Information/11323
WI-lobbyist-11323-activity-2026-H1	11323	WI	activity_report	lobbyist	2026-01-01	2026-06-30	0.0	0.0	https://lobbying.wi.gov/Who/LobbyistInformation/2025REG/Information/11323
WI-lobbyist-11323-activity-2026-H2	11323	WI	activity_report	lobbyist	2026-07-01	2026-12-31	0.0	0.0	https://lobbying.wi.gov/Who/LobbyistInformation/2025REG/Information/11323
WI-lobbyist-11324-activity-2025-H1	11324	WI	activity_report	lobbyist	2025-01-01	2025-06-30	7.25	1.0	https://lobbying.wi.gov/Who/LobbyistInformation/2025REG/Information/11324
WI-lobbyist-11324-activity-2025-H2	11324	WI	activity_report	lobbyist	2025-07-01	2025-12-31	0.0	0.0	https://lobbying.wi.gov/Who/LobbyistInformation/2025REG/Information/11324
WI-lobbyist-11324-activity-2026-H1	11324	WI	activity_report	lobbyist	2026-01-01	2026-06-30	0.0	0.0	https://lobbying.wi.gov/Who/LobbyistInformation/2025REG/Information/11324
WI-lobbyist-11324-activity-2026-H2	11324	WI	activity_report	lobbyist	2026-07-01	2026-12-31	0.0	0.0	https://lobbying.wi.gov/Who/LobbyistInformation/2025REG/Information/11324
WI-lobbyist-11326-activity-2025-H1	11326	WI	activity_report	lobbyist	2025-01-01	2025-06-30	2.0	0.0	https://lobbying.wi.gov/Who/LobbyistInformation/2025REG/Information/11326
WI-lobbyist-11326-activity-2025-H2	11326	WI	activity_report	lobbyist	2025-07-01	2025-12-31	2.5	0.0	https://lobbying.wi.gov/Who/LobbyistInformation/2025REG/Information/11326
WI-lobbyist-11326-activity-2026-H1	11326	WI	activity_report	lobbyist	2026-01-01	2026-06-30	0.0	0.0	https://lobbying.wi.gov/Who/LobbyistInformation/2025REG/Information/11326
WI-lobbyist-11326-activity-2026-H2	11326	WI	activity_report	lobbyist	2026-07-01	2026-12-31	0.0	0.0	https://lobbying.wi.gov/Who/LobbyistInformation/2025REG/Information/11326
WI-lobbyist-11327-activity-2025-H1	11327	WI	activity_report	lobbyist	2025-01-01	2025-06-30	43.0	23.0	https://lobbying.wi.gov/Who/LobbyistInformation/2025REG/Information/11327
WI-lobbyist-11327-activity-2025-H2	11327	WI	activity_report	lobbyist	2025-07-01	2025-12-31	55.0	35.0	https://lobbying.wi.gov/Who/LobbyistInformation/2025REG/Information/11327
WI-lobbyist-11327-activity-2026-H1	11327	WI	activity_report	lobbyist	2026-01-01	2026-06-30	81.0	49.0	https://lobbying.wi.gov/Who/LobbyistInformation/2025REG/Information/11327
WI-lobbyist-11327-activity-2026-H2	11327	WI	activity_report	lobbyist	2026-07-01	2026-12-31	0.0	0.0	https://lobbying.wi.gov/Who/LobbyistInformation/2025REG/Information/11327
WI-lobbyist-11328-activity-2025-H1	11328	WI	activity_report	lobbyist	2025-01-01	2025-06-30	30.5	41.5	https://lobbying.wi.gov/Who/LobbyistInformation/2025REG/Information/11328
WI-lobbyist-11328-activity-2025-H2	11328	WI	activity_report	lobbyist	2025-07-01	2025-12-31	19.5	22.0	https://lobbying.wi.gov/Who/LobbyistInformation/2025REG/Information/11328
WI-lobbyist-11328-activity-2026-H1	11328	WI	activity_report	lobbyist	2026-01-01	2026-06-30	0.0	0.0	https://lobbying.wi.gov/Who/LobbyistInformation/2025REG/Information/11328
WI-lobbyist-11328-activity-2026-H2	11328	WI	activity_report	lobbyist	2026-07-01	2026-12-31	0.0	0.0	https://lobbying.wi.gov/Who/LobbyistInformation/2025REG/Information/11328
WI-lobbyist-11329-activity-2025-H1	11329	WI	activity_report	lobbyist	2025-01-01	2025-06-30	0.0	0.75	https://lobbying.wi.gov/Who/LobbyistInformation/2025REG/Information/11329
WI-lobbyist-11329-activity-2025-H2	11329	WI	activity_report	lobbyist	2025-07-01	2025-12-31	0.0	0.0	https://lobbying.wi.gov/Who/LobbyistInformation/2025REG/Information/11329
WI-lobbyist-11329-activity-2026-H1	11329	WI	activity_report	lobbyist	2026-01-01	2026-06-30	0.0	0.0	https://lobbying.wi.gov/Who/LobbyistInformation/2025REG/Information/11329
WI-lobbyist-11329-activity-2026-H2	11329	WI	activity_report	lobbyist	2026-07-01	2026-12-31	0.0	0.0	https://lobbying.wi.gov/Who/LobbyistInformation/2025REG/Information/11329
WI-lobbyist-11330-activity-2025-H1	11330	WI	activity_report	lobbyist	2025-01-01	2025-06-30	0.5	0.0	https://lobbying.wi.gov/Who/LobbyistInformation/2025REG/Information/11330
WI-lobbyist-11330-activity-2025-H2	11330	WI	activity_report	lobbyist	2025-07-01	2025-12-31	1.0	0.0	https://lobbying.wi.gov/Who/LobbyistInformation/2025REG/Information/11330
WI-lobbyist-11330-activity-2026-H1	11330	WI	activity_report	lobbyist	2026-01-01	2026-06-30	0.0	0.0	https://lobbying.wi.gov/Who/LobbyistInformation/2025REG/Information/11330
WI-lobbyist-11330-activity-2026-H2	11330	WI	activity_report	lobbyist	2026-07-01	2026-12-31	0.0	0.0	https://lobbying.wi.gov/Who/LobbyistInformation/2025REG/Information/11330
WI-lobbyist-11331-activity-2025-H1	11331	WI	activity_report	lobbyist	2025-01-01	2025-06-30	0.0	38.5	https://lobbying.wi.gov/Who/LobbyistInformation/2025REG/Information/11331
WI-lobbyist-11331-activity-2025-H2	11331	WI	activity_report	lobbyist	2025-07-01	2025-12-31	0.0	0.0	https://lobbying.wi.gov/Who/LobbyistInformation/2025REG/Information/11331
WI-lobbyist-11331-activity-2026-H1	11331	WI	activity_report	lobbyist	2026-01-01	2026-06-30	0.0	0.0	https://lobbying.wi.gov/Who/LobbyistInformation/2025REG/Information/11331
WI-lobbyist-11331-activity-2026-H2	11331	WI	activity_report	lobbyist	2026-07-01	2026-12-31	0.0	0.0	https://lobbying.wi.gov/Who/LobbyistInformation/2025REG/Information/11331
WI-lobbyist-11332-activity-2025-H1	11332	WI	activity_report	lobbyist	2025-01-01	2025-06-30	5.0	4.75	https://lobbying.wi.gov/Who/LobbyistInformation/2025REG/Information/11332
WI-lobbyist-11332-activity-2025-H2	11332	WI	activity_report	lobbyist	2025-07-01	2025-12-31	0.0	0.0	https://lobbying.wi.gov/Who/LobbyistInformation/2025REG/Information/11332
WI-lobbyist-11332-activity-2026-H1	11332	WI	activity_report	lobbyist	2026-01-01	2026-06-30	0.0	0.0	https://lobbying.wi.gov/Who/LobbyistInformation/2025REG/Information/11332
WI-lobbyist-11332-activity-2026-H2	11332	WI	activity_report	lobbyist	2026-07-01	2026-12-31	0.0	0.0	https://lobbying.wi.gov/Who/LobbyistInformation/2025REG/Information/11332
WI-lobbyist-11334-activity-2025-H1	11334	WI	activity_report	lobbyist	2025-01-01	2025-06-30	330.2	400.4	https://lobbying.wi.gov/Who/LobbyistInformation/2025REG/Information/11334
WI-lobbyist-11334-activity-2025-H2	11334	WI	activity_report	lobbyist	2025-07-01	2025-12-31	212.0	309.9	https://lobbying.wi.gov/Who/LobbyistInformation/2025REG/Information/11334
WI-lobbyist-11334-activity-2026-H1	11334	WI	activity_report	lobbyist	2026-01-01	2026-06-30	142.3	251.9	https://lobbying.wi.gov/Who/LobbyistInformation/2025REG/Information/11334
WI-lobbyist-11334-activity-2026-H2	11334	WI	activity_report	lobbyist	2026-07-01	2026-12-31	0.0	0.0	https://lobbying.wi.gov/Who/LobbyistInformation/2025REG/Information/11334
WI-lobbyist-11335-activity-2025-H1	11335	WI	activity_report	lobbyist	2025-01-01	2025-06-30	5.0	0.0	https://lobbying.wi.gov/Who/LobbyistInformation/2025REG/Information/11335
WI-lobbyist-11335-activity-2025-H2	11335	WI	activity_report	lobbyist	2025-07-01	2025-12-31	1.75	0.0	https://lobbying.wi.gov/Who/LobbyistInformation/2025REG/Information/11335
WI-lobbyist-11335-activity-2026-H1	11335	WI	activity_report	lobbyist	2026-01-01	2026-06-30	0.0	0.0	https://lobbying.wi.gov/Who/LobbyistInformation/2025REG/Information/11335
WI-lobbyist-11335-activity-2026-H2	11335	WI	activity_report	lobbyist	2026-07-01	2026-12-31	0.0	0.0	https://lobbying.wi.gov/Who/LobbyistInformation/2025REG/Information/11335
WI-lobbyist-11336-activity-2025-H1	11336	WI	activity_report	lobbyist	2025-01-01	2025-06-30	23.0	21.5	https://lobbying.wi.gov/Who/LobbyistInformation/2025REG/Information/11336
WI-lobbyist-11336-activity-2025-H2	11336	WI	activity_report	lobbyist	2025-07-01	2025-12-31	18.5	40.0	https://lobbying.wi.gov/Who/LobbyistInformation/2025REG/Information/11336
WI-lobbyist-11336-activity-2026-H1	11336	WI	activity_report	lobbyist	2026-01-01	2026-06-30	0.0	0.0	https://lobbying.wi.gov/Who/LobbyistInformation/2025REG/Information/11336
WI-lobbyist-11336-activity-2026-H2	11336	WI	activity_report	lobbyist	2026-07-01	2026-12-31	0.0	0.0	https://lobbying.wi.gov/Who/LobbyistInformation/2025REG/Information/11336
WI-lobbyist-11337-activity-2025-H1	11337	WI	activity_report	lobbyist	2025-01-01	2025-06-30	50.5	26.0	https://lobbying.wi.gov/Who/LobbyistInformation/2025REG/Information/11337
WI-lobbyist-11337-activity-2025-H2	11337	WI	activity_report	lobbyist	2025-07-01	2025-12-31	3.0	15.0	https://lobbying.wi.gov/Who/LobbyistInformation/2025REG/Information/11337
WI-lobbyist-11337-activity-2026-H1	11337	WI	activity_report	lobbyist	2026-01-01	2026-06-30	0.0	0.0	https://lobbying.wi.gov/Who/LobbyistInformation/2025REG/Information/11337
WI-lobbyist-11337-activity-2026-H2	11337	WI	activity_report	lobbyist	2026-07-01	2026-12-31	0.0	0.0	https://lobbying.wi.gov/Who/LobbyistInformation/2025REG/Information/11337
WI-lobbyist-11338-activity-2025-H1	11338	WI	activity_report	lobbyist	2025-01-01	2025-06-30	9.5	6.0	https://lobbying.wi.gov/Who/LobbyistInformation/2025REG/Information/11338
WI-lobbyist-11338-activity-2025-H2	11338	WI	activity_report	lobbyist	2025-07-01	2025-12-31	2.0	0.0	https://lobbying.wi.gov/Who/LobbyistInformation/2025REG/Information/11338
WI-lobbyist-11338-activity-2026-H1	11338	WI	activity_report	lobbyist	2026-01-01	2026-06-30	0.0	0.0	https://lobbying.wi.gov/Who/LobbyistInformation/2025REG/Information/11338
WI-lobbyist-11338-activity-2026-H2	11338	WI	activity_report	lobbyist	2026-07-01	2026-12-31	0.0	0.0	https://lobbying.wi.gov/Who/LobbyistInformation/2025REG/Information/11338
WI-lobbyist-11340-activity-2025-H1	11340	WI	activity_report	lobbyist	2025-01-01	2025-06-30	4.5	8.5	https://lobbying.wi.gov/Who/LobbyistInformation/2025REG/Information/11340
WI-lobbyist-11340-activity-2025-H2	11340	WI	activity_report	lobbyist	2025-07-01	2025-12-31	1.0	0.0	https://lobbying.wi.gov/Who/LobbyistInformation/2025REG/Information/11340
WI-lobbyist-11340-activity-2026-H1	11340	WI	activity_report	lobbyist	2026-01-01	2026-06-30	0.0	0.0	https://lobbying.wi.gov/Who/LobbyistInformation/2025REG/Information/11340
WI-lobbyist-11340-activity-2026-H2	11340	WI	activity_report	lobbyist	2026-07-01	2026-12-31	0.0	0.0	https://lobbying.wi.gov/Who/LobbyistInformation/2025REG/Information/11340
WI-lobbyist-11341-activity-2025-H1	11341	WI	activity_report	lobbyist	2025-01-01	2025-06-30	4.5	35.0	https://lobbying.wi.gov/Who/LobbyistInformation/2025REG/Information/11341
WI-lobbyist-11341-activity-2025-H2	11341	WI	activity_report	lobbyist	2025-07-01	2025-12-31	7.0	52.75	https://lobbying.wi.gov/Who/LobbyistInformation/2025REG/Information/11341
WI-lobbyist-11341-activity-2026-H1	11341	WI	activity_report	lobbyist	2026-01-01	2026-06-30	0.0	0.0	https://lobbying.wi.gov/Who/LobbyistInformation/2025REG/Information/11341
WI-lobbyist-11341-activity-2026-H2	11341	WI	activity_report	lobbyist	2026-07-01	2026-12-31	0.0	0.0	https://lobbying.wi.gov/Who/LobbyistInformation/2025REG/Information/11341
WI-lobbyist-11343-activity-2025-H1	11343	WI	activity_report	lobbyist	2025-01-01	2025-06-30	2.0	2.5	https://lobbying.wi.gov/Who/LobbyistInformation/2025REG/Information/11343
WI-lobbyist-11343-activity-2025-H2	11343	WI	activity_report	lobbyist	2025-07-01	2025-12-31	7.5	1.0	https://lobbying.wi.gov/Who/LobbyistInformation/2025REG/Information/11343
WI-lobbyist-11343-activity-2026-H1	11343	WI	activity_report	lobbyist	2026-01-01	2026-06-30	0.0	0.0	https://lobbying.wi.gov/Who/LobbyistInformation/2025REG/Information/11343
WI-lobbyist-11343-activity-2026-H2	11343	WI	activity_report	lobbyist	2026-07-01	2026-12-31	0.0	0.0	https://lobbying.wi.gov/Who/LobbyistInformation/2025REG/Information/11343
WI-lobbyist-11344-activity-2025-H1	11344	WI	activity_report	lobbyist	2025-01-01	2025-06-30	11.0	55.0	https://lobbying.wi.gov/Who/LobbyistInformation/2025REG/Information/11344
WI-lobbyist-11344-activity-2025-H2	11344	WI	activity_report	lobbyist	2025-07-01	2025-12-31	12.0	37.5	https://lobbying.wi.gov/Who/LobbyistInformation/2025REG/Information/11344
WI-lobbyist-11344-activity-2026-H1	11344	WI	activity_report	lobbyist	2026-01-01	2026-06-30	0.0	0.0	https://lobbying.wi.gov/Who/LobbyistInformation/2025REG/Information/11344
WI-lobbyist-11344-activity-2026-H2	11344	WI	activity_report	lobbyist	2026-07-01	2026-12-31	0.0	0.0	https://lobbying.wi.gov/Who/LobbyistInformation/2025REG/Information/11344
WI-lobbyist-11345-activity-2025-H1	11345	WI	activity_report	lobbyist	2025-01-01	2025-06-30	130.75	80.5	https://lobbying.wi.gov/Who/LobbyistInformation/2025REG/Information/11345
WI-lobbyist-11345-activity-2025-H2	11345	WI	activity_report	lobbyist	2025-07-01	2025-12-31	70.25	72.5	https://lobbying.wi.gov/Who/LobbyistInformation/2025REG/Information/11345
WI-lobbyist-11345-activity-2026-H1	11345	WI	activity_report	lobbyist	2026-01-01	2026-06-30	0.0	0.0	https://lobbying.wi.gov/Who/LobbyistInformation/2025REG/Information/11345
WI-lobbyist-11345-activity-2026-H2	11345	WI	activity_report	lobbyist	2026-07-01	2026-12-31	0.0	0.0	https://lobbying.wi.gov/Who/LobbyistInformation/2025REG/Information/11345
WI-lobbyist-11346-activity-2025-H1	11346	WI	activity_report	lobbyist	2025-01-01	2025-06-30	64.5	306.5	https://lobbying.wi.gov/Who/LobbyistInformation/2025REG/Information/11346
WI-lobbyist-11346-activity-2025-H2	11346	WI	activity_report	lobbyist	2025-07-01	2025-12-31	40.75	282.5	https://lobbying.wi.gov/Who/LobbyistInformation/2025REG/Information/11346
WI-lobbyist-11346-activity-2026-H1	11346	WI	activity_report	lobbyist	2026-01-01	2026-06-30	7.75	25.25	https://lobbying.wi.gov/Who/LobbyistInformation/2025REG/Information/11346
WI-lobbyist-11346-activity-2026-H2	11346	WI	activity_report	lobbyist	2026-07-01	2026-12-31	0.0	0.0	https://lobbying.wi.gov/Who/LobbyistInformation/2025REG/Information/11346
WI-lobbyist-11347-activity-2025-H1	11347	WI	activity_report	lobbyist	2025-01-01	2025-06-30	22.0	13.0	https://lobbying.wi.gov/Who/LobbyistInformation/2025REG/Information/11347
WI-lobbyist-11347-activity-2025-H2	11347	WI	activity_report	lobbyist	2025-07-01	2025-12-31	1.0	10.5	https://lobbying.wi.gov/Who/LobbyistInformation/2025REG/Information/11347
WI-lobbyist-11347-activity-2026-H1	11347	WI	activity_report	lobbyist	2026-01-01	2026-06-30	0.0	0.0	https://lobbying.wi.gov/Who/LobbyistInformation/2025REG/Information/11347
WI-lobbyist-11347-activity-2026-H2	11347	WI	activity_report	lobbyist	2026-07-01	2026-12-31	0.0	0.0	https://lobbying.wi.gov/Who/LobbyistInformation/2025REG/Information/11347
WI-lobbyist-11348-activity-2025-H1	11348	WI	activity_report	lobbyist	2025-01-01	2025-06-30	42.0	94.0	https://lobbying.wi.gov/Who/LobbyistInformation/2025REG/Information/11348
WI-lobbyist-11348-activity-2025-H2	11348	WI	activity_report	lobbyist	2025-07-01	2025-12-31	45.0	48.0	https://lobbying.wi.gov/Who/LobbyistInformation/2025REG/Information/11348
WI-lobbyist-11348-activity-2026-H1	11348	WI	activity_report	lobbyist	2026-01-01	2026-06-30	0.0	0.0	https://lobbying.wi.gov/Who/LobbyistInformation/2025REG/Information/11348
WI-lobbyist-11348-activity-2026-H2	11348	WI	activity_report	lobbyist	2026-07-01	2026-12-31	0.0	0.0	https://lobbying.wi.gov/Who/LobbyistInformation/2025REG/Information/11348
WI-lobbyist-11349-activity-2025-H1	11349	WI	activity_report	lobbyist	2025-01-01	2025-06-30	122.6	48.0	https://lobbying.wi.gov/Who/LobbyistInformation/2025REG/Information/11349
WI-lobbyist-11349-activity-2025-H2	11349	WI	activity_report	lobbyist	2025-07-01	2025-12-31	82.1	57.3	https://lobbying.wi.gov/Who/LobbyistInformation/2025REG/Information/11349
WI-lobbyist-11349-activity-2026-H1	11349	WI	activity_report	lobbyist	2026-01-01	2026-06-30	0.0	0.0	https://lobbying.wi.gov/Who/LobbyistInformation/2025REG/Information/11349
WI-lobbyist-11349-activity-2026-H2	11349	WI	activity_report	lobbyist	2026-07-01	2026-12-31	0.0	7.0	https://lobbying.wi.gov/Who/LobbyistInformation/2025REG/Information/11349
WI-lobbyist-11350-activity-2025-H1	11350	WI	activity_report	lobbyist	2025-01-01	2025-06-30	13.75	17.25	https://lobbying.wi.gov/Who/LobbyistInformation/2025REG/Information/11350
WI-lobbyist-11350-activity-2025-H2	11350	WI	activity_report	lobbyist	2025-07-01	2025-12-31	20.25	23.25	https://lobbying.wi.gov/Who/LobbyistInformation/2025REG/Information/11350
WI-lobbyist-11350-activity-2026-H1	11350	WI	activity_report	lobbyist	2026-01-01	2026-06-30	0.0	0.0	https://lobbying.wi.gov/Who/LobbyistInformation/2025REG/Information/11350
WI-lobbyist-11350-activity-2026-H2	11350	WI	activity_report	lobbyist	2026-07-01	2026-12-31	0.0	0.0	https://lobbying.wi.gov/Who/LobbyistInformation/2025REG/Information/11350
WI-lobbyist-11352-activity-2025-H1	11352	WI	activity_report	lobbyist	2025-01-01	2025-06-30	156.5	321.5	https://lobbying.wi.gov/Who/LobbyistInformation/2025REG/Information/11352
WI-lobbyist-11352-activity-2025-H2	11352	WI	activity_report	lobbyist	2025-07-01	2025-12-31	164.5	266.5	https://lobbying.wi.gov/Who/LobbyistInformation/2025REG/Information/11352
WI-lobbyist-11352-activity-2026-H1	11352	WI	activity_report	lobbyist	2026-01-01	2026-06-30	0.0	0.0	https://lobbying.wi.gov/Who/LobbyistInformation/2025REG/Information/11352
WI-lobbyist-11352-activity-2026-H2	11352	WI	activity_report	lobbyist	2026-07-01	2026-12-31	0.0	0.0	https://lobbying.wi.gov/Who/LobbyistInformation/2025REG/Information/11352
WI-lobbyist-11353-activity-2025-H1	11353	WI	activity_report	lobbyist	2025-01-01	2025-06-30	16.0	0.0	https://lobbying.wi.gov/Who/LobbyistInformation/2025REG/Information/11353
WI-lobbyist-11353-activity-2025-H2	11353	WI	activity_report	lobbyist	2025-07-01	2025-12-31	3.0	0.0	https://lobbying.wi.gov/Who/LobbyistInformation/2025REG/Information/11353
WI-lobbyist-11353-activity-2026-H1	11353	WI	activity_report	lobbyist	2026-01-01	2026-06-30	0.0	0.0	https://lobbying.wi.gov/Who/LobbyistInformation/2025REG/Information/11353
WI-lobbyist-11353-activity-2026-H2	11353	WI	activity_report	lobbyist	2026-07-01	2026-12-31	0.0	0.0	https://lobbying.wi.gov/Who/LobbyistInformation/2025REG/Information/11353
WI-lobbyist-11354-activity-2025-H1	11354	WI	activity_report	lobbyist	2025-01-01	2025-06-30	11.0	0.0	https://lobbying.wi.gov/Who/LobbyistInformation/2025REG/Information/11354
WI-lobbyist-11354-activity-2025-H2	11354	WI	activity_report	lobbyist	2025-07-01	2025-12-31	16.0	33.9	https://lobbying.wi.gov/Who/LobbyistInformation/2025REG/Information/11354
WI-lobbyist-11354-activity-2026-H1	11354	WI	activity_report	lobbyist	2026-01-01	2026-06-30	0.0	0.0	https://lobbying.wi.gov/Who/LobbyistInformation/2025REG/Information/11354
WI-lobbyist-11354-activity-2026-H2	11354	WI	activity_report	lobbyist	2026-07-01	2026-12-31	0.0	0.0	https://lobbying.wi.gov/Who/LobbyistInformation/2025REG/Information/11354
WI-lobbyist-11355-activity-2025-H1	11355	WI	activity_report	lobbyist	2025-01-01	2025-06-30	30.0	9.75	https://lobbying.wi.gov/Who/LobbyistInformation/2025REG/Information/11355
WI-lobbyist-11355-activity-2025-H2	11355	WI	activity_report	lobbyist	2025-07-01	2025-12-31	15.0	11.75	https://lobbying.wi.gov/Who/LobbyistInformation/2025REG/Information/11355
WI-lobbyist-11355-activity-2026-H1	11355	WI	activity_report	lobbyist	2026-01-01	2026-06-30	7.0	3.5	https://lobbying.wi.gov/Who/LobbyistInformation/2025REG/Information/11355
WI-lobbyist-11355-activity-2026-H2	11355	WI	activity_report	lobbyist	2026-07-01	2026-12-31	0.0	0.0	https://lobbying.wi.gov/Who/LobbyistInformation/2025REG/Information/11355
WI-lobbyist-11356-activity-2025-H1	11356	WI	activity_report	lobbyist	2025-01-01	2025-06-30	6.0	38.5	https://lobbying.wi.gov/Who/LobbyistInformation/2025REG/Information/11356
WI-lobbyist-11356-activity-2025-H2	11356	WI	activity_report	lobbyist	2025-07-01	2025-12-31	2.0	17.0	https://lobbying.wi.gov/Who/LobbyistInformation/2025REG/Information/11356
WI-lobbyist-11356-activity-2026-H1	11356	WI	activity_report	lobbyist	2026-01-01	2026-06-30	0.0	0.0	https://lobbying.wi.gov/Who/LobbyistInformation/2025REG/Information/11356
WI-lobbyist-11356-activity-2026-H2	11356	WI	activity_report	lobbyist	2026-07-01	2026-12-31	0.0	0.0	https://lobbying.wi.gov/Who/LobbyistInformation/2025REG/Information/11356
WI-lobbyist-11357-activity-2025-H1	11357	WI	activity_report	lobbyist	2025-01-01	2025-06-30	0.0	0.0	https://lobbying.wi.gov/Who/LobbyistInformation/2025REG/Information/11357
WI-lobbyist-11357-activity-2025-H2	11357	WI	activity_report	lobbyist	2025-07-01	2025-12-31	12.5	0.0	https://lobbying.wi.gov/Who/LobbyistInformation/2025REG/Information/11357
WI-lobbyist-11357-activity-2026-H1	11357	WI	activity_report	lobbyist	2026-01-01	2026-06-30	0.0	0.0	https://lobbying.wi.gov/Who/LobbyistInformation/2025REG/Information/11357
WI-lobbyist-11357-activity-2026-H2	11357	WI	activity_report	lobbyist	2026-07-01	2026-12-31	0.0	0.0	https://lobbying.wi.gov/Who/LobbyistInformation/2025REG/Information/11357
WI-lobbyist-11358-activity-2025-H1	11358	WI	activity_report	lobbyist	2025-01-01	2025-06-30	0.0	7.0	https://lobbying.wi.gov/Who/LobbyistInformation/2025REG/Information/11358
WI-lobbyist-11358-activity-2025-H2	11358	WI	activity_report	lobbyist	2025-07-01	2025-12-31	3.5	10.5	https://lobbying.wi.gov/Who/LobbyistInformation/2025REG/Information/11358
WI-lobbyist-11358-activity-2026-H1	11358	WI	activity_report	lobbyist	2026-01-01	2026-06-30	0.0	0.0	https://lobbying.wi.gov/Who/LobbyistInformation/2025REG/Information/11358
WI-lobbyist-11358-activity-2026-H2	11358	WI	activity_report	lobbyist	2026-07-01	2026-12-31	0.0	0.0	https://lobbying.wi.gov/Who/LobbyistInformation/2025REG/Information/11358
WI-lobbyist-11359-activity-2025-H1	11359	WI	activity_report	lobbyist	2025-01-01	2025-06-30	15.0	32.25	https://lobbying.wi.gov/Who/LobbyistInformation/2025REG/Information/11359
WI-lobbyist-11359-activity-2025-H2	11359	WI	activity_report	lobbyist	2025-07-01	2025-12-31	15.5	22.5	https://lobbying.wi.gov/Who/LobbyistInformation/2025REG/Information/11359
WI-lobbyist-11359-activity-2026-H1	11359	WI	activity_report	lobbyist	2026-01-01	2026-06-30	0.0	0.0	https://lobbying.wi.gov/Who/LobbyistInformation/2025REG/Information/11359
WI-lobbyist-11359-activity-2026-H2	11359	WI	activity_report	lobbyist	2026-07-01	2026-12-31	0.0	0.0	https://lobbying.wi.gov/Who/LobbyistInformation/2025REG/Information/11359
WI-lobbyist-11360-activity-2025-H1	11360	WI	activity_report	lobbyist	2025-01-01	2025-06-30	6.0	7.0	https://lobbying.wi.gov/Who/LobbyistInformation/2025REG/Information/11360
WI-lobbyist-11360-activity-2025-H2	11360	WI	activity_report	lobbyist	2025-07-01	2025-12-31	0.0	0.0	https://lobbying.wi.gov/Who/LobbyistInformation/2025REG/Information/11360
WI-lobbyist-11360-activity-2026-H1	11360	WI	activity_report	lobbyist	2026-01-01	2026-06-30	0.0	0.0	https://lobbying.wi.gov/Who/LobbyistInformation/2025REG/Information/11360
WI-lobbyist-11360-activity-2026-H2	11360	WI	activity_report	lobbyist	2026-07-01	2026-12-31	0.0	0.0	https://lobbying.wi.gov/Who/LobbyistInformation/2025REG/Information/11360
WI-lobbyist-11361-activity-2025-H1	11361	WI	activity_report	lobbyist	2025-01-01	2025-06-30	91.5	349.0	https://lobbying.wi.gov/Who/LobbyistInformation/2025REG/Information/11361
WI-lobbyist-11361-activity-2025-H2	11361	WI	activity_report	lobbyist	2025-07-01	2025-12-31	0.0	0.0	https://lobbying.wi.gov/Who/LobbyistInformation/2025REG/Information/11361
WI-lobbyist-11361-activity-2026-H1	11361	WI	activity_report	lobbyist	2026-01-01	2026-06-30	0.0	0.0	https://lobbying.wi.gov/Who/LobbyistInformation/2025REG/Information/11361
WI-lobbyist-11361-activity-2026-H2	11361	WI	activity_report	lobbyist	2026-07-01	2026-12-31	0.0	0.0	https://lobbying.wi.gov/Who/LobbyistInformation/2025REG/Information/11361
WI-lobbyist-11362-activity-2025-H1	11362	WI	activity_report	lobbyist	2025-01-01	2025-06-30	0.0	0.0	https://lobbying.wi.gov/Who/LobbyistInformation/2025REG/Information/11362
WI-lobbyist-11362-activity-2025-H2	11362	WI	activity_report	lobbyist	2025-07-01	2025-12-31	0.0	0.0	https://lobbying.wi.gov/Who/LobbyistInformation/2025REG/Information/11362
WI-lobbyist-11362-activity-2026-H1	11362	WI	activity_report	lobbyist	2026-01-01	2026-06-30	0.0	0.0	https://lobbying.wi.gov/Who/LobbyistInformation/2025REG/Information/11362
WI-lobbyist-11362-activity-2026-H2	11362	WI	activity_report	lobbyist	2026-07-01	2026-12-31	0.0	0.0	https://lobbying.wi.gov/Who/LobbyistInformation/2025REG/Information/11362
WI-lobbyist-11363-activity-2025-H1	11363	WI	activity_report	lobbyist	2025-01-01	2025-06-30	0.0	0.0	https://lobbying.wi.gov/Who/LobbyistInformation/2025REG/Information/11363
WI-lobbyist-11363-activity-2025-H2	11363	WI	activity_report	lobbyist	2025-07-01	2025-12-31	0.0	0.0	https://lobbying.wi.gov/Who/LobbyistInformation/2025REG/Information/11363
WI-lobbyist-11363-activity-2026-H1	11363	WI	activity_report	lobbyist	2026-01-01	2026-06-30	0.0	0.0	https://lobbying.wi.gov/Who/LobbyistInformation/2025REG/Information/11363
WI-lobbyist-11363-activity-2026-H2	11363	WI	activity_report	lobbyist	2026-07-01	2026-12-31	0.0	0.0	https://lobbying.wi.gov/Who/LobbyistInformation/2025REG/Information/11363
WI-lobbyist-11364-activity-2025-H1	11364	WI	activity_report	lobbyist	2025-01-01	2025-06-30	11.2	74.55	https://lobbying.wi.gov/Who/LobbyistInformation/2025REG/Information/11364
WI-lobbyist-11364-activity-2025-H2	11364	WI	activity_report	lobbyist	2025-07-01	2025-12-31	6.25	25.75	https://lobbying.wi.gov/Who/LobbyistInformation/2025REG/Information/11364
WI-lobbyist-11364-activity-2026-H1	11364	WI	activity_report	lobbyist	2026-01-01	2026-06-30	0.0	0.0	https://lobbying.wi.gov/Who/LobbyistInformation/2025REG/Information/11364
WI-lobbyist-11364-activity-2026-H2	11364	WI	activity_report	lobbyist	2026-07-01	2026-12-31	0.0	0.0	https://lobbying.wi.gov/Who/LobbyistInformation/2025REG/Information/11364
WI-lobbyist-11365-activity-2025-H1	11365	WI	activity_report	lobbyist	2025-01-01	2025-06-30	0.0	0.0	https://lobbying.wi.gov/Who/LobbyistInformation/2025REG/Information/11365
WI-lobbyist-11365-activity-2025-H2	11365	WI	activity_report	lobbyist	2025-07-01	2025-12-31	0.0	0.0	https://lobbying.wi.gov/Who/LobbyistInformation/2025REG/Information/11365
WI-lobbyist-11365-activity-2026-H1	11365	WI	activity_report	lobbyist	2026-01-01	2026-06-30	0.0	0.0	https://lobbying.wi.gov/Who/LobbyistInformation/2025REG/Information/11365
WI-lobbyist-11365-activity-2026-H2	11365	WI	activity_report	lobbyist	2026-07-01	2026-12-31	0.0	0.0	https://lobbying.wi.gov/Who/LobbyistInformation/2025REG/Information/11365
WI-lobbyist-11366-activity-2025-H1	11366	WI	activity_report	lobbyist	2025-01-01	2025-06-30	4.33	13.17	https://lobbying.wi.gov/Who/LobbyistInformation/2025REG/Information/11366
WI-lobbyist-11366-activity-2025-H2	11366	WI	activity_report	lobbyist	2025-07-01	2025-12-31	2.0	14.5	https://lobbying.wi.gov/Who/LobbyistInformation/2025REG/Information/11366
WI-lobbyist-11366-activity-2026-H1	11366	WI	activity_report	lobbyist	2026-01-01	2026-06-30	0.0	0.0	https://lobbying.wi.gov/Who/LobbyistInformation/2025REG/Information/11366
WI-lobbyist-11366-activity-2026-H2	11366	WI	activity_report	lobbyist	2026-07-01	2026-12-31	0.0	0.0	https://lobbying.wi.gov/Who/LobbyistInformation/2025REG/Information/11366
WI-lobbyist-11367-activity-2025-H1	11367	WI	activity_report	lobbyist	2025-01-01	2025-06-30	10.0	3.0	https://lobbying.wi.gov/Who/LobbyistInformation/2025REG/Information/11367
WI-lobbyist-11367-activity-2025-H2	11367	WI	activity_report	lobbyist	2025-07-01	2025-12-31	0.0	0.0	https://lobbying.wi.gov/Who/LobbyistInformation/2025REG/Information/11367
WI-lobbyist-11367-activity-2026-H1	11367	WI	activity_report	lobbyist	2026-01-01	2026-06-30	0.0	0.0	https://lobbying.wi.gov/Who/LobbyistInformation/2025REG/Information/11367
WI-lobbyist-11367-activity-2026-H2	11367	WI	activity_report	lobbyist	2026-07-01	2026-12-31	0.0	0.0	https://lobbying.wi.gov/Who/LobbyistInformation/2025REG/Information/11367
WI-lobbyist-11368-activity-2025-H1	11368	WI	activity_report	lobbyist	2025-01-01	2025-06-30	24.5	45.0	https://lobbying.wi.gov/Who/LobbyistInformation/2025REG/Information/11368
WI-lobbyist-11368-activity-2025-H2	11368	WI	activity_report	lobbyist	2025-07-01	2025-12-31	6.85	24.7	https://lobbying.wi.gov/Who/LobbyistInformation/2025REG/Information/11368
WI-lobbyist-11368-activity-2026-H1	11368	WI	activity_report	lobbyist	2026-01-01	2026-06-30	0.0	0.0	https://lobbying.wi.gov/Who/LobbyistInformation/2025REG/Information/11368
WI-lobbyist-11368-activity-2026-H2	11368	WI	activity_report	lobbyist	2026-07-01	2026-12-31	0.0	0.0	https://lobbying.wi.gov/Who/LobbyistInformation/2025REG/Information/11368
WI-lobbyist-11369-activity-2025-H1	11369	WI	activity_report	lobbyist	2025-01-01	2025-06-30	12.0	0.0	https://lobbying.wi.gov/Who/LobbyistInformation/2025REG/Information/11369
WI-lobbyist-11369-activity-2025-H2	11369	WI	activity_report	lobbyist	2025-07-01	2025-12-31	1.0	1.0	https://lobbying.wi.gov/Who/LobbyistInformation/2025REG/Information/11369
WI-lobbyist-11369-activity-2026-H1	11369	WI	activity_report	lobbyist	2026-01-01	2026-06-30	0.0	0.0	https://lobbying.wi.gov/Who/LobbyistInformation/2025REG/Information/11369
WI-lobbyist-11369-activity-2026-H2	11369	WI	activity_report	lobbyist	2026-07-01	2026-12-31	0.0	0.0	https://lobbying.wi.gov/Who/LobbyistInformation/2025REG/Information/11369
WI-lobbyist-11370-activity-2025-H1	11370	WI	activity_report	lobbyist	2025-01-01	2025-06-30	20.0	30.0	https://lobbying.wi.gov/Who/LobbyistInformation/2025REG/Information/11370
WI-lobbyist-11370-activity-2025-H2	11370	WI	activity_report	lobbyist	2025-07-01	2025-12-31	6.0	0.0	https://lobbying.wi.gov/Who/LobbyistInformation/2025REG/Information/11370
WI-lobbyist-11370-activity-2026-H1	11370	WI	activity_report	lobbyist	2026-01-01	2026-06-30	0.0	0.0	https://lobbying.wi.gov/Who/LobbyistInformation/2025REG/Information/11370
WI-lobbyist-11370-activity-2026-H2	11370	WI	activity_report	lobbyist	2026-07-01	2026-12-31	0.0	0.0	https://lobbying.wi.gov/Who/LobbyistInformation/2025REG/Information/11370
WI-lobbyist-11371-activity-2025-H1	11371	WI	activity_report	lobbyist	2025-01-01	2025-06-30	70.5	224.5	https://lobbying.wi.gov/Who/LobbyistInformation/2025REG/Information/11371
WI-lobbyist-11371-activity-2025-H2	11371	WI	activity_report	lobbyist	2025-07-01	2025-12-31	67.0	245.0	https://lobbying.wi.gov/Who/LobbyistInformation/2025REG/Information/11371
WI-lobbyist-11371-activity-2026-H1	11371	WI	activity_report	lobbyist	2026-01-01	2026-06-30	0.0	0.0	https://lobbying.wi.gov/Who/LobbyistInformation/2025REG/Information/11371
WI-lobbyist-11371-activity-2026-H2	11371	WI	activity_report	lobbyist	2026-07-01	2026-12-31	0.0	0.0	https://lobbying.wi.gov/Who/LobbyistInformation/2025REG/Information/11371
WI-lobbyist-11372-activity-2025-H1	11372	WI	activity_report	lobbyist	2025-01-01	2025-06-30	261.0	461.0	https://lobbying.wi.gov/Who/LobbyistInformation/2025REG/Information/11372
WI-lobbyist-11372-activity-2025-H2	11372	WI	activity_report	lobbyist	2025-07-01	2025-12-31	171.0	402.0	https://lobbying.wi.gov/Who/LobbyistInformation/2025REG/Information/11372
WI-lobbyist-11372-activity-2026-H1	11372	WI	activity_report	lobbyist	2026-01-01	2026-06-30	0.0	0.0	https://lobbying.wi.gov/Who/LobbyistInformation/2025REG/Information/11372
WI-lobbyist-11372-activity-2026-H2	11372	WI	activity_report	lobbyist	2026-07-01	2026-12-31	0.0	0.0	https://lobbying.wi.gov/Who/LobbyistInformation/2025REG/Information/11372
WI-lobbyist-11373-activity-2025-H1	11373	WI	activity_report	lobbyist	2025-01-01	2025-06-30	107.0	98.0	https://lobbying.wi.gov/Who/LobbyistInformation/2025REG/Information/11373
WI-lobbyist-11373-activity-2025-H2	11373	WI	activity_report	lobbyist	2025-07-01	2025-12-31	68.0	59.0	https://lobbying.wi.gov/Who/LobbyistInformation/2025REG/Information/11373
WI-lobbyist-11373-activity-2026-H1	11373	WI	activity_report	lobbyist	2026-01-01	2026-06-30	0.0	0.0	https://lobbying.wi.gov/Who/LobbyistInformation/2025REG/Information/11373
WI-lobbyist-11373-activity-2026-H2	11373	WI	activity_report	lobbyist	2026-07-01	2026-12-31	0.0	0.0	https://lobbying.wi.gov/Who/LobbyistInformation/2025REG/Information/11373
WI-lobbyist-11374-activity-2025-H1	11374	WI	activity_report	lobbyist	2025-01-01	2025-06-30	114.0	103.0	https://lobbying.wi.gov/Who/LobbyistInformation/2025REG/Information/11374
WI-lobbyist-11374-activity-2025-H2	11374	WI	activity_report	lobbyist	2025-07-01	2025-12-31	46.0	61.0	https://lobbying.wi.gov/Who/LobbyistInformation/2025REG/Information/11374
WI-lobbyist-11374-activity-2026-H1	11374	WI	activity_report	lobbyist	2026-01-01	2026-06-30	0.0	0.0	https://lobbying.wi.gov/Who/LobbyistInformation/2025REG/Information/11374
WI-lobbyist-11374-activity-2026-H2	11374	WI	activity_report	lobbyist	2026-07-01	2026-12-31	0.0	0.0	https://lobbying.wi.gov/Who/LobbyistInformation/2025REG/Information/11374
WI-lobbyist-11375-activity-2025-H1	11375	WI	activity_report	lobbyist	2025-01-01	2025-06-30	96.5	67.0	https://lobbying.wi.gov/Who/LobbyistInformation/2025REG/Information/11375
WI-lobbyist-11375-activity-2025-H2	11375	WI	activity_report	lobbyist	2025-07-01	2025-12-31	46.0	52.0	https://lobbying.wi.gov/Who/LobbyistInformation/2025REG/Information/11375
WI-lobbyist-11375-activity-2026-H1	11375	WI	activity_report	lobbyist	2026-01-01	2026-06-30	0.0	0.0	https://lobbying.wi.gov/Who/LobbyistInformation/2025REG/Information/11375
WI-lobbyist-11375-activity-2026-H2	11375	WI	activity_report	lobbyist	2026-07-01	2026-12-31	0.0	0.0	https://lobbying.wi.gov/Who/LobbyistInformation/2025REG/Information/11375
WI-lobbyist-11377-activity-2025-H1	11377	WI	activity_report	lobbyist	2025-01-01	2025-06-30	57.0	124.0	https://lobbying.wi.gov/Who/LobbyistInformation/2025REG/Information/11377
WI-lobbyist-11377-activity-2025-H2	11377	WI	activity_report	lobbyist	2025-07-01	2025-12-31	82.25	111.25	https://lobbying.wi.gov/Who/LobbyistInformation/2025REG/Information/11377
WI-lobbyist-11377-activity-2026-H1	11377	WI	activity_report	lobbyist	2026-01-01	2026-06-30	0.0	0.0	https://lobbying.wi.gov/Who/LobbyistInformation/2025REG/Information/11377
WI-lobbyist-11377-activity-2026-H2	11377	WI	activity_report	lobbyist	2026-07-01	2026-12-31	0.0	0.0	https://lobbying.wi.gov/Who/LobbyistInformation/2025REG/Information/11377
WI-lobbyist-11378-activity-2025-H1	11378	WI	activity_report	lobbyist	2025-01-01	2025-06-30	15.5	389.5	https://lobbying.wi.gov/Who/LobbyistInformation/2025REG/Information/11378
WI-lobbyist-11378-activity-2025-H2	11378	WI	activity_report	lobbyist	2025-07-01	2025-12-31	8.5	281.5	https://lobbying.wi.gov/Who/LobbyistInformation/2025REG/Information/11378
WI-lobbyist-11378-activity-2026-H1	11378	WI	activity_report	lobbyist	2026-01-01	2026-06-30	0.0	0.0	https://lobbying.wi.gov/Who/LobbyistInformation/2025REG/Information/11378
WI-lobbyist-11378-activity-2026-H2	11378	WI	activity_report	lobbyist	2026-07-01	2026-12-31	0.0	0.0	https://lobbying.wi.gov/Who/LobbyistInformation/2025REG/Information/11378
WI-lobbyist-11379-activity-2025-H1	11379	WI	activity_report	lobbyist	2025-01-01	2025-06-30	9.15	3.5	https://lobbying.wi.gov/Who/LobbyistInformation/2025REG/Information/11379
WI-lobbyist-11379-activity-2025-H2	11379	WI	activity_report	lobbyist	2025-07-01	2025-12-31	38.45	57.0	https://lobbying.wi.gov/Who/LobbyistInformation/2025REG/Information/11379
WI-lobbyist-11379-activity-2026-H1	11379	WI	activity_report	lobbyist	2026-01-01	2026-06-30	0.0	0.0	https://lobbying.wi.gov/Who/LobbyistInformation/2025REG/Information/11379
WI-lobbyist-11379-activity-2026-H2	11379	WI	activity_report	lobbyist	2026-07-01	2026-12-31	0.0	0.0	https://lobbying.wi.gov/Who/LobbyistInformation/2025REG/Information/11379
WI-lobbyist-11380-activity-2025-H1	11380	WI	activity_report	lobbyist	2025-01-01	2025-06-30	19.0	52.0	https://lobbying.wi.gov/Who/LobbyistInformation/2025REG/Information/11380
WI-lobbyist-11380-activity-2025-H2	11380	WI	activity_report	lobbyist	2025-07-01	2025-12-31	2.25	7.0	https://lobbying.wi.gov/Who/LobbyistInformation/2025REG/Information/11380
WI-lobbyist-11380-activity-2026-H1	11380	WI	activity_report	lobbyist	2026-01-01	2026-06-30	0.0	0.0	https://lobbying.wi.gov/Who/LobbyistInformation/2025REG/Information/11380
WI-lobbyist-11380-activity-2026-H2	11380	WI	activity_report	lobbyist	2026-07-01	2026-12-31	0.0	0.0	https://lobbying.wi.gov/Who/LobbyistInformation/2025REG/Information/11380
WI-lobbyist-11381-activity-2025-H1	11381	WI	activity_report	lobbyist	2025-01-01	2025-06-30	45.0	134.25	https://lobbying.wi.gov/Who/LobbyistInformation/2025REG/Information/11381
WI-lobbyist-11381-activity-2025-H2	11381	WI	activity_report	lobbyist	2025-07-01	2025-12-31	17.75	42.0	https://lobbying.wi.gov/Who/LobbyistInformation/2025REG/Information/11381
WI-lobbyist-11381-activity-2026-H1	11381	WI	activity_report	lobbyist	2026-01-01	2026-06-30	0.0	0.0	https://lobbying.wi.gov/Who/LobbyistInformation/2025REG/Information/11381
WI-lobbyist-11381-activity-2026-H2	11381	WI	activity_report	lobbyist	2026-07-01	2026-12-31	0.0	0.0	https://lobbying.wi.gov/Who/LobbyistInformation/2025REG/Information/11381
WI-lobbyist-11382-activity-2025-H1	11382	WI	activity_report	lobbyist	2025-01-01	2025-06-30	0.0	0.0	https://lobbying.wi.gov/Who/LobbyistInformation/2025REG/Information/11382
WI-lobbyist-11382-activity-2025-H2	11382	WI	activity_report	lobbyist	2025-07-01	2025-12-31	3.0	0.0	https://lobbying.wi.gov/Who/LobbyistInformation/2025REG/Information/11382
WI-lobbyist-11382-activity-2026-H1	11382	WI	activity_report	lobbyist	2026-01-01	2026-06-30	0.0	0.0	https://lobbying.wi.gov/Who/LobbyistInformation/2025REG/Information/11382
WI-lobbyist-11382-activity-2026-H2	11382	WI	activity_report	lobbyist	2026-07-01	2026-12-31	0.0	0.0	https://lobbying.wi.gov/Who/LobbyistInformation/2025REG/Information/11382
WI-lobbyist-11383-activity-2025-H1	11383	WI	activity_report	lobbyist	2025-01-01	2025-06-30	12.0	9.0	https://lobbying.wi.gov/Who/LobbyistInformation/2025REG/Information/11383
WI-lobbyist-11383-activity-2025-H2	11383	WI	activity_report	lobbyist	2025-07-01	2025-12-31	11.0	23.0	https://lobbying.wi.gov/Who/LobbyistInformation/2025REG/Information/11383
WI-lobbyist-11383-activity-2026-H1	11383	WI	activity_report	lobbyist	2026-01-01	2026-06-30	0.0	0.0	https://lobbying.wi.gov/Who/LobbyistInformation/2025REG/Information/11383
WI-lobbyist-11383-activity-2026-H2	11383	WI	activity_report	lobbyist	2026-07-01	2026-12-31	0.0	0.0	https://lobbying.wi.gov/Who/LobbyistInformation/2025REG/Information/11383
WI-lobbyist-11384-activity-2025-H1	11384	WI	activity_report	lobbyist	2025-01-01	2025-06-30	0.0	0.0	https://lobbying.wi.gov/Who/LobbyistInformation/2025REG/Information/11384
WI-lobbyist-11384-activity-2025-H2	11384	WI	activity_report	lobbyist	2025-07-01	2025-12-31	0.0	0.0	https://lobbying.wi.gov/Who/LobbyistInformation/2025REG/Information/11384
WI-lobbyist-11384-activity-2026-H1	11384	WI	activity_report	lobbyist	2026-01-01	2026-06-30	0.0	0.0	https://lobbying.wi.gov/Who/LobbyistInformation/2025REG/Information/11384
WI-lobbyist-11384-activity-2026-H2	11384	WI	activity_report	lobbyist	2026-07-01	2026-12-31	0.0	0.0	https://lobbying.wi.gov/Who/LobbyistInformation/2025REG/Information/11384
WI-lobbyist-11385-activity-2025-H1	11385	WI	activity_report	lobbyist	2025-01-01	2025-06-30	0.0	0.0	https://lobbying.wi.gov/Who/LobbyistInformation/2025REG/Information/11385
WI-lobbyist-11385-activity-2025-H2	11385	WI	activity_report	lobbyist	2025-07-01	2025-12-31	0.0	0.0	https://lobbying.wi.gov/Who/LobbyistInformation/2025REG/Information/11385
WI-lobbyist-11385-activity-2026-H1	11385	WI	activity_report	lobbyist	2026-01-01	2026-06-30	0.0	0.0	https://lobbying.wi.gov/Who/LobbyistInformation/2025REG/Information/11385
WI-lobbyist-11385-activity-2026-H2	11385	WI	activity_report	lobbyist	2026-07-01	2026-12-31	0.0	0.0	https://lobbying.wi.gov/Who/LobbyistInformation/2025REG/Information/11385
WI-lobbyist-11386-activity-2025-H1	11386	WI	activity_report	lobbyist	2025-01-01	2025-06-30	0.0	0.0	https://lobbying.wi.gov/Who/LobbyistInformation/2025REG/Information/11386
WI-lobbyist-11386-activity-2025-H2	11386	WI	activity_report	lobbyist	2025-07-01	2025-12-31	0.0	0.0	https://lobbying.wi.gov/Who/LobbyistInformation/2025REG/Information/11386
WI-lobbyist-11386-activity-2026-H1	11386	WI	activity_report	lobbyist	2026-01-01	2026-06-30	0.0	0.0	https://lobbying.wi.gov/Who/LobbyistInformation/2025REG/Information/11386
WI-lobbyist-11386-activity-2026-H2	11386	WI	activity_report	lobbyist	2026-07-01	2026-12-31	0.0	0.0	https://lobbying.wi.gov/Who/LobbyistInformation/2025REG/Information/11386
WI-lobbyist-11387-activity-2025-H1	11387	WI	activity_report	lobbyist	2025-01-01	2025-06-30	8.0	44.0	https://lobbying.wi.gov/Who/LobbyistInformation/2025REG/Information/11387
WI-lobbyist-11387-activity-2025-H2	11387	WI	activity_report	lobbyist	2025-07-01	2025-12-31	11.0	52.0	https://lobbying.wi.gov/Who/LobbyistInformation/2025REG/Information/11387
WI-lobbyist-11387-activity-2026-H1	11387	WI	activity_report	lobbyist	2026-01-01	2026-06-30	0.0	0.0	https://lobbying.wi.gov/Who/LobbyistInformation/2025REG/Information/11387
WI-lobbyist-11387-activity-2026-H2	11387	WI	activity_report	lobbyist	2026-07-01	2026-12-31	0.0	0.0	https://lobbying.wi.gov/Who/LobbyistInformation/2025REG/Information/11387
WI-lobbyist-11388-activity-2025-H1	11388	WI	activity_report	lobbyist	2025-01-01	2025-06-30	2.75	91.0	https://lobbying.wi.gov/Who/LobbyistInformation/2025REG/Information/11388
WI-lobbyist-11388-activity-2025-H2	11388	WI	activity_report	lobbyist	2025-07-01	2025-12-31	2.75	47.25	https://lobbying.wi.gov/Who/LobbyistInformation/2025REG/Information/11388
WI-lobbyist-11388-activity-2026-H1	11388	WI	activity_report	lobbyist	2026-01-01	2026-06-30	0.0	0.0	https://lobbying.wi.gov/Who/LobbyistInformation/2025REG/Information/11388
WI-lobbyist-11388-activity-2026-H2	11388	WI	activity_report	lobbyist	2026-07-01	2026-12-31	0.0	0.0	https://lobbying.wi.gov/Who/LobbyistInformation/2025REG/Information/11388
WI-lobbyist-11389-activity-2025-H1	11389	WI	activity_report	lobbyist	2025-01-01	2025-06-30	0.0	5.99	https://lobbying.wi.gov/Who/LobbyistInformation/2025REG/Information/11389
WI-lobbyist-11389-activity-2025-H2	11389	WI	activity_report	lobbyist	2025-07-01	2025-12-31	11.1	16.75	https://lobbying.wi.gov/Who/LobbyistInformation/2025REG/Information/11389
WI-lobbyist-11389-activity-2026-H1	11389	WI	activity_report	lobbyist	2026-01-01	2026-06-30	0.0	0.0	https://lobbying.wi.gov/Who/LobbyistInformation/2025REG/Information/11389
WI-lobbyist-11389-activity-2026-H2	11389	WI	activity_report	lobbyist	2026-07-01	2026-12-31	0.0	0.0	https://lobbying.wi.gov/Who/LobbyistInformation/2025REG/Information/11389
WI-lobbyist-11390-activity-2025-H1	11390	WI	activity_report	lobbyist	2025-01-01	2025-06-30	3.5	70.5	https://lobbying.wi.gov/Who/LobbyistInformation/2025REG/Information/11390
WI-lobbyist-11390-activity-2025-H2	11390	WI	activity_report	lobbyist	2025-07-01	2025-12-31	1.5	49.25	https://lobbying.wi.gov/Who/LobbyistInformation/2025REG/Information/11390
WI-lobbyist-11390-activity-2026-H1	11390	WI	activity_report	lobbyist	2026-01-01	2026-06-30	0.0	0.0	https://lobbying.wi.gov/Who/LobbyistInformation/2025REG/Information/11390
WI-lobbyist-11390-activity-2026-H2	11390	WI	activity_report	lobbyist	2026-07-01	2026-12-31	0.0	0.0	https://lobbying.wi.gov/Who/LobbyistInformation/2025REG/Information/11390
WI-lobbyist-11391-activity-2025-H1	11391	WI	activity_report	lobbyist	2025-01-01	2025-06-30	0.0	7.25	https://lobbying.wi.gov/Who/LobbyistInformation/2025REG/Information/11391
WI-lobbyist-11391-activity-2025-H2	11391	WI	activity_report	lobbyist	2025-07-01	2025-12-31	0.0	3.25	https://lobbying.wi.gov/Who/LobbyistInformation/2025REG/Information/11391
WI-lobbyist-11391-activity-2026-H1	11391	WI	activity_report	lobbyist	2026-01-01	2026-06-30	0.0	0.0	https://lobbying.wi.gov/Who/LobbyistInformation/2025REG/Information/11391
WI-lobbyist-11391-activity-2026-H2	11391	WI	activity_report	lobbyist	2026-07-01	2026-12-31	0.0	0.0	https://lobbying.wi.gov/Who/LobbyistInformation/2025REG/Information/11391
WI-lobbyist-11392-activity-2025-H1	11392	WI	activity_report	lobbyist	2025-01-01	2025-06-30	0.0	0.0	https://lobbying.wi.gov/Who/LobbyistInformation/2025REG/Information/11392
WI-lobbyist-11392-activity-2025-H2	11392	WI	activity_report	lobbyist	2025-07-01	2025-12-31	0.0	0.0	https://lobbying.wi.gov/Who/LobbyistInformation/2025REG/Information/11392
WI-lobbyist-11392-activity-2026-H1	11392	WI	activity_report	lobbyist	2026-01-01	2026-06-30	0.0	0.0	https://lobbying.wi.gov/Who/LobbyistInformation/2025REG/Information/11392
WI-lobbyist-11392-activity-2026-H2	11392	WI	activity_report	lobbyist	2026-07-01	2026-12-31	0.0	0.0	https://lobbying.wi.gov/Who/LobbyistInformation/2025REG/Information/11392
WI-lobbyist-11393-activity-2025-H1	11393	WI	activity_report	lobbyist	2025-01-01	2025-06-30	0.0	9.0	https://lobbying.wi.gov/Who/LobbyistInformation/2025REG/Information/11393
WI-lobbyist-11393-activity-2025-H2	11393	WI	activity_report	lobbyist	2025-07-01	2025-12-31	0.0	0.0	https://lobbying.wi.gov/Who/LobbyistInformation/2025REG/Information/11393
WI-lobbyist-11393-activity-2026-H1	11393	WI	activity_report	lobbyist	2026-01-01	2026-06-30	0.0	0.0	https://lobbying.wi.gov/Who/LobbyistInformation/2025REG/Information/11393
WI-lobbyist-11393-activity-2026-H2	11393	WI	activity_report	lobbyist	2026-07-01	2026-12-31	0.0	0.0	https://lobbying.wi.gov/Who/LobbyistInformation/2025REG/Information/11393
WI-lobbyist-11394-activity-2025-H1	11394	WI	activity_report	lobbyist	2025-01-01	2025-06-30	8.5	11.0	https://lobbying.wi.gov/Who/LobbyistInformation/2025REG/Information/11394
WI-lobbyist-11394-activity-2025-H2	11394	WI	activity_report	lobbyist	2025-07-01	2025-12-31	0.0	0.0	https://lobbying.wi.gov/Who/LobbyistInformation/2025REG/Information/11394
WI-lobbyist-11394-activity-2026-H1	11394	WI	activity_report	lobbyist	2026-01-01	2026-06-30	0.0	0.0	https://lobbying.wi.gov/Who/LobbyistInformation/2025REG/Information/11394
WI-lobbyist-11394-activity-2026-H2	11394	WI	activity_report	lobbyist	2026-07-01	2026-12-31	0.0	0.0	https://lobbying.wi.gov/Who/LobbyistInformation/2025REG/Information/11394
WI-lobbyist-11395-activity-2025-H1	11395	WI	activity_report	lobbyist	2025-01-01	2025-06-30	8.0	11.5	https://lobbying.wi.gov/Who/LobbyistInformation/2025REG/Information/11395
WI-lobbyist-11395-activity-2025-H2	11395	WI	activity_report	lobbyist	2025-07-01	2025-12-31	4.5	0.0	https://lobbying.wi.gov/Who/LobbyistInformation/2025REG/Information/11395
WI-lobbyist-11395-activity-2026-H1	11395	WI	activity_report	lobbyist	2026-01-01	2026-06-30	0.0	0.0	https://lobbying.wi.gov/Who/LobbyistInformation/2025REG/Information/11395
WI-lobbyist-11395-activity-2026-H2	11395	WI	activity_report	lobbyist	2026-07-01	2026-12-31	0.0	0.0	https://lobbying.wi.gov/Who/LobbyistInformation/2025REG/Information/11395
WI-lobbyist-11396-activity-2025-H1	11396	WI	activity_report	lobbyist	2025-01-01	2025-06-30	0.0	1.0	https://lobbying.wi.gov/Who/LobbyistInformation/2025REG/Information/11396
WI-lobbyist-11396-activity-2025-H2	11396	WI	activity_report	lobbyist	2025-07-01	2025-12-31	0.0	0.0	https://lobbying.wi.gov/Who/LobbyistInformation/2025REG/Information/11396
WI-lobbyist-11396-activity-2026-H1	11396	WI	activity_report	lobbyist	2026-01-01	2026-06-30	0.0	0.0	https://lobbying.wi.gov/Who/LobbyistInformation/2025REG/Information/11396
WI-lobbyist-11396-activity-2026-H2	11396	WI	activity_report	lobbyist	2026-07-01	2026-12-31	0.0	0.0	https://lobbying.wi.gov/Who/LobbyistInformation/2025REG/Information/11396
WI-lobbyist-11397-activity-2025-H1	11397	WI	activity_report	lobbyist	2025-01-01	2025-06-30	18.0	64.75	https://lobbying.wi.gov/Who/LobbyistInformation/2025REG/Information/11397
WI-lobbyist-11397-activity-2025-H2	11397	WI	activity_report	lobbyist	2025-07-01	2025-12-31	0.0	0.0	https://lobbying.wi.gov/Who/LobbyistInformation/2025REG/Information/11397
WI-lobbyist-11397-activity-2026-H1	11397	WI	activity_report	lobbyist	2026-01-01	2026-06-30	0.0	0.0	https://lobbying.wi.gov/Who/LobbyistInformation/2025REG/Information/11397
WI-lobbyist-11397-activity-2026-H2	11397	WI	activity_report	lobbyist	2026-07-01	2026-12-31	0.0	0.0	https://lobbying.wi.gov/Who/LobbyistInformation/2025REG/Information/11397
WI-lobbyist-11398-activity-2025-H1	11398	WI	activity_report	lobbyist	2025-01-01	2025-06-30	0.0	0.0	https://lobbying.wi.gov/Who/LobbyistInformation/2025REG/Information/11398
WI-lobbyist-11398-activity-2025-H2	11398	WI	activity_report	lobbyist	2025-07-01	2025-12-31	0.0	0.0	https://lobbying.wi.gov/Who/LobbyistInformation/2025REG/Information/11398
WI-lobbyist-11398-activity-2026-H1	11398	WI	activity_report	lobbyist	2026-01-01	2026-06-30	0.0	0.0	https://lobbying.wi.gov/Who/LobbyistInformation/2025REG/Information/11398
WI-lobbyist-11398-activity-2026-H2	11398	WI	activity_report	lobbyist	2026-07-01	2026-12-31	0.0	0.0	https://lobbying.wi.gov/Who/LobbyistInformation/2025REG/Information/11398
WI-lobbyist-11399-activity-2025-H1	11399	WI	activity_report	lobbyist	2025-01-01	2025-06-30	0.8	0.0	https://lobbying.wi.gov/Who/LobbyistInformation/2025REG/Information/11399
WI-lobbyist-11399-activity-2025-H2	11399	WI	activity_report	lobbyist	2025-07-01	2025-12-31	0.0	0.0	https://lobbying.wi.gov/Who/LobbyistInformation/2025REG/Information/11399
WI-lobbyist-11399-activity-2026-H1	11399	WI	activity_report	lobbyist	2026-01-01	2026-06-30	0.0	0.0	https://lobbying.wi.gov/Who/LobbyistInformation/2025REG/Information/11399
WI-lobbyist-11399-activity-2026-H2	11399	WI	activity_report	lobbyist	2026-07-01	2026-12-31	0.0	0.0	https://lobbying.wi.gov/Who/LobbyistInformation/2025REG/Information/11399
WI-lobbyist-11400-activity-2025-H1	11400	WI	activity_report	lobbyist	2025-01-01	2025-06-30	0.0	0.0	https://lobbying.wi.gov/Who/LobbyistInformation/2025REG/Information/11400
WI-lobbyist-11400-activity-2025-H2	11400	WI	activity_report	lobbyist	2025-07-01	2025-12-31	0.0	0.0	https://lobbying.wi.gov/Who/LobbyistInformation/2025REG/Information/11400
WI-lobbyist-11400-activity-2026-H1	11400	WI	activity_report	lobbyist	2026-01-01	2026-06-30	0.0	0.0	https://lobbying.wi.gov/Who/LobbyistInformation/2025REG/Information/11400
WI-lobbyist-11400-activity-2026-H2	11400	WI	activity_report	lobbyist	2026-07-01	2026-12-31	0.0	0.0	https://lobbying.wi.gov/Who/LobbyistInformation/2025REG/Information/11400
WI-lobbyist-11401-activity-2025-H1	11401	WI	activity_report	lobbyist	2025-01-01	2025-06-30	0.0	0.0	https://lobbying.wi.gov/Who/LobbyistInformation/2025REG/Information/11401
WI-lobbyist-11401-activity-2025-H2	11401	WI	activity_report	lobbyist	2025-07-01	2025-12-31	0.0	0.0	https://lobbying.wi.gov/Who/LobbyistInformation/2025REG/Information/11401
WI-lobbyist-11401-activity-2026-H1	11401	WI	activity_report	lobbyist	2026-01-01	2026-06-30	0.0	0.0	https://lobbying.wi.gov/Who/LobbyistInformation/2025REG/Information/11401
WI-lobbyist-11401-activity-2026-H2	11401	WI	activity_report	lobbyist	2026-07-01	2026-12-31	0.0	0.0	https://lobbying.wi.gov/Who/LobbyistInformation/2025REG/Information/11401
WI-lobbyist-11402-activity-2025-H1	11402	WI	activity_report	lobbyist	2025-01-01	2025-06-30	18.5	43.0	https://lobbying.wi.gov/Who/LobbyistInformation/2025REG/Information/11402
WI-lobbyist-11402-activity-2025-H2	11402	WI	activity_report	lobbyist	2025-07-01	2025-12-31	0.0	25.0	https://lobbying.wi.gov/Who/LobbyistInformation/2025REG/Information/11402
WI-lobbyist-11402-activity-2026-H1	11402	WI	activity_report	lobbyist	2026-01-01	2026-06-30	4.0	9.0	https://lobbying.wi.gov/Who/LobbyistInformation/2025REG/Information/11402
WI-lobbyist-11402-activity-2026-H2	11402	WI	activity_report	lobbyist	2026-07-01	2026-12-31	0.0	0.0	https://lobbying.wi.gov/Who/LobbyistInformation/2025REG/Information/11402
WI-lobbyist-11403-activity-2025-H1	11403	WI	activity_report	lobbyist	2025-01-01	2025-06-30	26.0	39.5	https://lobbying.wi.gov/Who/LobbyistInformation/2025REG/Information/11403
WI-lobbyist-11403-activity-2025-H2	11403	WI	activity_report	lobbyist	2025-07-01	2025-12-31	12.0	20.0	https://lobbying.wi.gov/Who/LobbyistInformation/2025REG/Information/11403
WI-lobbyist-11403-activity-2026-H1	11403	WI	activity_report	lobbyist	2026-01-01	2026-06-30	0.0	0.0	https://lobbying.wi.gov/Who/LobbyistInformation/2025REG/Information/11403
WI-lobbyist-11403-activity-2026-H2	11403	WI	activity_report	lobbyist	2026-07-01	2026-12-31	0.0	0.0	https://lobbying.wi.gov/Who/LobbyistInformation/2025REG/Information/11403
WI-lobbyist-11404-activity-2025-H1	11404	WI	activity_report	lobbyist	2025-01-01	2025-06-30	37.5	341.0	https://lobbying.wi.gov/Who/LobbyistInformation/2025REG/Information/11404
WI-lobbyist-11404-activity-2025-H2	11404	WI	activity_report	lobbyist	2025-07-01	2025-12-31	49.0	316.5	https://lobbying.wi.gov/Who/LobbyistInformation/2025REG/Information/11404
WI-lobbyist-11404-activity-2026-H1	11404	WI	activity_report	lobbyist	2026-01-01	2026-06-30	0.0	0.0	https://lobbying.wi.gov/Who/LobbyistInformation/2025REG/Information/11404
WI-lobbyist-11404-activity-2026-H2	11404	WI	activity_report	lobbyist	2026-07-01	2026-12-31	0.0	0.0	https://lobbying.wi.gov/Who/LobbyistInformation/2025REG/Information/11404
WI-lobbyist-11405-activity-2025-H1	11405	WI	activity_report	lobbyist	2025-01-01	2025-06-30	95.5	9.5	https://lobbying.wi.gov/Who/LobbyistInformation/2025REG/Information/11405
WI-lobbyist-11405-activity-2025-H2	11405	WI	activity_report	lobbyist	2025-07-01	2025-12-31	75.5	3.0	https://lobbying.wi.gov/Who/LobbyistInformation/2025REG/Information/11405
WI-lobbyist-11405-activity-2026-H1	11405	WI	activity_report	lobbyist	2026-01-01	2026-06-30	0.0	0.0	https://lobbying.wi.gov/Who/LobbyistInformation/2025REG/Information/11405
WI-lobbyist-11405-activity-2026-H2	11405	WI	activity_report	lobbyist	2026-07-01	2026-12-31	0.0	0.0	https://lobbying.wi.gov/Who/LobbyistInformation/2025REG/Information/11405
WI-lobbyist-11406-activity-2025-H1	11406	WI	activity_report	lobbyist	2025-01-01	2025-06-30	49.5	311.75	https://lobbying.wi.gov/Who/LobbyistInformation/2025REG/Information/11406
WI-lobbyist-11406-activity-2025-H2	11406	WI	activity_report	lobbyist	2025-07-01	2025-12-31	27.75	279.0	https://lobbying.wi.gov/Who/LobbyistInformation/2025REG/Information/11406
WI-lobbyist-11406-activity-2026-H1	11406	WI	activity_report	lobbyist	2026-01-01	2026-06-30	0.0	0.0	https://lobbying.wi.gov/Who/LobbyistInformation/2025REG/Information/11406
WI-lobbyist-11406-activity-2026-H2	11406	WI	activity_report	lobbyist	2026-07-01	2026-12-31	0.0	0.0	https://lobbying.wi.gov/Who/LobbyistInformation/2025REG/Information/11406
WI-lobbyist-11407-activity-2025-H1	11407	WI	activity_report	lobbyist	2025-01-01	2025-06-30	3.5	180.5	https://lobbying.wi.gov/Who/LobbyistInformation/2025REG/Information/11407
WI-lobbyist-11407-activity-2025-H2	11407	WI	activity_report	lobbyist	2025-07-01	2025-12-31	2.0	116.75	https://lobbying.wi.gov/Who/LobbyistInformation/2025REG/Information/11407
WI-lobbyist-11407-activity-2026-H1	11407	WI	activity_report	lobbyist	2026-01-01	2026-06-30	0.0	0.0	https://lobbying.wi.gov/Who/LobbyistInformation/2025REG/Information/11407
WI-lobbyist-11407-activity-2026-H2	11407	WI	activity_report	lobbyist	2026-07-01	2026-12-31	0.0	0.0	https://lobbying.wi.gov/Who/LobbyistInformation/2025REG/Information/11407
WI-lobbyist-11409-activity-2025-H1	11409	WI	activity_report	lobbyist	2025-01-01	2025-06-30	24.0	81.5	https://lobbying.wi.gov/Who/LobbyistInformation/2025REG/Information/11409
WI-lobbyist-11409-activity-2025-H2	11409	WI	activity_report	lobbyist	2025-07-01	2025-12-31	30.5	89.0	https://lobbying.wi.gov/Who/LobbyistInformation/2025REG/Information/11409
WI-lobbyist-11409-activity-2026-H1	11409	WI	activity_report	lobbyist	2026-01-01	2026-06-30	0.0	0.0	https://lobbying.wi.gov/Who/LobbyistInformation/2025REG/Information/11409
WI-lobbyist-11409-activity-2026-H2	11409	WI	activity_report	lobbyist	2026-07-01	2026-12-31	0.0	0.0	https://lobbying.wi.gov/Who/LobbyistInformation/2025REG/Information/11409
WI-lobbyist-11410-activity-2025-H1	11410	WI	activity_report	lobbyist	2025-01-01	2025-06-30	0.0	0.0	https://lobbying.wi.gov/Who/LobbyistInformation/2025REG/Information/11410
WI-lobbyist-11410-activity-2025-H2	11410	WI	activity_report	lobbyist	2025-07-01	2025-12-31	0.0	0.0	https://lobbying.wi.gov/Who/LobbyistInformation/2025REG/Information/11410
WI-lobbyist-11410-activity-2026-H1	11410	WI	activity_report	lobbyist	2026-01-01	2026-06-30	0.0	0.0	https://lobbying.wi.gov/Who/LobbyistInformation/2025REG/Information/11410
WI-lobbyist-11410-activity-2026-H2	11410	WI	activity_report	lobbyist	2026-07-01	2026-12-31	0.0	0.0	https://lobbying.wi.gov/Who/LobbyistInformation/2025REG/Information/11410
WI-lobbyist-11411-activity-2025-H1	11411	WI	activity_report	lobbyist	2025-01-01	2025-06-30	205.0	686.0	https://lobbying.wi.gov/Who/LobbyistInformation/2025REG/Information/11411
WI-lobbyist-11411-activity-2025-H2	11411	WI	activity_report	lobbyist	2025-07-01	2025-12-31	141.25	630.25	https://lobbying.wi.gov/Who/LobbyistInformation/2025REG/Information/11411
WI-lobbyist-11411-activity-2026-H1	11411	WI	activity_report	lobbyist	2026-01-01	2026-06-30	0.0	0.0	https://lobbying.wi.gov/Who/LobbyistInformation/2025REG/Information/11411
WI-lobbyist-11411-activity-2026-H2	11411	WI	activity_report	lobbyist	2026-07-01	2026-12-31	0.0	0.0	https://lobbying.wi.gov/Who/LobbyistInformation/2025REG/Information/11411
WI-lobbyist-11412-activity-2025-H1	11412	WI	activity_report	lobbyist	2025-01-01	2025-06-30	42.75	104.25	https://lobbying.wi.gov/Who/LobbyistInformation/2025REG/Information/11412
WI-lobbyist-11412-activity-2025-H2	11412	WI	activity_report	lobbyist	2025-07-01	2025-12-31	0.0	0.0	https://lobbying.wi.gov/Who/LobbyistInformation/2025REG/Information/11412
WI-lobbyist-11412-activity-2026-H1	11412	WI	activity_report	lobbyist	2026-01-01	2026-06-30	0.0	0.0	https://lobbying.wi.gov/Who/LobbyistInformation/2025REG/Information/11412
WI-lobbyist-11412-activity-2026-H2	11412	WI	activity_report	lobbyist	2026-07-01	2026-12-31	0.0	0.0	https://lobbying.wi.gov/Who/LobbyistInformation/2025REG/Information/11412
WI-lobbyist-11413-activity-2025-H1	11413	WI	activity_report	lobbyist	2025-01-01	2025-06-30	150.0	569.5	https://lobbying.wi.gov/Who/LobbyistInformation/2025REG/Information/11413
WI-lobbyist-11413-activity-2025-H2	11413	WI	activity_report	lobbyist	2025-07-01	2025-12-31	72.75	403.5	https://lobbying.wi.gov/Who/LobbyistInformation/2025REG/Information/11413
WI-lobbyist-11413-activity-2026-H1	11413	WI	activity_report	lobbyist	2026-01-01	2026-06-30	0.0	0.0	https://lobbying.wi.gov/Who/LobbyistInformation/2025REG/Information/11413
WI-lobbyist-11413-activity-2026-H2	11413	WI	activity_report	lobbyist	2026-07-01	2026-12-31	0.0	0.0	https://lobbying.wi.gov/Who/LobbyistInformation/2025REG/Information/11413
WI-lobbyist-11414-activity-2025-H1	11414	WI	activity_report	lobbyist	2025-01-01	2025-06-30	8.0	0.0	https://lobbying.wi.gov/Who/LobbyistInformation/2025REG/Information/11414
WI-lobbyist-11414-activity-2025-H2	11414	WI	activity_report	lobbyist	2025-07-01	2025-12-31	2.0	2.0	https://lobbying.wi.gov/Who/LobbyistInformation/2025REG/Information/11414
WI-lobbyist-11414-activity-2026-H1	11414	WI	activity_report	lobbyist	2026-01-01	2026-06-30	0.0	0.0	https://lobbying.wi.gov/Who/LobbyistInformation/2025REG/Information/11414
WI-lobbyist-11414-activity-2026-H2	11414	WI	activity_report	lobbyist	2026-07-01	2026-12-31	0.0	0.0	https://lobbying.wi.gov/Who/LobbyistInformation/2025REG/Information/11414
WI-lobbyist-11415-activity-2025-H1	11415	WI	activity_report	lobbyist	2025-01-01	2025-06-30	162.5	370.5	https://lobbying.wi.gov/Who/LobbyistInformation/2025REG/Information/11415
WI-lobbyist-11415-activity-2025-H2	11415	WI	activity_report	lobbyist	2025-07-01	2025-12-31	82.5	221.5	https://lobbying.wi.gov/Who/LobbyistInformation/2025REG/Information/11415
WI-lobbyist-11415-activity-2026-H1	11415	WI	activity_report	lobbyist	2026-01-01	2026-06-30	0.0	0.0	https://lobbying.wi.gov/Who/LobbyistInformation/2025REG/Information/11415
WI-lobbyist-11415-activity-2026-H2	11415	WI	activity_report	lobbyist	2026-07-01	2026-12-31	0.0	0.0	https://lobbying.wi.gov/Who/LobbyistInformation/2025REG/Information/11415
WI-lobbyist-11417-activity-2025-H1	11417	WI	activity_report	lobbyist	2025-01-01	2025-06-30	58.5	184.25	https://lobbying.wi.gov/Who/LobbyistInformation/2025REG/Information/11417
WI-lobbyist-11417-activity-2025-H2	11417	WI	activity_report	lobbyist	2025-07-01	2025-12-31	49.0	230.25	https://lobbying.wi.gov/Who/LobbyistInformation/2025REG/Information/11417
WI-lobbyist-11417-activity-2026-H1	11417	WI	activity_report	lobbyist	2026-01-01	2026-06-30	0.0	0.0	https://lobbying.wi.gov/Who/LobbyistInformation/2025REG/Information/11417
WI-lobbyist-11417-activity-2026-H2	11417	WI	activity_report	lobbyist	2026-07-01	2026-12-31	0.0	0.0	https://lobbying.wi.gov/Who/LobbyistInformation/2025REG/Information/11417
WI-lobbyist-11418-activity-2025-H1	11418	WI	activity_report	lobbyist	2025-01-01	2025-06-30	0.0	0.0	https://lobbying.wi.gov/Who/LobbyistInformation/2025REG/Information/11418
WI-lobbyist-11418-activity-2025-H2	11418	WI	activity_report	lobbyist	2025-07-01	2025-12-31	0.0	0.0	https://lobbying.wi.gov/Who/LobbyistInformation/2025REG/Information/11418
WI-lobbyist-11418-activity-2026-H1	11418	WI	activity_report	lobbyist	2026-01-01	2026-06-30	0.0	0.0	https://lobbying.wi.gov/Who/LobbyistInformation/2025REG/Information/11418
WI-lobbyist-11418-activity-2026-H2	11418	WI	activity_report	lobbyist	2026-07-01	2026-12-31	0.0	0.0	https://lobbying.wi.gov/Who/LobbyistInformation/2025REG/Information/11418
WI-lobbyist-11419-activity-2025-H1	11419	WI	activity_report	lobbyist	2025-01-01	2025-06-30	93.0	164.0	https://lobbying.wi.gov/Who/LobbyistInformation/2025REG/Information/11419
WI-lobbyist-11419-activity-2025-H2	11419	WI	activity_report	lobbyist	2025-07-01	2025-12-31	88.25	171.0	https://lobbying.wi.gov/Who/LobbyistInformation/2025REG/Information/11419
WI-lobbyist-11419-activity-2026-H1	11419	WI	activity_report	lobbyist	2026-01-01	2026-06-30	93.75	96.5	https://lobbying.wi.gov/Who/LobbyistInformation/2025REG/Information/11419
WI-lobbyist-11419-activity-2026-H2	11419	WI	activity_report	lobbyist	2026-07-01	2026-12-31	0.0	0.0	https://lobbying.wi.gov/Who/LobbyistInformation/2025REG/Information/11419
WI-lobbyist-11420-activity-2025-H1	11420	WI	activity_report	lobbyist	2025-01-01	2025-06-30	13.0	0.0	https://lobbying.wi.gov/Who/LobbyistInformation/2025REG/Information/11420
WI-lobbyist-11420-activity-2025-H2	11420	WI	activity_report	lobbyist	2025-07-01	2025-12-31	0.0	3.0	https://lobbying.wi.gov/Who/LobbyistInformation/2025REG/Information/11420
WI-lobbyist-11420-activity-2026-H1	11420	WI	activity_report	lobbyist	2026-01-01	2026-06-30	2.0	1.0	https://lobbying.wi.gov/Who/LobbyistInformation/2025REG/Information/11420
WI-lobbyist-11420-activity-2026-H2	11420	WI	activity_report	lobbyist	2026-07-01	2026-12-31	0.0	0.0	https://lobbying.wi.gov/Who/LobbyistInformation/2025REG/Information/11420
WI-lobbyist-11421-activity-2025-H1	11421	WI	activity_report	lobbyist	2025-01-01	2025-06-30	5.5	18.0	https://lobbying.wi.gov/Who/LobbyistInformation/2025REG/Information/11421
WI-lobbyist-11421-activity-2025-H2	11421	WI	activity_report	lobbyist	2025-07-01	2025-12-31	0.0	41.0	https://lobbying.wi.gov/Who/LobbyistInformation/2025REG/Information/11421
WI-lobbyist-11421-activity-2026-H1	11421	WI	activity_report	lobbyist	2026-01-01	2026-06-30	1.5	4.0	https://lobbying.wi.gov/Who/LobbyistInformation/2025REG/Information/11421
WI-lobbyist-11421-activity-2026-H2	11421	WI	activity_report	lobbyist	2026-07-01	2026-12-31	0.0	0.0	https://lobbying.wi.gov/Who/LobbyistInformation/2025REG/Information/11421
WI-lobbyist-11422-activity-2025-H1	11422	WI	activity_report	lobbyist	2025-01-01	2025-06-30	15.5	44.0	https://lobbying.wi.gov/Who/LobbyistInformation/2025REG/Information/11422
WI-lobbyist-11422-activity-2025-H2	11422	WI	activity_report	lobbyist	2025-07-01	2025-12-31	15.25	34.5	https://lobbying.wi.gov/Who/LobbyistInformation/2025REG/Information/11422
WI-lobbyist-11422-activity-2026-H1	11422	WI	activity_report	lobbyist	2026-01-01	2026-06-30	0.0	0.0	https://lobbying.wi.gov/Who/LobbyistInformation/2025REG/Information/11422
WI-lobbyist-11422-activity-2026-H2	11422	WI	activity_report	lobbyist	2026-07-01	2026-12-31	0.0	1.0	https://lobbying.wi.gov/Who/LobbyistInformation/2025REG/Information/11422
WI-lobbyist-11423-activity-2025-H1	11423	WI	activity_report	lobbyist	2025-01-01	2025-06-30	9.5	245.0	https://lobbying.wi.gov/Who/LobbyistInformation/2025REG/Information/11423
WI-lobbyist-11423-activity-2025-H2	11423	WI	activity_report	lobbyist	2025-07-01	2025-12-31	3.0	162.0	https://lobbying.wi.gov/Who/LobbyistInformation/2025REG/Information/11423
WI-lobbyist-11423-activity-2026-H1	11423	WI	activity_report	lobbyist	2026-01-01	2026-06-30	0.0	0.0	https://lobbying.wi.gov/Who/LobbyistInformation/2025REG/Information/11423
WI-lobbyist-11423-activity-2026-H2	11423	WI	activity_report	lobbyist	2026-07-01	2026-12-31	0.0	0.0	https://lobbying.wi.gov/Who/LobbyistInformation/2025REG/Information/11423
WI-lobbyist-11424-activity-2025-H1	11424	WI	activity_report	lobbyist	2025-01-01	2025-06-30	103.5	69.0	https://lobbying.wi.gov/Who/LobbyistInformation/2025REG/Information/11424
WI-lobbyist-11424-activity-2025-H2	11424	WI	activity_report	lobbyist	2025-07-01	2025-12-31	96.5	131.0	https://lobbying.wi.gov/Who/LobbyistInformation/2025REG/Information/11424
WI-lobbyist-11424-activity-2026-H1	11424	WI	activity_report	lobbyist	2026-01-01	2026-06-30	0.0	0.0	https://lobbying.wi.gov/Who/LobbyistInformation/2025REG/Information/11424
WI-lobbyist-11424-activity-2026-H2	11424	WI	activity_report	lobbyist	2026-07-01	2026-12-31	0.0	0.0	https://lobbying.wi.gov/Who/LobbyistInformation/2025REG/Information/11424
WI-lobbyist-11425-activity-2025-H1	11425	WI	activity_report	lobbyist	2025-01-01	2025-06-30	27.0	34.0	https://lobbying.wi.gov/Who/LobbyistInformation/2025REG/Information/11425
WI-lobbyist-11425-activity-2025-H2	11425	WI	activity_report	lobbyist	2025-07-01	2025-12-31	43.0	0.0	https://lobbying.wi.gov/Who/LobbyistInformation/2025REG/Information/11425
WI-lobbyist-11425-activity-2026-H1	11425	WI	activity_report	lobbyist	2026-01-01	2026-06-30	0.0	0.0	https://lobbying.wi.gov/Who/LobbyistInformation/2025REG/Information/11425
WI-lobbyist-11425-activity-2026-H2	11425	WI	activity_report	lobbyist	2026-07-01	2026-12-31	0.0	0.0	https://lobbying.wi.gov/Who/LobbyistInformation/2025REG/Information/11425
WI-lobbyist-11426-activity-2025-H1	11426	WI	activity_report	lobbyist	2025-01-01	2025-06-30	0.0	0.0	https://lobbying.wi.gov/Who/LobbyistInformation/2025REG/Information/11426
WI-lobbyist-11426-activity-2025-H2	11426	WI	activity_report	lobbyist	2025-07-01	2025-12-31	0.0	0.0	https://lobbying.wi.gov/Who/LobbyistInformation/2025REG/Information/11426
WI-lobbyist-11426-activity-2026-H1	11426	WI	activity_report	lobbyist	2026-01-01	2026-06-30	0.0	0.0	https://lobbying.wi.gov/Who/LobbyistInformation/2025REG/Information/11426
WI-lobbyist-11426-activity-2026-H2	11426	WI	activity_report	lobbyist	2026-07-01	2026-12-31	0.0	0.0	https://lobbying.wi.gov/Who/LobbyistInformation/2025REG/Information/11426
WI-lobbyist-11427-activity-2025-H1	11427	WI	activity_report	lobbyist	2025-01-01	2025-06-30	0.0	3.25	https://lobbying.wi.gov/Who/LobbyistInformation/2025REG/Information/11427
WI-lobbyist-11427-activity-2025-H2	11427	WI	activity_report	lobbyist	2025-07-01	2025-12-31	0.0	3.0	https://lobbying.wi.gov/Who/LobbyistInformation/2025REG/Information/11427
WI-lobbyist-11427-activity-2026-H1	11427	WI	activity_report	lobbyist	2026-01-01	2026-06-30	0.0	0.25	https://lobbying.wi.gov/Who/LobbyistInformation/2025REG/Information/11427
WI-lobbyist-11427-activity-2026-H2	11427	WI	activity_report	lobbyist	2026-07-01	2026-12-31	0.0	0.0	https://lobbying.wi.gov/Who/LobbyistInformation/2025REG/Information/11427
WI-lobbyist-11428-activity-2025-H1	11428	WI	activity_report	lobbyist	2025-01-01	2025-06-30	0.0	0.0	https://lobbying.wi.gov/Who/LobbyistInformation/2025REG/Information/11428
WI-lobbyist-11428-activity-2025-H2	11428	WI	activity_report	lobbyist	2025-07-01	2025-12-31	0.0	0.0	https://lobbying.wi.gov/Who/LobbyistInformation/2025REG/Information/11428
WI-lobbyist-11428-activity-2026-H1	11428	WI	activity_report	lobbyist	2026-01-01	2026-06-30	0.0	0.0	https://lobbying.wi.gov/Who/LobbyistInformation/2025REG/Information/11428
WI-lobbyist-11428-activity-2026-H2	11428	WI	activity_report	lobbyist	2026-07-01	2026-12-31	0.0	0.0	https://lobbying.wi.gov/Who/LobbyistInformation/2025REG/Information/11428
WI-lobbyist-11429-activity-2025-H1	11429	WI	activity_report	lobbyist	2025-01-01	2025-06-30	7.5	18.75	https://lobbying.wi.gov/Who/LobbyistInformation/2025REG/Information/11429
WI-lobbyist-11429-activity-2025-H2	11429	WI	activity_report	lobbyist	2025-07-01	2025-12-31	12.65	31.7	https://lobbying.wi.gov/Who/LobbyistInformation/2025REG/Information/11429
WI-lobbyist-11429-activity-2026-H1	11429	WI	activity_report	lobbyist	2026-01-01	2026-06-30	0.0	0.0	https://lobbying.wi.gov/Who/LobbyistInformation/2025REG/Information/11429
WI-lobbyist-11429-activity-2026-H2	11429	WI	activity_report	lobbyist	2026-07-01	2026-12-31	0.0	0.0	https://lobbying.wi.gov/Who/LobbyistInformation/2025REG/Information/11429
WI-lobbyist-11430-activity-2025-H1	11430	WI	activity_report	lobbyist	2025-01-01	2025-06-30	7.5	1.0	https://lobbying.wi.gov/Who/LobbyistInformation/2025REG/Information/11430
WI-lobbyist-11430-activity-2025-H2	11430	WI	activity_report	lobbyist	2025-07-01	2025-12-31	0.0	0.0	https://lobbying.wi.gov/Who/LobbyistInformation/2025REG/Information/11430
WI-lobbyist-11430-activity-2026-H1	11430	WI	activity_report	lobbyist	2026-01-01	2026-06-30	0.0	0.0	https://lobbying.wi.gov/Who/LobbyistInformation/2025REG/Information/11430
WI-lobbyist-11430-activity-2026-H2	11430	WI	activity_report	lobbyist	2026-07-01	2026-12-31	0.0	0.0	https://lobbying.wi.gov/Who/LobbyistInformation/2025REG/Information/11430
WI-lobbyist-11431-activity-2025-H1	11431	WI	activity_report	lobbyist	2025-01-01	2025-06-30	4.5	14.75	https://lobbying.wi.gov/Who/LobbyistInformation/2025REG/Information/11431
WI-lobbyist-11431-activity-2025-H2	11431	WI	activity_report	lobbyist	2025-07-01	2025-12-31	4.0	10.0	https://lobbying.wi.gov/Who/LobbyistInformation/2025REG/Information/11431
WI-lobbyist-11431-activity-2026-H1	11431	WI	activity_report	lobbyist	2026-01-01	2026-06-30	0.0	0.0	https://lobbying.wi.gov/Who/LobbyistInformation/2025REG/Information/11431
WI-lobbyist-11431-activity-2026-H2	11431	WI	activity_report	lobbyist	2026-07-01	2026-12-31	0.0	0.0	https://lobbying.wi.gov/Who/LobbyistInformation/2025REG/Information/11431
WI-lobbyist-11432-activity-2025-H1	11432	WI	activity_report	lobbyist	2025-01-01	2025-06-30	12.85	216.45	https://lobbying.wi.gov/Who/LobbyistInformation/2025REG/Information/11432
WI-lobbyist-11432-activity-2025-H2	11432	WI	activity_report	lobbyist	2025-07-01	2025-12-31	3.0	209.7	https://lobbying.wi.gov/Who/LobbyistInformation/2025REG/Information/11432
WI-lobbyist-11432-activity-2026-H1	11432	WI	activity_report	lobbyist	2026-01-01	2026-06-30	0.0	0.0	https://lobbying.wi.gov/Who/LobbyistInformation/2025REG/Information/11432
WI-lobbyist-11432-activity-2026-H2	11432	WI	activity_report	lobbyist	2026-07-01	2026-12-31	0.0	0.0	https://lobbying.wi.gov/Who/LobbyistInformation/2025REG/Information/11432
WI-lobbyist-11433-activity-2025-H1	11433	WI	activity_report	lobbyist	2025-01-01	2025-06-30	0.0	0.0	https://lobbying.wi.gov/Who/LobbyistInformation/2025REG/Information/11433
WI-lobbyist-11433-activity-2025-H2	11433	WI	activity_report	lobbyist	2025-07-01	2025-12-31	0.0	0.0	https://lobbying.wi.gov/Who/LobbyistInformation/2025REG/Information/11433
WI-lobbyist-11433-activity-2026-H1	11433	WI	activity_report	lobbyist	2026-01-01	2026-06-30	0.0	0.0	https://lobbying.wi.gov/Who/LobbyistInformation/2025REG/Information/11433
WI-lobbyist-11433-activity-2026-H2	11433	WI	activity_report	lobbyist	2026-07-01	2026-12-31	0.0	0.0	https://lobbying.wi.gov/Who/LobbyistInformation/2025REG/Information/11433
WI-lobbyist-11434-activity-2025-H1	11434	WI	activity_report	lobbyist	2025-01-01	2025-06-30	4.0	6.0	https://lobbying.wi.gov/Who/LobbyistInformation/2025REG/Information/11434
WI-lobbyist-11434-activity-2025-H2	11434	WI	activity_report	lobbyist	2025-07-01	2025-12-31	0.0	6.0	https://lobbying.wi.gov/Who/LobbyistInformation/2025REG/Information/11434
WI-lobbyist-11434-activity-2026-H1	11434	WI	activity_report	lobbyist	2026-01-01	2026-06-30	0.0	0.0	https://lobbying.wi.gov/Who/LobbyistInformation/2025REG/Information/11434
WI-lobbyist-11434-activity-2026-H2	11434	WI	activity_report	lobbyist	2026-07-01	2026-12-31	0.0	0.0	https://lobbying.wi.gov/Who/LobbyistInformation/2025REG/Information/11434
WI-lobbyist-11435-activity-2025-H1	11435	WI	activity_report	lobbyist	2025-01-01	2025-06-30	9.1	19.9	https://lobbying.wi.gov/Who/LobbyistInformation/2025REG/Information/11435
WI-lobbyist-11435-activity-2025-H2	11435	WI	activity_report	lobbyist	2025-07-01	2025-12-31	27.0	9.0	https://lobbying.wi.gov/Who/LobbyistInformation/2025REG/Information/11435
WI-lobbyist-11435-activity-2026-H1	11435	WI	activity_report	lobbyist	2026-01-01	2026-06-30	0.0	0.0	https://lobbying.wi.gov/Who/LobbyistInformation/2025REG/Information/11435
WI-lobbyist-11435-activity-2026-H2	11435	WI	activity_report	lobbyist	2026-07-01	2026-12-31	0.0	0.0	https://lobbying.wi.gov/Who/LobbyistInformation/2025REG/Information/11435
WI-lobbyist-11436-activity-2025-H1	11436	WI	activity_report	lobbyist	2025-01-01	2025-06-30	0.0	0.0	https://lobbying.wi.gov/Who/LobbyistInformation/2025REG/Information/11436
WI-lobbyist-11436-activity-2025-H2	11436	WI	activity_report	lobbyist	2025-07-01	2025-12-31	0.0	0.0	https://lobbying.wi.gov/Who/LobbyistInformation/2025REG/Information/11436
WI-lobbyist-11436-activity-2026-H1	11436	WI	activity_report	lobbyist	2026-01-01	2026-06-30	0.0	0.0	https://lobbying.wi.gov/Who/LobbyistInformation/2025REG/Information/11436
WI-lobbyist-11436-activity-2026-H2	11436	WI	activity_report	lobbyist	2026-07-01	2026-12-31	0.0	0.0	https://lobbying.wi.gov/Who/LobbyistInformation/2025REG/Information/11436
WI-lobbyist-11437-activity-2025-H1	11437	WI	activity_report	lobbyist	2025-01-01	2025-06-30	0.0	0.0	https://lobbying.wi.gov/Who/LobbyistInformation/2025REG/Information/11437
WI-lobbyist-11437-activity-2025-H2	11437	WI	activity_report	lobbyist	2025-07-01	2025-12-31	0.0	0.0	https://lobbying.wi.gov/Who/LobbyistInformation/2025REG/Information/11437
WI-lobbyist-11437-activity-2026-H1	11437	WI	activity_report	lobbyist	2026-01-01	2026-06-30	0.0	0.0	https://lobbying.wi.gov/Who/LobbyistInformation/2025REG/Information/11437
WI-lobbyist-11437-activity-2026-H2	11437	WI	activity_report	lobbyist	2026-07-01	2026-12-31	0.0	0.0	https://lobbying.wi.gov/Who/LobbyistInformation/2025REG/Information/11437
WI-lobbyist-11438-activity-2025-H1	11438	WI	activity_report	lobbyist	2025-01-01	2025-06-30	18.5	2.5	https://lobbying.wi.gov/Who/LobbyistInformation/2025REG/Information/11438
WI-lobbyist-11438-activity-2025-H2	11438	WI	activity_report	lobbyist	2025-07-01	2025-12-31	10.5	114.0	https://lobbying.wi.gov/Who/LobbyistInformation/2025REG/Information/11438
WI-lobbyist-11438-activity-2026-H1	11438	WI	activity_report	lobbyist	2026-01-01	2026-06-30	0.0	0.0	https://lobbying.wi.gov/Who/LobbyistInformation/2025REG/Information/11438
WI-lobbyist-11438-activity-2026-H2	11438	WI	activity_report	lobbyist	2026-07-01	2026-12-31	0.0	0.0	https://lobbying.wi.gov/Who/LobbyistInformation/2025REG/Information/11438
WI-lobbyist-11439-activity-2025-H1	11439	WI	activity_report	lobbyist	2025-01-01	2025-06-30	77.0	207.0	https://lobbying.wi.gov/Who/LobbyistInformation/2025REG/Information/11439
WI-lobbyist-11439-activity-2025-H2	11439	WI	activity_report	lobbyist	2025-07-01	2025-12-31	40.0	175.4	https://lobbying.wi.gov/Who/LobbyistInformation/2025REG/Information/11439
WI-lobbyist-11439-activity-2026-H1	11439	WI	activity_report	lobbyist	2026-01-01	2026-06-30	0.0	0.0	https://lobbying.wi.gov/Who/LobbyistInformation/2025REG/Information/11439
WI-lobbyist-11439-activity-2026-H2	11439	WI	activity_report	lobbyist	2026-07-01	2026-12-31	0.0	0.0	https://lobbying.wi.gov/Who/LobbyistInformation/2025REG/Information/11439
WI-lobbyist-11440-activity-2025-H1	11440	WI	activity_report	lobbyist	2025-01-01	2025-06-30	43.0	31.0	https://lobbying.wi.gov/Who/LobbyistInformation/2025REG/Information/11440
WI-lobbyist-11440-activity-2025-H2	11440	WI	activity_report	lobbyist	2025-07-01	2025-12-31	18.0	35.0	https://lobbying.wi.gov/Who/LobbyistInformation/2025REG/Information/11440
WI-lobbyist-11440-activity-2026-H1	11440	WI	activity_report	lobbyist	2026-01-01	2026-06-30	0.0	0.0	https://lobbying.wi.gov/Who/LobbyistInformation/2025REG/Information/11440
WI-lobbyist-11440-activity-2026-H2	11440	WI	activity_report	lobbyist	2026-07-01	2026-12-31	0.0	0.0	https://lobbying.wi.gov/Who/LobbyistInformation/2025REG/Information/11440
WI-lobbyist-11441-activity-2025-H1	11441	WI	activity_report	lobbyist	2025-01-01	2025-06-30	0.0	26.0	https://lobbying.wi.gov/Who/LobbyistInformation/2025REG/Information/11441
WI-lobbyist-11441-activity-2025-H2	11441	WI	activity_report	lobbyist	2025-07-01	2025-12-31	0.5	36.0	https://lobbying.wi.gov/Who/LobbyistInformation/2025REG/Information/11441
WI-lobbyist-11441-activity-2026-H1	11441	WI	activity_report	lobbyist	2026-01-01	2026-06-30	0.0	0.0	https://lobbying.wi.gov/Who/LobbyistInformation/2025REG/Information/11441
WI-lobbyist-11441-activity-2026-H2	11441	WI	activity_report	lobbyist	2026-07-01	2026-12-31	0.0	0.0	https://lobbying.wi.gov/Who/LobbyistInformation/2025REG/Information/11441
WI-lobbyist-11442-activity-2025-H1	11442	WI	activity_report	lobbyist	2025-01-01	2025-06-30	101.25	306.25	https://lobbying.wi.gov/Who/LobbyistInformation/2025REG/Information/11442
WI-lobbyist-11442-activity-2025-H2	11442	WI	activity_report	lobbyist	2025-07-01	2025-12-31	108.0	380.0	https://lobbying.wi.gov/Who/LobbyistInformation/2025REG/Information/11442
WI-lobbyist-11442-activity-2026-H1	11442	WI	activity_report	lobbyist	2026-01-01	2026-06-30	0.0	0.0	https://lobbying.wi.gov/Who/LobbyistInformation/2025REG/Information/11442
WI-lobbyist-11442-activity-2026-H2	11442	WI	activity_report	lobbyist	2026-07-01	2026-12-31	0.0	0.0	https://lobbying.wi.gov/Who/LobbyistInformation/2025REG/Information/11442
WI-lobbyist-11444-activity-2025-H1	11444	WI	activity_report	lobbyist	2025-01-01	2025-06-30	3.0	11.0	https://lobbying.wi.gov/Who/LobbyistInformation/2025REG/Information/11444
WI-lobbyist-11444-activity-2025-H2	11444	WI	activity_report	lobbyist	2025-07-01	2025-12-31	0.0	0.0	https://lobbying.wi.gov/Who/LobbyistInformation/2025REG/Information/11444
WI-lobbyist-11444-activity-2026-H1	11444	WI	activity_report	lobbyist	2026-01-01	2026-06-30	0.0	0.0	https://lobbying.wi.gov/Who/LobbyistInformation/2025REG/Information/11444
WI-lobbyist-11444-activity-2026-H2	11444	WI	activity_report	lobbyist	2026-07-01	2026-12-31	0.0	0.0	https://lobbying.wi.gov/Who/LobbyistInformation/2025REG/Information/11444
WI-lobbyist-11445-activity-2025-H1	11445	WI	activity_report	lobbyist	2025-01-01	2025-06-30	3.0	10.5	https://lobbying.wi.gov/Who/LobbyistInformation/2025REG/Information/11445
WI-lobbyist-11445-activity-2025-H2	11445	WI	activity_report	lobbyist	2025-07-01	2025-12-31	1.0	7.0	https://lobbying.wi.gov/Who/LobbyistInformation/2025REG/Information/11445
WI-lobbyist-11445-activity-2026-H1	11445	WI	activity_report	lobbyist	2026-01-01	2026-06-30	0.0	0.0	https://lobbying.wi.gov/Who/LobbyistInformation/2025REG/Information/11445
WI-lobbyist-11445-activity-2026-H2	11445	WI	activity_report	lobbyist	2026-07-01	2026-12-31	0.0	0.0	https://lobbying.wi.gov/Who/LobbyistInformation/2025REG/Information/11445
WI-lobbyist-11446-activity-2025-H1	11446	WI	activity_report	lobbyist	2025-01-01	2025-06-30	147.0	346.25	https://lobbying.wi.gov/Who/LobbyistInformation/2025REG/Information/11446
WI-lobbyist-11446-activity-2025-H2	11446	WI	activity_report	lobbyist	2025-07-01	2025-12-31	108.75	311.5	https://lobbying.wi.gov/Who/LobbyistInformation/2025REG/Information/11446
WI-lobbyist-11446-activity-2026-H1	11446	WI	activity_report	lobbyist	2026-01-01	2026-06-30	0.0	0.0	https://lobbying.wi.gov/Who/LobbyistInformation/2025REG/Information/11446
WI-lobbyist-11446-activity-2026-H2	11446	WI	activity_report	lobbyist	2026-07-01	2026-12-31	0.0	0.0	https://lobbying.wi.gov/Who/LobbyistInformation/2025REG/Information/11446
WI-lobbyist-11447-activity-2025-H1	11447	WI	activity_report	lobbyist	2025-01-01	2025-06-30	0.0	0.0	https://lobbying.wi.gov/Who/LobbyistInformation/2025REG/Information/11447
WI-lobbyist-11447-activity-2025-H2	11447	WI	activity_report	lobbyist	2025-07-01	2025-12-31	0.0	0.0	https://lobbying.wi.gov/Who/LobbyistInformation/2025REG/Information/11447
WI-lobbyist-11447-activity-2026-H1	11447	WI	activity_report	lobbyist	2026-01-01	2026-06-30	0.0	0.0	https://lobbying.wi.gov/Who/LobbyistInformation/2025REG/Information/11447
WI-lobbyist-11447-activity-2026-H2	11447	WI	activity_report	lobbyist	2026-07-01	2026-12-31	0.0	0.0	https://lobbying.wi.gov/Who/LobbyistInformation/2025REG/Information/11447
WI-lobbyist-11448-activity-2025-H1	11448	WI	activity_report	lobbyist	2025-01-01	2025-06-30	31.0	4.0	https://lobbying.wi.gov/Who/LobbyistInformation/2025REG/Information/11448
WI-lobbyist-11448-activity-2025-H2	11448	WI	activity_report	lobbyist	2025-07-01	2025-12-31	14.5	6.0	https://lobbying.wi.gov/Who/LobbyistInformation/2025REG/Information/11448
WI-lobbyist-11448-activity-2026-H1	11448	WI	activity_report	lobbyist	2026-01-01	2026-06-30	0.0	0.0	https://lobbying.wi.gov/Who/LobbyistInformation/2025REG/Information/11448
WI-lobbyist-11448-activity-2026-H2	11448	WI	activity_report	lobbyist	2026-07-01	2026-12-31	0.0	0.0	https://lobbying.wi.gov/Who/LobbyistInformation/2025REG/Information/11448
WI-lobbyist-11449-activity-2025-H1	11449	WI	activity_report	lobbyist	2025-01-01	2025-06-30	0.0	0.0	https://lobbying.wi.gov/Who/LobbyistInformation/2025REG/Information/11449
WI-lobbyist-11449-activity-2025-H2	11449	WI	activity_report	lobbyist	2025-07-01	2025-12-31	0.0	0.0	https://lobbying.wi.gov/Who/LobbyistInformation/2025REG/Information/11449
WI-lobbyist-11449-activity-2026-H1	11449	WI	activity_report	lobbyist	2026-01-01	2026-06-30	0.0	0.0	https://lobbying.wi.gov/Who/LobbyistInformation/2025REG/Information/11449
WI-lobbyist-11449-activity-2026-H2	11449	WI	activity_report	lobbyist	2026-07-01	2026-12-31	0.0	0.0	https://lobbying.wi.gov/Who/LobbyistInformation/2025REG/Information/11449
WI-lobbyist-11450-activity-2025-H1	11450	WI	activity_report	lobbyist	2025-01-01	2025-06-30	45.0	128.25	https://lobbying.wi.gov/Who/LobbyistInformation/2025REG/Information/11450
WI-lobbyist-11450-activity-2025-H2	11450	WI	activity_report	lobbyist	2025-07-01	2025-12-31	25.0	60.0	https://lobbying.wi.gov/Who/LobbyistInformation/2025REG/Information/11450
WI-lobbyist-11450-activity-2026-H1	11450	WI	activity_report	lobbyist	2026-01-01	2026-06-30	7.0	4.0	https://lobbying.wi.gov/Who/LobbyistInformation/2025REG/Information/11450
WI-lobbyist-11450-activity-2026-H2	11450	WI	activity_report	lobbyist	2026-07-01	2026-12-31	0.0	0.0	https://lobbying.wi.gov/Who/LobbyistInformation/2025REG/Information/11450
WI-lobbyist-11451-activity-2025-H1	11451	WI	activity_report	lobbyist	2025-01-01	2025-06-30	0.0	0.0	https://lobbying.wi.gov/Who/LobbyistInformation/2025REG/Information/11451
WI-lobbyist-11451-activity-2025-H2	11451	WI	activity_report	lobbyist	2025-07-01	2025-12-31	0.0	0.0	https://lobbying.wi.gov/Who/LobbyistInformation/2025REG/Information/11451
WI-lobbyist-11451-activity-2026-H1	11451	WI	activity_report	lobbyist	2026-01-01	2026-06-30	0.0	0.0	https://lobbying.wi.gov/Who/LobbyistInformation/2025REG/Information/11451
WI-lobbyist-11451-activity-2026-H2	11451	WI	activity_report	lobbyist	2026-07-01	2026-12-31	0.0	0.0	https://lobbying.wi.gov/Who/LobbyistInformation/2025REG/Information/11451
WI-lobbyist-11452-activity-2025-H1	11452	WI	activity_report	lobbyist	2025-01-01	2025-06-30	0.0	0.0	https://lobbying.wi.gov/Who/LobbyistInformation/2025REG/Information/11452
WI-lobbyist-11452-activity-2025-H2	11452	WI	activity_report	lobbyist	2025-07-01	2025-12-31	0.0	0.0	https://lobbying.wi.gov/Who/LobbyistInformation/2025REG/Information/11452
WI-lobbyist-11452-activity-2026-H1	11452	WI	activity_report	lobbyist	2026-01-01	2026-06-30	0.0	0.0	https://lobbying.wi.gov/Who/LobbyistInformation/2025REG/Information/11452
WI-lobbyist-11452-activity-2026-H2	11452	WI	activity_report	lobbyist	2026-07-01	2026-12-31	0.0	0.0	https://lobbying.wi.gov/Who/LobbyistInformation/2025REG/Information/11452
WI-lobbyist-11453-activity-2025-H1	11453	WI	activity_report	lobbyist	2025-01-01	2025-06-30	0.0	0.0	https://lobbying.wi.gov/Who/LobbyistInformation/2025REG/Information/11453
WI-lobbyist-11453-activity-2025-H2	11453	WI	activity_report	lobbyist	2025-07-01	2025-12-31	0.0	0.0	https://lobbying.wi.gov/Who/LobbyistInformation/2025REG/Information/11453
WI-lobbyist-11453-activity-2026-H1	11453	WI	activity_report	lobbyist	2026-01-01	2026-06-30	0.0	0.0	https://lobbying.wi.gov/Who/LobbyistInformation/2025REG/Information/11453
WI-lobbyist-11453-activity-2026-H2	11453	WI	activity_report	lobbyist	2026-07-01	2026-12-31	0.0	0.0	https://lobbying.wi.gov/Who/LobbyistInformation/2025REG/Information/11453
WI-lobbyist-11454-activity-2025-H1	11454	WI	activity_report	lobbyist	2025-01-01	2025-06-30	0.0	0.0	https://lobbying.wi.gov/Who/LobbyistInformation/2025REG/Information/11454
WI-lobbyist-11454-activity-2025-H2	11454	WI	activity_report	lobbyist	2025-07-01	2025-12-31	0.0	0.0	https://lobbying.wi.gov/Who/LobbyistInformation/2025REG/Information/11454
WI-lobbyist-11454-activity-2026-H1	11454	WI	activity_report	lobbyist	2026-01-01	2026-06-30	0.0	0.0	https://lobbying.wi.gov/Who/LobbyistInformation/2025REG/Information/11454
WI-lobbyist-11454-activity-2026-H2	11454	WI	activity_report	lobbyist	2026-07-01	2026-12-31	0.0	0.0	https://lobbying.wi.gov/Who/LobbyistInformation/2025REG/Information/11454
WI-lobbyist-11456-activity-2025-H1	11456	WI	activity_report	lobbyist	2025-01-01	2025-06-30	10.0	13.0	https://lobbying.wi.gov/Who/LobbyistInformation/2025REG/Information/11456
WI-lobbyist-11456-activity-2025-H2	11456	WI	activity_report	lobbyist	2025-07-01	2025-12-31	0.0	0.0	https://lobbying.wi.gov/Who/LobbyistInformation/2025REG/Information/11456
WI-lobbyist-11456-activity-2026-H1	11456	WI	activity_report	lobbyist	2026-01-01	2026-06-30	0.0	0.0	https://lobbying.wi.gov/Who/LobbyistInformation/2025REG/Information/11456
WI-lobbyist-11456-activity-2026-H2	11456	WI	activity_report	lobbyist	2026-07-01	2026-12-31	0.0	0.0	https://lobbying.wi.gov/Who/LobbyistInformation/2025REG/Information/11456
WI-lobbyist-11457-activity-2025-H1	11457	WI	activity_report	lobbyist	2025-01-01	2025-06-30	30.5	50.6	https://lobbying.wi.gov/Who/LobbyistInformation/2025REG/Information/11457
WI-lobbyist-11457-activity-2025-H2	11457	WI	activity_report	lobbyist	2025-07-01	2025-12-31	31.0	57.0	https://lobbying.wi.gov/Who/LobbyistInformation/2025REG/Information/11457
WI-lobbyist-11457-activity-2026-H1	11457	WI	activity_report	lobbyist	2026-01-01	2026-06-30	0.0	0.0	https://lobbying.wi.gov/Who/LobbyistInformation/2025REG/Information/11457
WI-lobbyist-11457-activity-2026-H2	11457	WI	activity_report	lobbyist	2026-07-01	2026-12-31	0.0	0.0	https://lobbying.wi.gov/Who/LobbyistInformation/2025REG/Information/11457
WI-lobbyist-11458-activity-2025-H1	11458	WI	activity_report	lobbyist	2025-01-01	2025-06-30	33.25	18.0	https://lobbying.wi.gov/Who/LobbyistInformation/2025REG/Information/11458
WI-lobbyist-11458-activity-2025-H2	11458	WI	activity_report	lobbyist	2025-07-01	2025-12-31	3.5	15.5	https://lobbying.wi.gov/Who/LobbyistInformation/2025REG/Information/11458
WI-lobbyist-11458-activity-2026-H1	11458	WI	activity_report	lobbyist	2026-01-01	2026-06-30	0.0	0.0	https://lobbying.wi.gov/Who/LobbyistInformation/2025REG/Information/11458
WI-lobbyist-11458-activity-2026-H2	11458	WI	activity_report	lobbyist	2026-07-01	2026-12-31	0.0	0.0	https://lobbying.wi.gov/Who/LobbyistInformation/2025REG/Information/11458
WI-lobbyist-11459-activity-2025-H1	11459	WI	activity_report	lobbyist	2025-01-01	2025-06-30	7.0	3.0	https://lobbying.wi.gov/Who/LobbyistInformation/2025REG/Information/11459
WI-lobbyist-11459-activity-2025-H2	11459	WI	activity_report	lobbyist	2025-07-01	2025-12-31	10.0	5.0	https://lobbying.wi.gov/Who/LobbyistInformation/2025REG/Information/11459
WI-lobbyist-11459-activity-2026-H1	11459	WI	activity_report	lobbyist	2026-01-01	2026-06-30	0.0	0.0	https://lobbying.wi.gov/Who/LobbyistInformation/2025REG/Information/11459
WI-lobbyist-11459-activity-2026-H2	11459	WI	activity_report	lobbyist	2026-07-01	2026-12-31	0.0	0.0	https://lobbying.wi.gov/Who/LobbyistInformation/2025REG/Information/11459
WI-lobbyist-11460-activity-2025-H1	11460	WI	activity_report	lobbyist	2025-01-01	2025-06-30	8.25	31.5	https://lobbying.wi.gov/Who/LobbyistInformation/2025REG/Information/11460
WI-lobbyist-11460-activity-2025-H2	11460	WI	activity_report	lobbyist	2025-07-01	2025-12-31	6.5	26.75	https://lobbying.wi.gov/Who/LobbyistInformation/2025REG/Information/11460
WI-lobbyist-11460-activity-2026-H1	11460	WI	activity_report	lobbyist	2026-01-01	2026-06-30	22.75	22.5	https://lobbying.wi.gov/Who/LobbyistInformation/2025REG/Information/11460
WI-lobbyist-11460-activity-2026-H2	11460	WI	activity_report	lobbyist	2026-07-01	2026-12-31	0.0	0.0	https://lobbying.wi.gov/Who/LobbyistInformation/2025REG/Information/11460
WI-lobbyist-11461-activity-2025-H1	11461	WI	activity_report	lobbyist	2025-01-01	2025-06-30	1.25	6.75	https://lobbying.wi.gov/Who/LobbyistInformation/2025REG/Information/11461
WI-lobbyist-11461-activity-2025-H2	11461	WI	activity_report	lobbyist	2025-07-01	2025-12-31	6.5	8.5	https://lobbying.wi.gov/Who/LobbyistInformation/2025REG/Information/11461
WI-lobbyist-11461-activity-2026-H1	11461	WI	activity_report	lobbyist	2026-01-01	2026-06-30	0.0	0.0	https://lobbying.wi.gov/Who/LobbyistInformation/2025REG/Information/11461
WI-lobbyist-11461-activity-2026-H2	11461	WI	activity_report	lobbyist	2026-07-01	2026-12-31	0.0	0.0	https://lobbying.wi.gov/Who/LobbyistInformation/2025REG/Information/11461
WI-lobbyist-11462-activity-2025-H1	11462	WI	activity_report	lobbyist	2025-01-01	2025-06-30	10.5	15.5	https://lobbying.wi.gov/Who/LobbyistInformation/2025REG/Information/11462
WI-lobbyist-11462-activity-2025-H2	11462	WI	activity_report	lobbyist	2025-07-01	2025-12-31	8.0	11.0	https://lobbying.wi.gov/Who/LobbyistInformation/2025REG/Information/11462
WI-lobbyist-11462-activity-2026-H1	11462	WI	activity_report	lobbyist	2026-01-01	2026-06-30	1.0	1.25	https://lobbying.wi.gov/Who/LobbyistInformation/2025REG/Information/11462
WI-lobbyist-11462-activity-2026-H2	11462	WI	activity_report	lobbyist	2026-07-01	2026-12-31	0.0	0.0	https://lobbying.wi.gov/Who/LobbyistInformation/2025REG/Information/11462
WI-lobbyist-11463-activity-2025-H1	11463	WI	activity_report	lobbyist	2025-01-01	2025-06-30	25.0	40.0	https://lobbying.wi.gov/Who/LobbyistInformation/2025REG/Information/11463
WI-lobbyist-11463-activity-2025-H2	11463	WI	activity_report	lobbyist	2025-07-01	2025-12-31	1.0	20.5	https://lobbying.wi.gov/Who/LobbyistInformation/2025REG/Information/11463
WI-lobbyist-11463-activity-2026-H1	11463	WI	activity_report	lobbyist	2026-01-01	2026-06-30	0.5	5.25	https://lobbying.wi.gov/Who/LobbyistInformation/2025REG/Information/11463
WI-lobbyist-11463-activity-2026-H2	11463	WI	activity_report	lobbyist	2026-07-01	2026-12-31	0.0	0.0	https://lobbying.wi.gov/Who/LobbyistInformation/2025REG/Information/11463
WI-lobbyist-11464-activity-2025-H1	11464	WI	activity_report	lobbyist	2025-01-01	2025-06-30	206.25	173.25	https://lobbying.wi.gov/Who/LobbyistInformation/2025REG/Information/11464
WI-lobbyist-11464-activity-2025-H2	11464	WI	activity_report	lobbyist	2025-07-01	2025-12-31	70.75	80.25	https://lobbying.wi.gov/Who/LobbyistInformation/2025REG/Information/11464
WI-lobbyist-11464-activity-2026-H1	11464	WI	activity_report	lobbyist	2026-01-01	2026-06-30	0.0	0.0	https://lobbying.wi.gov/Who/LobbyistInformation/2025REG/Information/11464
WI-lobbyist-11464-activity-2026-H2	11464	WI	activity_report	lobbyist	2026-07-01	2026-12-31	0.0	0.0	https://lobbying.wi.gov/Who/LobbyistInformation/2025REG/Information/11464
WI-lobbyist-11465-activity-2025-H1	11465	WI	activity_report	lobbyist	2025-01-01	2025-06-30	57.5	608.0	https://lobbying.wi.gov/Who/LobbyistInformation/2025REG/Information/11465
WI-lobbyist-11465-activity-2025-H2	11465	WI	activity_report	lobbyist	2025-07-01	2025-12-31	37.5	595.5	https://lobbying.wi.gov/Who/LobbyistInformation/2025REG/Information/11465
WI-lobbyist-11465-activity-2026-H1	11465	WI	activity_report	lobbyist	2026-01-01	2026-06-30	0.0	0.0	https://lobbying.wi.gov/Who/LobbyistInformation/2025REG/Information/11465
WI-lobbyist-11465-activity-2026-H2	11465	WI	activity_report	lobbyist	2026-07-01	2026-12-31	0.0	0.0	https://lobbying.wi.gov/Who/LobbyistInformation/2025REG/Information/11465
WI-lobbyist-11466-activity-2025-H1	11466	WI	activity_report	lobbyist	2025-01-01	2025-06-30	191.0	582.0	https://lobbying.wi.gov/Who/LobbyistInformation/2025REG/Information/11466
WI-lobbyist-11466-activity-2025-H2	11466	WI	activity_report	lobbyist	2025-07-01	2025-12-31	187.0	422.0	https://lobbying.wi.gov/Who/LobbyistInformation/2025REG/Information/11466
WI-lobbyist-11466-activity-2026-H1	11466	WI	activity_report	lobbyist	2026-01-01	2026-06-30	0.0	0.0	https://lobbying.wi.gov/Who/LobbyistInformation/2025REG/Information/11466
WI-lobbyist-11466-activity-2026-H2	11466	WI	activity_report	lobbyist	2026-07-01	2026-12-31	0.0	0.0	https://lobbying.wi.gov/Who/LobbyistInformation/2025REG/Information/11466
WI-lobbyist-11467-activity-2025-H1	11467	WI	activity_report	lobbyist	2025-01-01	2025-06-30	0.0	0.0	https://lobbying.wi.gov/Who/LobbyistInformation/2025REG/Information/11467
WI-lobbyist-11467-activity-2025-H2	11467	WI	activity_report	lobbyist	2025-07-01	2025-12-31	0.0	0.0	https://lobbying.wi.gov/Who/LobbyistInformation/2025REG/Information/11467
WI-lobbyist-11467-activity-2026-H1	11467	WI	activity_report	lobbyist	2026-01-01	2026-06-30	0.0	0.0	https://lobbying.wi.gov/Who/LobbyistInformation/2025REG/Information/11467
WI-lobbyist-11467-activity-2026-H2	11467	WI	activity_report	lobbyist	2026-07-01	2026-12-31	0.0	0.0	https://lobbying.wi.gov/Who/LobbyistInformation/2025REG/Information/11467
WI-lobbyist-11468-activity-2025-H1	11468	WI	activity_report	lobbyist	2025-01-01	2025-06-30	40.0	26.0	https://lobbying.wi.gov/Who/LobbyistInformation/2025REG/Information/11468
WI-lobbyist-11468-activity-2025-H2	11468	WI	activity_report	lobbyist	2025-07-01	2025-12-31	17.25	23.0	https://lobbying.wi.gov/Who/LobbyistInformation/2025REG/Information/11468
WI-lobbyist-11468-activity-2026-H1	11468	WI	activity_report	lobbyist	2026-01-01	2026-06-30	0.0	0.0	https://lobbying.wi.gov/Who/LobbyistInformation/2025REG/Information/11468
WI-lobbyist-11468-activity-2026-H2	11468	WI	activity_report	lobbyist	2026-07-01	2026-12-31	0.0	0.0	https://lobbying.wi.gov/Who/LobbyistInformation/2025REG/Information/11468
WI-lobbyist-11469-activity-2025-H1	11469	WI	activity_report	lobbyist	2025-01-01	2025-06-30	43.0	182.0	https://lobbying.wi.gov/Who/LobbyistInformation/2025REG/Information/11469
WI-lobbyist-11469-activity-2025-H2	11469	WI	activity_report	lobbyist	2025-07-01	2025-12-31	31.0	72.0	https://lobbying.wi.gov/Who/LobbyistInformation/2025REG/Information/11469
WI-lobbyist-11469-activity-2026-H1	11469	WI	activity_report	lobbyist	2026-01-01	2026-06-30	0.0	0.0	https://lobbying.wi.gov/Who/LobbyistInformation/2025REG/Information/11469
WI-lobbyist-11469-activity-2026-H2	11469	WI	activity_report	lobbyist	2026-07-01	2026-12-31	0.0	0.0	https://lobbying.wi.gov/Who/LobbyistInformation/2025REG/Information/11469
WI-lobbyist-11471-activity-2025-H1	11471	WI	activity_report	lobbyist	2025-01-01	2025-06-30	4.85	123.95	https://lobbying.wi.gov/Who/LobbyistInformation/2025REG/Information/11471
WI-lobbyist-11471-activity-2025-H2	11471	WI	activity_report	lobbyist	2025-07-01	2025-12-31	13.9	95.8	https://lobbying.wi.gov/Who/LobbyistInformation/2025REG/Information/11471
WI-lobbyist-11471-activity-2026-H1	11471	WI	activity_report	lobbyist	2026-01-01	2026-06-30	0.0	0.0	https://lobbying.wi.gov/Who/LobbyistInformation/2025REG/Information/11471
WI-lobbyist-11471-activity-2026-H2	11471	WI	activity_report	lobbyist	2026-07-01	2026-12-31	0.0	0.0	https://lobbying.wi.gov/Who/LobbyistInformation/2025REG/Information/11471
WI-lobbyist-11472-activity-2025-H1	11472	WI	activity_report	lobbyist	2025-01-01	2025-06-30	37.0	111.5	https://lobbying.wi.gov/Who/LobbyistInformation/2025REG/Information/11472
WI-lobbyist-11472-activity-2025-H2	11472	WI	activity_report	lobbyist	2025-07-01	2025-12-31	13.5	28.5	https://lobbying.wi.gov/Who/LobbyistInformation/2025REG/Information/11472
WI-lobbyist-11472-activity-2026-H1	11472	WI	activity_report	lobbyist	2026-01-01	2026-06-30	0.0	0.0	https://lobbying.wi.gov/Who/LobbyistInformation/2025REG/Information/11472
WI-lobbyist-11472-activity-2026-H2	11472	WI	activity_report	lobbyist	2026-07-01	2026-12-31	0.0	0.0	https://lobbying.wi.gov/Who/LobbyistInformation/2025REG/Information/11472
WI-lobbyist-11473-activity-2025-H1	11473	WI	activity_report	lobbyist	2025-01-01	2025-06-30	15.25	57.25	https://lobbying.wi.gov/Who/LobbyistInformation/2025REG/Information/11473
WI-lobbyist-11473-activity-2025-H2	11473	WI	activity_report	lobbyist	2025-07-01	2025-12-31	2.75	5.75	https://lobbying.wi.gov/Who/LobbyistInformation/2025REG/Information/11473
WI-lobbyist-11473-activity-2026-H1	11473	WI	activity_report	lobbyist	2026-01-01	2026-06-30	0.0	0.0	https://lobbying.wi.gov/Who/LobbyistInformation/2025REG/Information/11473
WI-lobbyist-11473-activity-2026-H2	11473	WI	activity_report	lobbyist	2026-07-01	2026-12-31	0.0	0.0	https://lobbying.wi.gov/Who/LobbyistInformation/2025REG/Information/11473
WI-lobbyist-11474-activity-2025-H1	11474	WI	activity_report	lobbyist	2025-01-01	2025-06-30	52.0	149.75	https://lobbying.wi.gov/Who/LobbyistInformation/2025REG/Information/11474
WI-lobbyist-11474-activity-2025-H2	11474	WI	activity_report	lobbyist	2025-07-01	2025-12-31	67.0	215.0	https://lobbying.wi.gov/Who/LobbyistInformation/2025REG/Information/11474
WI-lobbyist-11474-activity-2026-H1	11474	WI	activity_report	lobbyist	2026-01-01	2026-06-30	0.0	0.0	https://lobbying.wi.gov/Who/LobbyistInformation/2025REG/Information/11474
WI-lobbyist-11474-activity-2026-H2	11474	WI	activity_report	lobbyist	2026-07-01	2026-12-31	0.0	0.0	https://lobbying.wi.gov/Who/LobbyistInformation/2025REG/Information/11474
WI-lobbyist-11475-activity-2025-H1	11475	WI	activity_report	lobbyist	2025-01-01	2025-06-30	29.0	49.0	https://lobbying.wi.gov/Who/LobbyistInformation/2025REG/Information/11475
WI-lobbyist-11475-activity-2025-H2	11475	WI	activity_report	lobbyist	2025-07-01	2025-12-31	15.0	67.0	https://lobbying.wi.gov/Who/LobbyistInformation/2025REG/Information/11475
WI-lobbyist-11475-activity-2026-H1	11475	WI	activity_report	lobbyist	2026-01-01	2026-06-30	0.0	0.0	https://lobbying.wi.gov/Who/LobbyistInformation/2025REG/Information/11475
WI-lobbyist-11475-activity-2026-H2	11475	WI	activity_report	lobbyist	2026-07-01	2026-12-31	0.0	0.0	https://lobbying.wi.gov/Who/LobbyistInformation/2025REG/Information/11475
WI-lobbyist-11476-activity-2025-H1	11476	WI	activity_report	lobbyist	2025-01-01	2025-06-30	3.25	10.5	https://lobbying.wi.gov/Who/LobbyistInformation/2025REG/Information/11476
WI-lobbyist-11476-activity-2025-H2	11476	WI	activity_report	lobbyist	2025-07-01	2025-12-31	0.0	7.5	https://lobbying.wi.gov/Who/LobbyistInformation/2025REG/Information/11476
WI-lobbyist-11476-activity-2026-H1	11476	WI	activity_report	lobbyist	2026-01-01	2026-06-30	0.0	0.0	https://lobbying.wi.gov/Who/LobbyistInformation/2025REG/Information/11476
WI-lobbyist-11476-activity-2026-H2	11476	WI	activity_report	lobbyist	2026-07-01	2026-12-31	0.0	0.0	https://lobbying.wi.gov/Who/LobbyistInformation/2025REG/Information/11476
WI-lobbyist-11477-activity-2025-H1	11477	WI	activity_report	lobbyist	2025-01-01	2025-06-30	17.25	338.5	https://lobbying.wi.gov/Who/LobbyistInformation/2025REG/Information/11477
WI-lobbyist-11477-activity-2025-H2	11477	WI	activity_report	lobbyist	2025-07-01	2025-12-31	2.25	6.0	https://lobbying.wi.gov/Who/LobbyistInformation/2025REG/Information/11477
WI-lobbyist-11477-activity-2026-H1	11477	WI	activity_report	lobbyist	2026-01-01	2026-06-30	0.0	0.0	https://lobbying.wi.gov/Who/LobbyistInformation/2025REG/Information/11477
WI-lobbyist-11477-activity-2026-H2	11477	WI	activity_report	lobbyist	2026-07-01	2026-12-31	0.0	0.0	https://lobbying.wi.gov/Who/LobbyistInformation/2025REG/Information/11477
WI-lobbyist-11478-activity-2025-H1	11478	WI	activity_report	lobbyist	2025-01-01	2025-06-30	0.0	0.0	https://lobbying.wi.gov/Who/LobbyistInformation/2025REG/Information/11478
WI-lobbyist-11478-activity-2025-H2	11478	WI	activity_report	lobbyist	2025-07-01	2025-12-31	1.5	7.25	https://lobbying.wi.gov/Who/LobbyistInformation/2025REG/Information/11478
WI-lobbyist-11478-activity-2026-H1	11478	WI	activity_report	lobbyist	2026-01-01	2026-06-30	0.0	0.0	https://lobbying.wi.gov/Who/LobbyistInformation/2025REG/Information/11478
WI-lobbyist-11478-activity-2026-H2	11478	WI	activity_report	lobbyist	2026-07-01	2026-12-31	0.0	0.0	https://lobbying.wi.gov/Who/LobbyistInformation/2025REG/Information/11478
WI-lobbyist-11479-activity-2025-H1	11479	WI	activity_report	lobbyist	2025-01-01	2025-06-30	0.0	0.0	https://lobbying.wi.gov/Who/LobbyistInformation/2025REG/Information/11479
WI-lobbyist-11479-activity-2025-H2	11479	WI	activity_report	lobbyist	2025-07-01	2025-12-31	0.0	0.0	https://lobbying.wi.gov/Who/LobbyistInformation/2025REG/Information/11479
WI-lobbyist-11479-activity-2026-H1	11479	WI	activity_report	lobbyist	2026-01-01	2026-06-30	0.0	2.0	https://lobbying.wi.gov/Who/LobbyistInformation/2025REG/Information/11479
WI-lobbyist-11479-activity-2026-H2	11479	WI	activity_report	lobbyist	2026-07-01	2026-12-31	0.0	0.0	https://lobbying.wi.gov/Who/LobbyistInformation/2025REG/Information/11479
WI-lobbyist-11480-activity-2025-H1	11480	WI	activity_report	lobbyist	2025-01-01	2025-06-30	23.75	0.0	https://lobbying.wi.gov/Who/LobbyistInformation/2025REG/Information/11480
WI-lobbyist-11480-activity-2025-H2	11480	WI	activity_report	lobbyist	2025-07-01	2025-12-31	17.55	0.0	https://lobbying.wi.gov/Who/LobbyistInformation/2025REG/Information/11480
WI-lobbyist-11480-activity-2026-H1	11480	WI	activity_report	lobbyist	2026-01-01	2026-06-30	13.25	0.0	https://lobbying.wi.gov/Who/LobbyistInformation/2025REG/Information/11480
WI-lobbyist-11480-activity-2026-H2	11480	WI	activity_report	lobbyist	2026-07-01	2026-12-31	0.0	0.0	https://lobbying.wi.gov/Who/LobbyistInformation/2025REG/Information/11480
WI-lobbyist-11481-activity-2025-H1	11481	WI	activity_report	lobbyist	2025-01-01	2025-06-30	41.5	184.0	https://lobbying.wi.gov/Who/LobbyistInformation/2025REG/Information/11481
WI-lobbyist-11481-activity-2025-H2	11481	WI	activity_report	lobbyist	2025-07-01	2025-12-31	33.5	190.0	https://lobbying.wi.gov/Who/LobbyistInformation/2025REG/Information/11481
WI-lobbyist-11481-activity-2026-H1	11481	WI	activity_report	lobbyist	2026-01-01	2026-06-30	0.0	0.0	https://lobbying.wi.gov/Who/LobbyistInformation/2025REG/Information/11481
WI-lobbyist-11481-activity-2026-H2	11481	WI	activity_report	lobbyist	2026-07-01	2026-12-31	0.0	0.0	https://lobbying.wi.gov/Who/LobbyistInformation/2025REG/Information/11481
WI-lobbyist-11482-activity-2025-H1	11482	WI	activity_report	lobbyist	2025-01-01	2025-06-30	14.0	29.0	https://lobbying.wi.gov/Who/LobbyistInformation/2025REG/Information/11482
WI-lobbyist-11482-activity-2025-H2	11482	WI	activity_report	lobbyist	2025-07-01	2025-12-31	16.5	11.0	https://lobbying.wi.gov/Who/LobbyistInformation/2025REG/Information/11482
WI-lobbyist-11482-activity-2026-H1	11482	WI	activity_report	lobbyist	2026-01-01	2026-06-30	0.0	0.0	https://lobbying.wi.gov/Who/LobbyistInformation/2025REG/Information/11482
WI-lobbyist-11482-activity-2026-H2	11482	WI	activity_report	lobbyist	2026-07-01	2026-12-31	0.0	0.0	https://lobbying.wi.gov/Who/LobbyistInformation/2025REG/Information/11482
WI-lobbyist-11483-activity-2025-H1	11483	WI	activity_report	lobbyist	2025-01-01	2025-06-30	8.0	4.0	https://lobbying.wi.gov/Who/LobbyistInformation/2025REG/Information/11483
WI-lobbyist-11483-activity-2025-H2	11483	WI	activity_report	lobbyist	2025-07-01	2025-12-31	5.0	0.0	https://lobbying.wi.gov/Who/LobbyistInformation/2025REG/Information/11483
WI-lobbyist-11483-activity-2026-H1	11483	WI	activity_report	lobbyist	2026-01-01	2026-06-30	0.0	0.0	https://lobbying.wi.gov/Who/LobbyistInformation/2025REG/Information/11483
WI-lobbyist-11483-activity-2026-H2	11483	WI	activity_report	lobbyist	2026-07-01	2026-12-31	0.0	0.0	https://lobbying.wi.gov/Who/LobbyistInformation/2025REG/Information/11483
WI-lobbyist-11484-activity-2025-H1	11484	WI	activity_report	lobbyist	2025-01-01	2025-06-30	21.0	14.5	https://lobbying.wi.gov/Who/LobbyistInformation/2025REG/Information/11484
WI-lobbyist-11484-activity-2025-H2	11484	WI	activity_report	lobbyist	2025-07-01	2025-12-31	0.0	0.0	https://lobbying.wi.gov/Who/LobbyistInformation/2025REG/Information/11484
WI-lobbyist-11484-activity-2026-H1	11484	WI	activity_report	lobbyist	2026-01-01	2026-06-30	0.0	0.0	https://lobbying.wi.gov/Who/LobbyistInformation/2025REG/Information/11484
WI-lobbyist-11484-activity-2026-H2	11484	WI	activity_report	lobbyist	2026-07-01	2026-12-31	0.0	0.0	https://lobbying.wi.gov/Who/LobbyistInformation/2025REG/Information/11484
WI-lobbyist-11485-activity-2025-H1	11485	WI	activity_report	lobbyist	2025-01-01	2025-06-30	2.0	0.0	https://lobbying.wi.gov/Who/LobbyistInformation/2025REG/Information/11485
WI-lobbyist-11485-activity-2025-H2	11485	WI	activity_report	lobbyist	2025-07-01	2025-12-31	12.55	0.0	https://lobbying.wi.gov/Who/LobbyistInformation/2025REG/Information/11485
WI-lobbyist-11485-activity-2026-H1	11485	WI	activity_report	lobbyist	2026-01-01	2026-06-30	0.0	0.0	https://lobbying.wi.gov/Who/LobbyistInformation/2025REG/Information/11485
WI-lobbyist-11485-activity-2026-H2	11485	WI	activity_report	lobbyist	2026-07-01	2026-12-31	0.0	0.0	https://lobbying.wi.gov/Who/LobbyistInformation/2025REG/Information/11485
WI-lobbyist-11486-activity-2025-H1	11486	WI	activity_report	lobbyist	2025-01-01	2025-06-30	25.25	34.5	https://lobbying.wi.gov/Who/LobbyistInformation/2025REG/Information/11486
WI-lobbyist-11486-activity-2025-H2	11486	WI	activity_report	lobbyist	2025-07-01	2025-12-31	18.5	39.5	https://lobbying.wi.gov/Who/LobbyistInformation/2025REG/Information/11486
WI-lobbyist-11486-activity-2026-H1	11486	WI	activity_report	lobbyist	2026-01-01	2026-06-30	11.0	27.75	https://lobbying.wi.gov/Who/LobbyistInformation/2025REG/Information/11486
WI-lobbyist-11486-activity-2026-H2	11486	WI	activity_report	lobbyist	2026-07-01	2026-12-31	0.0	0.0	https://lobbying.wi.gov/Who/LobbyistInformation/2025REG/Information/11486
WI-lobbyist-11487-activity-2025-H1	11487	WI	activity_report	lobbyist	2025-01-01	2025-06-30	0.0	6.0	https://lobbying.wi.gov/Who/LobbyistInformation/2025REG/Information/11487
WI-lobbyist-11487-activity-2025-H2	11487	WI	activity_report	lobbyist	2025-07-01	2025-12-31	5.0	40.0	https://lobbying.wi.gov/Who/LobbyistInformation/2025REG/Information/11487
WI-lobbyist-11487-activity-2026-H1	11487	WI	activity_report	lobbyist	2026-01-01	2026-06-30	0.0	0.0	https://lobbying.wi.gov/Who/LobbyistInformation/2025REG/Information/11487
WI-lobbyist-11487-activity-2026-H2	11487	WI	activity_report	lobbyist	2026-07-01	2026-12-31	0.0	0.0	https://lobbying.wi.gov/Who/LobbyistInformation/2025REG/Information/11487
WI-lobbyist-11488-activity-2025-H1	11488	WI	activity_report	lobbyist	2025-01-01	2025-06-30	4.0	0.0	https://lobbying.wi.gov/Who/LobbyistInformation/2025REG/Information/11488
WI-lobbyist-11488-activity-2025-H2	11488	WI	activity_report	lobbyist	2025-07-01	2025-12-31	0.0	0.0	https://lobbying.wi.gov/Who/LobbyistInformation/2025REG/Information/11488
WI-lobbyist-11488-activity-2026-H1	11488	WI	activity_report	lobbyist	2026-01-01	2026-06-30	0.0	0.0	https://lobbying.wi.gov/Who/LobbyistInformation/2025REG/Information/11488
WI-lobbyist-11488-activity-2026-H2	11488	WI	activity_report	lobbyist	2026-07-01	2026-12-31	0.0	0.0	https://lobbying.wi.gov/Who/LobbyistInformation/2025REG/Information/11488
WI-lobbyist-11489-activity-2025-H1	11489	WI	activity_report	lobbyist	2025-01-01	2025-06-30	13.75	6.5	https://lobbying.wi.gov/Who/LobbyistInformation/2025REG/Information/11489
WI-lobbyist-11489-activity-2025-H2	11489	WI	activity_report	lobbyist	2025-07-01	2025-12-31	0.0	0.0	https://lobbying.wi.gov/Who/LobbyistInformation/2025REG/Information/11489
WI-lobbyist-11489-activity-2026-H1	11489	WI	activity_report	lobbyist	2026-01-01	2026-06-30	0.0	0.0	https://lobbying.wi.gov/Who/LobbyistInformation/2025REG/Information/11489
WI-lobbyist-11489-activity-2026-H2	11489	WI	activity_report	lobbyist	2026-07-01	2026-12-31	0.0	0.0	https://lobbying.wi.gov/Who/LobbyistInformation/2025REG/Information/11489
WI-lobbyist-11491-activity-2025-H1	11491	WI	activity_report	lobbyist	2025-01-01	2025-06-30	8.0	13.0	https://lobbying.wi.gov/Who/LobbyistInformation/2025REG/Information/11491
WI-lobbyist-11491-activity-2025-H2	11491	WI	activity_report	lobbyist	2025-07-01	2025-12-31	0.0	0.0	https://lobbying.wi.gov/Who/LobbyistInformation/2025REG/Information/11491
WI-lobbyist-11491-activity-2026-H1	11491	WI	activity_report	lobbyist	2026-01-01	2026-06-30	14.0	0.0	https://lobbying.wi.gov/Who/LobbyistInformation/2025REG/Information/11491
WI-lobbyist-11491-activity-2026-H2	11491	WI	activity_report	lobbyist	2026-07-01	2026-12-31	0.0	0.0	https://lobbying.wi.gov/Who/LobbyistInformation/2025REG/Information/11491
WI-lobbyist-11492-activity-2025-H1	11492	WI	activity_report	lobbyist	2025-01-01	2025-06-30	4.65	3.65	https://lobbying.wi.gov/Who/LobbyistInformation/2025REG/Information/11492
WI-lobbyist-11492-activity-2025-H2	11492	WI	activity_report	lobbyist	2025-07-01	2025-12-31	1.9	0.85	https://lobbying.wi.gov/Who/LobbyistInformation/2025REG/Information/11492
WI-lobbyist-11492-activity-2026-H1	11492	WI	activity_report	lobbyist	2026-01-01	2026-06-30	0.0	0.0	https://lobbying.wi.gov/Who/LobbyistInformation/2025REG/Information/11492
WI-lobbyist-11492-activity-2026-H2	11492	WI	activity_report	lobbyist	2026-07-01	2026-12-31	0.0	0.0	https://lobbying.wi.gov/Who/LobbyistInformation/2025REG/Information/11492
WI-lobbyist-11493-activity-2025-H1	11493	WI	activity_report	lobbyist	2025-01-01	2025-06-30	115.0	0.0	https://lobbying.wi.gov/Who/LobbyistInformation/2025REG/Information/11493
WI-lobbyist-11493-activity-2025-H2	11493	WI	activity_report	lobbyist	2025-07-01	2025-12-31	10.5	39.0	https://lobbying.wi.gov/Who/LobbyistInformation/2025REG/Information/11493
WI-lobbyist-11493-activity-2026-H1	11493	WI	activity_report	lobbyist	2026-01-01	2026-06-30	0.0	0.0	https://lobbying.wi.gov/Who/LobbyistInformation/2025REG/Information/11493
WI-lobbyist-11493-activity-2026-H2	11493	WI	activity_report	lobbyist	2026-07-01	2026-12-31	0.0	0.0	https://lobbying.wi.gov/Who/LobbyistInformation/2025REG/Information/11493
WI-lobbyist-11494-activity-2025-H1	11494	WI	activity_report	lobbyist	2025-01-01	2025-06-30	0.0	13.25	https://lobbying.wi.gov/Who/LobbyistInformation/2025REG/Information/11494
WI-lobbyist-11494-activity-2025-H2	11494	WI	activity_report	lobbyist	2025-07-01	2025-12-31	24.0	9.83	https://lobbying.wi.gov/Who/LobbyistInformation/2025REG/Information/11494
WI-lobbyist-11494-activity-2026-H1	11494	WI	activity_report	lobbyist	2026-01-01	2026-06-30	0.0	0.0	https://lobbying.wi.gov/Who/LobbyistInformation/2025REG/Information/11494
WI-lobbyist-11494-activity-2026-H2	11494	WI	activity_report	lobbyist	2026-07-01	2026-12-31	0.0	0.0	https://lobbying.wi.gov/Who/LobbyistInformation/2025REG/Information/11494
WI-lobbyist-11495-activity-2025-H1	11495	WI	activity_report	lobbyist	2025-01-01	2025-06-30	106.0	286.5	https://lobbying.wi.gov/Who/LobbyistInformation/2025REG/Information/11495
WI-lobbyist-11495-activity-2025-H2	11495	WI	activity_report	lobbyist	2025-07-01	2025-12-31	80.5	305.5	https://lobbying.wi.gov/Who/LobbyistInformation/2025REG/Information/11495
WI-lobbyist-11495-activity-2026-H1	11495	WI	activity_report	lobbyist	2026-01-01	2026-06-30	0.0	0.0	https://lobbying.wi.gov/Who/LobbyistInformation/2025REG/Information/11495
WI-lobbyist-11495-activity-2026-H2	11495	WI	activity_report	lobbyist	2026-07-01	2026-12-31	0.0	0.0	https://lobbying.wi.gov/Who/LobbyistInformation/2025REG/Information/11495
WI-lobbyist-11496-activity-2025-H1	11496	WI	activity_report	lobbyist	2025-01-01	2025-06-30	11.5	84.5	https://lobbying.wi.gov/Who/LobbyistInformation/2025REG/Information/11496
WI-lobbyist-11496-activity-2025-H2	11496	WI	activity_report	lobbyist	2025-07-01	2025-12-31	10.5	159.5	https://lobbying.wi.gov/Who/LobbyistInformation/2025REG/Information/11496
WI-lobbyist-11496-activity-2026-H1	11496	WI	activity_report	lobbyist	2026-01-01	2026-06-30	0.0	0.0	https://lobbying.wi.gov/Who/LobbyistInformation/2025REG/Information/11496
WI-lobbyist-11496-activity-2026-H2	11496	WI	activity_report	lobbyist	2026-07-01	2026-12-31	0.0	0.0	https://lobbying.wi.gov/Who/LobbyistInformation/2025REG/Information/11496
WI-lobbyist-11497-activity-2025-H1	11497	WI	activity_report	lobbyist	2025-01-01	2025-06-30	25.0	14.0	https://lobbying.wi.gov/Who/LobbyistInformation/2025REG/Information/11497
WI-lobbyist-11497-activity-2025-H2	11497	WI	activity_report	lobbyist	2025-07-01	2025-12-31	2.0	6.0	https://lobbying.wi.gov/Who/LobbyistInformation/2025REG/Information/11497
WI-lobbyist-11497-activity-2026-H1	11497	WI	activity_report	lobbyist	2026-01-01	2026-06-30	0.0	0.0	https://lobbying.wi.gov/Who/LobbyistInformation/2025REG/Information/11497
WI-lobbyist-11497-activity-2026-H2	11497	WI	activity_report	lobbyist	2026-07-01	2026-12-31	0.0	0.0	https://lobbying.wi.gov/Who/LobbyistInformation/2025REG/Information/11497
WI-lobbyist-11498-activity-2025-H1	11498	WI	activity_report	lobbyist	2025-01-01	2025-06-30	25.0	96.5	https://lobbying.wi.gov/Who/LobbyistInformation/2025REG/Information/11498
WI-lobbyist-11498-activity-2025-H2	11498	WI	activity_report	lobbyist	2025-07-01	2025-12-31	1.0	1.5	https://lobbying.wi.gov/Who/LobbyistInformation/2025REG/Information/11498
WI-lobbyist-11498-activity-2026-H1	11498	WI	activity_report	lobbyist	2026-01-01	2026-06-30	0.0	0.0	https://lobbying.wi.gov/Who/LobbyistInformation/2025REG/Information/11498
WI-lobbyist-11498-activity-2026-H2	11498	WI	activity_report	lobbyist	2026-07-01	2026-12-31	0.0	0.0	https://lobbying.wi.gov/Who/LobbyistInformation/2025REG/Information/11498
WI-lobbyist-11499-activity-2025-H1	11499	WI	activity_report	lobbyist	2025-01-01	2025-06-30	3.5	4.5	https://lobbying.wi.gov/Who/LobbyistInformation/2025REG/Information/11499
WI-lobbyist-11499-activity-2025-H2	11499	WI	activity_report	lobbyist	2025-07-01	2025-12-31	0.0	0.0	https://lobbying.wi.gov/Who/LobbyistInformation/2025REG/Information/11499
WI-lobbyist-11499-activity-2026-H1	11499	WI	activity_report	lobbyist	2026-01-01	2026-06-30	0.0	0.0	https://lobbying.wi.gov/Who/LobbyistInformation/2025REG/Information/11499
WI-lobbyist-11499-activity-2026-H2	11499	WI	activity_report	lobbyist	2026-07-01	2026-12-31	0.0	0.0	https://lobbying.wi.gov/Who/LobbyistInformation/2025REG/Information/11499
WI-lobbyist-11500-activity-2025-H1	11500	WI	activity_report	lobbyist	2025-01-01	2025-06-30	0.0	2.0	https://lobbying.wi.gov/Who/LobbyistInformation/2025REG/Information/11500
WI-lobbyist-11500-activity-2025-H2	11500	WI	activity_report	lobbyist	2025-07-01	2025-12-31	0.0	2.0	https://lobbying.wi.gov/Who/LobbyistInformation/2025REG/Information/11500
WI-lobbyist-11500-activity-2026-H1	11500	WI	activity_report	lobbyist	2026-01-01	2026-06-30	0.0	0.0	https://lobbying.wi.gov/Who/LobbyistInformation/2025REG/Information/11500
WI-lobbyist-11500-activity-2026-H2	11500	WI	activity_report	lobbyist	2026-07-01	2026-12-31	0.0	0.0	https://lobbying.wi.gov/Who/LobbyistInformation/2025REG/Information/11500
WI-lobbyist-11501-activity-2025-H1	11501	WI	activity_report	lobbyist	2025-01-01	2025-06-30	116.75	358.5	https://lobbying.wi.gov/Who/LobbyistInformation/2025REG/Information/11501
WI-lobbyist-11501-activity-2025-H2	11501	WI	activity_report	lobbyist	2025-07-01	2025-12-31	39.0	124.0	https://lobbying.wi.gov/Who/LobbyistInformation/2025REG/Information/11501
WI-lobbyist-11501-activity-2026-H1	11501	WI	activity_report	lobbyist	2026-01-01	2026-06-30	0.0	0.0	https://lobbying.wi.gov/Who/LobbyistInformation/2025REG/Information/11501
WI-lobbyist-11501-activity-2026-H2	11501	WI	activity_report	lobbyist	2026-07-01	2026-12-31	0.0	0.0	https://lobbying.wi.gov/Who/LobbyistInformation/2025REG/Information/11501
WI-lobbyist-11502-activity-2025-H1	11502	WI	activity_report	lobbyist	2025-01-01	2025-06-30	1.0	0.0	https://lobbying.wi.gov/Who/LobbyistInformation/2025REG/Information/11502
WI-lobbyist-11502-activity-2025-H2	11502	WI	activity_report	lobbyist	2025-07-01	2025-12-31	2.5	0.75	https://lobbying.wi.gov/Who/LobbyistInformation/2025REG/Information/11502
WI-lobbyist-11502-activity-2026-H1	11502	WI	activity_report	lobbyist	2026-01-01	2026-06-30	0.0	0.0	https://lobbying.wi.gov/Who/LobbyistInformation/2025REG/Information/11502
WI-lobbyist-11502-activity-2026-H2	11502	WI	activity_report	lobbyist	2026-07-01	2026-12-31	0.0	0.0	https://lobbying.wi.gov/Who/LobbyistInformation/2025REG/Information/11502
WI-lobbyist-11503-activity-2025-H1	11503	WI	activity_report	lobbyist	2025-01-01	2025-06-30	0.0	26.75	https://lobbying.wi.gov/Who/LobbyistInformation/2025REG/Information/11503
WI-lobbyist-11503-activity-2025-H2	11503	WI	activity_report	lobbyist	2025-07-01	2025-12-31	0.0	0.0	https://lobbying.wi.gov/Who/LobbyistInformation/2025REG/Information/11503
WI-lobbyist-11503-activity-2026-H1	11503	WI	activity_report	lobbyist	2026-01-01	2026-06-30	0.0	0.0	https://lobbying.wi.gov/Who/LobbyistInformation/2025REG/Information/11503
WI-lobbyist-11503-activity-2026-H2	11503	WI	activity_report	lobbyist	2026-07-01	2026-12-31	0.0	0.0	https://lobbying.wi.gov/Who/LobbyistInformation/2025REG/Information/11503
WI-lobbyist-11504-activity-2025-H1	11504	WI	activity_report	lobbyist	2025-01-01	2025-06-30	10.5	14.5	https://lobbying.wi.gov/Who/LobbyistInformation/2025REG/Information/11504
WI-lobbyist-11504-activity-2025-H2	11504	WI	activity_report	lobbyist	2025-07-01	2025-12-31	6.0	1.0	https://lobbying.wi.gov/Who/LobbyistInformation/2025REG/Information/11504
WI-lobbyist-11504-activity-2026-H1	11504	WI	activity_report	lobbyist	2026-01-01	2026-06-30	0.0	0.0	https://lobbying.wi.gov/Who/LobbyistInformation/2025REG/Information/11504
WI-lobbyist-11504-activity-2026-H2	11504	WI	activity_report	lobbyist	2026-07-01	2026-12-31	0.0	0.0	https://lobbying.wi.gov/Who/LobbyistInformation/2025REG/Information/11504
WI-lobbyist-11505-activity-2025-H1	11505	WI	activity_report	lobbyist	2025-01-01	2025-06-30	10.0	41.5	https://lobbying.wi.gov/Who/LobbyistInformation/2025REG/Information/11505
WI-lobbyist-11505-activity-2025-H2	11505	WI	activity_report	lobbyist	2025-07-01	2025-12-31	16.0	51.5	https://lobbying.wi.gov/Who/LobbyistInformation/2025REG/Information/11505
WI-lobbyist-11505-activity-2026-H1	11505	WI	activity_report	lobbyist	2026-01-01	2026-06-30	0.0	0.0	https://lobbying.wi.gov/Who/LobbyistInformation/2025REG/Information/11505
WI-lobbyist-11505-activity-2026-H2	11505	WI	activity_report	lobbyist	2026-07-01	2026-12-31	0.0	0.0	https://lobbying.wi.gov/Who/LobbyistInformation/2025REG/Information/11505
WI-lobbyist-11506-activity-2025-H1	11506	WI	activity_report	lobbyist	2025-01-01	2025-06-30	101.0	204.75	https://lobbying.wi.gov/Who/LobbyistInformation/2025REG/Information/11506
WI-lobbyist-11506-activity-2025-H2	11506	WI	activity_report	lobbyist	2025-07-01	2025-12-31	67.75	110.75	https://lobbying.wi.gov/Who/LobbyistInformation/2025REG/Information/11506
WI-lobbyist-11506-activity-2026-H1	11506	WI	activity_report	lobbyist	2026-01-01	2026-06-30	0.0	0.0	https://lobbying.wi.gov/Who/LobbyistInformation/2025REG/Information/11506
WI-lobbyist-11506-activity-2026-H2	11506	WI	activity_report	lobbyist	2026-07-01	2026-12-31	0.0	0.0	https://lobbying.wi.gov/Who/LobbyistInformation/2025REG/Information/11506
WI-lobbyist-11507-activity-2025-H1	11507	WI	activity_report	lobbyist	2025-01-01	2025-06-30	40.5	546.25	https://lobbying.wi.gov/Who/LobbyistInformation/2025REG/Information/11507
WI-lobbyist-11507-activity-2025-H2	11507	WI	activity_report	lobbyist	2025-07-01	2025-12-31	45.25	755.5	https://lobbying.wi.gov/Who/LobbyistInformation/2025REG/Information/11507
WI-lobbyist-11507-activity-2026-H1	11507	WI	activity_report	lobbyist	2026-01-01	2026-06-30	0.0	0.0	https://lobbying.wi.gov/Who/LobbyistInformation/2025REG/Information/11507
WI-lobbyist-11507-activity-2026-H2	11507	WI	activity_report	lobbyist	2026-07-01	2026-12-31	0.0	0.0	https://lobbying.wi.gov/Who/LobbyistInformation/2025REG/Information/11507
WI-lobbyist-11509-activity-2025-H1	11509	WI	activity_report	lobbyist	2025-01-01	2025-06-30	136.5	228.5	https://lobbying.wi.gov/Who/LobbyistInformation/2025REG/Information/11509
WI-lobbyist-11509-activity-2025-H2	11509	WI	activity_report	lobbyist	2025-07-01	2025-12-31	93.0	168.5	https://lobbying.wi.gov/Who/LobbyistInformation/2025REG/Information/11509
WI-lobbyist-11509-activity-2026-H1	11509	WI	activity_report	lobbyist	2026-01-01	2026-06-30	0.0	0.0	https://lobbying.wi.gov/Who/LobbyistInformation/2025REG/Information/11509
WI-lobbyist-11509-activity-2026-H2	11509	WI	activity_report	lobbyist	2026-07-01	2026-12-31	0.0	0.0	https://lobbying.wi.gov/Who/LobbyistInformation/2025REG/Information/11509
WI-lobbyist-11510-activity-2025-H1	11510	WI	activity_report	lobbyist	2025-01-01	2025-06-30	110.0	167.0	https://lobbying.wi.gov/Who/LobbyistInformation/2025REG/Information/11510
WI-lobbyist-11510-activity-2025-H2	11510	WI	activity_report	lobbyist	2025-07-01	2025-12-31	64.0	105.0	https://lobbying.wi.gov/Who/LobbyistInformation/2025REG/Information/11510
WI-lobbyist-11510-activity-2026-H1	11510	WI	activity_report	lobbyist	2026-01-01	2026-06-30	0.0	0.0	https://lobbying.wi.gov/Who/LobbyistInformation/2025REG/Information/11510
WI-lobbyist-11510-activity-2026-H2	11510	WI	activity_report	lobbyist	2026-07-01	2026-12-31	0.0	0.0	https://lobbying.wi.gov/Who/LobbyistInformation/2025REG/Information/11510
WI-lobbyist-11511-activity-2025-H1	11511	WI	activity_report	lobbyist	2025-01-01	2025-06-30	38.25	134.5	https://lobbying.wi.gov/Who/LobbyistInformation/2025REG/Information/11511
WI-lobbyist-11511-activity-2025-H2	11511	WI	activity_report	lobbyist	2025-07-01	2025-12-31	32.25	281.5	https://lobbying.wi.gov/Who/LobbyistInformation/2025REG/Information/11511
WI-lobbyist-11511-activity-2026-H1	11511	WI	activity_report	lobbyist	2026-01-01	2026-06-30	0.0	0.0	https://lobbying.wi.gov/Who/LobbyistInformation/2025REG/Information/11511
WI-lobbyist-11511-activity-2026-H2	11511	WI	activity_report	lobbyist	2026-07-01	2026-12-31	0.0	0.0	https://lobbying.wi.gov/Who/LobbyistInformation/2025REG/Information/11511
WI-lobbyist-11512-activity-2025-H1	11512	WI	activity_report	lobbyist	2025-01-01	2025-06-30	0.5	1.0	https://lobbying.wi.gov/Who/LobbyistInformation/2025REG/Information/11512
WI-lobbyist-11512-activity-2025-H2	11512	WI	activity_report	lobbyist	2025-07-01	2025-12-31	0.0	10.25	https://lobbying.wi.gov/Who/LobbyistInformation/2025REG/Information/11512
WI-lobbyist-11512-activity-2026-H1	11512	WI	activity_report	lobbyist	2026-01-01	2026-06-30	0.0	0.0	https://lobbying.wi.gov/Who/LobbyistInformation/2025REG/Information/11512
WI-lobbyist-11512-activity-2026-H2	11512	WI	activity_report	lobbyist	2026-07-01	2026-12-31	0.0	0.0	https://lobbying.wi.gov/Who/LobbyistInformation/2025REG/Information/11512
WI-lobbyist-11514-activity-2025-H1	11514	WI	activity_report	lobbyist	2025-01-01	2025-06-30	0.0	2.0	https://lobbying.wi.gov/Who/LobbyistInformation/2025REG/Information/11514
WI-lobbyist-11514-activity-2025-H2	11514	WI	activity_report	lobbyist	2025-07-01	2025-12-31	0.0	1.0	https://lobbying.wi.gov/Who/LobbyistInformation/2025REG/Information/11514
WI-lobbyist-11514-activity-2026-H1	11514	WI	activity_report	lobbyist	2026-01-01	2026-06-30	0.0	0.0	https://lobbying.wi.gov/Who/LobbyistInformation/2025REG/Information/11514
WI-lobbyist-11514-activity-2026-H2	11514	WI	activity_report	lobbyist	2026-07-01	2026-12-31	0.0	0.0	https://lobbying.wi.gov/Who/LobbyistInformation/2025REG/Information/11514
WI-lobbyist-11515-activity-2025-H1	11515	WI	activity_report	lobbyist	2025-01-01	2025-06-30	124.25	218.25	https://lobbying.wi.gov/Who/LobbyistInformation/2025REG/Information/11515
WI-lobbyist-11515-activity-2025-H2	11515	WI	activity_report	lobbyist	2025-07-01	2025-12-31	85.5	124.5	https://lobbying.wi.gov/Who/LobbyistInformation/2025REG/Information/11515
WI-lobbyist-11515-activity-2026-H1	11515	WI	activity_report	lobbyist	2026-01-01	2026-06-30	0.0	0.0	https://lobbying.wi.gov/Who/LobbyistInformation/2025REG/Information/11515
WI-lobbyist-11515-activity-2026-H2	11515	WI	activity_report	lobbyist	2026-07-01	2026-12-31	0.0	0.0	https://lobbying.wi.gov/Who/LobbyistInformation/2025REG/Information/11515
WI-lobbyist-11516-activity-2025-H1	11516	WI	activity_report	lobbyist	2025-01-01	2025-06-30	108.0	322.0	https://lobbying.wi.gov/Who/LobbyistInformation/2025REG/Information/11516
WI-lobbyist-11516-activity-2025-H2	11516	WI	activity_report	lobbyist	2025-07-01	2025-12-31	148.0	356.0	https://lobbying.wi.gov/Who/LobbyistInformation/2025REG/Information/11516
WI-lobbyist-11516-activity-2026-H1	11516	WI	activity_report	lobbyist	2026-01-01	2026-06-30	0.0	0.0	https://lobbying.wi.gov/Who/LobbyistInformation/2025REG/Information/11516
WI-lobbyist-11516-activity-2026-H2	11516	WI	activity_report	lobbyist	2026-07-01	2026-12-31	0.0	0.0	https://lobbying.wi.gov/Who/LobbyistInformation/2025REG/Information/11516
WI-lobbyist-11517-activity-2025-H1	11517	WI	activity_report	lobbyist	2025-01-01	2025-06-30	70.5	12.0	https://lobbying.wi.gov/Who/LobbyistInformation/2025REG/Information/11517
WI-lobbyist-11517-activity-2025-H2	11517	WI	activity_report	lobbyist	2025-07-01	2025-12-31	0.0	0.0	https://lobbying.wi.gov/Who/LobbyistInformation/2025REG/Information/11517
WI-lobbyist-11517-activity-2026-H1	11517	WI	activity_report	lobbyist	2026-01-01	2026-06-30	0.0	0.0	https://lobbying.wi.gov/Who/LobbyistInformation/2025REG/Information/11517
WI-lobbyist-11517-activity-2026-H2	11517	WI	activity_report	lobbyist	2026-07-01	2026-12-31	0.0	0.0	https://lobbying.wi.gov/Who/LobbyistInformation/2025REG/Information/11517
WI-lobbyist-11518-activity-2025-H1	11518	WI	activity_report	lobbyist	2025-01-01	2025-06-30	8.25	9.5	https://lobbying.wi.gov/Who/LobbyistInformation/2025REG/Information/11518
WI-lobbyist-11518-activity-2025-H2	11518	WI	activity_report	lobbyist	2025-07-01	2025-12-31	3.25	3.0	https://lobbying.wi.gov/Who/LobbyistInformation/2025REG/Information/11518
WI-lobbyist-11518-activity-2026-H1	11518	WI	activity_report	lobbyist	2026-01-01	2026-06-30	0.0	0.0	https://lobbying.wi.gov/Who/LobbyistInformation/2025REG/Information/11518
WI-lobbyist-11518-activity-2026-H2	11518	WI	activity_report	lobbyist	2026-07-01	2026-12-31	0.0	0.0	https://lobbying.wi.gov/Who/LobbyistInformation/2025REG/Information/11518
WI-lobbyist-11519-activity-2025-H1	11519	WI	activity_report	lobbyist	2025-01-01	2025-06-30	5.25	20.5	https://lobbying.wi.gov/Who/LobbyistInformation/2025REG/Information/11519
WI-lobbyist-11519-activity-2025-H2	11519	WI	activity_report	lobbyist	2025-07-01	2025-12-31	4.5	6.5	https://lobbying.wi.gov/Who/LobbyistInformation/2025REG/Information/11519
WI-lobbyist-11519-activity-2026-H1	11519	WI	activity_report	lobbyist	2026-01-01	2026-06-30	0.0	0.0	https://lobbying.wi.gov/Who/LobbyistInformation/2025REG/Information/11519
WI-lobbyist-11519-activity-2026-H2	11519	WI	activity_report	lobbyist	2026-07-01	2026-12-31	0.0	0.0	https://lobbying.wi.gov/Who/LobbyistInformation/2025REG/Information/11519
WI-lobbyist-11520-activity-2025-H1	11520	WI	activity_report	lobbyist	2025-01-01	2025-06-30	54.0	41.0	https://lobbying.wi.gov/Who/LobbyistInformation/2025REG/Information/11520
WI-lobbyist-11520-activity-2025-H2	11520	WI	activity_report	lobbyist	2025-07-01	2025-12-31	63.0	16.0	https://lobbying.wi.gov/Who/LobbyistInformation/2025REG/Information/11520
WI-lobbyist-11520-activity-2026-H1	11520	WI	activity_report	lobbyist	2026-01-01	2026-06-30	51.0	64.0	https://lobbying.wi.gov/Who/LobbyistInformation/2025REG/Information/11520
WI-lobbyist-11520-activity-2026-H2	11520	WI	activity_report	lobbyist	2026-07-01	2026-12-31	0.0	0.0	https://lobbying.wi.gov/Who/LobbyistInformation/2025REG/Information/11520
WI-lobbyist-11521-activity-2025-H1	11521	WI	activity_report	lobbyist	2025-01-01	2025-06-30	8.5	19.5	https://lobbying.wi.gov/Who/LobbyistInformation/2025REG/Information/11521
WI-lobbyist-11521-activity-2025-H2	11521	WI	activity_report	lobbyist	2025-07-01	2025-12-31	3.05	9.5	https://lobbying.wi.gov/Who/LobbyistInformation/2025REG/Information/11521
WI-lobbyist-11521-activity-2026-H1	11521	WI	activity_report	lobbyist	2026-01-01	2026-06-30	0.0	0.0	https://lobbying.wi.gov/Who/LobbyistInformation/2025REG/Information/11521
WI-lobbyist-11521-activity-2026-H2	11521	WI	activity_report	lobbyist	2026-07-01	2026-12-31	0.0	0.0	https://lobbying.wi.gov/Who/LobbyistInformation/2025REG/Information/11521
WI-lobbyist-11523-activity-2025-H1	11523	WI	activity_report	lobbyist	2025-01-01	2025-06-30	311.0	416.0	https://lobbying.wi.gov/Who/LobbyistInformation/2025REG/Information/11523
WI-lobbyist-11523-activity-2025-H2	11523	WI	activity_report	lobbyist	2025-07-01	2025-12-31	245.0	401.0	https://lobbying.wi.gov/Who/LobbyistInformation/2025REG/Information/11523
WI-lobbyist-11523-activity-2026-H1	11523	WI	activity_report	lobbyist	2026-01-01	2026-06-30	0.0	0.0	https://lobbying.wi.gov/Who/LobbyistInformation/2025REG/Information/11523
WI-lobbyist-11523-activity-2026-H2	11523	WI	activity_report	lobbyist	2026-07-01	2026-12-31	0.0	0.0	https://lobbying.wi.gov/Who/LobbyistInformation/2025REG/Information/11523
WI-lobbyist-11524-activity-2025-H1	11524	WI	activity_report	lobbyist	2025-01-01	2025-06-30	169.0	454.0	https://lobbying.wi.gov/Who/LobbyistInformation/2025REG/Information/11524
WI-lobbyist-11524-activity-2025-H2	11524	WI	activity_report	lobbyist	2025-07-01	2025-12-31	125.0	500.0	https://lobbying.wi.gov/Who/LobbyistInformation/2025REG/Information/11524
WI-lobbyist-11524-activity-2026-H1	11524	WI	activity_report	lobbyist	2026-01-01	2026-06-30	0.0	0.0	https://lobbying.wi.gov/Who/LobbyistInformation/2025REG/Information/11524
WI-lobbyist-11524-activity-2026-H2	11524	WI	activity_report	lobbyist	2026-07-01	2026-12-31	0.0	0.0	https://lobbying.wi.gov/Who/LobbyistInformation/2025REG/Information/11524
WI-lobbyist-11525-activity-2025-H1	11525	WI	activity_report	lobbyist	2025-01-01	2025-06-30	5.0	2.9	https://lobbying.wi.gov/Who/LobbyistInformation/2025REG/Information/11525
WI-lobbyist-11525-activity-2025-H2	11525	WI	activity_report	lobbyist	2025-07-01	2025-12-31	5.5	13.2	https://lobbying.wi.gov/Who/LobbyistInformation/2025REG/Information/11525
WI-lobbyist-11525-activity-2026-H1	11525	WI	activity_report	lobbyist	2026-01-01	2026-06-30	0.0	0.0	https://lobbying.wi.gov/Who/LobbyistInformation/2025REG/Information/11525
WI-lobbyist-11525-activity-2026-H2	11525	WI	activity_report	lobbyist	2026-07-01	2026-12-31	0.0	0.0	https://lobbying.wi.gov/Who/LobbyistInformation/2025REG/Information/11525
WI-lobbyist-11526-activity-2025-H1	11526	WI	activity_report	lobbyist	2025-01-01	2025-06-30	27.5	14.0	https://lobbying.wi.gov/Who/LobbyistInformation/2025REG/Information/11526
WI-lobbyist-11526-activity-2025-H2	11526	WI	activity_report	lobbyist	2025-07-01	2025-12-31	8.0	11.0	https://lobbying.wi.gov/Who/LobbyistInformation/2025REG/Information/11526
WI-lobbyist-11526-activity-2026-H1	11526	WI	activity_report	lobbyist	2026-01-01	2026-06-30	1.5	1.0	https://lobbying.wi.gov/Who/LobbyistInformation/2025REG/Information/11526
WI-lobbyist-11526-activity-2026-H2	11526	WI	activity_report	lobbyist	2026-07-01	2026-12-31	0.0	0.0	https://lobbying.wi.gov/Who/LobbyistInformation/2025REG/Information/11526
WI-lobbyist-11527-activity-2025-H1	11527	WI	activity_report	lobbyist	2025-01-01	2025-06-30	25.0	45.0	https://lobbying.wi.gov/Who/LobbyistInformation/2025REG/Information/11527
WI-lobbyist-11527-activity-2025-H2	11527	WI	activity_report	lobbyist	2025-07-01	2025-12-31	61.25	124.25	https://lobbying.wi.gov/Who/LobbyistInformation/2025REG/Information/11527
WI-lobbyist-11527-activity-2026-H1	11527	WI	activity_report	lobbyist	2026-01-01	2026-06-30	0.0	0.0	https://lobbying.wi.gov/Who/LobbyistInformation/2025REG/Information/11527
WI-lobbyist-11527-activity-2026-H2	11527	WI	activity_report	lobbyist	2026-07-01	2026-12-31	0.0	0.0	https://lobbying.wi.gov/Who/LobbyistInformation/2025REG/Information/11527
WI-lobbyist-11528-activity-2025-H1	11528	WI	activity_report	lobbyist	2025-01-01	2025-06-30	0.0	0.0	https://lobbying.wi.gov/Who/LobbyistInformation/2025REG/Information/11528
WI-lobbyist-11528-activity-2025-H2	11528	WI	activity_report	lobbyist	2025-07-01	2025-12-31	0.0	0.0	https://lobbying.wi.gov/Who/LobbyistInformation/2025REG/Information/11528
WI-lobbyist-11528-activity-2026-H1	11528	WI	activity_report	lobbyist	2026-01-01	2026-06-30	0.0	0.0	https://lobbying.wi.gov/Who/LobbyistInformation/2025REG/Information/11528
WI-lobbyist-11528-activity-2026-H2	11528	WI	activity_report	lobbyist	2026-07-01	2026-12-31	0.0	0.0	https://lobbying.wi.gov/Who/LobbyistInformation/2025REG/Information/11528
WI-lobbyist-11529-activity-2025-H1	11529	WI	activity_report	lobbyist	2025-01-01	2025-06-30	28.5	142.0	https://lobbying.wi.gov/Who/LobbyistInformation/2025REG/Information/11529
WI-lobbyist-11529-activity-2025-H2	11529	WI	activity_report	lobbyist	2025-07-01	2025-12-31	12.5	71.0	https://lobbying.wi.gov/Who/LobbyistInformation/2025REG/Information/11529
WI-lobbyist-11529-activity-2026-H1	11529	WI	activity_report	lobbyist	2026-01-01	2026-06-30	5.0	81.0	https://lobbying.wi.gov/Who/LobbyistInformation/2025REG/Information/11529
WI-lobbyist-11529-activity-2026-H2	11529	WI	activity_report	lobbyist	2026-07-01	2026-12-31	0.0	0.0	https://lobbying.wi.gov/Who/LobbyistInformation/2025REG/Information/11529
WI-lobbyist-11530-activity-2025-H1	11530	WI	activity_report	lobbyist	2025-01-01	2025-06-30	0.5	5.5	https://lobbying.wi.gov/Who/LobbyistInformation/2025REG/Information/11530
WI-lobbyist-11530-activity-2025-H2	11530	WI	activity_report	lobbyist	2025-07-01	2025-12-31	1.0	4.0	https://lobbying.wi.gov/Who/LobbyistInformation/2025REG/Information/11530
WI-lobbyist-11530-activity-2026-H1	11530	WI	activity_report	lobbyist	2026-01-01	2026-06-30	0.0	0.0	https://lobbying.wi.gov/Who/LobbyistInformation/2025REG/Information/11530
WI-lobbyist-11530-activity-2026-H2	11530	WI	activity_report	lobbyist	2026-07-01	2026-12-31	0.0	0.0	https://lobbying.wi.gov/Who/LobbyistInformation/2025REG/Information/11530
WI-lobbyist-11531-activity-2025-H1	11531	WI	activity_report	lobbyist	2025-01-01	2025-06-30	1.0	4.0	https://lobbying.wi.gov/Who/LobbyistInformation/2025REG/Information/11531
WI-lobbyist-11531-activity-2025-H2	11531	WI	activity_report	lobbyist	2025-07-01	2025-12-31	0.0	0.0	https://lobbying.wi.gov/Who/LobbyistInformation/2025REG/Information/11531
WI-lobbyist-11531-activity-2026-H1	11531	WI	activity_report	lobbyist	2026-01-01	2026-06-30	0.0	0.0	https://lobbying.wi.gov/Who/LobbyistInformation/2025REG/Information/11531
WI-lobbyist-11531-activity-2026-H2	11531	WI	activity_report	lobbyist	2026-07-01	2026-12-31	0.0	0.0	https://lobbying.wi.gov/Who/LobbyistInformation/2025REG/Information/11531
WI-lobbyist-11532-activity-2025-H1	11532	WI	activity_report	lobbyist	2025-01-01	2025-06-30	3.5	7.9	https://lobbying.wi.gov/Who/LobbyistInformation/2025REG/Information/11532
WI-lobbyist-11532-activity-2025-H2	11532	WI	activity_report	lobbyist	2025-07-01	2025-12-31	1.5	2.8	https://lobbying.wi.gov/Who/LobbyistInformation/2025REG/Information/11532
WI-lobbyist-11532-activity-2026-H1	11532	WI	activity_report	lobbyist	2026-01-01	2026-06-30	0.0	0.0	https://lobbying.wi.gov/Who/LobbyistInformation/2025REG/Information/11532
WI-lobbyist-11532-activity-2026-H2	11532	WI	activity_report	lobbyist	2026-07-01	2026-12-31	0.0	0.0	https://lobbying.wi.gov/Who/LobbyistInformation/2025REG/Information/11532
WI-lobbyist-11533-activity-2025-H1	11533	WI	activity_report	lobbyist	2025-01-01	2025-06-30	34.0	15.2	https://lobbying.wi.gov/Who/LobbyistInformation/2025REG/Information/11533
WI-lobbyist-11533-activity-2025-H2	11533	WI	activity_report	lobbyist	2025-07-01	2025-12-31	41.0	9.33	https://lobbying.wi.gov/Who/LobbyistInformation/2025REG/Information/11533
WI-lobbyist-11533-activity-2026-H1	11533	WI	activity_report	lobbyist	2026-01-01	2026-06-30	0.0	0.0	https://lobbying.wi.gov/Who/LobbyistInformation/2025REG/Information/11533
WI-lobbyist-11533-activity-2026-H2	11533	WI	activity_report	lobbyist	2026-07-01	2026-12-31	0.0	0.0	https://lobbying.wi.gov/Who/LobbyistInformation/2025REG/Information/11533
WI-lobbyist-11534-activity-2025-H1	11534	WI	activity_report	lobbyist	2025-01-01	2025-06-30	9.45	7.75	https://lobbying.wi.gov/Who/LobbyistInformation/2025REG/Information/11534
WI-lobbyist-11534-activity-2025-H2	11534	WI	activity_report	lobbyist	2025-07-01	2025-12-31	7.75	1.75	https://lobbying.wi.gov/Who/LobbyistInformation/2025REG/Information/11534
WI-lobbyist-11534-activity-2026-H1	11534	WI	activity_report	lobbyist	2026-01-01	2026-06-30	0.0	0.0	https://lobbying.wi.gov/Who/LobbyistInformation/2025REG/Information/11534
WI-lobbyist-11534-activity-2026-H2	11534	WI	activity_report	lobbyist	2026-07-01	2026-12-31	0.0	0.0	https://lobbying.wi.gov/Who/LobbyistInformation/2025REG/Information/11534
WI-lobbyist-11536-activity-2025-H1	11536	WI	activity_report	lobbyist	2025-01-01	2025-06-30	5.25	31.25	https://lobbying.wi.gov/Who/LobbyistInformation/2025REG/Information/11536
WI-lobbyist-11536-activity-2025-H2	11536	WI	activity_report	lobbyist	2025-07-01	2025-12-31	3.5	11.5	https://lobbying.wi.gov/Who/LobbyistInformation/2025REG/Information/11536
WI-lobbyist-11536-activity-2026-H1	11536	WI	activity_report	lobbyist	2026-01-01	2026-06-30	0.0	0.0	https://lobbying.wi.gov/Who/LobbyistInformation/2025REG/Information/11536
WI-lobbyist-11536-activity-2026-H2	11536	WI	activity_report	lobbyist	2026-07-01	2026-12-31	0.0	0.0	https://lobbying.wi.gov/Who/LobbyistInformation/2025REG/Information/11536
WI-lobbyist-11537-activity-2025-H1	11537	WI	activity_report	lobbyist	2025-01-01	2025-06-30	108.0	391.0	https://lobbying.wi.gov/Who/LobbyistInformation/2025REG/Information/11537
WI-lobbyist-11537-activity-2025-H2	11537	WI	activity_report	lobbyist	2025-07-01	2025-12-31	51.0	412.0	https://lobbying.wi.gov/Who/LobbyistInformation/2025REG/Information/11537
WI-lobbyist-11537-activity-2026-H1	11537	WI	activity_report	lobbyist	2026-01-01	2026-06-30	14.0	0.0	https://lobbying.wi.gov/Who/LobbyistInformation/2025REG/Information/11537
WI-lobbyist-11537-activity-2026-H2	11537	WI	activity_report	lobbyist	2026-07-01	2026-12-31	0.0	0.0	https://lobbying.wi.gov/Who/LobbyistInformation/2025REG/Information/11537
WI-lobbyist-11538-activity-2025-H1	11538	WI	activity_report	lobbyist	2025-01-01	2025-06-30	19.4	40.5	https://lobbying.wi.gov/Who/LobbyistInformation/2025REG/Information/11538
WI-lobbyist-11538-activity-2025-H2	11538	WI	activity_report	lobbyist	2025-07-01	2025-12-31	29.0	16.6	https://lobbying.wi.gov/Who/LobbyistInformation/2025REG/Information/11538
WI-lobbyist-11538-activity-2026-H1	11538	WI	activity_report	lobbyist	2026-01-01	2026-06-30	0.0	0.0	https://lobbying.wi.gov/Who/LobbyistInformation/2025REG/Information/11538
WI-lobbyist-11538-activity-2026-H2	11538	WI	activity_report	lobbyist	2026-07-01	2026-12-31	0.0	0.0	https://lobbying.wi.gov/Who/LobbyistInformation/2025REG/Information/11538
WI-lobbyist-11539-activity-2025-H1	11539	WI	activity_report	lobbyist	2025-01-01	2025-06-30	7.5	17.8	https://lobbying.wi.gov/Who/LobbyistInformation/2025REG/Information/11539
WI-lobbyist-11539-activity-2025-H2	11539	WI	activity_report	lobbyist	2025-07-01	2025-12-31	14.0	13.8	https://lobbying.wi.gov/Who/LobbyistInformation/2025REG/Information/11539
WI-lobbyist-11539-activity-2026-H1	11539	WI	activity_report	lobbyist	2026-01-01	2026-06-30	0.0	0.0	https://lobbying.wi.gov/Who/LobbyistInformation/2025REG/Information/11539
WI-lobbyist-11539-activity-2026-H2	11539	WI	activity_report	lobbyist	2026-07-01	2026-12-31	0.0	0.0	https://lobbying.wi.gov/Who/LobbyistInformation/2025REG/Information/11539
WI-lobbyist-11540-activity-2025-H1	11540	WI	activity_report	lobbyist	2025-01-01	2025-06-30	0.0	0.0	https://lobbying.wi.gov/Who/LobbyistInformation/2025REG/Information/11540
WI-lobbyist-11540-activity-2025-H2	11540	WI	activity_report	lobbyist	2025-07-01	2025-12-31	0.0	0.0	https://lobbying.wi.gov/Who/LobbyistInformation/2025REG/Information/11540
WI-lobbyist-11540-activity-2026-H1	11540	WI	activity_report	lobbyist	2026-01-01	2026-06-30	0.0	0.0	https://lobbying.wi.gov/Who/LobbyistInformation/2025REG/Information/11540
WI-lobbyist-11540-activity-2026-H2	11540	WI	activity_report	lobbyist	2026-07-01	2026-12-31	0.0	0.0	https://lobbying.wi.gov/Who/LobbyistInformation/2025REG/Information/11540
WI-lobbyist-11541-activity-2025-H1	11541	WI	activity_report	lobbyist	2025-01-01	2025-06-30	1.5	16.9	https://lobbying.wi.gov/Who/LobbyistInformation/2025REG/Information/11541
WI-lobbyist-11541-activity-2025-H2	11541	WI	activity_report	lobbyist	2025-07-01	2025-12-31	0.0	0.0	https://lobbying.wi.gov/Who/LobbyistInformation/2025REG/Information/11541
WI-lobbyist-11541-activity-2026-H1	11541	WI	activity_report	lobbyist	2026-01-01	2026-06-30	0.0	0.0	https://lobbying.wi.gov/Who/LobbyistInformation/2025REG/Information/11541
WI-lobbyist-11541-activity-2026-H2	11541	WI	activity_report	lobbyist	2026-07-01	2026-12-31	0.0	0.0	https://lobbying.wi.gov/Who/LobbyistInformation/2025REG/Information/11541
WI-lobbyist-11542-activity-2025-H1	11542	WI	activity_report	lobbyist	2025-01-01	2025-06-30	115.0	122.0	https://lobbying.wi.gov/Who/LobbyistInformation/2025REG/Information/11542
WI-lobbyist-11542-activity-2025-H2	11542	WI	activity_report	lobbyist	2025-07-01	2025-12-31	32.0	56.0	https://lobbying.wi.gov/Who/LobbyistInformation/2025REG/Information/11542
WI-lobbyist-11542-activity-2026-H1	11542	WI	activity_report	lobbyist	2026-01-01	2026-06-30	0.0	0.0	https://lobbying.wi.gov/Who/LobbyistInformation/2025REG/Information/11542
WI-lobbyist-11542-activity-2026-H2	11542	WI	activity_report	lobbyist	2026-07-01	2026-12-31	0.0	0.0	https://lobbying.wi.gov/Who/LobbyistInformation/2025REG/Information/11542
WI-lobbyist-11543-activity-2025-H1	11543	WI	activity_report	lobbyist	2025-01-01	2025-06-30	21.0	70.9	https://lobbying.wi.gov/Who/LobbyistInformation/2025REG/Information/11543
WI-lobbyist-11543-activity-2025-H2	11543	WI	activity_report	lobbyist	2025-07-01	2025-12-31	22.7	33.8	https://lobbying.wi.gov/Who/LobbyistInformation/2025REG/Information/11543
WI-lobbyist-11543-activity-2026-H1	11543	WI	activity_report	lobbyist	2026-01-01	2026-06-30	0.0	0.0	https://lobbying.wi.gov/Who/LobbyistInformation/2025REG/Information/11543
WI-lobbyist-11543-activity-2026-H2	11543	WI	activity_report	lobbyist	2026-07-01	2026-12-31	0.0	0.0	https://lobbying.wi.gov/Who/LobbyistInformation/2025REG/Information/11543
WI-lobbyist-11544-activity-2025-H1	11544	WI	activity_report	lobbyist	2025-01-01	2025-06-30	110.0	182.0	https://lobbying.wi.gov/Who/LobbyistInformation/2025REG/Information/11544
WI-lobbyist-11544-activity-2025-H2	11544	WI	activity_report	lobbyist	2025-07-01	2025-12-31	127.0	151.0	https://lobbying.wi.gov/Who/LobbyistInformation/2025REG/Information/11544
WI-lobbyist-11544-activity-2026-H1	11544	WI	activity_report	lobbyist	2026-01-01	2026-06-30	0.0	0.0	https://lobbying.wi.gov/Who/LobbyistInformation/2025REG/Information/11544
WI-lobbyist-11544-activity-2026-H2	11544	WI	activity_report	lobbyist	2026-07-01	2026-12-31	0.0	0.0	https://lobbying.wi.gov/Who/LobbyistInformation/2025REG/Information/11544
WI-lobbyist-11545-activity-2025-H1	11545	WI	activity_report	lobbyist	2025-01-01	2025-06-30	30.5	240.5	https://lobbying.wi.gov/Who/LobbyistInformation/2025REG/Information/11545
WI-lobbyist-11545-activity-2025-H2	11545	WI	activity_report	lobbyist	2025-07-01	2025-12-31	35.5	204.0	https://lobbying.wi.gov/Who/LobbyistInformation/2025REG/Information/11545
WI-lobbyist-11545-activity-2026-H1	11545	WI	activity_report	lobbyist	2026-01-01	2026-06-30	0.0	0.0	https://lobbying.wi.gov/Who/LobbyistInformation/2025REG/Information/11545
WI-lobbyist-11545-activity-2026-H2	11545	WI	activity_report	lobbyist	2026-07-01	2026-12-31	0.0	0.0	https://lobbying.wi.gov/Who/LobbyistInformation/2025REG/Information/11545
WI-lobbyist-11546-activity-2025-H1	11546	WI	activity_report	lobbyist	2025-01-01	2025-06-30	88.0	429.0	https://lobbying.wi.gov/Who/LobbyistInformation/2025REG/Information/11546
WI-lobbyist-11546-activity-2025-H2	11546	WI	activity_report	lobbyist	2025-07-01	2025-12-31	109.0	359.0	https://lobbying.wi.gov/Who/LobbyistInformation/2025REG/Information/11546
WI-lobbyist-11546-activity-2026-H1	11546	WI	activity_report	lobbyist	2026-01-01	2026-06-30	0.0	0.0	https://lobbying.wi.gov/Who/LobbyistInformation/2025REG/Information/11546
WI-lobbyist-11546-activity-2026-H2	11546	WI	activity_report	lobbyist	2026-07-01	2026-12-31	0.0	0.0	https://lobbying.wi.gov/Who/LobbyistInformation/2025REG/Information/11546
WI-lobbyist-11547-activity-2025-H1	11547	WI	activity_report	lobbyist	2025-01-01	2025-06-30	15.75	13.0	https://lobbying.wi.gov/Who/LobbyistInformation/2025REG/Information/11547
WI-lobbyist-11547-activity-2025-H2	11547	WI	activity_report	lobbyist	2025-07-01	2025-12-31	12.25	11.5	https://lobbying.wi.gov/Who/LobbyistInformation/2025REG/Information/11547
WI-lobbyist-11547-activity-2026-H1	11547	WI	activity_report	lobbyist	2026-01-01	2026-06-30	0.0	0.0	https://lobbying.wi.gov/Who/LobbyistInformation/2025REG/Information/11547
WI-lobbyist-11547-activity-2026-H2	11547	WI	activity_report	lobbyist	2026-07-01	2026-12-31	0.0	0.0	https://lobbying.wi.gov/Who/LobbyistInformation/2025REG/Information/11547
WI-lobbyist-11548-activity-2025-H1	11548	WI	activity_report	lobbyist	2025-01-01	2025-06-30	50.8	114.0	https://lobbying.wi.gov/Who/LobbyistInformation/2025REG/Information/11548
WI-lobbyist-11548-activity-2025-H2	11548	WI	activity_report	lobbyist	2025-07-01	2025-12-31	37.5	53.0	https://lobbying.wi.gov/Who/LobbyistInformation/2025REG/Information/11548
WI-lobbyist-11548-activity-2026-H1	11548	WI	activity_report	lobbyist	2026-01-01	2026-06-30	9.0	23.5	https://lobbying.wi.gov/Who/LobbyistInformation/2025REG/Information/11548
WI-lobbyist-11548-activity-2026-H2	11548	WI	activity_report	lobbyist	2026-07-01	2026-12-31	0.0	0.0	https://lobbying.wi.gov/Who/LobbyistInformation/2025REG/Information/11548
WI-lobbyist-11549-activity-2025-H1	11549	WI	activity_report	lobbyist	2025-01-01	2025-06-30	20.0	8.5	https://lobbying.wi.gov/Who/LobbyistInformation/2025REG/Information/11549
WI-lobbyist-11549-activity-2025-H2	11549	WI	activity_report	lobbyist	2025-07-01	2025-12-31	21.5	9.0	https://lobbying.wi.gov/Who/LobbyistInformation/2025REG/Information/11549
WI-lobbyist-11549-activity-2026-H1	11549	WI	activity_report	lobbyist	2026-01-01	2026-06-30	20.0	9.0	https://lobbying.wi.gov/Who/LobbyistInformation/2025REG/Information/11549
WI-lobbyist-11549-activity-2026-H2	11549	WI	activity_report	lobbyist	2026-07-01	2026-12-31	0.0	0.0	https://lobbying.wi.gov/Who/LobbyistInformation/2025REG/Information/11549
WI-lobbyist-11550-activity-2025-H1	11550	WI	activity_report	lobbyist	2025-01-01	2025-06-30	21.0	6.5	https://lobbying.wi.gov/Who/LobbyistInformation/2025REG/Information/11550
WI-lobbyist-11550-activity-2025-H2	11550	WI	activity_report	lobbyist	2025-07-01	2025-12-31	0.0	5.0	https://lobbying.wi.gov/Who/LobbyistInformation/2025REG/Information/11550
WI-lobbyist-11550-activity-2026-H1	11550	WI	activity_report	lobbyist	2026-01-01	2026-06-30	0.0	0.0	https://lobbying.wi.gov/Who/LobbyistInformation/2025REG/Information/11550
WI-lobbyist-11550-activity-2026-H2	11550	WI	activity_report	lobbyist	2026-07-01	2026-12-31	0.0	0.0	https://lobbying.wi.gov/Who/LobbyistInformation/2025REG/Information/11550
WI-lobbyist-11551-activity-2025-H1	11551	WI	activity_report	lobbyist	2025-01-01	2025-06-30	6.0	7.0	https://lobbying.wi.gov/Who/LobbyistInformation/2025REG/Information/11551
WI-lobbyist-11551-activity-2025-H2	11551	WI	activity_report	lobbyist	2025-07-01	2025-12-31	0.0	0.0	https://lobbying.wi.gov/Who/LobbyistInformation/2025REG/Information/11551
WI-lobbyist-11551-activity-2026-H1	11551	WI	activity_report	lobbyist	2026-01-01	2026-06-30	0.0	0.0	https://lobbying.wi.gov/Who/LobbyistInformation/2025REG/Information/11551
WI-lobbyist-11551-activity-2026-H2	11551	WI	activity_report	lobbyist	2026-07-01	2026-12-31	0.0	0.0	https://lobbying.wi.gov/Who/LobbyistInformation/2025REG/Information/11551
WI-lobbyist-11552-activity-2025-H1	11552	WI	activity_report	lobbyist	2025-01-01	2025-06-30	11.0	257.0	https://lobbying.wi.gov/Who/LobbyistInformation/2025REG/Information/11552
WI-lobbyist-11552-activity-2025-H2	11552	WI	activity_report	lobbyist	2025-07-01	2025-12-31	2.0	88.0	https://lobbying.wi.gov/Who/LobbyistInformation/2025REG/Information/11552
WI-lobbyist-11552-activity-2026-H1	11552	WI	activity_report	lobbyist	2026-01-01	2026-06-30	0.0	0.0	https://lobbying.wi.gov/Who/LobbyistInformation/2025REG/Information/11552
WI-lobbyist-11552-activity-2026-H2	11552	WI	activity_report	lobbyist	2026-07-01	2026-12-31	0.0	0.0	https://lobbying.wi.gov/Who/LobbyistInformation/2025REG/Information/11552
WI-lobbyist-11553-activity-2025-H1	11553	WI	activity_report	lobbyist	2025-01-01	2025-06-30	24.0	46.7	https://lobbying.wi.gov/Who/LobbyistInformation/2025REG/Information/11553
WI-lobbyist-11553-activity-2025-H2	11553	WI	activity_report	lobbyist	2025-07-01	2025-12-31	7.5	21.7	https://lobbying.wi.gov/Who/LobbyistInformation/2025REG/Information/11553
WI-lobbyist-11553-activity-2026-H1	11553	WI	activity_report	lobbyist	2026-01-01	2026-06-30	0.0	0.0	https://lobbying.wi.gov/Who/LobbyistInformation/2025REG/Information/11553
WI-lobbyist-11553-activity-2026-H2	11553	WI	activity_report	lobbyist	2026-07-01	2026-12-31	0.0	0.0	https://lobbying.wi.gov/Who/LobbyistInformation/2025REG/Information/11553
WI-lobbyist-11555-activity-2025-H1	11555	WI	activity_report	lobbyist	2025-01-01	2025-06-30	27.5	29.5	https://lobbying.wi.gov/Who/LobbyistInformation/2025REG/Information/11555
WI-lobbyist-11555-activity-2025-H2	11555	WI	activity_report	lobbyist	2025-07-01	2025-12-31	18.0	5.5	https://lobbying.wi.gov/Who/LobbyistInformation/2025REG/Information/11555
WI-lobbyist-11555-activity-2026-H1	11555	WI	activity_report	lobbyist	2026-01-01	2026-06-30	15.0	15.0	https://lobbying.wi.gov/Who/LobbyistInformation/2025REG/Information/11555
WI-lobbyist-11555-activity-2026-H2	11555	WI	activity_report	lobbyist	2026-07-01	2026-12-31	0.0	0.0	https://lobbying.wi.gov/Who/LobbyistInformation/2025REG/Information/11555
WI-lobbyist-11557-activity-2025-H1	11557	WI	activity_report	lobbyist	2025-01-01	2025-06-30	141.0	186.5	https://lobbying.wi.gov/Who/LobbyistInformation/2025REG/Information/11557
WI-lobbyist-11557-activity-2025-H2	11557	WI	activity_report	lobbyist	2025-07-01	2025-12-31	102.0	184.0	https://lobbying.wi.gov/Who/LobbyistInformation/2025REG/Information/11557
WI-lobbyist-11557-activity-2026-H1	11557	WI	activity_report	lobbyist	2026-01-01	2026-06-30	0.0	0.0	https://lobbying.wi.gov/Who/LobbyistInformation/2025REG/Information/11557
WI-lobbyist-11557-activity-2026-H2	11557	WI	activity_report	lobbyist	2026-07-01	2026-12-31	0.0	0.0	https://lobbying.wi.gov/Who/LobbyistInformation/2025REG/Information/11557
WI-lobbyist-11558-activity-2025-H1	11558	WI	activity_report	lobbyist	2025-01-01	2025-06-30	51.25	140.75	https://lobbying.wi.gov/Who/LobbyistInformation/2025REG/Information/11558
WI-lobbyist-11558-activity-2025-H2	11558	WI	activity_report	lobbyist	2025-07-01	2025-12-31	38.5	153.75	https://lobbying.wi.gov/Who/LobbyistInformation/2025REG/Information/11558
WI-lobbyist-11558-activity-2026-H1	11558	WI	activity_report	lobbyist	2026-01-01	2026-06-30	0.0	0.0	https://lobbying.wi.gov/Who/LobbyistInformation/2025REG/Information/11558
WI-lobbyist-11558-activity-2026-H2	11558	WI	activity_report	lobbyist	2026-07-01	2026-12-31	0.0	0.0	https://lobbying.wi.gov/Who/LobbyistInformation/2025REG/Information/11558
WI-lobbyist-11559-activity-2025-H1	11559	WI	activity_report	lobbyist	2025-01-01	2025-06-30	1.5	0.0	https://lobbying.wi.gov/Who/LobbyistInformation/2025REG/Information/11559
WI-lobbyist-11559-activity-2025-H2	11559	WI	activity_report	lobbyist	2025-07-01	2025-12-31	0.0	4.0	https://lobbying.wi.gov/Who/LobbyistInformation/2025REG/Information/11559
WI-lobbyist-11559-activity-2026-H1	11559	WI	activity_report	lobbyist	2026-01-01	2026-06-30	0.0	0.0	https://lobbying.wi.gov/Who/LobbyistInformation/2025REG/Information/11559
WI-lobbyist-11559-activity-2026-H2	11559	WI	activity_report	lobbyist	2026-07-01	2026-12-31	0.0	0.0	https://lobbying.wi.gov/Who/LobbyistInformation/2025REG/Information/11559
WI-lobbyist-11560-activity-2025-H1	11560	WI	activity_report	lobbyist	2025-01-01	2025-06-30	157.0	382.0	https://lobbying.wi.gov/Who/LobbyistInformation/2025REG/Information/11560
WI-lobbyist-11560-activity-2025-H2	11560	WI	activity_report	lobbyist	2025-07-01	2025-12-31	118.0	416.0	https://lobbying.wi.gov/Who/LobbyistInformation/2025REG/Information/11560
WI-lobbyist-11560-activity-2026-H1	11560	WI	activity_report	lobbyist	2026-01-01	2026-06-30	0.0	0.0	https://lobbying.wi.gov/Who/LobbyistInformation/2025REG/Information/11560
WI-lobbyist-11560-activity-2026-H2	11560	WI	activity_report	lobbyist	2026-07-01	2026-12-31	0.0	0.0	https://lobbying.wi.gov/Who/LobbyistInformation/2025REG/Information/11560
WI-lobbyist-11561-activity-2025-H1	11561	WI	activity_report	lobbyist	2025-01-01	2025-06-30	19.0	1.0	https://lobbying.wi.gov/Who/LobbyistInformation/2025REG/Information/11561
WI-lobbyist-11561-activity-2025-H2	11561	WI	activity_report	lobbyist	2025-07-01	2025-12-31	0.0	0.0	https://lobbying.wi.gov/Who/LobbyistInformation/2025REG/Information/11561
WI-lobbyist-11561-activity-2026-H1	11561	WI	activity_report	lobbyist	2026-01-01	2026-06-30	0.0	0.0	https://lobbying.wi.gov/Who/LobbyistInformation/2025REG/Information/11561
WI-lobbyist-11561-activity-2026-H2	11561	WI	activity_report	lobbyist	2026-07-01	2026-12-31	0.0	0.0	https://lobbying.wi.gov/Who/LobbyistInformation/2025REG/Information/11561
WI-lobbyist-11563-activity-2025-H1	11563	WI	activity_report	lobbyist	2025-01-01	2025-06-30	70.0	66.5	https://lobbying.wi.gov/Who/LobbyistInformation/2025REG/Information/11563
WI-lobbyist-11563-activity-2025-H2	11563	WI	activity_report	lobbyist	2025-07-01	2025-12-31	19.0	36.5	https://lobbying.wi.gov/Who/LobbyistInformation/2025REG/Information/11563
WI-lobbyist-11563-activity-2026-H1	11563	WI	activity_report	lobbyist	2026-01-01	2026-06-30	0.0	0.0	https://lobbying.wi.gov/Who/LobbyistInformation/2025REG/Information/11563
WI-lobbyist-11563-activity-2026-H2	11563	WI	activity_report	lobbyist	2026-07-01	2026-12-31	0.0	0.0	https://lobbying.wi.gov/Who/LobbyistInformation/2025REG/Information/11563
WI-lobbyist-11564-activity-2025-H1	11564	WI	activity_report	lobbyist	2025-01-01	2025-06-30	11.3	194.5	https://lobbying.wi.gov/Who/LobbyistInformation/2025REG/Information/11564
WI-lobbyist-11564-activity-2025-H2	11564	WI	activity_report	lobbyist	2025-07-01	2025-12-31	0.8	43.7	https://lobbying.wi.gov/Who/LobbyistInformation/2025REG/Information/11564
WI-lobbyist-11564-activity-2026-H1	11564	WI	activity_report	lobbyist	2026-01-01	2026-06-30	0.0	0.0	https://lobbying.wi.gov/Who/LobbyistInformation/2025REG/Information/11564
WI-lobbyist-11564-activity-2026-H2	11564	WI	activity_report	lobbyist	2026-07-01	2026-12-31	0.0	0.0	https://lobbying.wi.gov/Who/LobbyistInformation/2025REG/Information/11564
WI-lobbyist-11565-activity-2025-H1	11565	WI	activity_report	lobbyist	2025-01-01	2025-06-30	20.5	43.0	https://lobbying.wi.gov/Who/LobbyistInformation/2025REG/Information/11565
WI-lobbyist-11565-activity-2025-H2	11565	WI	activity_report	lobbyist	2025-07-01	2025-12-31	40.0	74.75	https://lobbying.wi.gov/Who/LobbyistInformation/2025REG/Information/11565
WI-lobbyist-11565-activity-2026-H1	11565	WI	activity_report	lobbyist	2026-01-01	2026-06-30	0.0	0.0	https://lobbying.wi.gov/Who/LobbyistInformation/2025REG/Information/11565
WI-lobbyist-11565-activity-2026-H2	11565	WI	activity_report	lobbyist	2026-07-01	2026-12-31	0.0	0.0	https://lobbying.wi.gov/Who/LobbyistInformation/2025REG/Information/11565
WI-lobbyist-11566-activity-2025-H1	11566	WI	activity_report	lobbyist	2025-01-01	2025-06-30	0.0	8.0	https://lobbying.wi.gov/Who/LobbyistInformation/2025REG/Information/11566
WI-lobbyist-11566-activity-2025-H2	11566	WI	activity_report	lobbyist	2025-07-01	2025-12-31	0.0	9.0	https://lobbying.wi.gov/Who/LobbyistInformation/2025REG/Information/11566
WI-lobbyist-11566-activity-2026-H1	11566	WI	activity_report	lobbyist	2026-01-01	2026-06-30	0.0	0.0	https://lobbying.wi.gov/Who/LobbyistInformation/2025REG/Information/11566
WI-lobbyist-11566-activity-2026-H2	11566	WI	activity_report	lobbyist	2026-07-01	2026-12-31	0.0	0.0	https://lobbying.wi.gov/Who/LobbyistInformation/2025REG/Information/11566
WI-lobbyist-11567-activity-2025-H1	11567	WI	activity_report	lobbyist	2025-01-01	2025-06-30	0.16	0.5	https://lobbying.wi.gov/Who/LobbyistInformation/2025REG/Information/11567
WI-lobbyist-11567-activity-2025-H2	11567	WI	activity_report	lobbyist	2025-07-01	2025-12-31	0.0	0.16	https://lobbying.wi.gov/Who/LobbyistInformation/2025REG/Information/11567
WI-lobbyist-11567-activity-2026-H1	11567	WI	activity_report	lobbyist	2026-01-01	2026-06-30	0.08	1.08	https://lobbying.wi.gov/Who/LobbyistInformation/2025REG/Information/11567
WI-lobbyist-11567-activity-2026-H2	11567	WI	activity_report	lobbyist	2026-07-01	2026-12-31	0.0	0.0	https://lobbying.wi.gov/Who/LobbyistInformation/2025REG/Information/11567
WI-lobbyist-11568-activity-2025-H1	11568	WI	activity_report	lobbyist	2025-01-01	2025-06-30	0.0	0.0	https://lobbying.wi.gov/Who/LobbyistInformation/2025REG/Information/11568
WI-lobbyist-11568-activity-2025-H2	11568	WI	activity_report	lobbyist	2025-07-01	2025-12-31	0.0	1.0	https://lobbying.wi.gov/Who/LobbyistInformation/2025REG/Information/11568
WI-lobbyist-11568-activity-2026-H1	11568	WI	activity_report	lobbyist	2026-01-01	2026-06-30	0.0	0.0	https://lobbying.wi.gov/Who/LobbyistInformation/2025REG/Information/11568
WI-lobbyist-11568-activity-2026-H2	11568	WI	activity_report	lobbyist	2026-07-01	2026-12-31	0.0	0.0	https://lobbying.wi.gov/Who/LobbyistInformation/2025REG/Information/11568
WI-lobbyist-11569-activity-2025-H1	11569	WI	activity_report	lobbyist	2025-01-01	2025-06-30	0.0	0.5	https://lobbying.wi.gov/Who/LobbyistInformation/2025REG/Information/11569
WI-lobbyist-11569-activity-2025-H2	11569	WI	activity_report	lobbyist	2025-07-01	2025-12-31	0.0	3.91	https://lobbying.wi.gov/Who/LobbyistInformation/2025REG/Information/11569
WI-lobbyist-11569-activity-2026-H1	11569	WI	activity_report	lobbyist	2026-01-01	2026-06-30	0.0	4.0	https://lobbying.wi.gov/Who/LobbyistInformation/2025REG/Information/11569
WI-lobbyist-11569-activity-2026-H2	11569	WI	activity_report	lobbyist	2026-07-01	2026-12-31	0.0	0.0	https://lobbying.wi.gov/Who/LobbyistInformation/2025REG/Information/11569
WI-lobbyist-11570-activity-2025-H1	11570	WI	activity_report	lobbyist	2025-01-01	2025-06-30	7.25	0.0	https://lobbying.wi.gov/Who/LobbyistInformation/2025REG/Information/11570
WI-lobbyist-11570-activity-2025-H2	11570	WI	activity_report	lobbyist	2025-07-01	2025-12-31	13.5	0.5	https://lobbying.wi.gov/Who/LobbyistInformation/2025REG/Information/11570
WI-lobbyist-11570-activity-2026-H1	11570	WI	activity_report	lobbyist	2026-01-01	2026-06-30	13.0	0.0	https://lobbying.wi.gov/Who/LobbyistInformation/2025REG/Information/11570
WI-lobbyist-11570-activity-2026-H2	11570	WI	activity_report	lobbyist	2026-07-01	2026-12-31	0.0	0.0	https://lobbying.wi.gov/Who/LobbyistInformation/2025REG/Information/11570
WI-lobbyist-11571-activity-2025-H1	11571	WI	activity_report	lobbyist	2025-01-01	2025-06-30	33.0	8.0	https://lobbying.wi.gov/Who/LobbyistInformation/2025REG/Information/11571
WI-lobbyist-11571-activity-2025-H2	11571	WI	activity_report	lobbyist	2025-07-01	2025-12-31	0.0	0.0	https://lobbying.wi.gov/Who/LobbyistInformation/2025REG/Information/11571
WI-lobbyist-11571-activity-2026-H1	11571	WI	activity_report	lobbyist	2026-01-01	2026-06-30	0.0	0.0	https://lobbying.wi.gov/Who/LobbyistInformation/2025REG/Information/11571
WI-lobbyist-11571-activity-2026-H2	11571	WI	activity_report	lobbyist	2026-07-01	2026-12-31	0.0	0.0	https://lobbying.wi.gov/Who/LobbyistInformation/2025REG/Information/11571
WI-lobbyist-11572-activity-2025-H1	11572	WI	activity_report	lobbyist	2025-01-01	2025-06-30	51.0	34.0	https://lobbying.wi.gov/Who/LobbyistInformation/2025REG/Information/11572
WI-lobbyist-11572-activity-2025-H2	11572	WI	activity_report	lobbyist	2025-07-01	2025-12-31	63.0	24.0	https://lobbying.wi.gov/Who/LobbyistInformation/2025REG/Information/11572
WI-lobbyist-11572-activity-2026-H1	11572	WI	activity_report	lobbyist	2026-01-01	2026-06-30	0.0	0.0	https://lobbying.wi.gov/Who/LobbyistInformation/2025REG/Information/11572
WI-lobbyist-11572-activity-2026-H2	11572	WI	activity_report	lobbyist	2026-07-01	2026-12-31	0.0	0.0	https://lobbying.wi.gov/Who/LobbyistInformation/2025REG/Information/11572
WI-lobbyist-11573-activity-2025-H1	11573	WI	activity_report	lobbyist	2025-01-01	2025-06-30	19.0	42.5	https://lobbying.wi.gov/Who/LobbyistInformation/2025REG/Information/11573
WI-lobbyist-11573-activity-2025-H2	11573	WI	activity_report	lobbyist	2025-07-01	2025-12-31	2.0	52.5	https://lobbying.wi.gov/Who/LobbyistInformation/2025REG/Information/11573
WI-lobbyist-11573-activity-2026-H1	11573	WI	activity_report	lobbyist	2026-01-01	2026-06-30	0.0	0.0	https://lobbying.wi.gov/Who/LobbyistInformation/2025REG/Information/11573
WI-lobbyist-11573-activity-2026-H2	11573	WI	activity_report	lobbyist	2026-07-01	2026-12-31	0.0	0.0	https://lobbying.wi.gov/Who/LobbyistInformation/2025REG/Information/11573
WI-lobbyist-11574-activity-2025-H1	11574	WI	activity_report	lobbyist	2025-01-01	2025-06-30	51.25	118.0	https://lobbying.wi.gov/Who/LobbyistInformation/2025REG/Information/11574
WI-lobbyist-11574-activity-2025-H2	11574	WI	activity_report	lobbyist	2025-07-01	2025-12-31	6.25	39.5	https://lobbying.wi.gov/Who/LobbyistInformation/2025REG/Information/11574
WI-lobbyist-11574-activity-2026-H1	11574	WI	activity_report	lobbyist	2026-01-01	2026-06-30	0.0	0.0	https://lobbying.wi.gov/Who/LobbyistInformation/2025REG/Information/11574
WI-lobbyist-11574-activity-2026-H2	11574	WI	activity_report	lobbyist	2026-07-01	2026-12-31	0.0	0.0	https://lobbying.wi.gov/Who/LobbyistInformation/2025REG/Information/11574
WI-lobbyist-11575-activity-2025-H1	11575	WI	activity_report	lobbyist	2025-01-01	2025-06-30	15.0	21.75	https://lobbying.wi.gov/Who/LobbyistInformation/2025REG/Information/11575
WI-lobbyist-11575-activity-2025-H2	11575	WI	activity_report	lobbyist	2025-07-01	2025-12-31	9.75	27.0	https://lobbying.wi.gov/Who/LobbyistInformation/2025REG/Information/11575
WI-lobbyist-11575-activity-2026-H1	11575	WI	activity_report	lobbyist	2026-01-01	2026-06-30	0.0	0.0	https://lobbying.wi.gov/Who/LobbyistInformation/2025REG/Information/11575
WI-lobbyist-11575-activity-2026-H2	11575	WI	activity_report	lobbyist	2026-07-01	2026-12-31	0.0	0.0	https://lobbying.wi.gov/Who/LobbyistInformation/2025REG/Information/11575
WI-lobbyist-11576-activity-2025-H1	11576	WI	activity_report	lobbyist	2025-01-01	2025-06-30	0.0	0.0	https://lobbying.wi.gov/Who/LobbyistInformation/2025REG/Information/11576
WI-lobbyist-11576-activity-2025-H2	11576	WI	activity_report	lobbyist	2025-07-01	2025-12-31	0.0	0.0	https://lobbying.wi.gov/Who/LobbyistInformation/2025REG/Information/11576
WI-lobbyist-11576-activity-2026-H1	11576	WI	activity_report	lobbyist	2026-01-01	2026-06-30	0.0	0.0	https://lobbying.wi.gov/Who/LobbyistInformation/2025REG/Information/11576
WI-lobbyist-11576-activity-2026-H2	11576	WI	activity_report	lobbyist	2026-07-01	2026-12-31	0.0	0.0	https://lobbying.wi.gov/Who/LobbyistInformation/2025REG/Information/11576
WI-lobbyist-11577-activity-2025-H1	11577	WI	activity_report	lobbyist	2025-01-01	2025-06-30	70.0	183.0	https://lobbying.wi.gov/Who/LobbyistInformation/2025REG/Information/11577
WI-lobbyist-11577-activity-2025-H2	11577	WI	activity_report	lobbyist	2025-07-01	2025-12-31	39.75	146.25	https://lobbying.wi.gov/Who/LobbyistInformation/2025REG/Information/11577
WI-lobbyist-11577-activity-2026-H1	11577	WI	activity_report	lobbyist	2026-01-01	2026-06-30	0.0	0.0	https://lobbying.wi.gov/Who/LobbyistInformation/2025REG/Information/11577
WI-lobbyist-11577-activity-2026-H2	11577	WI	activity_report	lobbyist	2026-07-01	2026-12-31	0.0	0.0	https://lobbying.wi.gov/Who/LobbyistInformation/2025REG/Information/11577
WI-lobbyist-11578-activity-2025-H1	11578	WI	activity_report	lobbyist	2025-01-01	2025-06-30	44.0	168.0	https://lobbying.wi.gov/Who/LobbyistInformation/2025REG/Information/11578
WI-lobbyist-11578-activity-2025-H2	11578	WI	activity_report	lobbyist	2025-07-01	2025-12-31	41.0	144.25	https://lobbying.wi.gov/Who/LobbyistInformation/2025REG/Information/11578
WI-lobbyist-11578-activity-2026-H1	11578	WI	activity_report	lobbyist	2026-01-01	2026-06-30	0.0	0.0	https://lobbying.wi.gov/Who/LobbyistInformation/2025REG/Information/11578
WI-lobbyist-11578-activity-2026-H2	11578	WI	activity_report	lobbyist	2026-07-01	2026-12-31	0.0	0.0	https://lobbying.wi.gov/Who/LobbyistInformation/2025REG/Information/11578
WI-lobbyist-11579-activity-2025-H1	11579	WI	activity_report	lobbyist	2025-01-01	2025-06-30	1.75	14.75	https://lobbying.wi.gov/Who/LobbyistInformation/2025REG/Information/11579
WI-lobbyist-11579-activity-2025-H2	11579	WI	activity_report	lobbyist	2025-07-01	2025-12-31	2.25	14.5	https://lobbying.wi.gov/Who/LobbyistInformation/2025REG/Information/11579
WI-lobbyist-11579-activity-2026-H1	11579	WI	activity_report	lobbyist	2026-01-01	2026-06-30	0.0	0.0	https://lobbying.wi.gov/Who/LobbyistInformation/2025REG/Information/11579
WI-lobbyist-11579-activity-2026-H2	11579	WI	activity_report	lobbyist	2026-07-01	2026-12-31	0.0	0.0	https://lobbying.wi.gov/Who/LobbyistInformation/2025REG/Information/11579
WI-lobbyist-11580-activity-2025-H1	11580	WI	activity_report	lobbyist	2025-01-01	2025-06-30	35.5	218.0	https://lobbying.wi.gov/Who/LobbyistInformation/2025REG/Information/11580
WI-lobbyist-11580-activity-2025-H2	11580	WI	activity_report	lobbyist	2025-07-01	2025-12-31	20.25	98.5	https://lobbying.wi.gov/Who/LobbyistInformation/2025REG/Information/11580
WI-lobbyist-11580-activity-2026-H1	11580	WI	activity_report	lobbyist	2026-01-01	2026-06-30	0.0	0.0	https://lobbying.wi.gov/Who/LobbyistInformation/2025REG/Information/11580
WI-lobbyist-11580-activity-2026-H2	11580	WI	activity_report	lobbyist	2026-07-01	2026-12-31	0.0	0.0	https://lobbying.wi.gov/Who/LobbyistInformation/2025REG/Information/11580
WI-lobbyist-11581-activity-2025-H1	11581	WI	activity_report	lobbyist	2025-01-01	2025-06-30	1.0	1.5	https://lobbying.wi.gov/Who/LobbyistInformation/2025REG/Information/11581
WI-lobbyist-11581-activity-2025-H2	11581	WI	activity_report	lobbyist	2025-07-01	2025-12-31	1.5	5.75	https://lobbying.wi.gov/Who/LobbyistInformation/2025REG/Information/11581
WI-lobbyist-11581-activity-2026-H1	11581	WI	activity_report	lobbyist	2026-01-01	2026-06-30	0.75	1.0	https://lobbying.wi.gov/Who/LobbyistInformation/2025REG/Information/11581
WI-lobbyist-11581-activity-2026-H2	11581	WI	activity_report	lobbyist	2026-07-01	2026-12-31	0.0	0.0	https://lobbying.wi.gov/Who/LobbyistInformation/2025REG/Information/11581
WI-lobbyist-11583-activity-2025-H1	11583	WI	activity_report	lobbyist	2025-01-01	2025-06-30	8.75	13.0	https://lobbying.wi.gov/Who/LobbyistInformation/2025REG/Information/11583
WI-lobbyist-11583-activity-2025-H2	11583	WI	activity_report	lobbyist	2025-07-01	2025-12-31	11.0	15.0	https://lobbying.wi.gov/Who/LobbyistInformation/2025REG/Information/11583
WI-lobbyist-11583-activity-2026-H1	11583	WI	activity_report	lobbyist	2026-01-01	2026-06-30	4.25	9.5	https://lobbying.wi.gov/Who/LobbyistInformation/2025REG/Information/11583
WI-lobbyist-11583-activity-2026-H2	11583	WI	activity_report	lobbyist	2026-07-01	2026-12-31	0.0	0.0	https://lobbying.wi.gov/Who/LobbyistInformation/2025REG/Information/11583
WI-lobbyist-11586-activity-2025-H1	11586	WI	activity_report	lobbyist	2025-01-01	2025-06-30	24.25	25.75	https://lobbying.wi.gov/Who/LobbyistInformation/2025REG/Information/11586
WI-lobbyist-11586-activity-2025-H2	11586	WI	activity_report	lobbyist	2025-07-01	2025-12-31	12.75	17.75	https://lobbying.wi.gov/Who/LobbyistInformation/2025REG/Information/11586
WI-lobbyist-11586-activity-2026-H1	11586	WI	activity_report	lobbyist	2026-01-01	2026-06-30	0.0	0.0	https://lobbying.wi.gov/Who/LobbyistInformation/2025REG/Information/11586
WI-lobbyist-11586-activity-2026-H2	11586	WI	activity_report	lobbyist	2026-07-01	2026-12-31	0.0	0.0	https://lobbying.wi.gov/Who/LobbyistInformation/2025REG/Information/11586
WI-lobbyist-11587-activity-2025-H1	11587	WI	activity_report	lobbyist	2025-01-01	2025-06-30	0.0	0.0	https://lobbying.wi.gov/Who/LobbyistInformation/2025REG/Information/11587
WI-lobbyist-11587-activity-2025-H2	11587	WI	activity_report	lobbyist	2025-07-01	2025-12-31	0.0	0.0	https://lobbying.wi.gov/Who/LobbyistInformation/2025REG/Information/11587
WI-lobbyist-11587-activity-2026-H1	11587	WI	activity_report	lobbyist	2026-01-01	2026-06-30	0.0	0.0	https://lobbying.wi.gov/Who/LobbyistInformation/2025REG/Information/11587
WI-lobbyist-11587-activity-2026-H2	11587	WI	activity_report	lobbyist	2026-07-01	2026-12-31	0.0	0.0	https://lobbying.wi.gov/Who/LobbyistInformation/2025REG/Information/11587
WI-lobbyist-11588-activity-2025-H1	11588	WI	activity_report	lobbyist	2025-01-01	2025-06-30	43.0	73.5	https://lobbying.wi.gov/Who/LobbyistInformation/2025REG/Information/11588
WI-lobbyist-11588-activity-2025-H2	11588	WI	activity_report	lobbyist	2025-07-01	2025-12-31	4.0	5.0	https://lobbying.wi.gov/Who/LobbyistInformation/2025REG/Information/11588
WI-lobbyist-11588-activity-2026-H1	11588	WI	activity_report	lobbyist	2026-01-01	2026-06-30	0.0	0.0	https://lobbying.wi.gov/Who/LobbyistInformation/2025REG/Information/11588
WI-lobbyist-11588-activity-2026-H2	11588	WI	activity_report	lobbyist	2026-07-01	2026-12-31	0.0	0.0	https://lobbying.wi.gov/Who/LobbyistInformation/2025REG/Information/11588
WI-lobbyist-11589-activity-2025-H1	11589	WI	activity_report	lobbyist	2025-01-01	2025-06-30	0.25	0.75	https://lobbying.wi.gov/Who/LobbyistInformation/2025REG/Information/11589
WI-lobbyist-11589-activity-2025-H2	11589	WI	activity_report	lobbyist	2025-07-01	2025-12-31	1.0	0.0	https://lobbying.wi.gov/Who/LobbyistInformation/2025REG/Information/11589
WI-lobbyist-11589-activity-2026-H1	11589	WI	activity_report	lobbyist	2026-01-01	2026-06-30	0.0	0.0	https://lobbying.wi.gov/Who/LobbyistInformation/2025REG/Information/11589
WI-lobbyist-11589-activity-2026-H2	11589	WI	activity_report	lobbyist	2026-07-01	2026-12-31	0.0	0.0	https://lobbying.wi.gov/Who/LobbyistInformation/2025REG/Information/11589
WI-lobbyist-11590-activity-2025-H1	11590	WI	activity_report	lobbyist	2025-01-01	2025-06-30	16.5	181.0	https://lobbying.wi.gov/Who/LobbyistInformation/2025REG/Information/11590
WI-lobbyist-11590-activity-2025-H2	11590	WI	activity_report	lobbyist	2025-07-01	2025-12-31	15.0	127.0	https://lobbying.wi.gov/Who/LobbyistInformation/2025REG/Information/11590
WI-lobbyist-11590-activity-2026-H1	11590	WI	activity_report	lobbyist	2026-01-01	2026-06-30	0.0	0.0	https://lobbying.wi.gov/Who/LobbyistInformation/2025REG/Information/11590
WI-lobbyist-11590-activity-2026-H2	11590	WI	activity_report	lobbyist	2026-07-01	2026-12-31	0.0	0.0	https://lobbying.wi.gov/Who/LobbyistInformation/2025REG/Information/11590
WI-lobbyist-11592-activity-2025-H1	11592	WI	activity_report	lobbyist	2025-01-01	2025-06-30	5.0	5.0	https://lobbying.wi.gov/Who/LobbyistInformation/2025REG/Information/11592
WI-lobbyist-11592-activity-2025-H2	11592	WI	activity_report	lobbyist	2025-07-01	2025-12-31	0.0	0.0	https://lobbying.wi.gov/Who/LobbyistInformation/2025REG/Information/11592
WI-lobbyist-11592-activity-2026-H1	11592	WI	activity_report	lobbyist	2026-01-01	2026-06-30	0.0	0.0	https://lobbying.wi.gov/Who/LobbyistInformation/2025REG/Information/11592
WI-lobbyist-11592-activity-2026-H2	11592	WI	activity_report	lobbyist	2026-07-01	2026-12-31	0.0	0.0	https://lobbying.wi.gov/Who/LobbyistInformation/2025REG/Information/11592
WI-lobbyist-11594-activity-2025-H1	11594	WI	activity_report	lobbyist	2025-01-01	2025-06-30	0.0	0.0	https://lobbying.wi.gov/Who/LobbyistInformation/2025REG/Information/11594
WI-lobbyist-11594-activity-2025-H2	11594	WI	activity_report	lobbyist	2025-07-01	2025-12-31	0.0	0.0	https://lobbying.wi.gov/Who/LobbyistInformation/2025REG/Information/11594
WI-lobbyist-11594-activity-2026-H1	11594	WI	activity_report	lobbyist	2026-01-01	2026-06-30	0.0	0.0	https://lobbying.wi.gov/Who/LobbyistInformation/2025REG/Information/11594
WI-lobbyist-11594-activity-2026-H2	11594	WI	activity_report	lobbyist	2026-07-01	2026-12-31	0.0	0.0	https://lobbying.wi.gov/Who/LobbyistInformation/2025REG/Information/11594
WI-lobbyist-11595-activity-2025-H1	11595	WI	activity_report	lobbyist	2025-01-01	2025-06-30	18.3	77.25	https://lobbying.wi.gov/Who/LobbyistInformation/2025REG/Information/11595
WI-lobbyist-11595-activity-2025-H2	11595	WI	activity_report	lobbyist	2025-07-01	2025-12-31	6.8	8.5	https://lobbying.wi.gov/Who/LobbyistInformation/2025REG/Information/11595
WI-lobbyist-11595-activity-2026-H1	11595	WI	activity_report	lobbyist	2026-01-01	2026-06-30	0.0	0.0	https://lobbying.wi.gov/Who/LobbyistInformation/2025REG/Information/11595
WI-lobbyist-11595-activity-2026-H2	11595	WI	activity_report	lobbyist	2026-07-01	2026-12-31	0.0	0.0	https://lobbying.wi.gov/Who/LobbyistInformation/2025REG/Information/11595
WI-lobbyist-11596-activity-2025-H1	11596	WI	activity_report	lobbyist	2025-01-01	2025-06-30	103.0	108.5	https://lobbying.wi.gov/Who/LobbyistInformation/2025REG/Information/11596
WI-lobbyist-11596-activity-2025-H2	11596	WI	activity_report	lobbyist	2025-07-01	2025-12-31	49.5	135.5	https://lobbying.wi.gov/Who/LobbyistInformation/2025REG/Information/11596
WI-lobbyist-11596-activity-2026-H1	11596	WI	activity_report	lobbyist	2026-01-01	2026-06-30	0.0	0.0	https://lobbying.wi.gov/Who/LobbyistInformation/2025REG/Information/11596
WI-lobbyist-11596-activity-2026-H2	11596	WI	activity_report	lobbyist	2026-07-01	2026-12-31	0.0	0.0	https://lobbying.wi.gov/Who/LobbyistInformation/2025REG/Information/11596
WI-lobbyist-11597-activity-2025-H1	11597	WI	activity_report	lobbyist	2025-01-01	2025-06-30	6.0	0.0	https://lobbying.wi.gov/Who/LobbyistInformation/2025REG/Information/11597
WI-lobbyist-11597-activity-2025-H2	11597	WI	activity_report	lobbyist	2025-07-01	2025-12-31	0.0	0.0	https://lobbying.wi.gov/Who/LobbyistInformation/2025REG/Information/11597
WI-lobbyist-11597-activity-2026-H1	11597	WI	activity_report	lobbyist	2026-01-01	2026-06-30	0.0	0.0	https://lobbying.wi.gov/Who/LobbyistInformation/2025REG/Information/11597
WI-lobbyist-11597-activity-2026-H2	11597	WI	activity_report	lobbyist	2026-07-01	2026-12-31	0.0	0.0	https://lobbying.wi.gov/Who/LobbyistInformation/2025REG/Information/11597
WI-lobbyist-11598-activity-2025-H1	11598	WI	activity_report	lobbyist	2025-01-01	2025-06-30	0.0	0.0	https://lobbying.wi.gov/Who/LobbyistInformation/2025REG/Information/11598
WI-lobbyist-11598-activity-2025-H2	11598	WI	activity_report	lobbyist	2025-07-01	2025-12-31	2.0	0.0	https://lobbying.wi.gov/Who/LobbyistInformation/2025REG/Information/11598
WI-lobbyist-11598-activity-2026-H1	11598	WI	activity_report	lobbyist	2026-01-01	2026-06-30	0.0	0.0	https://lobbying.wi.gov/Who/LobbyistInformation/2025REG/Information/11598
WI-lobbyist-11598-activity-2026-H2	11598	WI	activity_report	lobbyist	2026-07-01	2026-12-31	0.0	0.0	https://lobbying.wi.gov/Who/LobbyistInformation/2025REG/Information/11598
WI-lobbyist-11599-activity-2025-H1	11599	WI	activity_report	lobbyist	2025-01-01	2025-06-30	0.0	0.0	https://lobbying.wi.gov/Who/LobbyistInformation/2025REG/Information/11599
WI-lobbyist-11599-activity-2025-H2	11599	WI	activity_report	lobbyist	2025-07-01	2025-12-31	0.0	0.0	https://lobbying.wi.gov/Who/LobbyistInformation/2025REG/Information/11599
WI-lobbyist-11599-activity-2026-H1	11599	WI	activity_report	lobbyist	2026-01-01	2026-06-30	0.0	0.0	https://lobbying.wi.gov/Who/LobbyistInformation/2025REG/Information/11599
WI-lobbyist-11599-activity-2026-H2	11599	WI	activity_report	lobbyist	2026-07-01	2026-12-31	0.0	0.0	https://lobbying.wi.gov/Who/LobbyistInformation/2025REG/Information/11599
WI-lobbyist-11600-activity-2025-H1	11600	WI	activity_report	lobbyist	2025-01-01	2025-06-30	8.5	16.5	https://lobbying.wi.gov/Who/LobbyistInformation/2025REG/Information/11600
WI-lobbyist-11600-activity-2025-H2	11600	WI	activity_report	lobbyist	2025-07-01	2025-12-31	1.5	26.5	https://lobbying.wi.gov/Who/LobbyistInformation/2025REG/Information/11600
WI-lobbyist-11600-activity-2026-H1	11600	WI	activity_report	lobbyist	2026-01-01	2026-06-30	1.5	8.0	https://lobbying.wi.gov/Who/LobbyistInformation/2025REG/Information/11600
WI-lobbyist-11600-activity-2026-H2	11600	WI	activity_report	lobbyist	2026-07-01	2026-12-31	0.0	0.0	https://lobbying.wi.gov/Who/LobbyistInformation/2025REG/Information/11600
WI-lobbyist-11601-activity-2025-H1	11601	WI	activity_report	lobbyist	2025-01-01	2025-06-30	57.0	154.0	https://lobbying.wi.gov/Who/LobbyistInformation/2025REG/Information/11601
WI-lobbyist-11601-activity-2025-H2	11601	WI	activity_report	lobbyist	2025-07-01	2025-12-31	50.0	105.5	https://lobbying.wi.gov/Who/LobbyistInformation/2025REG/Information/11601
WI-lobbyist-11601-activity-2026-H1	11601	WI	activity_report	lobbyist	2026-01-01	2026-06-30	0.0	0.0	https://lobbying.wi.gov/Who/LobbyistInformation/2025REG/Information/11601
WI-lobbyist-11601-activity-2026-H2	11601	WI	activity_report	lobbyist	2026-07-01	2026-12-31	0.0	0.0	https://lobbying.wi.gov/Who/LobbyistInformation/2025REG/Information/11601
WI-lobbyist-11602-activity-2025-H1	11602	WI	activity_report	lobbyist	2025-01-01	2025-06-30	16.5	25.0	https://lobbying.wi.gov/Who/LobbyistInformation/2025REG/Information/11602
WI-lobbyist-11602-activity-2025-H2	11602	WI	activity_report	lobbyist	2025-07-01	2025-12-31	0.0	25.25	https://lobbying.wi.gov/Who/LobbyistInformation/2025REG/Information/11602
WI-lobbyist-11602-activity-2026-H1	11602	WI	activity_report	lobbyist	2026-01-01	2026-06-30	0.0	0.0	https://lobbying.wi.gov/Who/LobbyistInformation/2025REG/Information/11602
WI-lobbyist-11602-activity-2026-H2	11602	WI	activity_report	lobbyist	2026-07-01	2026-12-31	0.0	0.0	https://lobbying.wi.gov/Who/LobbyistInformation/2025REG/Information/11602
WI-lobbyist-11603-activity-2025-H1	11603	WI	activity_report	lobbyist	2025-01-01	2025-06-30	18.5	132.0	https://lobbying.wi.gov/Who/LobbyistInformation/2025REG/Information/11603
WI-lobbyist-11603-activity-2025-H2	11603	WI	activity_report	lobbyist	2025-07-01	2025-12-31	21.0	90.25	https://lobbying.wi.gov/Who/LobbyistInformation/2025REG/Information/11603
WI-lobbyist-11603-activity-2026-H1	11603	WI	activity_report	lobbyist	2026-01-01	2026-06-30	0.0	0.0	https://lobbying.wi.gov/Who/LobbyistInformation/2025REG/Information/11603
WI-lobbyist-11603-activity-2026-H2	11603	WI	activity_report	lobbyist	2026-07-01	2026-12-31	0.0	0.0	https://lobbying.wi.gov/Who/LobbyistInformation/2025REG/Information/11603
WI-lobbyist-11605-activity-2025-H1	11605	WI	activity_report	lobbyist	2025-01-01	2025-06-30	45.0	20.0	https://lobbying.wi.gov/Who/LobbyistInformation/2025REG/Information/11605
WI-lobbyist-11605-activity-2025-H2	11605	WI	activity_report	lobbyist	2025-07-01	2025-12-31	64.0	19.0	https://lobbying.wi.gov/Who/LobbyistInformation/2025REG/Information/11605
WI-lobbyist-11605-activity-2026-H1	11605	WI	activity_report	lobbyist	2026-01-01	2026-06-30	73.0	14.0	https://lobbying.wi.gov/Who/LobbyistInformation/2025REG/Information/11605
WI-lobbyist-11605-activity-2026-H2	11605	WI	activity_report	lobbyist	2026-07-01	2026-12-31	0.0	0.0	https://lobbying.wi.gov/Who/LobbyistInformation/2025REG/Information/11605
WI-lobbyist-11606-activity-2025-H1	11606	WI	activity_report	lobbyist	2025-01-01	2025-06-30	12.75	50.75	https://lobbying.wi.gov/Who/LobbyistInformation/2025REG/Information/11606
WI-lobbyist-11606-activity-2025-H2	11606	WI	activity_report	lobbyist	2025-07-01	2025-12-31	15.5	59.5	https://lobbying.wi.gov/Who/LobbyistInformation/2025REG/Information/11606
WI-lobbyist-11606-activity-2026-H1	11606	WI	activity_report	lobbyist	2026-01-01	2026-06-30	0.0	0.0	https://lobbying.wi.gov/Who/LobbyistInformation/2025REG/Information/11606
WI-lobbyist-11606-activity-2026-H2	11606	WI	activity_report	lobbyist	2026-07-01	2026-12-31	0.0	0.0	https://lobbying.wi.gov/Who/LobbyistInformation/2025REG/Information/11606
WI-lobbyist-11607-activity-2025-H1	11607	WI	activity_report	lobbyist	2025-01-01	2025-06-30	0.0	0.0	https://lobbying.wi.gov/Who/LobbyistInformation/2025REG/Information/11607
WI-lobbyist-11607-activity-2025-H2	11607	WI	activity_report	lobbyist	2025-07-01	2025-12-31	0.0	0.0	https://lobbying.wi.gov/Who/LobbyistInformation/2025REG/Information/11607
WI-lobbyist-11607-activity-2026-H1	11607	WI	activity_report	lobbyist	2026-01-01	2026-06-30	0.0	0.0	https://lobbying.wi.gov/Who/LobbyistInformation/2025REG/Information/11607
WI-lobbyist-11607-activity-2026-H2	11607	WI	activity_report	lobbyist	2026-07-01	2026-12-31	0.0	0.0	https://lobbying.wi.gov/Who/LobbyistInformation/2025REG/Information/11607
WI-lobbyist-11608-activity-2025-H1	11608	WI	activity_report	lobbyist	2025-01-01	2025-06-30	24.0	80.5	https://lobbying.wi.gov/Who/LobbyistInformation/2025REG/Information/11608
WI-lobbyist-11608-activity-2025-H2	11608	WI	activity_report	lobbyist	2025-07-01	2025-12-31	11.5	11.5	https://lobbying.wi.gov/Who/LobbyistInformation/2025REG/Information/11608
WI-lobbyist-11608-activity-2026-H1	11608	WI	activity_report	lobbyist	2026-01-01	2026-06-30	0.0	0.0	https://lobbying.wi.gov/Who/LobbyistInformation/2025REG/Information/11608
WI-lobbyist-11608-activity-2026-H2	11608	WI	activity_report	lobbyist	2026-07-01	2026-12-31	0.0	0.0	https://lobbying.wi.gov/Who/LobbyistInformation/2025REG/Information/11608
WI-lobbyist-11609-activity-2025-H1	11609	WI	activity_report	lobbyist	2025-01-01	2025-06-30	17.0	23.0	https://lobbying.wi.gov/Who/LobbyistInformation/2025REG/Information/11609
WI-lobbyist-11609-activity-2025-H2	11609	WI	activity_report	lobbyist	2025-07-01	2025-12-31	0.0	0.0	https://lobbying.wi.gov/Who/LobbyistInformation/2025REG/Information/11609
WI-lobbyist-11609-activity-2026-H1	11609	WI	activity_report	lobbyist	2026-01-01	2026-06-30	0.0	0.0	https://lobbying.wi.gov/Who/LobbyistInformation/2025REG/Information/11609
WI-lobbyist-11609-activity-2026-H2	11609	WI	activity_report	lobbyist	2026-07-01	2026-12-31	0.0	0.0	https://lobbying.wi.gov/Who/LobbyistInformation/2025REG/Information/11609
WI-lobbyist-11610-activity-2025-H1	11610	WI	activity_report	lobbyist	2025-01-01	2025-06-30	16.0	39.5	https://lobbying.wi.gov/Who/LobbyistInformation/2025REG/Information/11610
WI-lobbyist-11610-activity-2025-H2	11610	WI	activity_report	lobbyist	2025-07-01	2025-12-31	20.0	20.25	https://lobbying.wi.gov/Who/LobbyistInformation/2025REG/Information/11610
WI-lobbyist-11610-activity-2026-H1	11610	WI	activity_report	lobbyist	2026-01-01	2026-06-30	0.0	0.0	https://lobbying.wi.gov/Who/LobbyistInformation/2025REG/Information/11610
WI-lobbyist-11610-activity-2026-H2	11610	WI	activity_report	lobbyist	2026-07-01	2026-12-31	0.0	0.0	https://lobbying.wi.gov/Who/LobbyistInformation/2025REG/Information/11610
WI-lobbyist-11611-activity-2025-H1	11611	WI	activity_report	lobbyist	2025-01-01	2025-06-30	0.0	0.0	https://lobbying.wi.gov/Who/LobbyistInformation/2025REG/Information/11611
WI-lobbyist-11611-activity-2025-H2	11611	WI	activity_report	lobbyist	2025-07-01	2025-12-31	0.0	0.0	https://lobbying.wi.gov/Who/LobbyistInformation/2025REG/Information/11611
WI-lobbyist-11611-activity-2026-H1	11611	WI	activity_report	lobbyist	2026-01-01	2026-06-30	0.0	0.0	https://lobbying.wi.gov/Who/LobbyistInformation/2025REG/Information/11611
WI-lobbyist-11611-activity-2026-H2	11611	WI	activity_report	lobbyist	2026-07-01	2026-12-31	0.0	0.0	https://lobbying.wi.gov/Who/LobbyistInformation/2025REG/Information/11611
WI-lobbyist-11612-activity-2025-H1	11612	WI	activity_report	lobbyist	2025-01-01	2025-06-30	28.0	17.5	https://lobbying.wi.gov/Who/LobbyistInformation/2025REG/Information/11612
WI-lobbyist-11612-activity-2025-H2	11612	WI	activity_report	lobbyist	2025-07-01	2025-12-31	2.75	3.0	https://lobbying.wi.gov/Who/LobbyistInformation/2025REG/Information/11612
WI-lobbyist-11612-activity-2026-H1	11612	WI	activity_report	lobbyist	2026-01-01	2026-06-30	0.0	0.0	https://lobbying.wi.gov/Who/LobbyistInformation/2025REG/Information/11612
WI-lobbyist-11612-activity-2026-H2	11612	WI	activity_report	lobbyist	2026-07-01	2026-12-31	0.0	0.0	https://lobbying.wi.gov/Who/LobbyistInformation/2025REG/Information/11612
WI-lobbyist-11613-activity-2025-H1	11613	WI	activity_report	lobbyist	2025-01-01	2025-06-30	35.5	78.5	https://lobbying.wi.gov/Who/LobbyistInformation/2025REG/Information/11613
WI-lobbyist-11613-activity-2025-H2	11613	WI	activity_report	lobbyist	2025-07-01	2025-12-31	32.25	25.0	https://lobbying.wi.gov/Who/LobbyistInformation/2025REG/Information/11613
WI-lobbyist-11613-activity-2026-H1	11613	WI	activity_report	lobbyist	2026-01-01	2026-06-30	6.5	5.0	https://lobbying.wi.gov/Who/LobbyistInformation/2025REG/Information/11613
WI-lobbyist-11613-activity-2026-H2	11613	WI	activity_report	lobbyist	2026-07-01	2026-12-31	0.0	0.0	https://lobbying.wi.gov/Who/LobbyistInformation/2025REG/Information/11613
WI-lobbyist-11614-activity-2025-H1	11614	WI	activity_report	lobbyist	2025-01-01	2025-06-30	87.0	137.0	https://lobbying.wi.gov/Who/LobbyistInformation/2025REG/Information/11614
WI-lobbyist-11614-activity-2025-H2	11614	WI	activity_report	lobbyist	2025-07-01	2025-12-31	137.0	125.0	https://lobbying.wi.gov/Who/LobbyistInformation/2025REG/Information/11614
WI-lobbyist-11614-activity-2026-H1	11614	WI	activity_report	lobbyist	2026-01-01	2026-06-30	0.0	0.0	https://lobbying.wi.gov/Who/LobbyistInformation/2025REG/Information/11614
WI-lobbyist-11614-activity-2026-H2	11614	WI	activity_report	lobbyist	2026-07-01	2026-12-31	0.0	0.0	https://lobbying.wi.gov/Who/LobbyistInformation/2025REG/Information/11614
WI-lobbyist-11615-activity-2025-H1	11615	WI	activity_report	lobbyist	2025-01-01	2025-06-30	31.0	45.0	https://lobbying.wi.gov/Who/LobbyistInformation/2025REG/Information/11615
WI-lobbyist-11615-activity-2025-H2	11615	WI	activity_report	lobbyist	2025-07-01	2025-12-31	15.0	42.0	https://lobbying.wi.gov/Who/LobbyistInformation/2025REG/Information/11615
WI-lobbyist-11615-activity-2026-H1	11615	WI	activity_report	lobbyist	2026-01-01	2026-06-30	0.0	0.0	https://lobbying.wi.gov/Who/LobbyistInformation/2025REG/Information/11615
WI-lobbyist-11615-activity-2026-H2	11615	WI	activity_report	lobbyist	2026-07-01	2026-12-31	0.0	0.0	https://lobbying.wi.gov/Who/LobbyistInformation/2025REG/Information/11615
WI-lobbyist-11616-activity-2025-H1	11616	WI	activity_report	lobbyist	2025-01-01	2025-06-30	4.25	5.5	https://lobbying.wi.gov/Who/LobbyistInformation/2025REG/Information/11616
WI-lobbyist-11616-activity-2025-H2	11616	WI	activity_report	lobbyist	2025-07-01	2025-12-31	3.5	5.75	https://lobbying.wi.gov/Who/LobbyistInformation/2025REG/Information/11616
WI-lobbyist-11616-activity-2026-H1	11616	WI	activity_report	lobbyist	2026-01-01	2026-06-30	0.0	0.0	https://lobbying.wi.gov/Who/LobbyistInformation/2025REG/Information/11616
WI-lobbyist-11616-activity-2026-H2	11616	WI	activity_report	lobbyist	2026-07-01	2026-12-31	0.0	0.0	https://lobbying.wi.gov/Who/LobbyistInformation/2025REG/Information/11616
WI-lobbyist-11617-activity-2025-H1	11617	WI	activity_report	lobbyist	2025-01-01	2025-06-30	0.0	0.0	https://lobbying.wi.gov/Who/LobbyistInformation/2025REG/Information/11617
WI-lobbyist-11617-activity-2025-H2	11617	WI	activity_report	lobbyist	2025-07-01	2025-12-31	0.0	0.0	https://lobbying.wi.gov/Who/LobbyistInformation/2025REG/Information/11617
WI-lobbyist-11617-activity-2026-H1	11617	WI	activity_report	lobbyist	2026-01-01	2026-06-30	0.0	0.0	https://lobbying.wi.gov/Who/LobbyistInformation/2025REG/Information/11617
WI-lobbyist-11617-activity-2026-H2	11617	WI	activity_report	lobbyist	2026-07-01	2026-12-31	0.0	0.0	https://lobbying.wi.gov/Who/LobbyistInformation/2025REG/Information/11617
WI-lobbyist-11618-activity-2025-H1	11618	WI	activity_report	lobbyist	2025-01-01	2025-06-30	2.5	12.0	https://lobbying.wi.gov/Who/LobbyistInformation/2025REG/Information/11618
WI-lobbyist-11618-activity-2025-H2	11618	WI	activity_report	lobbyist	2025-07-01	2025-12-31	7.5	0.0	https://lobbying.wi.gov/Who/LobbyistInformation/2025REG/Information/11618
WI-lobbyist-11618-activity-2026-H1	11618	WI	activity_report	lobbyist	2026-01-01	2026-06-30	0.0	0.0	https://lobbying.wi.gov/Who/LobbyistInformation/2025REG/Information/11618
WI-lobbyist-11618-activity-2026-H2	11618	WI	activity_report	lobbyist	2026-07-01	2026-12-31	0.0	0.0	https://lobbying.wi.gov/Who/LobbyistInformation/2025REG/Information/11618
WI-lobbyist-11619-activity-2025-H1	11619	WI	activity_report	lobbyist	2025-01-01	2025-06-30	7.45	25.75	https://lobbying.wi.gov/Who/LobbyistInformation/2025REG/Information/11619
WI-lobbyist-11619-activity-2025-H2	11619	WI	activity_report	lobbyist	2025-07-01	2025-12-31	14.2	27.25	https://lobbying.wi.gov/Who/LobbyistInformation/2025REG/Information/11619
WI-lobbyist-11619-activity-2026-H1	11619	WI	activity_report	lobbyist	2026-01-01	2026-06-30	0.0	0.0	https://lobbying.wi.gov/Who/LobbyistInformation/2025REG/Information/11619
WI-lobbyist-11619-activity-2026-H2	11619	WI	activity_report	lobbyist	2026-07-01	2026-12-31	0.0	0.0	https://lobbying.wi.gov/Who/LobbyistInformation/2025REG/Information/11619
WI-lobbyist-11620-activity-2025-H1	11620	WI	activity_report	lobbyist	2025-01-01	2025-06-30	6.0	0.0	https://lobbying.wi.gov/Who/LobbyistInformation/2025REG/Information/11620
WI-lobbyist-11620-activity-2025-H2	11620	WI	activity_report	lobbyist	2025-07-01	2025-12-31	11.5	3.0	https://lobbying.wi.gov/Who/LobbyistInformation/2025REG/Information/11620
WI-lobbyist-11620-activity-2026-H1	11620	WI	activity_report	lobbyist	2026-01-01	2026-06-30	0.0	0.0	https://lobbying.wi.gov/Who/LobbyistInformation/2025REG/Information/11620
WI-lobbyist-11620-activity-2026-H2	11620	WI	activity_report	lobbyist	2026-07-01	2026-12-31	0.0	0.0	https://lobbying.wi.gov/Who/LobbyistInformation/2025REG/Information/11620
WI-lobbyist-11621-activity-2025-H1	11621	WI	activity_report	lobbyist	2025-01-01	2025-06-30	1.0	1.0	https://lobbying.wi.gov/Who/LobbyistInformation/2025REG/Information/11621
WI-lobbyist-11621-activity-2025-H2	11621	WI	activity_report	lobbyist	2025-07-01	2025-12-31	0.0	0.0	https://lobbying.wi.gov/Who/LobbyistInformation/2025REG/Information/11621
WI-lobbyist-11621-activity-2026-H1	11621	WI	activity_report	lobbyist	2026-01-01	2026-06-30	0.0	0.0	https://lobbying.wi.gov/Who/LobbyistInformation/2025REG/Information/11621
WI-lobbyist-11621-activity-2026-H2	11621	WI	activity_report	lobbyist	2026-07-01	2026-12-31	0.0	0.0	https://lobbying.wi.gov/Who/LobbyistInformation/2025REG/Information/11621
WI-lobbyist-11622-activity-2025-H1	11622	WI	activity_report	lobbyist	2025-01-01	2025-06-30	0.0	0.0	https://lobbying.wi.gov/Who/LobbyistInformation/2025REG/Information/11622
WI-lobbyist-11622-activity-2025-H2	11622	WI	activity_report	lobbyist	2025-07-01	2025-12-31	1.0	0.0	https://lobbying.wi.gov/Who/LobbyistInformation/2025REG/Information/11622
WI-lobbyist-11622-activity-2026-H1	11622	WI	activity_report	lobbyist	2026-01-01	2026-06-30	0.0	0.0	https://lobbying.wi.gov/Who/LobbyistInformation/2025REG/Information/11622
WI-lobbyist-11622-activity-2026-H2	11622	WI	activity_report	lobbyist	2026-07-01	2026-12-31	0.0	0.0	https://lobbying.wi.gov/Who/LobbyistInformation/2025REG/Information/11622
WI-lobbyist-11623-activity-2025-H1	11623	WI	activity_report	lobbyist	2025-01-01	2025-06-30	37.5	224.0	https://lobbying.wi.gov/Who/LobbyistInformation/2025REG/Information/11623
WI-lobbyist-11623-activity-2025-H2	11623	WI	activity_report	lobbyist	2025-07-01	2025-12-31	39.5	0.0	https://lobbying.wi.gov/Who/LobbyistInformation/2025REG/Information/11623
WI-lobbyist-11623-activity-2026-H1	11623	WI	activity_report	lobbyist	2026-01-01	2026-06-30	0.0	0.0	https://lobbying.wi.gov/Who/LobbyistInformation/2025REG/Information/11623
WI-lobbyist-11623-activity-2026-H2	11623	WI	activity_report	lobbyist	2026-07-01	2026-12-31	0.0	0.0	https://lobbying.wi.gov/Who/LobbyistInformation/2025REG/Information/11623
WI-lobbyist-11625-activity-2025-H1	11625	WI	activity_report	lobbyist	2025-01-01	2025-06-30	15.0	32.0	https://lobbying.wi.gov/Who/LobbyistInformation/2025REG/Information/11625
WI-lobbyist-11625-activity-2025-H2	11625	WI	activity_report	lobbyist	2025-07-01	2025-12-31	8.5	22.0	https://lobbying.wi.gov/Who/LobbyistInformation/2025REG/Information/11625
WI-lobbyist-11625-activity-2026-H1	11625	WI	activity_report	lobbyist	2026-01-01	2026-06-30	0.0	0.0	https://lobbying.wi.gov/Who/LobbyistInformation/2025REG/Information/11625
WI-lobbyist-11625-activity-2026-H2	11625	WI	activity_report	lobbyist	2026-07-01	2026-12-31	0.0	0.0	https://lobbying.wi.gov/Who/LobbyistInformation/2025REG/Information/11625
WI-lobbyist-11626-activity-2025-H1	11626	WI	activity_report	lobbyist	2025-01-01	2025-06-30	17.0	1.75	https://lobbying.wi.gov/Who/LobbyistInformation/2025REG/Information/11626
WI-lobbyist-11626-activity-2025-H2	11626	WI	activity_report	lobbyist	2025-07-01	2025-12-31	3.25	0.0	https://lobbying.wi.gov/Who/LobbyistInformation/2025REG/Information/11626
WI-lobbyist-11626-activity-2026-H1	11626	WI	activity_report	lobbyist	2026-01-01	2026-06-30	0.0	0.0	https://lobbying.wi.gov/Who/LobbyistInformation/2025REG/Information/11626
WI-lobbyist-11626-activity-2026-H2	11626	WI	activity_report	lobbyist	2026-07-01	2026-12-31	0.0	0.0	https://lobbying.wi.gov/Who/LobbyistInformation/2025REG/Information/11626
WI-lobbyist-11627-activity-2025-H1	11627	WI	activity_report	lobbyist	2025-01-01	2025-06-30	36.5	37.0	https://lobbying.wi.gov/Who/LobbyistInformation/2025REG/Information/11627
WI-lobbyist-11627-activity-2025-H2	11627	WI	activity_report	lobbyist	2025-07-01	2025-12-31	14.5	21.5	https://lobbying.wi.gov/Who/LobbyistInformation/2025REG/Information/11627
WI-lobbyist-11627-activity-2026-H1	11627	WI	activity_report	lobbyist	2026-01-01	2026-06-30	0.0	0.0	https://lobbying.wi.gov/Who/LobbyistInformation/2025REG/Information/11627
WI-lobbyist-11627-activity-2026-H2	11627	WI	activity_report	lobbyist	2026-07-01	2026-12-31	0.0	0.0	https://lobbying.wi.gov/Who/LobbyistInformation/2025REG/Information/11627
WI-lobbyist-11629-activity-2025-H1	11629	WI	activity_report	lobbyist	2025-01-01	2025-06-30	17.25	16.0	https://lobbying.wi.gov/Who/LobbyistInformation/2025REG/Information/11629
WI-lobbyist-11629-activity-2025-H2	11629	WI	activity_report	lobbyist	2025-07-01	2025-12-31	0.0	0.0	https://lobbying.wi.gov/Who/LobbyistInformation/2025REG/Information/11629
WI-lobbyist-11629-activity-2026-H1	11629	WI	activity_report	lobbyist	2026-01-01	2026-06-30	0.0	0.0	https://lobbying.wi.gov/Who/LobbyistInformation/2025REG/Information/11629
WI-lobbyist-11629-activity-2026-H2	11629	WI	activity_report	lobbyist	2026-07-01	2026-12-31	0.0	0.0	https://lobbying.wi.gov/Who/LobbyistInformation/2025REG/Information/11629
WI-lobbyist-11631-activity-2025-H1	11631	WI	activity_report	lobbyist	2025-01-01	2025-06-30	5.0	0.0	https://lobbying.wi.gov/Who/LobbyistInformation/2025REG/Information/11631
WI-lobbyist-11631-activity-2025-H2	11631	WI	activity_report	lobbyist	2025-07-01	2025-12-31	0.0	0.0	https://lobbying.wi.gov/Who/LobbyistInformation/2025REG/Information/11631
WI-lobbyist-11631-activity-2026-H1	11631	WI	activity_report	lobbyist	2026-01-01	2026-06-30	0.0	0.0	https://lobbying.wi.gov/Who/LobbyistInformation/2025REG/Information/11631
WI-lobbyist-11631-activity-2026-H2	11631	WI	activity_report	lobbyist	2026-07-01	2026-12-31	0.0	0.0	https://lobbying.wi.gov/Who/LobbyistInformation/2025REG/Information/11631
WI-lobbyist-11632-activity-2025-H1	11632	WI	activity_report	lobbyist	2025-01-01	2025-06-30	3.0	5.0	https://lobbying.wi.gov/Who/LobbyistInformation/2025REG/Information/11632
WI-lobbyist-11632-activity-2025-H2	11632	WI	activity_report	lobbyist	2025-07-01	2025-12-31	0.5	1.5	https://lobbying.wi.gov/Who/LobbyistInformation/2025REG/Information/11632
WI-lobbyist-11632-activity-2026-H1	11632	WI	activity_report	lobbyist	2026-01-01	2026-06-30	0.0	0.0	https://lobbying.wi.gov/Who/LobbyistInformation/2025REG/Information/11632
WI-lobbyist-11632-activity-2026-H2	11632	WI	activity_report	lobbyist	2026-07-01	2026-12-31	0.0	0.0	https://lobbying.wi.gov/Who/LobbyistInformation/2025REG/Information/11632
WI-lobbyist-11633-activity-2025-H1	11633	WI	activity_report	lobbyist	2025-01-01	2025-06-30	7.54	61.18	https://lobbying.wi.gov/Who/LobbyistInformation/2025REG/Information/11633
WI-lobbyist-11633-activity-2025-H2	11633	WI	activity_report	lobbyist	2025-07-01	2025-12-31	8.6	41.25	https://lobbying.wi.gov/Who/LobbyistInformation/2025REG/Information/11633
WI-lobbyist-11633-activity-2026-H1	11633	WI	activity_report	lobbyist	2026-01-01	2026-06-30	0.0	0.0	https://lobbying.wi.gov/Who/LobbyistInformation/2025REG/Information/11633
WI-lobbyist-11633-activity-2026-H2	11633	WI	activity_report	lobbyist	2026-07-01	2026-12-31	0.0	0.0	https://lobbying.wi.gov/Who/LobbyistInformation/2025REG/Information/11633
WI-lobbyist-11634-activity-2025-H1	11634	WI	activity_report	lobbyist	2025-01-01	2025-06-30	7.0	5.5	https://lobbying.wi.gov/Who/LobbyistInformation/2025REG/Information/11634
WI-lobbyist-11634-activity-2025-H2	11634	WI	activity_report	lobbyist	2025-07-01	2025-12-31	0.0	16.5	https://lobbying.wi.gov/Who/LobbyistInformation/2025REG/Information/11634
WI-lobbyist-11634-activity-2026-H1	11634	WI	activity_report	lobbyist	2026-01-01	2026-06-30	0.0	0.0	https://lobbying.wi.gov/Who/LobbyistInformation/2025REG/Information/11634
WI-lobbyist-11634-activity-2026-H2	11634	WI	activity_report	lobbyist	2026-07-01	2026-12-31	0.0	0.0	https://lobbying.wi.gov/Who/LobbyistInformation/2025REG/Information/11634
WI-lobbyist-11635-activity-2025-H1	11635	WI	activity_report	lobbyist	2025-01-01	2025-06-30	7.75	5.25	https://lobbying.wi.gov/Who/LobbyistInformation/2025REG/Information/11635
WI-lobbyist-11635-activity-2025-H2	11635	WI	activity_report	lobbyist	2025-07-01	2025-12-31	1.0	5.0	https://lobbying.wi.gov/Who/LobbyistInformation/2025REG/Information/11635
WI-lobbyist-11635-activity-2026-H1	11635	WI	activity_report	lobbyist	2026-01-01	2026-06-30	0.0	0.0	https://lobbying.wi.gov/Who/LobbyistInformation/2025REG/Information/11635
WI-lobbyist-11635-activity-2026-H2	11635	WI	activity_report	lobbyist	2026-07-01	2026-12-31	0.0	0.0	https://lobbying.wi.gov/Who/LobbyistInformation/2025REG/Information/11635
WI-lobbyist-11636-activity-2025-H1	11636	WI	activity_report	lobbyist	2025-01-01	2025-06-30	36.5	101.0	https://lobbying.wi.gov/Who/LobbyistInformation/2025REG/Information/11636
WI-lobbyist-11636-activity-2025-H2	11636	WI	activity_report	lobbyist	2025-07-01	2025-12-31	1.0	1.5	https://lobbying.wi.gov/Who/LobbyistInformation/2025REG/Information/11636
WI-lobbyist-11636-activity-2026-H1	11636	WI	activity_report	lobbyist	2026-01-01	2026-06-30	0.0	0.0	https://lobbying.wi.gov/Who/LobbyistInformation/2025REG/Information/11636
WI-lobbyist-11636-activity-2026-H2	11636	WI	activity_report	lobbyist	2026-07-01	2026-12-31	0.0	0.0	https://lobbying.wi.gov/Who/LobbyistInformation/2025REG/Information/11636
WI-lobbyist-11637-activity-2025-H1	11637	WI	activity_report	lobbyist	2025-01-01	2025-06-30	28.0	73.0	https://lobbying.wi.gov/Who/LobbyistInformation/2025REG/Information/11637
WI-lobbyist-11637-activity-2025-H2	11637	WI	activity_report	lobbyist	2025-07-01	2025-12-31	47.5	92.5	https://lobbying.wi.gov/Who/LobbyistInformation/2025REG/Information/11637
WI-lobbyist-11637-activity-2026-H1	11637	WI	activity_report	lobbyist	2026-01-01	2026-06-30	12.5	28.5	https://lobbying.wi.gov/Who/LobbyistInformation/2025REG/Information/11637
WI-lobbyist-11637-activity-2026-H2	11637	WI	activity_report	lobbyist	2026-07-01	2026-12-31	0.0	3.0	https://lobbying.wi.gov/Who/LobbyistInformation/2025REG/Information/11637
WI-lobbyist-12635-activity-2025-H1	12635	WI	activity_report	lobbyist	2025-01-01	2025-06-30	0.0	0.0	https://lobbying.wi.gov/Who/LobbyistInformation/2025REG/Information/12635
WI-lobbyist-12635-activity-2025-H2	12635	WI	activity_report	lobbyist	2025-07-01	2025-12-31	0.0	0.0	https://lobbying.wi.gov/Who/LobbyistInformation/2025REG/Information/12635
WI-lobbyist-12635-activity-2026-H1	12635	WI	activity_report	lobbyist	2026-01-01	2026-06-30	0.0	0.0	https://lobbying.wi.gov/Who/LobbyistInformation/2025REG/Information/12635
WI-lobbyist-12635-activity-2026-H2	12635	WI	activity_report	lobbyist	2026-07-01	2026-12-31	0.0	0.0	https://lobbying.wi.gov/Who/LobbyistInformation/2025REG/Information/12635
WI-lobbyist-12636-activity-2025-H1	12636	WI	activity_report	lobbyist	2025-01-01	2025-06-30	22.0	163.5	https://lobbying.wi.gov/Who/LobbyistInformation/2025REG/Information/12636
WI-lobbyist-12636-activity-2025-H2	12636	WI	activity_report	lobbyist	2025-07-01	2025-12-31	14.25	107.0	https://lobbying.wi.gov/Who/LobbyistInformation/2025REG/Information/12636
WI-lobbyist-12636-activity-2026-H1	12636	WI	activity_report	lobbyist	2026-01-01	2026-06-30	0.0	0.0	https://lobbying.wi.gov/Who/LobbyistInformation/2025REG/Information/12636
WI-lobbyist-12636-activity-2026-H2	12636	WI	activity_report	lobbyist	2026-07-01	2026-12-31	0.0	0.0	https://lobbying.wi.gov/Who/LobbyistInformation/2025REG/Information/12636
WI-lobbyist-12637-activity-2025-H1	12637	WI	activity_report	lobbyist	2025-01-01	2025-06-30	1.0	0.0	https://lobbying.wi.gov/Who/LobbyistInformation/2025REG/Information/12637
WI-lobbyist-12637-activity-2025-H2	12637	WI	activity_report	lobbyist	2025-07-01	2025-12-31	1.0	0.0	https://lobbying.wi.gov/Who/LobbyistInformation/2025REG/Information/12637
WI-lobbyist-12637-activity-2026-H1	12637	WI	activity_report	lobbyist	2026-01-01	2026-06-30	0.0	0.0	https://lobbying.wi.gov/Who/LobbyistInformation/2025REG/Information/12637
WI-lobbyist-12637-activity-2026-H2	12637	WI	activity_report	lobbyist	2026-07-01	2026-12-31	0.0	0.0	https://lobbying.wi.gov/Who/LobbyistInformation/2025REG/Information/12637
WI-lobbyist-12638-activity-2025-H1	12638	WI	activity_report	lobbyist	2025-01-01	2025-06-30	23.5	76.5	https://lobbying.wi.gov/Who/LobbyistInformation/2025REG/Information/12638
WI-lobbyist-12638-activity-2025-H2	12638	WI	activity_report	lobbyist	2025-07-01	2025-12-31	16.5	82.0	https://lobbying.wi.gov/Who/LobbyistInformation/2025REG/Information/12638
WI-lobbyist-12638-activity-2026-H1	12638	WI	activity_report	lobbyist	2026-01-01	2026-06-30	0.0	0.0	https://lobbying.wi.gov/Who/LobbyistInformation/2025REG/Information/12638
WI-lobbyist-12638-activity-2026-H2	12638	WI	activity_report	lobbyist	2026-07-01	2026-12-31	0.0	0.0	https://lobbying.wi.gov/Who/LobbyistInformation/2025REG/Information/12638
WI-lobbyist-12639-activity-2025-H1	12639	WI	activity_report	lobbyist	2025-01-01	2025-06-30	1.75	73.75	https://lobbying.wi.gov/Who/LobbyistInformation/2025REG/Information/12639
WI-lobbyist-12639-activity-2025-H2	12639	WI	activity_report	lobbyist	2025-07-01	2025-12-31	0.5	90.5	https://lobbying.wi.gov/Who/LobbyistInformation/2025REG/Information/12639
WI-lobbyist-12639-activity-2026-H1	12639	WI	activity_report	lobbyist	2026-01-01	2026-06-30	0.0	0.0	https://lobbying.wi.gov/Who/LobbyistInformation/2025REG/Information/12639
WI-lobbyist-12639-activity-2026-H2	12639	WI	activity_report	lobbyist	2026-07-01	2026-12-31	0.0	0.0	https://lobbying.wi.gov/Who/LobbyistInformation/2025REG/Information/12639
WI-lobbyist-12640-activity-2025-H1	12640	WI	activity_report	lobbyist	2025-01-01	2025-06-30	12.0	39.75	https://lobbying.wi.gov/Who/LobbyistInformation/2025REG/Information/12640
WI-lobbyist-12640-activity-2025-H2	12640	WI	activity_report	lobbyist	2025-07-01	2025-12-31	6.5	29.75	https://lobbying.wi.gov/Who/LobbyistInformation/2025REG/Information/12640
WI-lobbyist-12640-activity-2026-H1	12640	WI	activity_report	lobbyist	2026-01-01	2026-06-30	0.0	0.0	https://lobbying.wi.gov/Who/LobbyistInformation/2025REG/Information/12640
WI-lobbyist-12640-activity-2026-H2	12640	WI	activity_report	lobbyist	2026-07-01	2026-12-31	0.0	0.0	https://lobbying.wi.gov/Who/LobbyistInformation/2025REG/Information/12640
WI-lobbyist-12641-activity-2025-H1	12641	WI	activity_report	lobbyist	2025-01-01	2025-06-30	12.0	94.5	https://lobbying.wi.gov/Who/LobbyistInformation/2025REG/Information/12641
WI-lobbyist-12641-activity-2025-H2	12641	WI	activity_report	lobbyist	2025-07-01	2025-12-31	9.5	103.25	https://lobbying.wi.gov/Who/LobbyistInformation/2025REG/Information/12641
WI-lobbyist-12641-activity-2026-H1	12641	WI	activity_report	lobbyist	2026-01-01	2026-06-30	0.0	0.0	https://lobbying.wi.gov/Who/LobbyistInformation/2025REG/Information/12641
WI-lobbyist-12641-activity-2026-H2	12641	WI	activity_report	lobbyist	2026-07-01	2026-12-31	0.0	0.0	https://lobbying.wi.gov/Who/LobbyistInformation/2025REG/Information/12641
WI-lobbyist-12642-activity-2025-H1	12642	WI	activity_report	lobbyist	2025-01-01	2025-06-30	1.0	0.0	https://lobbying.wi.gov/Who/LobbyistInformation/2025REG/Information/12642
WI-lobbyist-12642-activity-2025-H2	12642	WI	activity_report	lobbyist	2025-07-01	2025-12-31	0.0	0.0	https://lobbying.wi.gov/Who/LobbyistInformation/2025REG/Information/12642
WI-lobbyist-12642-activity-2026-H1	12642	WI	activity_report	lobbyist	2026-01-01	2026-06-30	0.0	0.0	https://lobbying.wi.gov/Who/LobbyistInformation/2025REG/Information/12642
WI-lobbyist-12642-activity-2026-H2	12642	WI	activity_report	lobbyist	2026-07-01	2026-12-31	0.0	0.0	https://lobbying.wi.gov/Who/LobbyistInformation/2025REG/Information/12642
WI-lobbyist-12643-activity-2025-H1	12643	WI	activity_report	lobbyist	2025-01-01	2025-06-30	0.0	0.0	https://lobbying.wi.gov/Who/LobbyistInformation/2025REG/Information/12643
WI-lobbyist-12643-activity-2025-H2	12643	WI	activity_report	lobbyist	2025-07-01	2025-12-31	0.0	0.0	https://lobbying.wi.gov/Who/LobbyistInformation/2025REG/Information/12643
WI-lobbyist-12643-activity-2026-H1	12643	WI	activity_report	lobbyist	2026-01-01	2026-06-30	0.0	0.0	https://lobbying.wi.gov/Who/LobbyistInformation/2025REG/Information/12643
WI-lobbyist-12643-activity-2026-H2	12643	WI	activity_report	lobbyist	2026-07-01	2026-12-31	0.0	0.0	https://lobbying.wi.gov/Who/LobbyistInformation/2025REG/Information/12643
WI-lobbyist-12645-activity-2025-H1	12645	WI	activity_report	lobbyist	2025-01-01	2025-06-30	6.0	0.0	https://lobbying.wi.gov/Who/LobbyistInformation/2025REG/Information/12645
WI-lobbyist-12645-activity-2025-H2	12645	WI	activity_report	lobbyist	2025-07-01	2025-12-31	0.0	0.0	https://lobbying.wi.gov/Who/LobbyistInformation/2025REG/Information/12645
WI-lobbyist-12645-activity-2026-H1	12645	WI	activity_report	lobbyist	2026-01-01	2026-06-30	0.0	0.0	https://lobbying.wi.gov/Who/LobbyistInformation/2025REG/Information/12645
WI-lobbyist-12645-activity-2026-H2	12645	WI	activity_report	lobbyist	2026-07-01	2026-12-31	0.0	0.0	https://lobbying.wi.gov/Who/LobbyistInformation/2025REG/Information/12645
WI-lobbyist-12646-activity-2025-H1	12646	WI	activity_report	lobbyist	2025-01-01	2025-06-30	60.0	98.0	https://lobbying.wi.gov/Who/LobbyistInformation/2025REG/Information/12646
WI-lobbyist-12646-activity-2025-H2	12646	WI	activity_report	lobbyist	2025-07-01	2025-12-31	36.0	38.0	https://lobbying.wi.gov/Who/LobbyistInformation/2025REG/Information/12646
WI-lobbyist-12646-activity-2026-H1	12646	WI	activity_report	lobbyist	2026-01-01	2026-06-30	0.0	0.0	https://lobbying.wi.gov/Who/LobbyistInformation/2025REG/Information/12646
WI-lobbyist-12646-activity-2026-H2	12646	WI	activity_report	lobbyist	2026-07-01	2026-12-31	0.0	0.0	https://lobbying.wi.gov/Who/LobbyistInformation/2025REG/Information/12646
WI-lobbyist-12647-activity-2025-H1	12647	WI	activity_report	lobbyist	2025-01-01	2025-06-30	3.5	14.0	https://lobbying.wi.gov/Who/LobbyistInformation/2025REG/Information/12647
WI-lobbyist-12647-activity-2025-H2	12647	WI	activity_report	lobbyist	2025-07-01	2025-12-31	0.0	7.5	https://lobbying.wi.gov/Who/LobbyistInformation/2025REG/Information/12647
WI-lobbyist-12647-activity-2026-H1	12647	WI	activity_report	lobbyist	2026-01-01	2026-06-30	0.0	0.0	https://lobbying.wi.gov/Who/LobbyistInformation/2025REG/Information/12647
WI-lobbyist-12647-activity-2026-H2	12647	WI	activity_report	lobbyist	2026-07-01	2026-12-31	0.0	0.0	https://lobbying.wi.gov/Who/LobbyistInformation/2025REG/Information/12647
WI-lobbyist-12648-activity-2025-H1	12648	WI	activity_report	lobbyist	2025-01-01	2025-06-30	20.0	13.25	https://lobbying.wi.gov/Who/LobbyistInformation/2025REG/Information/12648
WI-lobbyist-12648-activity-2025-H2	12648	WI	activity_report	lobbyist	2025-07-01	2025-12-31	15.0	12.5	https://lobbying.wi.gov/Who/LobbyistInformation/2025REG/Information/12648
WI-lobbyist-12648-activity-2026-H1	12648	WI	activity_report	lobbyist	2026-01-01	2026-06-30	0.0	0.0	https://lobbying.wi.gov/Who/LobbyistInformation/2025REG/Information/12648
WI-lobbyist-12648-activity-2026-H2	12648	WI	activity_report	lobbyist	2026-07-01	2026-12-31	0.0	0.0	https://lobbying.wi.gov/Who/LobbyistInformation/2025REG/Information/12648
WI-lobbyist-12650-activity-2025-H1	12650	WI	activity_report	lobbyist	2025-01-01	2025-06-30	1.0	122.2	https://lobbying.wi.gov/Who/LobbyistInformation/2025REG/Information/12650
WI-lobbyist-12650-activity-2025-H2	12650	WI	activity_report	lobbyist	2025-07-01	2025-12-31	10.5	106.5	https://lobbying.wi.gov/Who/LobbyistInformation/2025REG/Information/12650
WI-lobbyist-12650-activity-2026-H1	12650	WI	activity_report	lobbyist	2026-01-01	2026-06-30	0.0	0.0	https://lobbying.wi.gov/Who/LobbyistInformation/2025REG/Information/12650
WI-lobbyist-12650-activity-2026-H2	12650	WI	activity_report	lobbyist	2026-07-01	2026-12-31	0.0	0.0	https://lobbying.wi.gov/Who/LobbyistInformation/2025REG/Information/12650
WI-lobbyist-12651-activity-2025-H1	12651	WI	activity_report	lobbyist	2025-01-01	2025-06-30	7.5	8.5	https://lobbying.wi.gov/Who/LobbyistInformation/2025REG/Information/12651
WI-lobbyist-12651-activity-2025-H2	12651	WI	activity_report	lobbyist	2025-07-01	2025-12-31	8.0	34.0	https://lobbying.wi.gov/Who/LobbyistInformation/2025REG/Information/12651
WI-lobbyist-12651-activity-2026-H1	12651	WI	activity_report	lobbyist	2026-01-01	2026-06-30	0.0	0.0	https://lobbying.wi.gov/Who/LobbyistInformation/2025REG/Information/12651
WI-lobbyist-12651-activity-2026-H2	12651	WI	activity_report	lobbyist	2026-07-01	2026-12-31	0.0	0.0	https://lobbying.wi.gov/Who/LobbyistInformation/2025REG/Information/12651
WI-lobbyist-12652-activity-2025-H1	12652	WI	activity_report	lobbyist	2025-01-01	2025-06-30	0.0	1.75	https://lobbying.wi.gov/Who/LobbyistInformation/2025REG/Information/12652
WI-lobbyist-12652-activity-2025-H2	12652	WI	activity_report	lobbyist	2025-07-01	2025-12-31	1.5	1.0	https://lobbying.wi.gov/Who/LobbyistInformation/2025REG/Information/12652
WI-lobbyist-12652-activity-2026-H1	12652	WI	activity_report	lobbyist	2026-01-01	2026-06-30	0.0	0.0	https://lobbying.wi.gov/Who/LobbyistInformation/2025REG/Information/12652
WI-lobbyist-12652-activity-2026-H2	12652	WI	activity_report	lobbyist	2026-07-01	2026-12-31	0.0	0.0	https://lobbying.wi.gov/Who/LobbyistInformation/2025REG/Information/12652
WI-lobbyist-12653-activity-2025-H1	12653	WI	activity_report	lobbyist	2025-01-01	2025-06-30	20.0	10.5	https://lobbying.wi.gov/Who/LobbyistInformation/2025REG/Information/12653
WI-lobbyist-12653-activity-2025-H2	12653	WI	activity_report	lobbyist	2025-07-01	2025-12-31	0.0	0.0	https://lobbying.wi.gov/Who/LobbyistInformation/2025REG/Information/12653
WI-lobbyist-12653-activity-2026-H1	12653	WI	activity_report	lobbyist	2026-01-01	2026-06-30	0.0	0.0	https://lobbying.wi.gov/Who/LobbyistInformation/2025REG/Information/12653
WI-lobbyist-12653-activity-2026-H2	12653	WI	activity_report	lobbyist	2026-07-01	2026-12-31	0.0	0.0	https://lobbying.wi.gov/Who/LobbyistInformation/2025REG/Information/12653
WI-lobbyist-12654-activity-2025-H1	12654	WI	activity_report	lobbyist	2025-01-01	2025-06-30	9.25	31.0	https://lobbying.wi.gov/Who/LobbyistInformation/2025REG/Information/12654
WI-lobbyist-12654-activity-2025-H2	12654	WI	activity_report	lobbyist	2025-07-01	2025-12-31	6.0	111.0	https://lobbying.wi.gov/Who/LobbyistInformation/2025REG/Information/12654
WI-lobbyist-12654-activity-2026-H1	12654	WI	activity_report	lobbyist	2026-01-01	2026-06-30	0.0	0.0	https://lobbying.wi.gov/Who/LobbyistInformation/2025REG/Information/12654
WI-lobbyist-12654-activity-2026-H2	12654	WI	activity_report	lobbyist	2026-07-01	2026-12-31	0.0	0.0	https://lobbying.wi.gov/Who/LobbyistInformation/2025REG/Information/12654
WI-lobbyist-12655-activity-2025-H1	12655	WI	activity_report	lobbyist	2025-01-01	2025-06-30	0.0	0.0	https://lobbying.wi.gov/Who/LobbyistInformation/2025REG/Information/12655
WI-lobbyist-12655-activity-2025-H2	12655	WI	activity_report	lobbyist	2025-07-01	2025-12-31	0.0	0.0	https://lobbying.wi.gov/Who/LobbyistInformation/2025REG/Information/12655
WI-lobbyist-12655-activity-2026-H1	12655	WI	activity_report	lobbyist	2026-01-01	2026-06-30	0.0	0.0	https://lobbying.wi.gov/Who/LobbyistInformation/2025REG/Information/12655
WI-lobbyist-12655-activity-2026-H2	12655	WI	activity_report	lobbyist	2026-07-01	2026-12-31	0.0	0.0	https://lobbying.wi.gov/Who/LobbyistInformation/2025REG/Information/12655
WI-lobbyist-12656-activity-2025-H1	12656	WI	activity_report	lobbyist	2025-01-01	2025-06-30	19.95	35.75	https://lobbying.wi.gov/Who/LobbyistInformation/2025REG/Information/12656
WI-lobbyist-12656-activity-2025-H2	12656	WI	activity_report	lobbyist	2025-07-01	2025-12-31	1.25	0.75	https://lobbying.wi.gov/Who/LobbyistInformation/2025REG/Information/12656
WI-lobbyist-12656-activity-2026-H1	12656	WI	activity_report	lobbyist	2026-01-01	2026-06-30	0.0	0.0	https://lobbying.wi.gov/Who/LobbyistInformation/2025REG/Information/12656
WI-lobbyist-12656-activity-2026-H2	12656	WI	activity_report	lobbyist	2026-07-01	2026-12-31	0.0	0.0	https://lobbying.wi.gov/Who/LobbyistInformation/2025REG/Information/12656
WI-lobbyist-12657-activity-2025-H1	12657	WI	activity_report	lobbyist	2025-01-01	2025-06-30	41.0	0.0	https://lobbying.wi.gov/Who/LobbyistInformation/2025REG/Information/12657
WI-lobbyist-12657-activity-2025-H2	12657	WI	activity_report	lobbyist	2025-07-01	2025-12-31	20.0	0.0	https://lobbying.wi.gov/Who/LobbyistInformation/2025REG/Information/12657
WI-lobbyist-12657-activity-2026-H1	12657	WI	activity_report	lobbyist	2026-01-01	2026-06-30	0.0	0.0	https://lobbying.wi.gov/Who/LobbyistInformation/2025REG/Information/12657
WI-lobbyist-12657-activity-2026-H2	12657	WI	activity_report	lobbyist	2026-07-01	2026-12-31	0.0	0.0	https://lobbying.wi.gov/Who/LobbyistInformation/2025REG/Information/12657
WI-lobbyist-12658-activity-2025-H1	12658	WI	activity_report	lobbyist	2025-01-01	2025-06-30	24.5	164.5	https://lobbying.wi.gov/Who/LobbyistInformation/2025REG/Information/12658
WI-lobbyist-12658-activity-2025-H2	12658	WI	activity_report	lobbyist	2025-07-01	2025-12-31	3.0	138.0	https://lobbying.wi.gov/Who/LobbyistInformation/2025REG/Information/12658
WI-lobbyist-12658-activity-2026-H1	12658	WI	activity_report	lobbyist	2026-01-01	2026-06-30	0.0	0.0	https://lobbying.wi.gov/Who/LobbyistInformation/2025REG/Information/12658
WI-lobbyist-12658-activity-2026-H2	12658	WI	activity_report	lobbyist	2026-07-01	2026-12-31	0.0	0.0	https://lobbying.wi.gov/Who/LobbyistInformation/2025REG/Information/12658
WI-lobbyist-12659-activity-2025-H1	12659	WI	activity_report	lobbyist	2025-01-01	2025-06-30	6.58	0.5	https://lobbying.wi.gov/Who/LobbyistInformation/2025REG/Information/12659
WI-lobbyist-12659-activity-2025-H2	12659	WI	activity_report	lobbyist	2025-07-01	2025-12-31	0.0	0.0	https://lobbying.wi.gov/Who/LobbyistInformation/2025REG/Information/12659
WI-lobbyist-12659-activity-2026-H1	12659	WI	activity_report	lobbyist	2026-01-01	2026-06-30	0.0	0.0	https://lobbying.wi.gov/Who/LobbyistInformation/2025REG/Information/12659
WI-lobbyist-12659-activity-2026-H2	12659	WI	activity_report	lobbyist	2026-07-01	2026-12-31	0.0	0.0	https://lobbying.wi.gov/Who/LobbyistInformation/2025REG/Information/12659
WI-lobbyist-12660-activity-2025-H1	12660	WI	activity_report	lobbyist	2025-01-01	2025-06-30	4.0	0.0	https://lobbying.wi.gov/Who/LobbyistInformation/2025REG/Information/12660
WI-lobbyist-12660-activity-2025-H2	12660	WI	activity_report	lobbyist	2025-07-01	2025-12-31	0.0	0.0	https://lobbying.wi.gov/Who/LobbyistInformation/2025REG/Information/12660
WI-lobbyist-12660-activity-2026-H1	12660	WI	activity_report	lobbyist	2026-01-01	2026-06-30	0.0	0.0	https://lobbying.wi.gov/Who/LobbyistInformation/2025REG/Information/12660
WI-lobbyist-12660-activity-2026-H2	12660	WI	activity_report	lobbyist	2026-07-01	2026-12-31	0.0	0.0	https://lobbying.wi.gov/Who/LobbyistInformation/2025REG/Information/12660
WI-lobbyist-12662-activity-2025-H1	12662	WI	activity_report	lobbyist	2025-01-01	2025-06-30	2.0	1.0	https://lobbying.wi.gov/Who/LobbyistInformation/2025REG/Information/12662
WI-lobbyist-12662-activity-2025-H2	12662	WI	activity_report	lobbyist	2025-07-01	2025-12-31	0.0	0.0	https://lobbying.wi.gov/Who/LobbyistInformation/2025REG/Information/12662
WI-lobbyist-12662-activity-2026-H1	12662	WI	activity_report	lobbyist	2026-01-01	2026-06-30	0.0	0.0	https://lobbying.wi.gov/Who/LobbyistInformation/2025REG/Information/12662
WI-lobbyist-12662-activity-2026-H2	12662	WI	activity_report	lobbyist	2026-07-01	2026-12-31	0.0	0.0	https://lobbying.wi.gov/Who/LobbyistInformation/2025REG/Information/12662
WI-lobbyist-12663-activity-2025-H1	12663	WI	activity_report	lobbyist	2025-01-01	2025-06-30	16.25	43.75	https://lobbying.wi.gov/Who/LobbyistInformation/2025REG/Information/12663
WI-lobbyist-12663-activity-2025-H2	12663	WI	activity_report	lobbyist	2025-07-01	2025-12-31	15.75	86.0	https://lobbying.wi.gov/Who/LobbyistInformation/2025REG/Information/12663
WI-lobbyist-12663-activity-2026-H1	12663	WI	activity_report	lobbyist	2026-01-01	2026-06-30	0.0	0.0	https://lobbying.wi.gov/Who/LobbyistInformation/2025REG/Information/12663
WI-lobbyist-12663-activity-2026-H2	12663	WI	activity_report	lobbyist	2026-07-01	2026-12-31	0.0	0.0	https://lobbying.wi.gov/Who/LobbyistInformation/2025REG/Information/12663
WI-lobbyist-12665-activity-2025-H1	12665	WI	activity_report	lobbyist	2025-01-01	2025-06-30	0.0	0.0	https://lobbying.wi.gov/Who/LobbyistInformation/2025REG/Information/12665
WI-lobbyist-12665-activity-2025-H2	12665	WI	activity_report	lobbyist	2025-07-01	2025-12-31	0.0	0.0	https://lobbying.wi.gov/Who/LobbyistInformation/2025REG/Information/12665
WI-lobbyist-12665-activity-2026-H1	12665	WI	activity_report	lobbyist	2026-01-01	2026-06-30	0.0	0.0	https://lobbying.wi.gov/Who/LobbyistInformation/2025REG/Information/12665
WI-lobbyist-12665-activity-2026-H2	12665	WI	activity_report	lobbyist	2026-07-01	2026-12-31	0.0	0.0	https://lobbying.wi.gov/Who/LobbyistInformation/2025REG/Information/12665
WI-lobbyist-12666-activity-2025-H1	12666	WI	activity_report	lobbyist	2025-01-01	2025-06-30	0.0	0.0	https://lobbying.wi.gov/Who/LobbyistInformation/2025REG/Information/12666
WI-lobbyist-12666-activity-2025-H2	12666	WI	activity_report	lobbyist	2025-07-01	2025-12-31	0.0	0.0	https://lobbying.wi.gov/Who/LobbyistInformation/2025REG/Information/12666
WI-lobbyist-12666-activity-2026-H1	12666	WI	activity_report	lobbyist	2026-01-01	2026-06-30	0.0	0.0	https://lobbying.wi.gov/Who/LobbyistInformation/2025REG/Information/12666
WI-lobbyist-12666-activity-2026-H2	12666	WI	activity_report	lobbyist	2026-07-01	2026-12-31	0.0	0.0	https://lobbying.wi.gov/Who/LobbyistInformation/2025REG/Information/12666
WI-lobbyist-12667-activity-2025-H1	12667	WI	activity_report	lobbyist	2025-01-01	2025-06-30	102.25	868.5	https://lobbying.wi.gov/Who/LobbyistInformation/2025REG/Information/12667
WI-lobbyist-12667-activity-2025-H2	12667	WI	activity_report	lobbyist	2025-07-01	2025-12-31	101.75	1021.75	https://lobbying.wi.gov/Who/LobbyistInformation/2025REG/Information/12667
WI-lobbyist-12667-activity-2026-H1	12667	WI	activity_report	lobbyist	2026-01-01	2026-06-30	0.0	0.0	https://lobbying.wi.gov/Who/LobbyistInformation/2025REG/Information/12667
WI-lobbyist-12667-activity-2026-H2	12667	WI	activity_report	lobbyist	2026-07-01	2026-12-31	0.0	0.0	https://lobbying.wi.gov/Who/LobbyistInformation/2025REG/Information/12667
WI-lobbyist-12668-activity-2025-H1	12668	WI	activity_report	lobbyist	2025-01-01	2025-06-30	6.0	22.0	https://lobbying.wi.gov/Who/LobbyistInformation/2025REG/Information/12668
WI-lobbyist-12668-activity-2025-H2	12668	WI	activity_report	lobbyist	2025-07-01	2025-12-31	8.0	6.0	https://lobbying.wi.gov/Who/LobbyistInformation/2025REG/Information/12668
WI-lobbyist-12668-activity-2026-H1	12668	WI	activity_report	lobbyist	2026-01-01	2026-06-30	8.0	11.0	https://lobbying.wi.gov/Who/LobbyistInformation/2025REG/Information/12668
WI-lobbyist-12668-activity-2026-H2	12668	WI	activity_report	lobbyist	2026-07-01	2026-12-31	0.0	0.0	https://lobbying.wi.gov/Who/LobbyistInformation/2025REG/Information/12668
WI-lobbyist-12669-activity-2025-H1	12669	WI	activity_report	lobbyist	2025-01-01	2025-06-30	4.0	0.5	https://lobbying.wi.gov/Who/LobbyistInformation/2025REG/Information/12669
WI-lobbyist-12669-activity-2025-H2	12669	WI	activity_report	lobbyist	2025-07-01	2025-12-31	0.0	0.0	https://lobbying.wi.gov/Who/LobbyistInformation/2025REG/Information/12669
WI-lobbyist-12669-activity-2026-H1	12669	WI	activity_report	lobbyist	2026-01-01	2026-06-30	0.0	0.0	https://lobbying.wi.gov/Who/LobbyistInformation/2025REG/Information/12669
WI-lobbyist-12669-activity-2026-H2	12669	WI	activity_report	lobbyist	2026-07-01	2026-12-31	0.0	0.0	https://lobbying.wi.gov/Who/LobbyistInformation/2025REG/Information/12669
WI-lobbyist-12670-activity-2025-H1	12670	WI	activity_report	lobbyist	2025-01-01	2025-06-30	10.0	1.0	https://lobbying.wi.gov/Who/LobbyistInformation/2025REG/Information/12670
WI-lobbyist-12670-activity-2025-H2	12670	WI	activity_report	lobbyist	2025-07-01	2025-12-31	18.0	6.0	https://lobbying.wi.gov/Who/LobbyistInformation/2025REG/Information/12670
WI-lobbyist-12670-activity-2026-H1	12670	WI	activity_report	lobbyist	2026-01-01	2026-06-30	0.0	0.0	https://lobbying.wi.gov/Who/LobbyistInformation/2025REG/Information/12670
WI-lobbyist-12670-activity-2026-H2	12670	WI	activity_report	lobbyist	2026-07-01	2026-12-31	0.0	0.0	https://lobbying.wi.gov/Who/LobbyistInformation/2025REG/Information/12670
WI-lobbyist-12671-activity-2025-H1	12671	WI	activity_report	lobbyist	2025-01-01	2025-06-30	96.5	307.5	https://lobbying.wi.gov/Who/LobbyistInformation/2025REG/Information/12671
WI-lobbyist-12671-activity-2025-H2	12671	WI	activity_report	lobbyist	2025-07-01	2025-12-31	35.0	157.0	https://lobbying.wi.gov/Who/LobbyistInformation/2025REG/Information/12671
WI-lobbyist-12671-activity-2026-H1	12671	WI	activity_report	lobbyist	2026-01-01	2026-06-30	0.0	0.0	https://lobbying.wi.gov/Who/LobbyistInformation/2025REG/Information/12671
WI-lobbyist-12671-activity-2026-H2	12671	WI	activity_report	lobbyist	2026-07-01	2026-12-31	0.0	0.0	https://lobbying.wi.gov/Who/LobbyistInformation/2025REG/Information/12671
WI-lobbyist-12672-activity-2025-H1	12672	WI	activity_report	lobbyist	2025-01-01	2025-06-30	2.5	13.0	https://lobbying.wi.gov/Who/LobbyistInformation/2025REG/Information/12672
WI-lobbyist-12672-activity-2025-H2	12672	WI	activity_report	lobbyist	2025-07-01	2025-12-31	1.5	6.0	https://lobbying.wi.gov/Who/LobbyistInformation/2025REG/Information/12672
WI-lobbyist-12672-activity-2026-H1	12672	WI	activity_report	lobbyist	2026-01-01	2026-06-30	0.0	0.0	https://lobbying.wi.gov/Who/LobbyistInformation/2025REG/Information/12672
WI-lobbyist-12672-activity-2026-H2	12672	WI	activity_report	lobbyist	2026-07-01	2026-12-31	0.0	0.0	https://lobbying.wi.gov/Who/LobbyistInformation/2025REG/Information/12672
WI-lobbyist-12675-activity-2025-H1	12675	WI	activity_report	lobbyist	2025-01-01	2025-06-30	1.25	1.0	https://lobbying.wi.gov/Who/LobbyistInformation/2025REG/Information/12675
WI-lobbyist-12675-activity-2025-H2	12675	WI	activity_report	lobbyist	2025-07-01	2025-12-31	0.0	5.35	https://lobbying.wi.gov/Who/LobbyistInformation/2025REG/Information/12675
WI-lobbyist-12675-activity-2026-H1	12675	WI	activity_report	lobbyist	2026-01-01	2026-06-30	0.0	0.0	https://lobbying.wi.gov/Who/LobbyistInformation/2025REG/Information/12675
WI-lobbyist-12675-activity-2026-H2	12675	WI	activity_report	lobbyist	2026-07-01	2026-12-31	0.0	0.0	https://lobbying.wi.gov/Who/LobbyistInformation/2025REG/Information/12675
WI-lobbyist-12676-activity-2025-H1	12676	WI	activity_report	lobbyist	2025-01-01	2025-06-30	13.75	20.0	https://lobbying.wi.gov/Who/LobbyistInformation/2025REG/Information/12676
WI-lobbyist-12676-activity-2025-H2	12676	WI	activity_report	lobbyist	2025-07-01	2025-12-31	7.25	23.75	https://lobbying.wi.gov/Who/LobbyistInformation/2025REG/Information/12676
WI-lobbyist-12676-activity-2026-H1	12676	WI	activity_report	lobbyist	2026-01-01	2026-06-30	0.0	0.0	https://lobbying.wi.gov/Who/LobbyistInformation/2025REG/Information/12676
WI-lobbyist-12676-activity-2026-H2	12676	WI	activity_report	lobbyist	2026-07-01	2026-12-31	0.0	0.0	https://lobbying.wi.gov/Who/LobbyistInformation/2025REG/Information/12676
WI-lobbyist-12678-activity-2025-H1	12678	WI	activity_report	lobbyist	2025-01-01	2025-06-30	18.0	107.0	https://lobbying.wi.gov/Who/LobbyistInformation/2025REG/Information/12678
WI-lobbyist-12678-activity-2025-H2	12678	WI	activity_report	lobbyist	2025-07-01	2025-12-31	10.75	105.0	https://lobbying.wi.gov/Who/LobbyistInformation/2025REG/Information/12678
WI-lobbyist-12678-activity-2026-H1	12678	WI	activity_report	lobbyist	2026-01-01	2026-06-30	0.0	0.0	https://lobbying.wi.gov/Who/LobbyistInformation/2025REG/Information/12678
WI-lobbyist-12678-activity-2026-H2	12678	WI	activity_report	lobbyist	2026-07-01	2026-12-31	0.0	0.0	https://lobbying.wi.gov/Who/LobbyistInformation/2025REG/Information/12678
WI-lobbyist-12679-activity-2025-H1	12679	WI	activity_report	lobbyist	2025-01-01	2025-06-30	50.25	105.0	https://lobbying.wi.gov/Who/LobbyistInformation/2025REG/Information/12679
WI-lobbyist-12679-activity-2025-H2	12679	WI	activity_report	lobbyist	2025-07-01	2025-12-31	19.5	62.0	https://lobbying.wi.gov/Who/LobbyistInformation/2025REG/Information/12679
WI-lobbyist-12679-activity-2026-H1	12679	WI	activity_report	lobbyist	2026-01-01	2026-06-30	0.0	0.0	https://lobbying.wi.gov/Who/LobbyistInformation/2025REG/Information/12679
WI-lobbyist-12679-activity-2026-H2	12679	WI	activity_report	lobbyist	2026-07-01	2026-12-31	0.0	0.0	https://lobbying.wi.gov/Who/LobbyistInformation/2025REG/Information/12679
WI-lobbyist-12680-activity-2025-H1	12680	WI	activity_report	lobbyist	2025-01-01	2025-06-30	33.25	0.0	https://lobbying.wi.gov/Who/LobbyistInformation/2025REG/Information/12680
WI-lobbyist-12680-activity-2025-H2	12680	WI	activity_report	lobbyist	2025-07-01	2025-12-31	19.0	0.0	https://lobbying.wi.gov/Who/LobbyistInformation/2025REG/Information/12680
WI-lobbyist-12680-activity-2026-H1	12680	WI	activity_report	lobbyist	2026-01-01	2026-06-30	0.0	0.0	https://lobbying.wi.gov/Who/LobbyistInformation/2025REG/Information/12680
WI-lobbyist-12680-activity-2026-H2	12680	WI	activity_report	lobbyist	2026-07-01	2026-12-31	0.0	0.0	https://lobbying.wi.gov/Who/LobbyistInformation/2025REG/Information/12680
WI-lobbyist-12681-activity-2025-H1	12681	WI	activity_report	lobbyist	2025-01-01	2025-06-30	0.0	0.0	https://lobbying.wi.gov/Who/LobbyistInformation/2025REG/Information/12681
WI-lobbyist-12681-activity-2025-H2	12681	WI	activity_report	lobbyist	2025-07-01	2025-12-31	0.0	0.0	https://lobbying.wi.gov/Who/LobbyistInformation/2025REG/Information/12681
WI-lobbyist-12681-activity-2026-H1	12681	WI	activity_report	lobbyist	2026-01-01	2026-06-30	0.0	0.0	https://lobbying.wi.gov/Who/LobbyistInformation/2025REG/Information/12681
WI-lobbyist-12681-activity-2026-H2	12681	WI	activity_report	lobbyist	2026-07-01	2026-12-31	0.0	0.0	https://lobbying.wi.gov/Who/LobbyistInformation/2025REG/Information/12681
WI-lobbyist-12682-activity-2025-H1	12682	WI	activity_report	lobbyist	2025-01-01	2025-06-30	1.5	24.5	https://lobbying.wi.gov/Who/LobbyistInformation/2025REG/Information/12682
WI-lobbyist-12682-activity-2025-H2	12682	WI	activity_report	lobbyist	2025-07-01	2025-12-31	0.0	21.25	https://lobbying.wi.gov/Who/LobbyistInformation/2025REG/Information/12682
WI-lobbyist-12682-activity-2026-H1	12682	WI	activity_report	lobbyist	2026-01-01	2026-06-30	0.0	0.0	https://lobbying.wi.gov/Who/LobbyistInformation/2025REG/Information/12682
WI-lobbyist-12682-activity-2026-H2	12682	WI	activity_report	lobbyist	2026-07-01	2026-12-31	0.0	0.0	https://lobbying.wi.gov/Who/LobbyistInformation/2025REG/Information/12682
WI-lobbyist-12683-activity-2025-H1	12683	WI	activity_report	lobbyist	2025-01-01	2025-06-30	33.0	6.0	https://lobbying.wi.gov/Who/LobbyistInformation/2025REG/Information/12683
WI-lobbyist-12683-activity-2025-H2	12683	WI	activity_report	lobbyist	2025-07-01	2025-12-31	0.0	0.0	https://lobbying.wi.gov/Who/LobbyistInformation/2025REG/Information/12683
WI-lobbyist-12683-activity-2026-H1	12683	WI	activity_report	lobbyist	2026-01-01	2026-06-30	0.0	0.0	https://lobbying.wi.gov/Who/LobbyistInformation/2025REG/Information/12683
WI-lobbyist-12683-activity-2026-H2	12683	WI	activity_report	lobbyist	2026-07-01	2026-12-31	0.0	0.0	https://lobbying.wi.gov/Who/LobbyistInformation/2025REG/Information/12683
WI-lobbyist-12684-activity-2025-H1	12684	WI	activity_report	lobbyist	2025-01-01	2025-06-30	5.5	56.5	https://lobbying.wi.gov/Who/LobbyistInformation/2025REG/Information/12684
WI-lobbyist-12684-activity-2025-H2	12684	WI	activity_report	lobbyist	2025-07-01	2025-12-31	0.0	28.0	https://lobbying.wi.gov/Who/LobbyistInformation/2025REG/Information/12684
WI-lobbyist-12684-activity-2026-H1	12684	WI	activity_report	lobbyist	2026-01-01	2026-06-30	0.0	0.0	https://lobbying.wi.gov/Who/LobbyistInformation/2025REG/Information/12684
WI-lobbyist-12684-activity-2026-H2	12684	WI	activity_report	lobbyist	2026-07-01	2026-12-31	0.0	2.0	https://lobbying.wi.gov/Who/LobbyistInformation/2025REG/Information/12684
WI-lobbyist-12685-activity-2025-H1	12685	WI	activity_report	lobbyist	2025-01-01	2025-06-30	0.0	0.0	https://lobbying.wi.gov/Who/LobbyistInformation/2025REG/Information/12685
WI-lobbyist-12685-activity-2025-H2	12685	WI	activity_report	lobbyist	2025-07-01	2025-12-31	0.0	0.0	https://lobbying.wi.gov/Who/LobbyistInformation/2025REG/Information/12685
WI-lobbyist-12685-activity-2026-H1	12685	WI	activity_report	lobbyist	2026-01-01	2026-06-30	0.0	0.0	https://lobbying.wi.gov/Who/LobbyistInformation/2025REG/Information/12685
WI-lobbyist-12685-activity-2026-H2	12685	WI	activity_report	lobbyist	2026-07-01	2026-12-31	0.0	0.0	https://lobbying.wi.gov/Who/LobbyistInformation/2025REG/Information/12685
WI-lobbyist-12686-activity-2025-H1	12686	WI	activity_report	lobbyist	2025-01-01	2025-06-30	0.0	0.0	https://lobbying.wi.gov/Who/LobbyistInformation/2025REG/Information/12686
WI-lobbyist-12686-activity-2025-H2	12686	WI	activity_report	lobbyist	2025-07-01	2025-12-31	0.0	0.0	https://lobbying.wi.gov/Who/LobbyistInformation/2025REG/Information/12686
WI-lobbyist-12686-activity-2026-H1	12686	WI	activity_report	lobbyist	2026-01-01	2026-06-30	0.0	0.0	https://lobbying.wi.gov/Who/LobbyistInformation/2025REG/Information/12686
WI-lobbyist-12686-activity-2026-H2	12686	WI	activity_report	lobbyist	2026-07-01	2026-12-31	0.0	0.0	https://lobbying.wi.gov/Who/LobbyistInformation/2025REG/Information/12686
WI-lobbyist-12687-activity-2025-H1	12687	WI	activity_report	lobbyist	2025-01-01	2025-06-30	18.75	21.25	https://lobbying.wi.gov/Who/LobbyistInformation/2025REG/Information/12687
WI-lobbyist-12687-activity-2025-H2	12687	WI	activity_report	lobbyist	2025-07-01	2025-12-31	27.75	22.25	https://lobbying.wi.gov/Who/LobbyistInformation/2025REG/Information/12687
WI-lobbyist-12687-activity-2026-H1	12687	WI	activity_report	lobbyist	2026-01-01	2026-06-30	0.0	0.0	https://lobbying.wi.gov/Who/LobbyistInformation/2025REG/Information/12687
WI-lobbyist-12687-activity-2026-H2	12687	WI	activity_report	lobbyist	2026-07-01	2026-12-31	0.0	0.0	https://lobbying.wi.gov/Who/LobbyistInformation/2025REG/Information/12687
WI-lobbyist-12688-activity-2025-H1	12688	WI	activity_report	lobbyist	2025-01-01	2025-06-30	7.75	9.0	https://lobbying.wi.gov/Who/LobbyistInformation/2025REG/Information/12688
WI-lobbyist-12688-activity-2025-H2	12688	WI	activity_report	lobbyist	2025-07-01	2025-12-31	9.25	11.5	https://lobbying.wi.gov/Who/LobbyistInformation/2025REG/Information/12688
WI-lobbyist-12688-activity-2026-H1	12688	WI	activity_report	lobbyist	2026-01-01	2026-06-30	0.0	0.0	https://lobbying.wi.gov/Who/LobbyistInformation/2025REG/Information/12688
WI-lobbyist-12688-activity-2026-H2	12688	WI	activity_report	lobbyist	2026-07-01	2026-12-31	0.0	0.0	https://lobbying.wi.gov/Who/LobbyistInformation/2025REG/Information/12688
WI-lobbyist-12689-activity-2025-H1	12689	WI	activity_report	lobbyist	2025-01-01	2025-06-30	2.0	3.25	https://lobbying.wi.gov/Who/LobbyistInformation/2025REG/Information/12689
WI-lobbyist-12689-activity-2025-H2	12689	WI	activity_report	lobbyist	2025-07-01	2025-12-31	1.5	3.0	https://lobbying.wi.gov/Who/LobbyistInformation/2025REG/Information/12689
WI-lobbyist-12689-activity-2026-H1	12689	WI	activity_report	lobbyist	2026-01-01	2026-06-30	0.0	0.0	https://lobbying.wi.gov/Who/LobbyistInformation/2025REG/Information/12689
WI-lobbyist-12689-activity-2026-H2	12689	WI	activity_report	lobbyist	2026-07-01	2026-12-31	0.0	0.0	https://lobbying.wi.gov/Who/LobbyistInformation/2025REG/Information/12689
WI-lobbyist-12690-activity-2025-H1	12690	WI	activity_report	lobbyist	2025-01-01	2025-06-30	0.0	0.0	https://lobbying.wi.gov/Who/LobbyistInformation/2025REG/Information/12690
WI-lobbyist-12690-activity-2025-H2	12690	WI	activity_report	lobbyist	2025-07-01	2025-12-31	0.0	0.0	https://lobbying.wi.gov/Who/LobbyistInformation/2025REG/Information/12690
WI-lobbyist-12690-activity-2026-H1	12690	WI	activity_report	lobbyist	2026-01-01	2026-06-30	0.0	0.0	https://lobbying.wi.gov/Who/LobbyistInformation/2025REG/Information/12690
WI-lobbyist-12690-activity-2026-H2	12690	WI	activity_report	lobbyist	2026-07-01	2026-12-31	0.0	0.0	https://lobbying.wi.gov/Who/LobbyistInformation/2025REG/Information/12690
WI-lobbyist-12692-activity-2025-H1	12692	WI	activity_report	lobbyist	2025-01-01	2025-06-30	4.5	0.0	https://lobbying.wi.gov/Who/LobbyistInformation/2025REG/Information/12692
WI-lobbyist-12692-activity-2025-H2	12692	WI	activity_report	lobbyist	2025-07-01	2025-12-31	2.0	0.0	https://lobbying.wi.gov/Who/LobbyistInformation/2025REG/Information/12692
WI-lobbyist-12692-activity-2026-H1	12692	WI	activity_report	lobbyist	2026-01-01	2026-06-30	0.0	0.0	https://lobbying.wi.gov/Who/LobbyistInformation/2025REG/Information/12692
WI-lobbyist-12692-activity-2026-H2	12692	WI	activity_report	lobbyist	2026-07-01	2026-12-31	0.0	0.0	https://lobbying.wi.gov/Who/LobbyistInformation/2025REG/Information/12692
WI-lobbyist-12693-activity-2025-H1	12693	WI	activity_report	lobbyist	2025-01-01	2025-06-30	6.0	0.0	https://lobbying.wi.gov/Who/LobbyistInformation/2025REG/Information/12693
WI-lobbyist-12693-activity-2025-H2	12693	WI	activity_report	lobbyist	2025-07-01	2025-12-31	5.5	0.0	https://lobbying.wi.gov/Who/LobbyistInformation/2025REG/Information/12693
WI-lobbyist-12693-activity-2026-H1	12693	WI	activity_report	lobbyist	2026-01-01	2026-06-30	0.0	0.0	https://lobbying.wi.gov/Who/LobbyistInformation/2025REG/Information/12693
WI-lobbyist-12693-activity-2026-H2	12693	WI	activity_report	lobbyist	2026-07-01	2026-12-31	0.0	0.0	https://lobbying.wi.gov/Who/LobbyistInformation/2025REG/Information/12693
WI-lobbyist-12695-activity-2025-H1	12695	WI	activity_report	lobbyist	2025-01-01	2025-06-30	0.0	0.0	https://lobbying.wi.gov/Who/LobbyistInformation/2025REG/Information/12695
WI-lobbyist-12695-activity-2025-H2	12695	WI	activity_report	lobbyist	2025-07-01	2025-12-31	0.0	0.0	https://lobbying.wi.gov/Who/LobbyistInformation/2025REG/Information/12695
WI-lobbyist-12695-activity-2026-H1	12695	WI	activity_report	lobbyist	2026-01-01	2026-06-30	0.0	0.0	https://lobbying.wi.gov/Who/LobbyistInformation/2025REG/Information/12695
WI-lobbyist-12695-activity-2026-H2	12695	WI	activity_report	lobbyist	2026-07-01	2026-12-31	0.0	0.0	https://lobbying.wi.gov/Who/LobbyistInformation/2025REG/Information/12695
WI-lobbyist-12696-activity-2025-H1	12696	WI	activity_report	lobbyist	2025-01-01	2025-06-30	5.0	3.0	https://lobbying.wi.gov/Who/LobbyistInformation/2025REG/Information/12696
WI-lobbyist-12696-activity-2025-H2	12696	WI	activity_report	lobbyist	2025-07-01	2025-12-31	0.0	0.0	https://lobbying.wi.gov/Who/LobbyistInformation/2025REG/Information/12696
WI-lobbyist-12696-activity-2026-H1	12696	WI	activity_report	lobbyist	2026-01-01	2026-06-30	0.0	0.0	https://lobbying.wi.gov/Who/LobbyistInformation/2025REG/Information/12696
WI-lobbyist-12696-activity-2026-H2	12696	WI	activity_report	lobbyist	2026-07-01	2026-12-31	0.0	0.0	https://lobbying.wi.gov/Who/LobbyistInformation/2025REG/Information/12696
WI-lobbyist-12697-activity-2025-H1	12697	WI	activity_report	lobbyist	2025-01-01	2025-06-30	5.5	6.5	https://lobbying.wi.gov/Who/LobbyistInformation/2025REG/Information/12697
WI-lobbyist-12697-activity-2025-H2	12697	WI	activity_report	lobbyist	2025-07-01	2025-12-31	22.0	18.5	https://lobbying.wi.gov/Who/LobbyistInformation/2025REG/Information/12697
WI-lobbyist-12697-activity-2026-H1	12697	WI	activity_report	lobbyist	2026-01-01	2026-06-30	0.0	0.0	https://lobbying.wi.gov/Who/LobbyistInformation/2025REG/Information/12697
WI-lobbyist-12697-activity-2026-H2	12697	WI	activity_report	lobbyist	2026-07-01	2026-12-31	0.0	0.0	https://lobbying.wi.gov/Who/LobbyistInformation/2025REG/Information/12697
WI-lobbyist-12698-activity-2025-H1	12698	WI	activity_report	lobbyist	2025-01-01	2025-06-30	8.25	25.25	https://lobbying.wi.gov/Who/LobbyistInformation/2025REG/Information/12698
WI-lobbyist-12698-activity-2025-H2	12698	WI	activity_report	lobbyist	2025-07-01	2025-12-31	5.5	24.0	https://lobbying.wi.gov/Who/LobbyistInformation/2025REG/Information/12698
WI-lobbyist-12698-activity-2026-H1	12698	WI	activity_report	lobbyist	2026-01-01	2026-06-30	0.0	8.5	https://lobbying.wi.gov/Who/LobbyistInformation/2025REG/Information/12698
WI-lobbyist-12698-activity-2026-H2	12698	WI	activity_report	lobbyist	2026-07-01	2026-12-31	0.0	0.0	https://lobbying.wi.gov/Who/LobbyistInformation/2025REG/Information/12698
WI-lobbyist-12699-activity-2025-H1	12699	WI	activity_report	lobbyist	2025-01-01	2025-06-30	20.2	8.5	https://lobbying.wi.gov/Who/LobbyistInformation/2025REG/Information/12699
WI-lobbyist-12699-activity-2025-H2	12699	WI	activity_report	lobbyist	2025-07-01	2025-12-31	4.0	2.5	https://lobbying.wi.gov/Who/LobbyistInformation/2025REG/Information/12699
WI-lobbyist-12699-activity-2026-H1	12699	WI	activity_report	lobbyist	2026-01-01	2026-06-30	0.0	0.0	https://lobbying.wi.gov/Who/LobbyistInformation/2025REG/Information/12699
WI-lobbyist-12699-activity-2026-H2	12699	WI	activity_report	lobbyist	2026-07-01	2026-12-31	0.0	0.0	https://lobbying.wi.gov/Who/LobbyistInformation/2025REG/Information/12699
WI-lobbyist-12701-activity-2025-H1	12701	WI	activity_report	lobbyist	2025-01-01	2025-06-30	0.0	0.0	https://lobbying.wi.gov/Who/LobbyistInformation/2025REG/Information/12701
WI-lobbyist-12701-activity-2025-H2	12701	WI	activity_report	lobbyist	2025-07-01	2025-12-31	0.0	0.0	https://lobbying.wi.gov/Who/LobbyistInformation/2025REG/Information/12701
WI-lobbyist-12701-activity-2026-H1	12701	WI	activity_report	lobbyist	2026-01-01	2026-06-30	0.0	0.0	https://lobbying.wi.gov/Who/LobbyistInformation/2025REG/Information/12701
WI-lobbyist-12701-activity-2026-H2	12701	WI	activity_report	lobbyist	2026-07-01	2026-12-31	0.0	0.0	https://lobbying.wi.gov/Who/LobbyistInformation/2025REG/Information/12701
WI-lobbyist-12702-activity-2025-H1	12702	WI	activity_report	lobbyist	2025-01-01	2025-06-30	0.0	0.0	https://lobbying.wi.gov/Who/LobbyistInformation/2025REG/Information/12702
WI-lobbyist-12702-activity-2025-H2	12702	WI	activity_report	lobbyist	2025-07-01	2025-12-31	3.7	3.9	https://lobbying.wi.gov/Who/LobbyistInformation/2025REG/Information/12702
WI-lobbyist-12702-activity-2026-H1	12702	WI	activity_report	lobbyist	2026-01-01	2026-06-30	4.3	3.3	https://lobbying.wi.gov/Who/LobbyistInformation/2025REG/Information/12702
WI-lobbyist-12702-activity-2026-H2	12702	WI	activity_report	lobbyist	2026-07-01	2026-12-31	0.0	0.0	https://lobbying.wi.gov/Who/LobbyistInformation/2025REG/Information/12702
WI-lobbyist-12703-activity-2025-H1	12703	WI	activity_report	lobbyist	2025-01-01	2025-06-30	0.0	0.0	https://lobbying.wi.gov/Who/LobbyistInformation/2025REG/Information/12703
WI-lobbyist-12703-activity-2025-H2	12703	WI	activity_report	lobbyist	2025-07-01	2025-12-31	0.0	0.0	https://lobbying.wi.gov/Who/LobbyistInformation/2025REG/Information/12703
WI-lobbyist-12703-activity-2026-H1	12703	WI	activity_report	lobbyist	2026-01-01	2026-06-30	0.0	0.0	https://lobbying.wi.gov/Who/LobbyistInformation/2025REG/Information/12703
WI-lobbyist-12703-activity-2026-H2	12703	WI	activity_report	lobbyist	2026-07-01	2026-12-31	0.0	0.0	https://lobbying.wi.gov/Who/LobbyistInformation/2025REG/Information/12703
WI-lobbyist-12704-activity-2025-H1	12704	WI	activity_report	lobbyist	2025-01-01	2025-06-30	0.0	0.0	https://lobbying.wi.gov/Who/LobbyistInformation/2025REG/Information/12704
WI-lobbyist-12704-activity-2025-H2	12704	WI	activity_report	lobbyist	2025-07-01	2025-12-31	0.0	0.0	https://lobbying.wi.gov/Who/LobbyistInformation/2025REG/Information/12704
WI-lobbyist-12704-activity-2026-H1	12704	WI	activity_report	lobbyist	2026-01-01	2026-06-30	0.0	0.0	https://lobbying.wi.gov/Who/LobbyistInformation/2025REG/Information/12704
WI-lobbyist-12704-activity-2026-H2	12704	WI	activity_report	lobbyist	2026-07-01	2026-12-31	0.0	0.0	https://lobbying.wi.gov/Who/LobbyistInformation/2025REG/Information/12704
WI-lobbyist-12707-activity-2025-H1	12707	WI	activity_report	lobbyist	2025-01-01	2025-06-30	9.0	14.0	https://lobbying.wi.gov/Who/LobbyistInformation/2025REG/Information/12707
WI-lobbyist-12707-activity-2025-H2	12707	WI	activity_report	lobbyist	2025-07-01	2025-12-31	4.0	4.0	https://lobbying.wi.gov/Who/LobbyistInformation/2025REG/Information/12707
WI-lobbyist-12707-activity-2026-H1	12707	WI	activity_report	lobbyist	2026-01-01	2026-06-30	0.5	0.0	https://lobbying.wi.gov/Who/LobbyistInformation/2025REG/Information/12707
WI-lobbyist-12707-activity-2026-H2	12707	WI	activity_report	lobbyist	2026-07-01	2026-12-31	0.0	0.0	https://lobbying.wi.gov/Who/LobbyistInformation/2025REG/Information/12707
WI-lobbyist-12708-activity-2025-H1	12708	WI	activity_report	lobbyist	2025-01-01	2025-06-30	0.0	0.0	https://lobbying.wi.gov/Who/LobbyistInformation/2025REG/Information/12708
WI-lobbyist-12708-activity-2025-H2	12708	WI	activity_report	lobbyist	2025-07-01	2025-12-31	0.0	0.0	https://lobbying.wi.gov/Who/LobbyistInformation/2025REG/Information/12708
WI-lobbyist-12708-activity-2026-H1	12708	WI	activity_report	lobbyist	2026-01-01	2026-06-30	0.0	0.0	https://lobbying.wi.gov/Who/LobbyistInformation/2025REG/Information/12708
WI-lobbyist-12708-activity-2026-H2	12708	WI	activity_report	lobbyist	2026-07-01	2026-12-31	0.0	0.0	https://lobbying.wi.gov/Who/LobbyistInformation/2025REG/Information/12708
WI-lobbyist-12709-activity-2025-H1	12709	WI	activity_report	lobbyist	2025-01-01	2025-06-30	4.0	2.5	https://lobbying.wi.gov/Who/LobbyistInformation/2025REG/Information/12709
WI-lobbyist-12709-activity-2025-H2	12709	WI	activity_report	lobbyist	2025-07-01	2025-12-31	3.0	3.0	https://lobbying.wi.gov/Who/LobbyistInformation/2025REG/Information/12709
WI-lobbyist-12709-activity-2026-H1	12709	WI	activity_report	lobbyist	2026-01-01	2026-06-30	0.5	3.0	https://lobbying.wi.gov/Who/LobbyistInformation/2025REG/Information/12709
WI-lobbyist-12709-activity-2026-H2	12709	WI	activity_report	lobbyist	2026-07-01	2026-12-31	0.0	0.0	https://lobbying.wi.gov/Who/LobbyistInformation/2025REG/Information/12709
WI-lobbyist-12711-activity-2025-H1	12711	WI	activity_report	lobbyist	2025-01-01	2025-06-30	8.5	9.0	https://lobbying.wi.gov/Who/LobbyistInformation/2025REG/Information/12711
WI-lobbyist-12711-activity-2025-H2	12711	WI	activity_report	lobbyist	2025-07-01	2025-12-31	7.0	3.0	https://lobbying.wi.gov/Who/LobbyistInformation/2025REG/Information/12711
WI-lobbyist-12711-activity-2026-H1	12711	WI	activity_report	lobbyist	2026-01-01	2026-06-30	0.0	0.0	https://lobbying.wi.gov/Who/LobbyistInformation/2025REG/Information/12711
WI-lobbyist-12711-activity-2026-H2	12711	WI	activity_report	lobbyist	2026-07-01	2026-12-31	0.0	0.0	https://lobbying.wi.gov/Who/LobbyistInformation/2025REG/Information/12711
WI-lobbyist-12712-activity-2025-H1	12712	WI	activity_report	lobbyist	2025-01-01	2025-06-30	7.5	1.5	https://lobbying.wi.gov/Who/LobbyistInformation/2025REG/Information/12712
WI-lobbyist-12712-activity-2025-H2	12712	WI	activity_report	lobbyist	2025-07-01	2025-12-31	0.0	0.0	https://lobbying.wi.gov/Who/LobbyistInformation/2025REG/Information/12712
WI-lobbyist-12712-activity-2026-H1	12712	WI	activity_report	lobbyist	2026-01-01	2026-06-30	0.0	0.0	https://lobbying.wi.gov/Who/LobbyistInformation/2025REG/Information/12712
WI-lobbyist-12712-activity-2026-H2	12712	WI	activity_report	lobbyist	2026-07-01	2026-12-31	0.0	0.0	https://lobbying.wi.gov/Who/LobbyistInformation/2025REG/Information/12712
WI-lobbyist-12714-activity-2025-H1	12714	WI	activity_report	lobbyist	2025-01-01	2025-06-30	0.25	0.0	https://lobbying.wi.gov/Who/LobbyistInformation/2025REG/Information/12714
WI-lobbyist-12714-activity-2025-H2	12714	WI	activity_report	lobbyist	2025-07-01	2025-12-31	0.25	1.0	https://lobbying.wi.gov/Who/LobbyistInformation/2025REG/Information/12714
WI-lobbyist-12714-activity-2026-H1	12714	WI	activity_report	lobbyist	2026-01-01	2026-06-30	0.0	0.0	https://lobbying.wi.gov/Who/LobbyistInformation/2025REG/Information/12714
WI-lobbyist-12714-activity-2026-H2	12714	WI	activity_report	lobbyist	2026-07-01	2026-12-31	0.0	0.0	https://lobbying.wi.gov/Who/LobbyistInformation/2025REG/Information/12714
WI-lobbyist-12715-activity-2025-H1	12715	WI	activity_report	lobbyist	2025-01-01	2025-06-30	0.0	0.0	https://lobbying.wi.gov/Who/LobbyistInformation/2025REG/Information/12715
WI-lobbyist-12715-activity-2025-H2	12715	WI	activity_report	lobbyist	2025-07-01	2025-12-31	0.0	0.0	https://lobbying.wi.gov/Who/LobbyistInformation/2025REG/Information/12715
WI-lobbyist-12715-activity-2026-H1	12715	WI	activity_report	lobbyist	2026-01-01	2026-06-30	0.0	0.0	https://lobbying.wi.gov/Who/LobbyistInformation/2025REG/Information/12715
WI-lobbyist-12715-activity-2026-H2	12715	WI	activity_report	lobbyist	2026-07-01	2026-12-31	0.0	0.0	https://lobbying.wi.gov/Who/LobbyistInformation/2025REG/Information/12715
WI-lobbyist-12718-activity-2025-H1	12718	WI	activity_report	lobbyist	2025-01-01	2025-06-30	0.0	0.0	https://lobbying.wi.gov/Who/LobbyistInformation/2025REG/Information/12718
WI-lobbyist-12718-activity-2025-H2	12718	WI	activity_report	lobbyist	2025-07-01	2025-12-31	0.0	0.0	https://lobbying.wi.gov/Who/LobbyistInformation/2025REG/Information/12718
WI-lobbyist-12718-activity-2026-H1	12718	WI	activity_report	lobbyist	2026-01-01	2026-06-30	0.0	0.0	https://lobbying.wi.gov/Who/LobbyistInformation/2025REG/Information/12718
WI-lobbyist-12718-activity-2026-H2	12718	WI	activity_report	lobbyist	2026-07-01	2026-12-31	0.0	0.0	https://lobbying.wi.gov/Who/LobbyistInformation/2025REG/Information/12718
WI-lobbyist-12719-activity-2025-H1	12719	WI	activity_report	lobbyist	2025-01-01	2025-06-30	103.0	193.0	https://lobbying.wi.gov/Who/LobbyistInformation/2025REG/Information/12719
WI-lobbyist-12719-activity-2025-H2	12719	WI	activity_report	lobbyist	2025-07-01	2025-12-31	105.0	197.0	https://lobbying.wi.gov/Who/LobbyistInformation/2025REG/Information/12719
WI-lobbyist-12719-activity-2026-H1	12719	WI	activity_report	lobbyist	2026-01-01	2026-06-30	28.0	53.0	https://lobbying.wi.gov/Who/LobbyistInformation/2025REG/Information/12719
WI-lobbyist-12719-activity-2026-H2	12719	WI	activity_report	lobbyist	2026-07-01	2026-12-31	0.0	0.0	https://lobbying.wi.gov/Who/LobbyistInformation/2025REG/Information/12719
WI-lobbyist-12720-activity-2025-H1	12720	WI	activity_report	lobbyist	2025-01-01	2025-06-30	0.5	32.3	https://lobbying.wi.gov/Who/LobbyistInformation/2025REG/Information/12720
WI-lobbyist-12720-activity-2025-H2	12720	WI	activity_report	lobbyist	2025-07-01	2025-12-31	0.5	11.5	https://lobbying.wi.gov/Who/LobbyistInformation/2025REG/Information/12720
WI-lobbyist-12720-activity-2026-H1	12720	WI	activity_report	lobbyist	2026-01-01	2026-06-30	0.0	0.0	https://lobbying.wi.gov/Who/LobbyistInformation/2025REG/Information/12720
WI-lobbyist-12720-activity-2026-H2	12720	WI	activity_report	lobbyist	2026-07-01	2026-12-31	0.0	0.0	https://lobbying.wi.gov/Who/LobbyistInformation/2025REG/Information/12720
WI-lobbyist-12721-activity-2025-H1	12721	WI	activity_report	lobbyist	2025-01-01	2025-06-30	0.0	0.0	https://lobbying.wi.gov/Who/LobbyistInformation/2025REG/Information/12721
WI-lobbyist-12721-activity-2025-H2	12721	WI	activity_report	lobbyist	2025-07-01	2025-12-31	0.0	0.0	https://lobbying.wi.gov/Who/LobbyistInformation/2025REG/Information/12721
WI-lobbyist-12721-activity-2026-H1	12721	WI	activity_report	lobbyist	2026-01-01	2026-06-30	0.0	0.0	https://lobbying.wi.gov/Who/LobbyistInformation/2025REG/Information/12721
WI-lobbyist-12721-activity-2026-H2	12721	WI	activity_report	lobbyist	2026-07-01	2026-12-31	0.0	0.0	https://lobbying.wi.gov/Who/LobbyistInformation/2025REG/Information/12721
WI-lobbyist-12722-activity-2025-H1	12722	WI	activity_report	lobbyist	2025-01-01	2025-06-30	22.5	12.0	https://lobbying.wi.gov/Who/LobbyistInformation/2025REG/Information/12722
WI-lobbyist-12722-activity-2025-H2	12722	WI	activity_report	lobbyist	2025-07-01	2025-12-31	12.75	12.25	https://lobbying.wi.gov/Who/LobbyistInformation/2025REG/Information/12722
WI-lobbyist-12722-activity-2026-H1	12722	WI	activity_report	lobbyist	2026-01-01	2026-06-30	0.0	0.0	https://lobbying.wi.gov/Who/LobbyistInformation/2025REG/Information/12722
WI-lobbyist-12722-activity-2026-H2	12722	WI	activity_report	lobbyist	2026-07-01	2026-12-31	0.0	0.0	https://lobbying.wi.gov/Who/LobbyistInformation/2025REG/Information/12722
WI-lobbyist-12723-activity-2025-H1	12723	WI	activity_report	lobbyist	2025-01-01	2025-06-30	23.6	24.5	https://lobbying.wi.gov/Who/LobbyistInformation/2025REG/Information/12723
WI-lobbyist-12723-activity-2025-H2	12723	WI	activity_report	lobbyist	2025-07-01	2025-12-31	0.0	0.0	https://lobbying.wi.gov/Who/LobbyistInformation/2025REG/Information/12723
WI-lobbyist-12723-activity-2026-H1	12723	WI	activity_report	lobbyist	2026-01-01	2026-06-30	0.0	0.0	https://lobbying.wi.gov/Who/LobbyistInformation/2025REG/Information/12723
WI-lobbyist-12723-activity-2026-H2	12723	WI	activity_report	lobbyist	2026-07-01	2026-12-31	0.0	0.0	https://lobbying.wi.gov/Who/LobbyistInformation/2025REG/Information/12723
WI-lobbyist-12724-activity-2025-H1	12724	WI	activity_report	lobbyist	2025-01-01	2025-06-30	2.5	0.0	https://lobbying.wi.gov/Who/LobbyistInformation/2025REG/Information/12724
WI-lobbyist-12724-activity-2025-H2	12724	WI	activity_report	lobbyist	2025-07-01	2025-12-31	3.0	0.0	https://lobbying.wi.gov/Who/LobbyistInformation/2025REG/Information/12724
WI-lobbyist-12724-activity-2026-H1	12724	WI	activity_report	lobbyist	2026-01-01	2026-06-30	0.0	0.0	https://lobbying.wi.gov/Who/LobbyistInformation/2025REG/Information/12724
WI-lobbyist-12724-activity-2026-H2	12724	WI	activity_report	lobbyist	2026-07-01	2026-12-31	0.0	0.0	https://lobbying.wi.gov/Who/LobbyistInformation/2025REG/Information/12724
WI-lobbyist-12726-activity-2025-H1	12726	WI	activity_report	lobbyist	2025-01-01	2025-06-30	35.5	0.0	https://lobbying.wi.gov/Who/LobbyistInformation/2025REG/Information/12726
WI-lobbyist-12726-activity-2025-H2	12726	WI	activity_report	lobbyist	2025-07-01	2025-12-31	0.0	0.0	https://lobbying.wi.gov/Who/LobbyistInformation/2025REG/Information/12726
WI-lobbyist-12726-activity-2026-H1	12726	WI	activity_report	lobbyist	2026-01-01	2026-06-30	0.0	0.0	https://lobbying.wi.gov/Who/LobbyistInformation/2025REG/Information/12726
WI-lobbyist-12726-activity-2026-H2	12726	WI	activity_report	lobbyist	2026-07-01	2026-12-31	0.0	0.0	https://lobbying.wi.gov/Who/LobbyistInformation/2025REG/Information/12726
WI-lobbyist-12727-activity-2025-H1	12727	WI	activity_report	lobbyist	2025-01-01	2025-06-30	0.0	0.0	https://lobbying.wi.gov/Who/LobbyistInformation/2025REG/Information/12727
WI-lobbyist-12727-activity-2025-H2	12727	WI	activity_report	lobbyist	2025-07-01	2025-12-31	47.0	69.0	https://lobbying.wi.gov/Who/LobbyistInformation/2025REG/Information/12727
WI-lobbyist-12727-activity-2026-H1	12727	WI	activity_report	lobbyist	2026-01-01	2026-06-30	0.0	0.0	https://lobbying.wi.gov/Who/LobbyistInformation/2025REG/Information/12727
WI-lobbyist-12727-activity-2026-H2	12727	WI	activity_report	lobbyist	2026-07-01	2026-12-31	0.0	0.0	https://lobbying.wi.gov/Who/LobbyistInformation/2025REG/Information/12727
WI-lobbyist-12728-activity-2025-H1	12728	WI	activity_report	lobbyist	2025-01-01	2025-06-30	0.0	0.0	https://lobbying.wi.gov/Who/LobbyistInformation/2025REG/Information/12728
WI-lobbyist-12728-activity-2025-H2	12728	WI	activity_report	lobbyist	2025-07-01	2025-12-31	0.0	0.0	https://lobbying.wi.gov/Who/LobbyistInformation/2025REG/Information/12728
WI-lobbyist-12728-activity-2026-H1	12728	WI	activity_report	lobbyist	2026-01-01	2026-06-30	0.0	0.0	https://lobbying.wi.gov/Who/LobbyistInformation/2025REG/Information/12728
WI-lobbyist-12728-activity-2026-H2	12728	WI	activity_report	lobbyist	2026-07-01	2026-12-31	0.0	0.0	https://lobbying.wi.gov/Who/LobbyistInformation/2025REG/Information/12728
WI-lobbyist-12729-activity-2025-H1	12729	WI	activity_report	lobbyist	2025-01-01	2025-06-30	0.0	0.0	https://lobbying.wi.gov/Who/LobbyistInformation/2025REG/Information/12729
WI-lobbyist-12729-activity-2025-H2	12729	WI	activity_report	lobbyist	2025-07-01	2025-12-31	0.0	0.0	https://lobbying.wi.gov/Who/LobbyistInformation/2025REG/Information/12729
WI-lobbyist-12729-activity-2026-H1	12729	WI	activity_report	lobbyist	2026-01-01	2026-06-30	0.0	0.0	https://lobbying.wi.gov/Who/LobbyistInformation/2025REG/Information/12729
WI-lobbyist-12729-activity-2026-H2	12729	WI	activity_report	lobbyist	2026-07-01	2026-12-31	0.0	0.0	https://lobbying.wi.gov/Who/LobbyistInformation/2025REG/Information/12729
WI-lobbyist-12730-activity-2025-H1	12730	WI	activity_report	lobbyist	2025-01-01	2025-06-30	128.0	268.0	https://lobbying.wi.gov/Who/LobbyistInformation/2025REG/Information/12730
WI-lobbyist-12730-activity-2025-H2	12730	WI	activity_report	lobbyist	2025-07-01	2025-12-31	180.0	77.0	https://lobbying.wi.gov/Who/LobbyistInformation/2025REG/Information/12730
WI-lobbyist-12730-activity-2026-H1	12730	WI	activity_report	lobbyist	2026-01-01	2026-06-30	0.0	0.0	https://lobbying.wi.gov/Who/LobbyistInformation/2025REG/Information/12730
WI-lobbyist-12730-activity-2026-H2	12730	WI	activity_report	lobbyist	2026-07-01	2026-12-31	0.0	0.0	https://lobbying.wi.gov/Who/LobbyistInformation/2025REG/Information/12730
WI-lobbyist-12731-activity-2025-H1	12731	WI	activity_report	lobbyist	2025-01-01	2025-06-30	0.0	0.0	https://lobbying.wi.gov/Who/LobbyistInformation/2025REG/Information/12731
WI-lobbyist-12731-activity-2025-H2	12731	WI	activity_report	lobbyist	2025-07-01	2025-12-31	0.0	0.0	https://lobbying.wi.gov/Who/LobbyistInformation/2025REG/Information/12731
WI-lobbyist-12731-activity-2026-H1	12731	WI	activity_report	lobbyist	2026-01-01	2026-06-30	0.0	0.0	https://lobbying.wi.gov/Who/LobbyistInformation/2025REG/Information/12731
WI-lobbyist-12731-activity-2026-H2	12731	WI	activity_report	lobbyist	2026-07-01	2026-12-31	0.0	0.0	https://lobbying.wi.gov/Who/LobbyistInformation/2025REG/Information/12731
WI-lobbyist-12733-activity-2025-H1	12733	WI	activity_report	lobbyist	2025-01-01	2025-06-30	11.5	11.0	https://lobbying.wi.gov/Who/LobbyistInformation/2025REG/Information/12733
WI-lobbyist-12733-activity-2025-H2	12733	WI	activity_report	lobbyist	2025-07-01	2025-12-31	6.5	9.5	https://lobbying.wi.gov/Who/LobbyistInformation/2025REG/Information/12733
WI-lobbyist-12733-activity-2026-H1	12733	WI	activity_report	lobbyist	2026-01-01	2026-06-30	0.0	0.0	https://lobbying.wi.gov/Who/LobbyistInformation/2025REG/Information/12733
WI-lobbyist-12733-activity-2026-H2	12733	WI	activity_report	lobbyist	2026-07-01	2026-12-31	0.0	0.0	https://lobbying.wi.gov/Who/LobbyistInformation/2025REG/Information/12733
WI-lobbyist-12734-activity-2025-H1	12734	WI	activity_report	lobbyist	2025-01-01	2025-06-30	0.0	0.0	https://lobbying.wi.gov/Who/LobbyistInformation/2025REG/Information/12734
WI-lobbyist-12734-activity-2025-H2	12734	WI	activity_report	lobbyist	2025-07-01	2025-12-31	0.0	0.0	https://lobbying.wi.gov/Who/LobbyistInformation/2025REG/Information/12734
WI-lobbyist-12734-activity-2026-H1	12734	WI	activity_report	lobbyist	2026-01-01	2026-06-30	0.0	0.0	https://lobbying.wi.gov/Who/LobbyistInformation/2025REG/Information/12734
WI-lobbyist-12734-activity-2026-H2	12734	WI	activity_report	lobbyist	2026-07-01	2026-12-31	0.0	0.0	https://lobbying.wi.gov/Who/LobbyistInformation/2025REG/Information/12734
WI-lobbyist-12735-activity-2025-H1	12735	WI	activity_report	lobbyist	2025-01-01	2025-06-30	3.2	1.5	https://lobbying.wi.gov/Who/LobbyistInformation/2025REG/Information/12735
WI-lobbyist-12735-activity-2025-H2	12735	WI	activity_report	lobbyist	2025-07-01	2025-12-31	4.0	1.0	https://lobbying.wi.gov/Who/LobbyistInformation/2025REG/Information/12735
WI-lobbyist-12735-activity-2026-H1	12735	WI	activity_report	lobbyist	2026-01-01	2026-06-30	3.0	0.0	https://lobbying.wi.gov/Who/LobbyistInformation/2025REG/Information/12735
WI-lobbyist-12735-activity-2026-H2	12735	WI	activity_report	lobbyist	2026-07-01	2026-12-31	0.0	0.0	https://lobbying.wi.gov/Who/LobbyistInformation/2025REG/Information/12735
WI-lobbyist-12736-activity-2025-H1	12736	WI	activity_report	lobbyist	2025-01-01	2025-06-30	0.0	0.0	https://lobbying.wi.gov/Who/LobbyistInformation/2025REG/Information/12736
WI-lobbyist-12736-activity-2025-H2	12736	WI	activity_report	lobbyist	2025-07-01	2025-12-31	0.0	0.0	https://lobbying.wi.gov/Who/LobbyistInformation/2025REG/Information/12736
WI-lobbyist-12736-activity-2026-H1	12736	WI	activity_report	lobbyist	2026-01-01	2026-06-30	0.0	0.0	https://lobbying.wi.gov/Who/LobbyistInformation/2025REG/Information/12736
WI-lobbyist-12736-activity-2026-H2	12736	WI	activity_report	lobbyist	2026-07-01	2026-12-31	0.0	0.0	https://lobbying.wi.gov/Who/LobbyistInformation/2025REG/Information/12736
WI-lobbyist-12737-activity-2025-H1	12737	WI	activity_report	lobbyist	2025-01-01	2025-06-30	25.82	82.0	https://lobbying.wi.gov/Who/LobbyistInformation/2025REG/Information/12737
WI-lobbyist-12737-activity-2025-H2	12737	WI	activity_report	lobbyist	2025-07-01	2025-12-31	0.0	0.0	https://lobbying.wi.gov/Who/LobbyistInformation/2025REG/Information/12737
WI-lobbyist-12737-activity-2026-H1	12737	WI	activity_report	lobbyist	2026-01-01	2026-06-30	0.0	0.0	https://lobbying.wi.gov/Who/LobbyistInformation/2025REG/Information/12737
WI-lobbyist-12737-activity-2026-H2	12737	WI	activity_report	lobbyist	2026-07-01	2026-12-31	0.0	0.0	https://lobbying.wi.gov/Who/LobbyistInformation/2025REG/Information/12737
WI-lobbyist-12738-activity-2025-H1	12738	WI	activity_report	lobbyist	2025-01-01	2025-06-30	0.0	0.0	https://lobbying.wi.gov/Who/LobbyistInformation/2025REG/Information/12738
WI-lobbyist-12738-activity-2025-H2	12738	WI	activity_report	lobbyist	2025-07-01	2025-12-31	0.0	0.0	https://lobbying.wi.gov/Who/LobbyistInformation/2025REG/Information/12738
WI-lobbyist-12738-activity-2026-H1	12738	WI	activity_report	lobbyist	2026-01-01	2026-06-30	0.0	0.0	https://lobbying.wi.gov/Who/LobbyistInformation/2025REG/Information/12738
WI-lobbyist-12738-activity-2026-H2	12738	WI	activity_report	lobbyist	2026-07-01	2026-12-31	0.0	0.0	https://lobbying.wi.gov/Who/LobbyistInformation/2025REG/Information/12738
WI-lobbyist-12739-activity-2025-H1	12739	WI	activity_report	lobbyist	2025-01-01	2025-06-30	3.25	9.25	https://lobbying.wi.gov/Who/LobbyistInformation/2025REG/Information/12739
WI-lobbyist-12739-activity-2025-H2	12739	WI	activity_report	lobbyist	2025-07-01	2025-12-31	0.0	0.0	https://lobbying.wi.gov/Who/LobbyistInformation/2025REG/Information/12739
WI-lobbyist-12739-activity-2026-H1	12739	WI	activity_report	lobbyist	2026-01-01	2026-06-30	0.0	0.0	https://lobbying.wi.gov/Who/LobbyistInformation/2025REG/Information/12739
WI-lobbyist-12739-activity-2026-H2	12739	WI	activity_report	lobbyist	2026-07-01	2026-12-31	0.0	0.0	https://lobbying.wi.gov/Who/LobbyistInformation/2025REG/Information/12739
WI-lobbyist-12740-activity-2025-H1	12740	WI	activity_report	lobbyist	2025-01-01	2025-06-30	0.0	0.0	https://lobbying.wi.gov/Who/LobbyistInformation/2025REG/Information/12740
WI-lobbyist-12740-activity-2025-H2	12740	WI	activity_report	lobbyist	2025-07-01	2025-12-31	0.0	0.0	https://lobbying.wi.gov/Who/LobbyistInformation/2025REG/Information/12740
WI-lobbyist-12740-activity-2026-H1	12740	WI	activity_report	lobbyist	2026-01-01	2026-06-30	0.0	0.0	https://lobbying.wi.gov/Who/LobbyistInformation/2025REG/Information/12740
WI-lobbyist-12740-activity-2026-H2	12740	WI	activity_report	lobbyist	2026-07-01	2026-12-31	0.0	0.0	https://lobbying.wi.gov/Who/LobbyistInformation/2025REG/Information/12740
WI-lobbyist-12743-activity-2025-H1	12743	WI	activity_report	lobbyist	2025-01-01	2025-06-30	7.0	0.0	https://lobbying.wi.gov/Who/LobbyistInformation/2025REG/Information/12743
WI-lobbyist-12743-activity-2025-H2	12743	WI	activity_report	lobbyist	2025-07-01	2025-12-31	8.0	0.0	https://lobbying.wi.gov/Who/LobbyistInformation/2025REG/Information/12743
WI-lobbyist-12743-activity-2026-H1	12743	WI	activity_report	lobbyist	2026-01-01	2026-06-30	2.5	0.0	https://lobbying.wi.gov/Who/LobbyistInformation/2025REG/Information/12743
WI-lobbyist-12743-activity-2026-H2	12743	WI	activity_report	lobbyist	2026-07-01	2026-12-31	0.0	0.0	https://lobbying.wi.gov/Who/LobbyistInformation/2025REG/Information/12743
WI-lobbyist-12745-activity-2025-H1	12745	WI	activity_report	lobbyist	2025-01-01	2025-06-30	8.0	3.0	https://lobbying.wi.gov/Who/LobbyistInformation/2025REG/Information/12745
WI-lobbyist-12745-activity-2025-H2	12745	WI	activity_report	lobbyist	2025-07-01	2025-12-31	14.0	2.0	https://lobbying.wi.gov/Who/LobbyistInformation/2025REG/Information/12745
WI-lobbyist-12745-activity-2026-H1	12745	WI	activity_report	lobbyist	2026-01-01	2026-06-30	0.0	0.0	https://lobbying.wi.gov/Who/LobbyistInformation/2025REG/Information/12745
WI-lobbyist-12745-activity-2026-H2	12745	WI	activity_report	lobbyist	2026-07-01	2026-12-31	0.0	0.0	https://lobbying.wi.gov/Who/LobbyistInformation/2025REG/Information/12745
WI-lobbyist-12746-activity-2025-H1	12746	WI	activity_report	lobbyist	2025-01-01	2025-06-30	1.2	0.0	https://lobbying.wi.gov/Who/LobbyistInformation/2025REG/Information/12746
WI-lobbyist-12746-activity-2025-H2	12746	WI	activity_report	lobbyist	2025-07-01	2025-12-31	0.75	0.0	https://lobbying.wi.gov/Who/LobbyistInformation/2025REG/Information/12746
WI-lobbyist-12746-activity-2026-H1	12746	WI	activity_report	lobbyist	2026-01-01	2026-06-30	0.0	0.0	https://lobbying.wi.gov/Who/LobbyistInformation/2025REG/Information/12746
WI-lobbyist-12746-activity-2026-H2	12746	WI	activity_report	lobbyist	2026-07-01	2026-12-31	0.0	0.0	https://lobbying.wi.gov/Who/LobbyistInformation/2025REG/Information/12746
WI-lobbyist-12747-activity-2025-H1	12747	WI	activity_report	lobbyist	2025-01-01	2025-06-30	21.5	7.0	https://lobbying.wi.gov/Who/LobbyistInformation/2025REG/Information/12747
WI-lobbyist-12747-activity-2025-H2	12747	WI	activity_report	lobbyist	2025-07-01	2025-12-31	0.0	0.0	https://lobbying.wi.gov/Who/LobbyistInformation/2025REG/Information/12747
WI-lobbyist-12747-activity-2026-H1	12747	WI	activity_report	lobbyist	2026-01-01	2026-06-30	0.0	0.0	https://lobbying.wi.gov/Who/LobbyistInformation/2025REG/Information/12747
WI-lobbyist-12747-activity-2026-H2	12747	WI	activity_report	lobbyist	2026-07-01	2026-12-31	0.0	0.0	https://lobbying.wi.gov/Who/LobbyistInformation/2025REG/Information/12747
WI-lobbyist-12748-activity-2025-H1	12748	WI	activity_report	lobbyist	2025-01-01	2025-06-30	6.9	32.5	https://lobbying.wi.gov/Who/LobbyistInformation/2025REG/Information/12748
WI-lobbyist-12748-activity-2025-H2	12748	WI	activity_report	lobbyist	2025-07-01	2025-12-31	2.5	2.3	https://lobbying.wi.gov/Who/LobbyistInformation/2025REG/Information/12748
WI-lobbyist-12748-activity-2026-H1	12748	WI	activity_report	lobbyist	2026-01-01	2026-06-30	0.0	0.0	https://lobbying.wi.gov/Who/LobbyistInformation/2025REG/Information/12748
WI-lobbyist-12748-activity-2026-H2	12748	WI	activity_report	lobbyist	2026-07-01	2026-12-31	0.0	0.0	https://lobbying.wi.gov/Who/LobbyistInformation/2025REG/Information/12748
WI-lobbyist-12749-activity-2025-H1	12749	WI	activity_report	lobbyist	2025-01-01	2025-06-30	0.0	0.0	https://lobbying.wi.gov/Who/LobbyistInformation/2025REG/Information/12749
WI-lobbyist-12749-activity-2025-H2	12749	WI	activity_report	lobbyist	2025-07-01	2025-12-31	0.0	0.0	https://lobbying.wi.gov/Who/LobbyistInformation/2025REG/Information/12749
WI-lobbyist-12749-activity-2026-H1	12749	WI	activity_report	lobbyist	2026-01-01	2026-06-30	0.0	0.0	https://lobbying.wi.gov/Who/LobbyistInformation/2025REG/Information/12749
WI-lobbyist-12749-activity-2026-H2	12749	WI	activity_report	lobbyist	2026-07-01	2026-12-31	0.0	0.0	https://lobbying.wi.gov/Who/LobbyistInformation/2025REG/Information/12749
WI-lobbyist-12750-activity-2025-H1	12750	WI	activity_report	lobbyist	2025-01-01	2025-06-30	14.5	16.0	https://lobbying.wi.gov/Who/LobbyistInformation/2025REG/Information/12750
WI-lobbyist-12750-activity-2025-H2	12750	WI	activity_report	lobbyist	2025-07-01	2025-12-31	0.5	4.0	https://lobbying.wi.gov/Who/LobbyistInformation/2025REG/Information/12750
WI-lobbyist-12750-activity-2026-H1	12750	WI	activity_report	lobbyist	2026-01-01	2026-06-30	0.0	0.0	https://lobbying.wi.gov/Who/LobbyistInformation/2025REG/Information/12750
WI-lobbyist-12750-activity-2026-H2	12750	WI	activity_report	lobbyist	2026-07-01	2026-12-31	0.0	0.0	https://lobbying.wi.gov/Who/LobbyistInformation/2025REG/Information/12750
WI-lobbyist-12751-activity-2025-H1	12751	WI	activity_report	lobbyist	2025-01-01	2025-06-30	0.0	0.0	https://lobbying.wi.gov/Who/LobbyistInformation/2025REG/Information/12751
WI-lobbyist-12751-activity-2025-H2	12751	WI	activity_report	lobbyist	2025-07-01	2025-12-31	18.0	8.5	https://lobbying.wi.gov/Who/LobbyistInformation/2025REG/Information/12751
WI-lobbyist-12751-activity-2026-H1	12751	WI	activity_report	lobbyist	2026-01-01	2026-06-30	0.0	0.0	https://lobbying.wi.gov/Who/LobbyistInformation/2025REG/Information/12751
WI-lobbyist-12751-activity-2026-H2	12751	WI	activity_report	lobbyist	2026-07-01	2026-12-31	0.0	0.0	https://lobbying.wi.gov/Who/LobbyistInformation/2025REG/Information/12751
WI-lobbyist-12752-activity-2025-H1	12752	WI	activity_report	lobbyist	2025-01-01	2025-06-30	33.0	6.0	https://lobbying.wi.gov/Who/LobbyistInformation/2025REG/Information/12752
WI-lobbyist-12752-activity-2025-H2	12752	WI	activity_report	lobbyist	2025-07-01	2025-12-31	16.0	4.0	https://lobbying.wi.gov/Who/LobbyistInformation/2025REG/Information/12752
WI-lobbyist-12752-activity-2026-H1	12752	WI	activity_report	lobbyist	2026-01-01	2026-06-30	0.0	0.0	https://lobbying.wi.gov/Who/LobbyistInformation/2025REG/Information/12752
WI-lobbyist-12752-activity-2026-H2	12752	WI	activity_report	lobbyist	2026-07-01	2026-12-31	0.0	0.0	https://lobbying.wi.gov/Who/LobbyistInformation/2025REG/Information/12752
WI-lobbyist-12753-activity-2025-H1	12753	WI	activity_report	lobbyist	2025-01-01	2025-06-30	8.09	27.5	https://lobbying.wi.gov/Who/LobbyistInformation/2025REG/Information/12753
WI-lobbyist-12753-activity-2025-H2	12753	WI	activity_report	lobbyist	2025-07-01	2025-12-31	35.62	7.71	https://lobbying.wi.gov/Who/LobbyistInformation/2025REG/Information/12753
WI-lobbyist-12753-activity-2026-H1	12753	WI	activity_report	lobbyist	2026-01-01	2026-06-30	0.0	0.0	https://lobbying.wi.gov/Who/LobbyistInformation/2025REG/Information/12753
WI-lobbyist-12753-activity-2026-H2	12753	WI	activity_report	lobbyist	2026-07-01	2026-12-31	0.0	0.0	https://lobbying.wi.gov/Who/LobbyistInformation/2025REG/Information/12753
WI-lobbyist-12754-activity-2025-H1	12754	WI	activity_report	lobbyist	2025-01-01	2025-06-30	34.0	168.0	https://lobbying.wi.gov/Who/LobbyistInformation/2025REG/Information/12754
WI-lobbyist-12754-activity-2025-H2	12754	WI	activity_report	lobbyist	2025-07-01	2025-12-31	35.5	195.0	https://lobbying.wi.gov/Who/LobbyistInformation/2025REG/Information/12754
WI-lobbyist-12754-activity-2026-H1	12754	WI	activity_report	lobbyist	2026-01-01	2026-06-30	0.0	0.0	https://lobbying.wi.gov/Who/LobbyistInformation/2025REG/Information/12754
WI-lobbyist-12754-activity-2026-H2	12754	WI	activity_report	lobbyist	2026-07-01	2026-12-31	0.0	0.0	https://lobbying.wi.gov/Who/LobbyistInformation/2025REG/Information/12754
WI-lobbyist-12755-activity-2025-H1	12755	WI	activity_report	lobbyist	2025-01-01	2025-06-30	11.0	2.0	https://lobbying.wi.gov/Who/LobbyistInformation/2025REG/Information/12755
WI-lobbyist-12755-activity-2025-H2	12755	WI	activity_report	lobbyist	2025-07-01	2025-12-31	5.25	0.0	https://lobbying.wi.gov/Who/LobbyistInformation/2025REG/Information/12755
WI-lobbyist-12755-activity-2026-H1	12755	WI	activity_report	lobbyist	2026-01-01	2026-06-30	0.0	0.0	https://lobbying.wi.gov/Who/LobbyistInformation/2025REG/Information/12755
WI-lobbyist-12755-activity-2026-H2	12755	WI	activity_report	lobbyist	2026-07-01	2026-12-31	0.0	0.0	https://lobbying.wi.gov/Who/LobbyistInformation/2025REG/Information/12755
WI-lobbyist-12756-activity-2025-H1	12756	WI	activity_report	lobbyist	2025-01-01	2025-06-30	15.75	3.5	https://lobbying.wi.gov/Who/LobbyistInformation/2025REG/Information/12756
WI-lobbyist-12756-activity-2025-H2	12756	WI	activity_report	lobbyist	2025-07-01	2025-12-31	5.5	0.25	https://lobbying.wi.gov/Who/LobbyistInformation/2025REG/Information/12756
WI-lobbyist-12756-activity-2026-H1	12756	WI	activity_report	lobbyist	2026-01-01	2026-06-30	0.0	0.0	https://lobbying.wi.gov/Who/LobbyistInformation/2025REG/Information/12756
WI-lobbyist-12756-activity-2026-H2	12756	WI	activity_report	lobbyist	2026-07-01	2026-12-31	0.0	0.0	https://lobbying.wi.gov/Who/LobbyistInformation/2025REG/Information/12756
WI-lobbyist-12759-activity-2025-H1	12759	WI	activity_report	lobbyist	2025-01-01	2025-06-30	3.1	75.0	https://lobbying.wi.gov/Who/LobbyistInformation/2025REG/Information/12759
WI-lobbyist-12759-activity-2025-H2	12759	WI	activity_report	lobbyist	2025-07-01	2025-12-31	6.7	35.7	https://lobbying.wi.gov/Who/LobbyistInformation/2025REG/Information/12759
WI-lobbyist-12759-activity-2026-H1	12759	WI	activity_report	lobbyist	2026-01-01	2026-06-30	0.0	0.0	https://lobbying.wi.gov/Who/LobbyistInformation/2025REG/Information/12759
WI-lobbyist-12759-activity-2026-H2	12759	WI	activity_report	lobbyist	2026-07-01	2026-12-31	0.0	0.0	https://lobbying.wi.gov/Who/LobbyistInformation/2025REG/Information/12759
WI-lobbyist-12760-activity-2025-H1	12760	WI	activity_report	lobbyist	2025-01-01	2025-06-30	11.5	136.5	https://lobbying.wi.gov/Who/LobbyistInformation/2025REG/Information/12760
WI-lobbyist-12760-activity-2025-H2	12760	WI	activity_report	lobbyist	2025-07-01	2025-12-31	15.0	135.0	https://lobbying.wi.gov/Who/LobbyistInformation/2025REG/Information/12760
WI-lobbyist-12760-activity-2026-H1	12760	WI	activity_report	lobbyist	2026-01-01	2026-06-30	0.0	0.0	https://lobbying.wi.gov/Who/LobbyistInformation/2025REG/Information/12760
WI-lobbyist-12760-activity-2026-H2	12760	WI	activity_report	lobbyist	2026-07-01	2026-12-31	0.0	0.0	https://lobbying.wi.gov/Who/LobbyistInformation/2025REG/Information/12760
WI-lobbyist-12761-activity-2025-H1	12761	WI	activity_report	lobbyist	2025-01-01	2025-06-30	1.5	22.0	https://lobbying.wi.gov/Who/LobbyistInformation/2025REG/Information/12761
WI-lobbyist-12761-activity-2025-H2	12761	WI	activity_report	lobbyist	2025-07-01	2025-12-31	1.0	16.5	https://lobbying.wi.gov/Who/LobbyistInformation/2025REG/Information/12761
WI-lobbyist-12761-activity-2026-H1	12761	WI	activity_report	lobbyist	2026-01-01	2026-06-30	0.0	0.0	https://lobbying.wi.gov/Who/LobbyistInformation/2025REG/Information/12761
WI-lobbyist-12761-activity-2026-H2	12761	WI	activity_report	lobbyist	2026-07-01	2026-12-31	0.0	0.0	https://lobbying.wi.gov/Who/LobbyistInformation/2025REG/Information/12761
WI-lobbyist-12764-activity-2025-H1	12764	WI	activity_report	lobbyist	2025-01-01	2025-06-30	5.0	0.0	https://lobbying.wi.gov/Who/LobbyistInformation/2025REG/Information/12764
WI-lobbyist-12764-activity-2025-H2	12764	WI	activity_report	lobbyist	2025-07-01	2025-12-31	6.0	0.0	https://lobbying.wi.gov/Who/LobbyistInformation/2025REG/Information/12764
WI-lobbyist-12764-activity-2026-H1	12764	WI	activity_report	lobbyist	2026-01-01	2026-06-30	0.0	0.0	https://lobbying.wi.gov/Who/LobbyistInformation/2025REG/Information/12764
WI-lobbyist-12764-activity-2026-H2	12764	WI	activity_report	lobbyist	2026-07-01	2026-12-31	0.0	0.0	https://lobbying.wi.gov/Who/LobbyistInformation/2025REG/Information/12764
WI-lobbyist-12766-activity-2025-H1	12766	WI	activity_report	lobbyist	2025-01-01	2025-06-30	33.5	3.5	https://lobbying.wi.gov/Who/LobbyistInformation/2025REG/Information/12766
WI-lobbyist-12766-activity-2025-H2	12766	WI	activity_report	lobbyist	2025-07-01	2025-12-31	48.15	12.75	https://lobbying.wi.gov/Who/LobbyistInformation/2025REG/Information/12766
WI-lobbyist-12766-activity-2026-H1	12766	WI	activity_report	lobbyist	2026-01-01	2026-06-30	0.0	0.0	https://lobbying.wi.gov/Who/LobbyistInformation/2025REG/Information/12766
WI-lobbyist-12766-activity-2026-H2	12766	WI	activity_report	lobbyist	2026-07-01	2026-12-31	0.0	0.0	https://lobbying.wi.gov/Who/LobbyistInformation/2025REG/Information/12766
WI-lobbyist-12767-activity-2025-H1	12767	WI	activity_report	lobbyist	2025-01-01	2025-06-30	49.75	57.2	https://lobbying.wi.gov/Who/LobbyistInformation/2025REG/Information/12767
WI-lobbyist-12767-activity-2025-H2	12767	WI	activity_report	lobbyist	2025-07-01	2025-12-31	42.0	72.5	https://lobbying.wi.gov/Who/LobbyistInformation/2025REG/Information/12767
WI-lobbyist-12767-activity-2026-H1	12767	WI	activity_report	lobbyist	2026-01-01	2026-06-30	0.0	0.0	https://lobbying.wi.gov/Who/LobbyistInformation/2025REG/Information/12767
WI-lobbyist-12767-activity-2026-H2	12767	WI	activity_report	lobbyist	2026-07-01	2026-12-31	0.0	0.0	https://lobbying.wi.gov/Who/LobbyistInformation/2025REG/Information/12767
WI-lobbyist-12768-activity-2025-H1	12768	WI	activity_report	lobbyist	2025-01-01	2025-06-30	6.5	9.5	https://lobbying.wi.gov/Who/LobbyistInformation/2025REG/Information/12768
WI-lobbyist-12768-activity-2025-H2	12768	WI	activity_report	lobbyist	2025-07-01	2025-12-31	4.5	6.0	https://lobbying.wi.gov/Who/LobbyistInformation/2025REG/Information/12768
WI-lobbyist-12768-activity-2026-H1	12768	WI	activity_report	lobbyist	2026-01-01	2026-06-30	0.0	0.0	https://lobbying.wi.gov/Who/LobbyistInformation/2025REG/Information/12768
WI-lobbyist-12768-activity-2026-H2	12768	WI	activity_report	lobbyist	2026-07-01	2026-12-31	0.0	0.0	https://lobbying.wi.gov/Who/LobbyistInformation/2025REG/Information/12768
WI-lobbyist-12770-activity-2025-H1	12770	WI	activity_report	lobbyist	2025-01-01	2025-06-30	15.6	0.0	https://lobbying.wi.gov/Who/LobbyistInformation/2025REG/Information/12770
WI-lobbyist-12770-activity-2025-H2	12770	WI	activity_report	lobbyist	2025-07-01	2025-12-31	3.0	25.0	https://lobbying.wi.gov/Who/LobbyistInformation/2025REG/Information/12770
WI-lobbyist-12770-activity-2026-H1	12770	WI	activity_report	lobbyist	2026-01-01	2026-06-30	0.0	0.0	https://lobbying.wi.gov/Who/LobbyistInformation/2025REG/Information/12770
WI-lobbyist-12770-activity-2026-H2	12770	WI	activity_report	lobbyist	2026-07-01	2026-12-31	0.0	0.0	https://lobbying.wi.gov/Who/LobbyistInformation/2025REG/Information/12770
WI-lobbyist-12772-activity-2025-H1	12772	WI	activity_report	lobbyist	2025-01-01	2025-06-30	0.0	0.0	https://lobbying.wi.gov/Who/LobbyistInformation/2025REG/Information/12772
WI-lobbyist-12772-activity-2025-H2	12772	WI	activity_report	lobbyist	2025-07-01	2025-12-31	0.0	0.0	https://lobbying.wi.gov/Who/LobbyistInformation/2025REG/Information/12772
WI-lobbyist-12772-activity-2026-H1	12772	WI	activity_report	lobbyist	2026-01-01	2026-06-30	0.0	0.0	https://lobbying.wi.gov/Who/LobbyistInformation/2025REG/Information/12772
WI-lobbyist-12772-activity-2026-H2	12772	WI	activity_report	lobbyist	2026-07-01	2026-12-31	0.0	0.0	https://lobbying.wi.gov/Who/LobbyistInformation/2025REG/Information/12772
WI-lobbyist-12773-activity-2025-H1	12773	WI	activity_report	lobbyist	2025-01-01	2025-06-30	5.6	68.5	https://lobbying.wi.gov/Who/LobbyistInformation/2025REG/Information/12773
WI-lobbyist-12773-activity-2025-H2	12773	WI	activity_report	lobbyist	2025-07-01	2025-12-31	0.9	45.3	https://lobbying.wi.gov/Who/LobbyistInformation/2025REG/Information/12773
WI-lobbyist-12773-activity-2026-H1	12773	WI	activity_report	lobbyist	2026-01-01	2026-06-30	0.0	0.0	https://lobbying.wi.gov/Who/LobbyistInformation/2025REG/Information/12773
WI-lobbyist-12773-activity-2026-H2	12773	WI	activity_report	lobbyist	2026-07-01	2026-12-31	0.0	0.0	https://lobbying.wi.gov/Who/LobbyistInformation/2025REG/Information/12773
WI-lobbyist-12775-activity-2025-H1	12775	WI	activity_report	lobbyist	2025-01-01	2025-06-30	4.2	18.8	https://lobbying.wi.gov/Who/LobbyistInformation/2025REG/Information/12775
WI-lobbyist-12775-activity-2025-H2	12775	WI	activity_report	lobbyist	2025-07-01	2025-12-31	0.7	5.4	https://lobbying.wi.gov/Who/LobbyistInformation/2025REG/Information/12775
WI-lobbyist-12775-activity-2026-H1	12775	WI	activity_report	lobbyist	2026-01-01	2026-06-30	0.0	0.0	https://lobbying.wi.gov/Who/LobbyistInformation/2025REG/Information/12775
WI-lobbyist-12775-activity-2026-H2	12775	WI	activity_report	lobbyist	2026-07-01	2026-12-31	0.0	0.0	https://lobbying.wi.gov/Who/LobbyistInformation/2025REG/Information/12775
WI-lobbyist-12776-activity-2025-H1	12776	WI	activity_report	lobbyist	2025-01-01	2025-06-30	3.5	4.0	https://lobbying.wi.gov/Who/LobbyistInformation/2025REG/Information/12776
WI-lobbyist-12776-activity-2025-H2	12776	WI	activity_report	lobbyist	2025-07-01	2025-12-31	1.0	0.0	https://lobbying.wi.gov/Who/LobbyistInformation/2025REG/Information/12776
WI-lobbyist-12776-activity-2026-H1	12776	WI	activity_report	lobbyist	2026-01-01	2026-06-30	0.0	0.0	https://lobbying.wi.gov/Who/LobbyistInformation/2025REG/Information/12776
WI-lobbyist-12776-activity-2026-H2	12776	WI	activity_report	lobbyist	2026-07-01	2026-12-31	0.0	0.0	https://lobbying.wi.gov/Who/LobbyistInformation/2025REG/Information/12776
WI-lobbyist-12777-activity-2025-H1	12777	WI	activity_report	lobbyist	2025-01-01	2025-06-30	5.5	6.5	https://lobbying.wi.gov/Who/LobbyistInformation/2025REG/Information/12777
WI-lobbyist-12777-activity-2025-H2	12777	WI	activity_report	lobbyist	2025-07-01	2025-12-31	36.5	18.8	https://lobbying.wi.gov/Who/LobbyistInformation/2025REG/Information/12777
WI-lobbyist-12777-activity-2026-H1	12777	WI	activity_report	lobbyist	2026-01-01	2026-06-30	0.0	0.0	https://lobbying.wi.gov/Who/LobbyistInformation/2025REG/Information/12777
WI-lobbyist-12777-activity-2026-H2	12777	WI	activity_report	lobbyist	2026-07-01	2026-12-31	0.0	0.0	https://lobbying.wi.gov/Who/LobbyistInformation/2025REG/Information/12777
WI-lobbyist-12778-activity-2025-H1	12778	WI	activity_report	lobbyist	2025-01-01	2025-06-30	0.0	0.0	https://lobbying.wi.gov/Who/LobbyistInformation/2025REG/Information/12778
WI-lobbyist-12778-activity-2025-H2	12778	WI	activity_report	lobbyist	2025-07-01	2025-12-31	0.0	0.0	https://lobbying.wi.gov/Who/LobbyistInformation/2025REG/Information/12778
WI-lobbyist-12778-activity-2026-H1	12778	WI	activity_report	lobbyist	2026-01-01	2026-06-30	0.0	0.0	https://lobbying.wi.gov/Who/LobbyistInformation/2025REG/Information/12778
WI-lobbyist-12778-activity-2026-H2	12778	WI	activity_report	lobbyist	2026-07-01	2026-12-31	0.0	0.0	https://lobbying.wi.gov/Who/LobbyistInformation/2025REG/Information/12778
WI-lobbyist-12779-activity-2025-H1	12779	WI	activity_report	lobbyist	2025-01-01	2025-06-30	0.0	0.0	https://lobbying.wi.gov/Who/LobbyistInformation/2025REG/Information/12779
WI-lobbyist-12779-activity-2025-H2	12779	WI	activity_report	lobbyist	2025-07-01	2025-12-31	0.0	0.0	https://lobbying.wi.gov/Who/LobbyistInformation/2025REG/Information/12779
WI-lobbyist-12779-activity-2026-H1	12779	WI	activity_report	lobbyist	2026-01-01	2026-06-30	0.0	0.0	https://lobbying.wi.gov/Who/LobbyistInformation/2025REG/Information/12779
WI-lobbyist-12779-activity-2026-H2	12779	WI	activity_report	lobbyist	2026-07-01	2026-12-31	0.0	0.0	https://lobbying.wi.gov/Who/LobbyistInformation/2025REG/Information/12779
WI-lobbyist-12780-activity-2025-H1	12780	WI	activity_report	lobbyist	2025-01-01	2025-06-30	13.5	38.6	https://lobbying.wi.gov/Who/LobbyistInformation/2025REG/Information/12780
WI-lobbyist-12780-activity-2025-H2	12780	WI	activity_report	lobbyist	2025-07-01	2025-12-31	0.0	0.0	https://lobbying.wi.gov/Who/LobbyistInformation/2025REG/Information/12780
WI-lobbyist-12780-activity-2026-H1	12780	WI	activity_report	lobbyist	2026-01-01	2026-06-30	0.0	0.0	https://lobbying.wi.gov/Who/LobbyistInformation/2025REG/Information/12780
WI-lobbyist-12780-activity-2026-H2	12780	WI	activity_report	lobbyist	2026-07-01	2026-12-31	0.0	0.0	https://lobbying.wi.gov/Who/LobbyistInformation/2025REG/Information/12780
WI-lobbyist-12781-activity-2025-H1	12781	WI	activity_report	lobbyist	2025-01-01	2025-06-30	5.5	3.0	https://lobbying.wi.gov/Who/LobbyistInformation/2025REG/Information/12781
WI-lobbyist-12781-activity-2025-H2	12781	WI	activity_report	lobbyist	2025-07-01	2025-12-31	2.5	7.0	https://lobbying.wi.gov/Who/LobbyistInformation/2025REG/Information/12781
WI-lobbyist-12781-activity-2026-H1	12781	WI	activity_report	lobbyist	2026-01-01	2026-06-30	0.0	0.0	https://lobbying.wi.gov/Who/LobbyistInformation/2025REG/Information/12781
WI-lobbyist-12781-activity-2026-H2	12781	WI	activity_report	lobbyist	2026-07-01	2026-12-31	0.0	0.0	https://lobbying.wi.gov/Who/LobbyistInformation/2025REG/Information/12781
WI-lobbyist-12782-activity-2025-H1	12782	WI	activity_report	lobbyist	2025-01-01	2025-06-30	12.0	6.0	https://lobbying.wi.gov/Who/LobbyistInformation/2025REG/Information/12782
WI-lobbyist-12782-activity-2025-H2	12782	WI	activity_report	lobbyist	2025-07-01	2025-12-31	0.0	0.0	https://lobbying.wi.gov/Who/LobbyistInformation/2025REG/Information/12782
WI-lobbyist-12782-activity-2026-H1	12782	WI	activity_report	lobbyist	2026-01-01	2026-06-30	0.0	0.0	https://lobbying.wi.gov/Who/LobbyistInformation/2025REG/Information/12782
WI-lobbyist-12782-activity-2026-H2	12782	WI	activity_report	lobbyist	2026-07-01	2026-12-31	0.0	0.0	https://lobbying.wi.gov/Who/LobbyistInformation/2025REG/Information/12782
WI-lobbyist-12783-activity-2025-H1	12783	WI	activity_report	lobbyist	2025-01-01	2025-06-30	9.0	8.0	https://lobbying.wi.gov/Who/LobbyistInformation/2025REG/Information/12783
WI-lobbyist-12783-activity-2025-H2	12783	WI	activity_report	lobbyist	2025-07-01	2025-12-31	0.0	0.0	https://lobbying.wi.gov/Who/LobbyistInformation/2025REG/Information/12783
WI-lobbyist-12783-activity-2026-H1	12783	WI	activity_report	lobbyist	2026-01-01	2026-06-30	0.0	0.0	https://lobbying.wi.gov/Who/LobbyistInformation/2025REG/Information/12783
WI-lobbyist-12783-activity-2026-H2	12783	WI	activity_report	lobbyist	2026-07-01	2026-12-31	0.0	0.0	https://lobbying.wi.gov/Who/LobbyistInformation/2025REG/Information/12783
WI-lobbyist-12785-activity-2025-H1	12785	WI	activity_report	lobbyist	2025-01-01	2025-06-30	23.0	20.0	https://lobbying.wi.gov/Who/LobbyistInformation/2025REG/Information/12785
WI-lobbyist-12785-activity-2025-H2	12785	WI	activity_report	lobbyist	2025-07-01	2025-12-31	0.0	0.0	https://lobbying.wi.gov/Who/LobbyistInformation/2025REG/Information/12785
WI-lobbyist-12785-activity-2026-H1	12785	WI	activity_report	lobbyist	2026-01-01	2026-06-30	0.0	0.0	https://lobbying.wi.gov/Who/LobbyistInformation/2025REG/Information/12785
WI-lobbyist-12785-activity-2026-H2	12785	WI	activity_report	lobbyist	2026-07-01	2026-12-31	0.0	0.0	https://lobbying.wi.gov/Who/LobbyistInformation/2025REG/Information/12785
WI-lobbyist-12786-activity-2025-H1	12786	WI	activity_report	lobbyist	2025-01-01	2025-06-30	3.0	0.0	https://lobbying.wi.gov/Who/LobbyistInformation/2025REG/Information/12786
WI-lobbyist-12786-activity-2025-H2	12786	WI	activity_report	lobbyist	2025-07-01	2025-12-31	1.0	0.0	https://lobbying.wi.gov/Who/LobbyistInformation/2025REG/Information/12786
WI-lobbyist-12786-activity-2026-H1	12786	WI	activity_report	lobbyist	2026-01-01	2026-06-30	0.0	0.0	https://lobbying.wi.gov/Who/LobbyistInformation/2025REG/Information/12786
WI-lobbyist-12786-activity-2026-H2	12786	WI	activity_report	lobbyist	2026-07-01	2026-12-31	0.0	0.0	https://lobbying.wi.gov/Who/LobbyistInformation/2025REG/Information/12786
WI-lobbyist-12788-activity-2025-H1	12788	WI	activity_report	lobbyist	2025-01-01	2025-06-30	0.0	0.0	https://lobbying.wi.gov/Who/LobbyistInformation/2025REG/Information/12788
WI-lobbyist-12788-activity-2025-H2	12788	WI	activity_report	lobbyist	2025-07-01	2025-12-31	1.5	7.5	https://lobbying.wi.gov/Who/LobbyistInformation/2025REG/Information/12788
WI-lobbyist-12788-activity-2026-H1	12788	WI	activity_report	lobbyist	2026-01-01	2026-06-30	0.0	0.0	https://lobbying.wi.gov/Who/LobbyistInformation/2025REG/Information/12788
WI-lobbyist-12788-activity-2026-H2	12788	WI	activity_report	lobbyist	2026-07-01	2026-12-31	0.0	0.0	https://lobbying.wi.gov/Who/LobbyistInformation/2025REG/Information/12788
WI-lobbyist-12790-activity-2025-H1	12790	WI	activity_report	lobbyist	2025-01-01	2025-06-30	1.0	4.0	https://lobbying.wi.gov/Who/LobbyistInformation/2025REG/Information/12790
WI-lobbyist-12790-activity-2025-H2	12790	WI	activity_report	lobbyist	2025-07-01	2025-12-31	10.0	4.0	https://lobbying.wi.gov/Who/LobbyistInformation/2025REG/Information/12790
WI-lobbyist-12790-activity-2026-H1	12790	WI	activity_report	lobbyist	2026-01-01	2026-06-30	0.0	0.0	https://lobbying.wi.gov/Who/LobbyistInformation/2025REG/Information/12790
WI-lobbyist-12790-activity-2026-H2	12790	WI	activity_report	lobbyist	2026-07-01	2026-12-31	0.0	0.0	https://lobbying.wi.gov/Who/LobbyistInformation/2025REG/Information/12790
WI-lobbyist-12791-activity-2025-H1	12791	WI	activity_report	lobbyist	2025-01-01	2025-06-30	2.0	0.25	https://lobbying.wi.gov/Who/LobbyistInformation/2025REG/Information/12791
WI-lobbyist-12791-activity-2025-H2	12791	WI	activity_report	lobbyist	2025-07-01	2025-12-31	16.5	3.25	https://lobbying.wi.gov/Who/LobbyistInformation/2025REG/Information/12791
WI-lobbyist-12791-activity-2026-H1	12791	WI	activity_report	lobbyist	2026-01-01	2026-06-30	0.0	0.0	https://lobbying.wi.gov/Who/LobbyistInformation/2025REG/Information/12791
WI-lobbyist-12791-activity-2026-H2	12791	WI	activity_report	lobbyist	2026-07-01	2026-12-31	0.0	0.0	https://lobbying.wi.gov/Who/LobbyistInformation/2025REG/Information/12791
WI-lobbyist-12792-activity-2025-H1	12792	WI	activity_report	lobbyist	2025-01-01	2025-06-30	0.0	0.0	https://lobbying.wi.gov/Who/LobbyistInformation/2025REG/Information/12792
WI-lobbyist-12792-activity-2025-H2	12792	WI	activity_report	lobbyist	2025-07-01	2025-12-31	0.0	0.0	https://lobbying.wi.gov/Who/LobbyistInformation/2025REG/Information/12792
WI-lobbyist-12792-activity-2026-H1	12792	WI	activity_report	lobbyist	2026-01-01	2026-06-30	0.0	0.0	https://lobbying.wi.gov/Who/LobbyistInformation/2025REG/Information/12792
WI-lobbyist-12792-activity-2026-H2	12792	WI	activity_report	lobbyist	2026-07-01	2026-12-31	0.0	0.0	https://lobbying.wi.gov/Who/LobbyistInformation/2025REG/Information/12792
WI-lobbyist-12793-activity-2025-H1	12793	WI	activity_report	lobbyist	2025-01-01	2025-06-30	14.5	34.5	https://lobbying.wi.gov/Who/LobbyistInformation/2025REG/Information/12793
WI-lobbyist-12793-activity-2025-H2	12793	WI	activity_report	lobbyist	2025-07-01	2025-12-31	74.0	377.5	https://lobbying.wi.gov/Who/LobbyistInformation/2025REG/Information/12793
WI-lobbyist-12793-activity-2026-H1	12793	WI	activity_report	lobbyist	2026-01-01	2026-06-30	0.0	0.0	https://lobbying.wi.gov/Who/LobbyistInformation/2025REG/Information/12793
WI-lobbyist-12793-activity-2026-H2	12793	WI	activity_report	lobbyist	2026-07-01	2026-12-31	0.0	0.0	https://lobbying.wi.gov/Who/LobbyistInformation/2025REG/Information/12793
WI-lobbyist-12794-activity-2025-H1	12794	WI	activity_report	lobbyist	2025-01-01	2025-06-30	7.0	0.0	https://lobbying.wi.gov/Who/LobbyistInformation/2025REG/Information/12794
WI-lobbyist-12794-activity-2025-H2	12794	WI	activity_report	lobbyist	2025-07-01	2025-12-31	11.3	0.0	https://lobbying.wi.gov/Who/LobbyistInformation/2025REG/Information/12794
WI-lobbyist-12794-activity-2026-H1	12794	WI	activity_report	lobbyist	2026-01-01	2026-06-30	0.0	0.0	https://lobbying.wi.gov/Who/LobbyistInformation/2025REG/Information/12794
WI-lobbyist-12794-activity-2026-H2	12794	WI	activity_report	lobbyist	2026-07-01	2026-12-31	0.0	0.0	https://lobbying.wi.gov/Who/LobbyistInformation/2025REG/Information/12794
WI-lobbyist-12796-activity-2025-H1	12796	WI	activity_report	lobbyist	2025-01-01	2025-06-30	3.5	5.5	https://lobbying.wi.gov/Who/LobbyistInformation/2025REG/Information/12796
WI-lobbyist-12796-activity-2025-H2	12796	WI	activity_report	lobbyist	2025-07-01	2025-12-31	11.0	6.0	https://lobbying.wi.gov/Who/LobbyistInformation/2025REG/Information/12796
WI-lobbyist-12796-activity-2026-H1	12796	WI	activity_report	lobbyist	2026-01-01	2026-06-30	0.0	0.0	https://lobbying.wi.gov/Who/LobbyistInformation/2025REG/Information/12796
WI-lobbyist-12796-activity-2026-H2	12796	WI	activity_report	lobbyist	2026-07-01	2026-12-31	0.0	0.0	https://lobbying.wi.gov/Who/LobbyistInformation/2025REG/Information/12796
WI-lobbyist-12797-activity-2025-H1	12797	WI	activity_report	lobbyist	2025-01-01	2025-06-30	2.0	0.0	https://lobbying.wi.gov/Who/LobbyistInformation/2025REG/Information/12797
WI-lobbyist-12797-activity-2025-H2	12797	WI	activity_report	lobbyist	2025-07-01	2025-12-31	0.0	0.0	https://lobbying.wi.gov/Who/LobbyistInformation/2025REG/Information/12797
WI-lobbyist-12797-activity-2026-H1	12797	WI	activity_report	lobbyist	2026-01-01	2026-06-30	0.0	0.0	https://lobbying.wi.gov/Who/LobbyistInformation/2025REG/Information/12797
WI-lobbyist-12797-activity-2026-H2	12797	WI	activity_report	lobbyist	2026-07-01	2026-12-31	0.0	0.0	https://lobbying.wi.gov/Who/LobbyistInformation/2025REG/Information/12797
WI-lobbyist-12798-activity-2025-H1	12798	WI	activity_report	lobbyist	2025-01-01	2025-06-30	10.0	0.0	https://lobbying.wi.gov/Who/LobbyistInformation/2025REG/Information/12798
WI-lobbyist-12798-activity-2025-H2	12798	WI	activity_report	lobbyist	2025-07-01	2025-12-31	6.0	0.0	https://lobbying.wi.gov/Who/LobbyistInformation/2025REG/Information/12798
WI-lobbyist-12798-activity-2026-H1	12798	WI	activity_report	lobbyist	2026-01-01	2026-06-30	0.0	0.0	https://lobbying.wi.gov/Who/LobbyistInformation/2025REG/Information/12798
WI-lobbyist-12798-activity-2026-H2	12798	WI	activity_report	lobbyist	2026-07-01	2026-12-31	0.0	0.0	https://lobbying.wi.gov/Who/LobbyistInformation/2025REG/Information/12798
WI-lobbyist-12799-activity-2025-H1	12799	WI	activity_report	lobbyist	2025-01-01	2025-06-30	0.0	5.0	https://lobbying.wi.gov/Who/LobbyistInformation/2025REG/Information/12799
WI-lobbyist-12799-activity-2025-H2	12799	WI	activity_report	lobbyist	2025-07-01	2025-12-31	1.5	25.5	https://lobbying.wi.gov/Who/LobbyistInformation/2025REG/Information/12799
WI-lobbyist-12799-activity-2026-H1	12799	WI	activity_report	lobbyist	2026-01-01	2026-06-30	1.5	5.5	https://lobbying.wi.gov/Who/LobbyistInformation/2025REG/Information/12799
WI-lobbyist-12799-activity-2026-H2	12799	WI	activity_report	lobbyist	2026-07-01	2026-12-31	0.0	0.0	https://lobbying.wi.gov/Who/LobbyistInformation/2025REG/Information/12799
WI-lobbyist-12800-activity-2025-H1	12800	WI	activity_report	lobbyist	2025-01-01	2025-06-30	11.0	4.0	https://lobbying.wi.gov/Who/LobbyistInformation/2025REG/Information/12800
WI-lobbyist-12800-activity-2025-H2	12800	WI	activity_report	lobbyist	2025-07-01	2025-12-31	4.0	1.0	https://lobbying.wi.gov/Who/LobbyistInformation/2025REG/Information/12800
WI-lobbyist-12800-activity-2026-H1	12800	WI	activity_report	lobbyist	2026-01-01	2026-06-30	0.0	0.0	https://lobbying.wi.gov/Who/LobbyistInformation/2025REG/Information/12800
WI-lobbyist-12800-activity-2026-H2	12800	WI	activity_report	lobbyist	2026-07-01	2026-12-31	0.0	0.0	https://lobbying.wi.gov/Who/LobbyistInformation/2025REG/Information/12800
WI-lobbyist-12802-activity-2025-H1	12802	WI	activity_report	lobbyist	2025-01-01	2025-06-30	2.5	0.0	https://lobbying.wi.gov/Who/LobbyistInformation/2025REG/Information/12802
WI-lobbyist-12802-activity-2025-H2	12802	WI	activity_report	lobbyist	2025-07-01	2025-12-31	0.0	0.0	https://lobbying.wi.gov/Who/LobbyistInformation/2025REG/Information/12802
WI-lobbyist-12802-activity-2026-H1	12802	WI	activity_report	lobbyist	2026-01-01	2026-06-30	0.0	0.0	https://lobbying.wi.gov/Who/LobbyistInformation/2025REG/Information/12802
WI-lobbyist-12802-activity-2026-H2	12802	WI	activity_report	lobbyist	2026-07-01	2026-12-31	0.0	0.0	https://lobbying.wi.gov/Who/LobbyistInformation/2025REG/Information/12802
WI-lobbyist-12803-activity-2025-H1	12803	WI	activity_report	lobbyist	2025-01-01	2025-06-30	10.0	9.0	https://lobbying.wi.gov/Who/LobbyistInformation/2025REG/Information/12803
WI-lobbyist-12803-activity-2025-H2	12803	WI	activity_report	lobbyist	2025-07-01	2025-12-31	57.5	44.5	https://lobbying.wi.gov/Who/LobbyistInformation/2025REG/Information/12803
WI-lobbyist-12803-activity-2026-H1	12803	WI	activity_report	lobbyist	2026-01-01	2026-06-30	0.0	0.0	https://lobbying.wi.gov/Who/LobbyistInformation/2025REG/Information/12803
WI-lobbyist-12803-activity-2026-H2	12803	WI	activity_report	lobbyist	2026-07-01	2026-12-31	0.0	0.0	https://lobbying.wi.gov/Who/LobbyistInformation/2025REG/Information/12803
WI-lobbyist-12804-activity-2025-H1	12804	WI	activity_report	lobbyist	2025-01-01	2025-06-30	2.25	1.25	https://lobbying.wi.gov/Who/LobbyistInformation/2025REG/Information/12804
WI-lobbyist-12804-activity-2025-H2	12804	WI	activity_report	lobbyist	2025-07-01	2025-12-31	9.0	6.25	https://lobbying.wi.gov/Who/LobbyistInformation/2025REG/Information/12804
WI-lobbyist-12804-activity-2026-H1	12804	WI	activity_report	lobbyist	2026-01-01	2026-06-30	0.25	0.0	https://lobbying.wi.gov/Who/LobbyistInformation/2025REG/Information/12804
WI-lobbyist-12804-activity-2026-H2	12804	WI	activity_report	lobbyist	2026-07-01	2026-12-31	0.0	0.0	https://lobbying.wi.gov/Who/LobbyistInformation/2025REG/Information/12804
WI-lobbyist-12805-activity-2025-H1	12805	WI	activity_report	lobbyist	2025-01-01	2025-06-30	0.0	0.0	https://lobbying.wi.gov/Who/LobbyistInformation/2025REG/Information/12805
WI-lobbyist-12805-activity-2025-H2	12805	WI	activity_report	lobbyist	2025-07-01	2025-12-31	21.5	51.0	https://lobbying.wi.gov/Who/LobbyistInformation/2025REG/Information/12805
WI-lobbyist-12805-activity-2026-H1	12805	WI	activity_report	lobbyist	2026-01-01	2026-06-30	12.5	43.0	https://lobbying.wi.gov/Who/LobbyistInformation/2025REG/Information/12805
WI-lobbyist-12805-activity-2026-H2	12805	WI	activity_report	lobbyist	2026-07-01	2026-12-31	0.0	0.0	https://lobbying.wi.gov/Who/LobbyistInformation/2025REG/Information/12805
WI-lobbyist-12807-activity-2025-H1	12807	WI	activity_report	lobbyist	2025-01-01	2025-06-30	0.5	34.0	https://lobbying.wi.gov/Who/LobbyistInformation/2025REG/Information/12807
WI-lobbyist-12807-activity-2025-H2	12807	WI	activity_report	lobbyist	2025-07-01	2025-12-31	1.5	74.0	https://lobbying.wi.gov/Who/LobbyistInformation/2025REG/Information/12807
WI-lobbyist-12807-activity-2026-H1	12807	WI	activity_report	lobbyist	2026-01-01	2026-06-30	0.0	0.0	https://lobbying.wi.gov/Who/LobbyistInformation/2025REG/Information/12807
WI-lobbyist-12807-activity-2026-H2	12807	WI	activity_report	lobbyist	2026-07-01	2026-12-31	0.0	0.0	https://lobbying.wi.gov/Who/LobbyistInformation/2025REG/Information/12807
WI-lobbyist-12808-activity-2025-H1	12808	WI	activity_report	lobbyist	2025-01-01	2025-06-30	0.0	0.0	https://lobbying.wi.gov/Who/LobbyistInformation/2025REG/Information/12808
WI-lobbyist-12808-activity-2025-H2	12808	WI	activity_report	lobbyist	2025-07-01	2025-12-31	0.0	0.0	https://lobbying.wi.gov/Who/LobbyistInformation/2025REG/Information/12808
WI-lobbyist-12808-activity-2026-H1	12808	WI	activity_report	lobbyist	2026-01-01	2026-06-30	0.0	0.0	https://lobbying.wi.gov/Who/LobbyistInformation/2025REG/Information/12808
WI-lobbyist-12808-activity-2026-H2	12808	WI	activity_report	lobbyist	2026-07-01	2026-12-31	0.0	0.0	https://lobbying.wi.gov/Who/LobbyistInformation/2025REG/Information/12808
WI-lobbyist-12810-activity-2025-H1	12810	WI	activity_report	lobbyist	2025-01-01	2025-06-30	15.25	4.0	https://lobbying.wi.gov/Who/LobbyistInformation/2025REG/Information/12810
WI-lobbyist-12810-activity-2025-H2	12810	WI	activity_report	lobbyist	2025-07-01	2025-12-31	13.5	6.5	https://lobbying.wi.gov/Who/LobbyistInformation/2025REG/Information/12810
WI-lobbyist-12810-activity-2026-H1	12810	WI	activity_report	lobbyist	2026-01-01	2026-06-30	0.0	0.0	https://lobbying.wi.gov/Who/LobbyistInformation/2025REG/Information/12810
WI-lobbyist-12810-activity-2026-H2	12810	WI	activity_report	lobbyist	2026-07-01	2026-12-31	0.0	0.0	https://lobbying.wi.gov/Who/LobbyistInformation/2025REG/Information/12810
WI-lobbyist-12812-activity-2025-H1	12812	WI	activity_report	lobbyist	2025-01-01	2025-06-30	0.0	0.0	https://lobbying.wi.gov/Who/LobbyistInformation/2025REG/Information/12812
WI-lobbyist-12812-activity-2025-H2	12812	WI	activity_report	lobbyist	2025-07-01	2025-12-31	32.38	10.44	https://lobbying.wi.gov/Who/LobbyistInformation/2025REG/Information/12812
WI-lobbyist-12812-activity-2026-H1	12812	WI	activity_report	lobbyist	2026-01-01	2026-06-30	0.0	0.0	https://lobbying.wi.gov/Who/LobbyistInformation/2025REG/Information/12812
WI-lobbyist-12812-activity-2026-H2	12812	WI	activity_report	lobbyist	2026-07-01	2026-12-31	0.0	0.0	https://lobbying.wi.gov/Who/LobbyistInformation/2025REG/Information/12812
WI-lobbyist-12813-activity-2025-H1	12813	WI	activity_report	lobbyist	2025-01-01	2025-06-30	0.0	0.0	https://lobbying.wi.gov/Who/LobbyistInformation/2025REG/Information/12813
WI-lobbyist-12813-activity-2025-H2	12813	WI	activity_report	lobbyist	2025-07-01	2025-12-31	0.0	0.0	https://lobbying.wi.gov/Who/LobbyistInformation/2025REG/Information/12813
WI-lobbyist-12813-activity-2026-H1	12813	WI	activity_report	lobbyist	2026-01-01	2026-06-30	0.0	0.0	https://lobbying.wi.gov/Who/LobbyistInformation/2025REG/Information/12813
WI-lobbyist-12813-activity-2026-H2	12813	WI	activity_report	lobbyist	2026-07-01	2026-12-31	0.0	0.0	https://lobbying.wi.gov/Who/LobbyistInformation/2025REG/Information/12813
WI-lobbyist-12814-activity-2025-H1	12814	WI	activity_report	lobbyist	2025-01-01	2025-06-30	0.0	0.0	https://lobbying.wi.gov/Who/LobbyistInformation/2025REG/Information/12814
WI-lobbyist-12814-activity-2025-H2	12814	WI	activity_report	lobbyist	2025-07-01	2025-12-31	0.0	0.0	https://lobbying.wi.gov/Who/LobbyistInformation/2025REG/Information/12814
WI-lobbyist-12814-activity-2026-H1	12814	WI	activity_report	lobbyist	2026-01-01	2026-06-30	0.0	0.0	https://lobbying.wi.gov/Who/LobbyistInformation/2025REG/Information/12814
WI-lobbyist-12814-activity-2026-H2	12814	WI	activity_report	lobbyist	2026-07-01	2026-12-31	0.0	0.0	https://lobbying.wi.gov/Who/LobbyistInformation/2025REG/Information/12814
WI-lobbyist-12815-activity-2025-H1	12815	WI	activity_report	lobbyist	2025-01-01	2025-06-30	0.0	0.0	https://lobbying.wi.gov/Who/LobbyistInformation/2025REG/Information/12815
WI-lobbyist-12815-activity-2025-H2	12815	WI	activity_report	lobbyist	2025-07-01	2025-12-31	0.0	0.0	https://lobbying.wi.gov/Who/LobbyistInformation/2025REG/Information/12815
WI-lobbyist-12815-activity-2026-H1	12815	WI	activity_report	lobbyist	2026-01-01	2026-06-30	0.0	0.0	https://lobbying.wi.gov/Who/LobbyistInformation/2025REG/Information/12815
WI-lobbyist-12815-activity-2026-H2	12815	WI	activity_report	lobbyist	2026-07-01	2026-12-31	0.0	0.0	https://lobbying.wi.gov/Who/LobbyistInformation/2025REG/Information/12815
WI-lobbyist-12816-activity-2025-H1	12816	WI	activity_report	lobbyist	2025-01-01	2025-06-30	0.0	0.0	https://lobbying.wi.gov/Who/LobbyistInformation/2025REG/Information/12816
WI-lobbyist-12816-activity-2025-H2	12816	WI	activity_report	lobbyist	2025-07-01	2025-12-31	13.5	181.0	https://lobbying.wi.gov/Who/LobbyistInformation/2025REG/Information/12816
WI-lobbyist-12816-activity-2026-H1	12816	WI	activity_report	lobbyist	2026-01-01	2026-06-30	0.0	0.0	https://lobbying.wi.gov/Who/LobbyistInformation/2025REG/Information/12816
WI-lobbyist-12816-activity-2026-H2	12816	WI	activity_report	lobbyist	2026-07-01	2026-12-31	0.0	0.0	https://lobbying.wi.gov/Who/LobbyistInformation/2025REG/Information/12816
WI-lobbyist-12817-activity-2025-H1	12817	WI	activity_report	lobbyist	2025-01-01	2025-06-30	0.0	0.0	https://lobbying.wi.gov/Who/LobbyistInformation/2025REG/Information/12817
WI-lobbyist-12817-activity-2025-H2	12817	WI	activity_report	lobbyist	2025-07-01	2025-12-31	0.0	0.0	https://lobbying.wi.gov/Who/LobbyistInformation/2025REG/Information/12817
WI-lobbyist-12817-activity-2026-H1	12817	WI	activity_report	lobbyist	2026-01-01	2026-06-30	0.0	0.0	https://lobbying.wi.gov/Who/LobbyistInformation/2025REG/Information/12817
WI-lobbyist-12817-activity-2026-H2	12817	WI	activity_report	lobbyist	2026-07-01	2026-12-31	0.0	0.0	https://lobbying.wi.gov/Who/LobbyistInformation/2025REG/Information/12817
WI-lobbyist-12818-activity-2025-H1	12818	WI	activity_report	lobbyist	2025-01-01	2025-06-30	0.0	0.0	https://lobbying.wi.gov/Who/LobbyistInformation/2025REG/Information/12818
WI-lobbyist-12818-activity-2025-H2	12818	WI	activity_report	lobbyist	2025-07-01	2025-12-31	21.08	16.58	https://lobbying.wi.gov/Who/LobbyistInformation/2025REG/Information/12818
WI-lobbyist-12818-activity-2026-H1	12818	WI	activity_report	lobbyist	2026-01-01	2026-06-30	0.0	0.0	https://lobbying.wi.gov/Who/LobbyistInformation/2025REG/Information/12818
WI-lobbyist-12818-activity-2026-H2	12818	WI	activity_report	lobbyist	2026-07-01	2026-12-31	0.0	0.0	https://lobbying.wi.gov/Who/LobbyistInformation/2025REG/Information/12818
WI-lobbyist-12820-activity-2025-H1	12820	WI	activity_report	lobbyist	2025-01-01	2025-06-30	0.0	0.0	https://lobbying.wi.gov/Who/LobbyistInformation/2025REG/Information/12820
WI-lobbyist-12820-activity-2025-H2	12820	WI	activity_report	lobbyist	2025-07-01	2025-12-31	10.5	21.25	https://lobbying.wi.gov/Who/LobbyistInformation/2025REG/Information/12820
WI-lobbyist-12820-activity-2026-H1	12820	WI	activity_report	lobbyist	2026-01-01	2026-06-30	0.0	0.0	https://lobbying.wi.gov/Who/LobbyistInformation/2025REG/Information/12820
WI-lobbyist-12820-activity-2026-H2	12820	WI	activity_report	lobbyist	2026-07-01	2026-12-31	0.0	0.0	https://lobbying.wi.gov/Who/LobbyistInformation/2025REG/Information/12820
WI-lobbyist-12822-activity-2025-H1	12822	WI	activity_report	lobbyist	2025-01-01	2025-06-30	0.0	0.0	https://lobbying.wi.gov/Who/LobbyistInformation/2025REG/Information/12822
WI-lobbyist-12822-activity-2025-H2	12822	WI	activity_report	lobbyist	2025-07-01	2025-12-31	0.0	3.5	https://lobbying.wi.gov/Who/LobbyistInformation/2025REG/Information/12822
WI-lobbyist-12822-activity-2026-H1	12822	WI	activity_report	lobbyist	2026-01-01	2026-06-30	0.0	0.0	https://lobbying.wi.gov/Who/LobbyistInformation/2025REG/Information/12822
WI-lobbyist-12822-activity-2026-H2	12822	WI	activity_report	lobbyist	2026-07-01	2026-12-31	0.0	0.0	https://lobbying.wi.gov/Who/LobbyistInformation/2025REG/Information/12822
WI-lobbyist-12828-activity-2025-H1	12828	WI	activity_report	lobbyist	2025-01-01	2025-06-30	0.0	0.0	https://lobbying.wi.gov/Who/LobbyistInformation/2025REG/Information/12828
WI-lobbyist-12828-activity-2025-H2	12828	WI	activity_report	lobbyist	2025-07-01	2025-12-31	13.5	10.5	https://lobbying.wi.gov/Who/LobbyistInformation/2025REG/Information/12828
WI-lobbyist-12828-activity-2026-H1	12828	WI	activity_report	lobbyist	2026-01-01	2026-06-30	0.0	0.0	https://lobbying.wi.gov/Who/LobbyistInformation/2025REG/Information/12828
WI-lobbyist-12828-activity-2026-H2	12828	WI	activity_report	lobbyist	2026-07-01	2026-12-31	0.0	0.0	https://lobbying.wi.gov/Who/LobbyistInformation/2025REG/Information/12828
WI-lobbyist-12829-activity-2025-H1	12829	WI	activity_report	lobbyist	2025-01-01	2025-06-30	0.0	0.0	https://lobbying.wi.gov/Who/LobbyistInformation/2025REG/Information/12829
WI-lobbyist-12829-activity-2025-H2	12829	WI	activity_report	lobbyist	2025-07-01	2025-12-31	1.75	5.35	https://lobbying.wi.gov/Who/LobbyistInformation/2025REG/Information/12829
WI-lobbyist-12829-activity-2026-H1	12829	WI	activity_report	lobbyist	2026-01-01	2026-06-30	0.0	0.0	https://lobbying.wi.gov/Who/LobbyistInformation/2025REG/Information/12829
WI-lobbyist-12829-activity-2026-H2	12829	WI	activity_report	lobbyist	2026-07-01	2026-12-31	0.0	0.0	https://lobbying.wi.gov/Who/LobbyistInformation/2025REG/Information/12829
WI-lobbyist-12830-activity-2025-H1	12830	WI	activity_report	lobbyist	2025-01-01	2025-06-30	0.0	0.0	https://lobbying.wi.gov/Who/LobbyistInformation/2025REG/Information/12830
WI-lobbyist-12830-activity-2025-H2	12830	WI	activity_report	lobbyist	2025-07-01	2025-12-31	136.0	388.5	https://lobbying.wi.gov/Who/LobbyistInformation/2025REG/Information/12830
WI-lobbyist-12830-activity-2026-H1	12830	WI	activity_report	lobbyist	2026-01-01	2026-06-30	0.0	0.0	https://lobbying.wi.gov/Who/LobbyistInformation/2025REG/Information/12830
WI-lobbyist-12830-activity-2026-H2	12830	WI	activity_report	lobbyist	2026-07-01	2026-12-31	0.0	0.0	https://lobbying.wi.gov/Who/LobbyistInformation/2025REG/Information/12830
WI-lobbyist-12832-activity-2025-H1	12832	WI	activity_report	lobbyist	2025-01-01	2025-06-30	0.0	0.0	https://lobbying.wi.gov/Who/LobbyistInformation/2025REG/Information/12832
WI-lobbyist-12832-activity-2025-H2	12832	WI	activity_report	lobbyist	2025-07-01	2025-12-31	4.0	21.5	https://lobbying.wi.gov/Who/LobbyistInformation/2025REG/Information/12832
WI-lobbyist-12832-activity-2026-H1	12832	WI	activity_report	lobbyist	2026-01-01	2026-06-30	1.5	29.5	https://lobbying.wi.gov/Who/LobbyistInformation/2025REG/Information/12832
WI-lobbyist-12832-activity-2026-H2	12832	WI	activity_report	lobbyist	2026-07-01	2026-12-31	0.0	0.0	https://lobbying.wi.gov/Who/LobbyistInformation/2025REG/Information/12832
WI-lobbyist-12833-activity-2025-H1	12833	WI	activity_report	lobbyist	2025-01-01	2025-06-30	0.0	0.0	https://lobbying.wi.gov/Who/LobbyistInformation/2025REG/Information/12833
WI-lobbyist-12833-activity-2025-H2	12833	WI	activity_report	lobbyist	2025-07-01	2025-12-31	11.5	16.0	https://lobbying.wi.gov/Who/LobbyistInformation/2025REG/Information/12833
WI-lobbyist-12833-activity-2026-H1	12833	WI	activity_report	lobbyist	2026-01-01	2026-06-30	0.0	0.0	https://lobbying.wi.gov/Who/LobbyistInformation/2025REG/Information/12833
WI-lobbyist-12833-activity-2026-H2	12833	WI	activity_report	lobbyist	2026-07-01	2026-12-31	0.0	0.0	https://lobbying.wi.gov/Who/LobbyistInformation/2025REG/Information/12833
WI-lobbyist-13834-activity-2025-H1	13834	WI	activity_report	lobbyist	2025-01-01	2025-06-30	0.0	0.0	https://lobbying.wi.gov/Who/LobbyistInformation/2025REG/Information/13834
WI-lobbyist-13834-activity-2025-H2	13834	WI	activity_report	lobbyist	2025-07-01	2025-12-31	4.0	0.0	https://lobbying.wi.gov/Who/LobbyistInformation/2025REG/Information/13834
WI-lobbyist-13834-activity-2026-H1	13834	WI	activity_report	lobbyist	2026-01-01	2026-06-30	0.0	0.0	https://lobbying.wi.gov/Who/LobbyistInformation/2025REG/Information/13834
WI-lobbyist-13834-activity-2026-H2	13834	WI	activity_report	lobbyist	2026-07-01	2026-12-31	0.0	0.0	https://lobbying.wi.gov/Who/LobbyistInformation/2025REG/Information/13834
WI-lobbyist-13835-activity-2025-H1	13835	WI	activity_report	lobbyist	2025-01-01	2025-06-30	0.0	0.0	https://lobbying.wi.gov/Who/LobbyistInformation/2025REG/Information/13835
WI-lobbyist-13835-activity-2025-H2	13835	WI	activity_report	lobbyist	2025-07-01	2025-12-31	5.0	31.0	https://lobbying.wi.gov/Who/LobbyistInformation/2025REG/Information/13835
WI-lobbyist-13835-activity-2026-H1	13835	WI	activity_report	lobbyist	2026-01-01	2026-06-30	6.85	7.75	https://lobbying.wi.gov/Who/LobbyistInformation/2025REG/Information/13835
WI-lobbyist-13835-activity-2026-H2	13835	WI	activity_report	lobbyist	2026-07-01	2026-12-31	0.0	0.0	https://lobbying.wi.gov/Who/LobbyistInformation/2025REG/Information/13835
WI-lobbyist-13836-activity-2025-H1	13836	WI	activity_report	lobbyist	2025-01-01	2025-06-30	0.0	0.0	https://lobbying.wi.gov/Who/LobbyistInformation/2025REG/Information/13836
WI-lobbyist-13836-activity-2025-H2	13836	WI	activity_report	lobbyist	2025-07-01	2025-12-31	0.0	0.0	https://lobbying.wi.gov/Who/LobbyistInformation/2025REG/Information/13836
WI-lobbyist-13836-activity-2026-H1	13836	WI	activity_report	lobbyist	2026-01-01	2026-06-30	0.0	0.0	https://lobbying.wi.gov/Who/LobbyistInformation/2025REG/Information/13836
WI-lobbyist-13836-activity-2026-H2	13836	WI	activity_report	lobbyist	2026-07-01	2026-12-31	0.0	0.0	https://lobbying.wi.gov/Who/LobbyistInformation/2025REG/Information/13836
WI-lobbyist-13838-activity-2025-H1	13838	WI	activity_report	lobbyist	2025-01-01	2025-06-30	0.0	0.0	https://lobbying.wi.gov/Who/LobbyistInformation/2025REG/Information/13838
WI-lobbyist-13838-activity-2025-H2	13838	WI	activity_report	lobbyist	2025-07-01	2025-12-31	0.0	17.0	https://lobbying.wi.gov/Who/LobbyistInformation/2025REG/Information/13838
WI-lobbyist-13838-activity-2026-H1	13838	WI	activity_report	lobbyist	2026-01-01	2026-06-30	0.0	0.0	https://lobbying.wi.gov/Who/LobbyistInformation/2025REG/Information/13838
WI-lobbyist-13838-activity-2026-H2	13838	WI	activity_report	lobbyist	2026-07-01	2026-12-31	0.0	0.0	https://lobbying.wi.gov/Who/LobbyistInformation/2025REG/Information/13838
WI-lobbyist-13839-activity-2025-H1	13839	WI	activity_report	lobbyist	2025-01-01	2025-06-30	0.0	0.0	https://lobbying.wi.gov/Who/LobbyistInformation/2025REG/Information/13839
WI-lobbyist-13839-activity-2025-H2	13839	WI	activity_report	lobbyist	2025-07-01	2025-12-31	2.8	92.39	https://lobbying.wi.gov/Who/LobbyistInformation/2025REG/Information/13839
WI-lobbyist-13839-activity-2026-H1	13839	WI	activity_report	lobbyist	2026-01-01	2026-06-30	0.0	0.0	https://lobbying.wi.gov/Who/LobbyistInformation/2025REG/Information/13839
WI-lobbyist-13839-activity-2026-H2	13839	WI	activity_report	lobbyist	2026-07-01	2026-12-31	0.0	0.0	https://lobbying.wi.gov/Who/LobbyistInformation/2025REG/Information/13839
WI-lobbyist-13840-activity-2025-H1	13840	WI	activity_report	lobbyist	2025-01-01	2025-06-30	0.0	0.0	https://lobbying.wi.gov/Who/LobbyistInformation/2025REG/Information/13840
WI-lobbyist-13840-activity-2025-H2	13840	WI	activity_report	lobbyist	2025-07-01	2025-12-31	7.0	21.5	https://lobbying.wi.gov/Who/LobbyistInformation/2025REG/Information/13840
WI-lobbyist-13840-activity-2026-H1	13840	WI	activity_report	lobbyist	2026-01-01	2026-06-30	0.0	0.0	https://lobbying.wi.gov/Who/LobbyistInformation/2025REG/Information/13840
WI-lobbyist-13840-activity-2026-H2	13840	WI	activity_report	lobbyist	2026-07-01	2026-12-31	0.0	0.0	https://lobbying.wi.gov/Who/LobbyistInformation/2025REG/Information/13840
WI-lobbyist-13842-activity-2025-H1	13842	WI	activity_report	lobbyist	2025-01-01	2025-06-30	0.0	0.0	https://lobbying.wi.gov/Who/LobbyistInformation/2025REG/Information/13842
WI-lobbyist-13842-activity-2025-H2	13842	WI	activity_report	lobbyist	2025-07-01	2025-12-31	7.2	1.5	https://lobbying.wi.gov/Who/LobbyistInformation/2025REG/Information/13842
WI-lobbyist-13842-activity-2026-H1	13842	WI	activity_report	lobbyist	2026-01-01	2026-06-30	0.0	0.0	https://lobbying.wi.gov/Who/LobbyistInformation/2025REG/Information/13842
WI-lobbyist-13842-activity-2026-H2	13842	WI	activity_report	lobbyist	2026-07-01	2026-12-31	0.0	0.0	https://lobbying.wi.gov/Who/LobbyistInformation/2025REG/Information/13842
WI-lobbyist-13843-activity-2025-H1	13843	WI	activity_report	lobbyist	2025-01-01	2025-06-30	0.0	0.0	https://lobbying.wi.gov/Who/LobbyistInformation/2025REG/Information/13843
WI-lobbyist-13843-activity-2025-H2	13843	WI	activity_report	lobbyist	2025-07-01	2025-12-31	1.0	0.0	https://lobbying.wi.gov/Who/LobbyistInformation/2025REG/Information/13843
WI-lobbyist-13843-activity-2026-H1	13843	WI	activity_report	lobbyist	2026-01-01	2026-06-30	0.0	0.0	https://lobbying.wi.gov/Who/LobbyistInformation/2025REG/Information/13843
WI-lobbyist-13843-activity-2026-H2	13843	WI	activity_report	lobbyist	2026-07-01	2026-12-31	0.0	0.0	https://lobbying.wi.gov/Who/LobbyistInformation/2025REG/Information/13843
WI-lobbyist-13844-activity-2025-H1	13844	WI	activity_report	lobbyist	2025-01-01	2025-06-30	0.0	0.0	https://lobbying.wi.gov/Who/LobbyistInformation/2025REG/Information/13844
WI-lobbyist-13844-activity-2025-H2	13844	WI	activity_report	lobbyist	2025-07-01	2025-12-31	0.0	0.0	https://lobbying.wi.gov/Who/LobbyistInformation/2025REG/Information/13844
WI-lobbyist-13844-activity-2026-H1	13844	WI	activity_report	lobbyist	2026-01-01	2026-06-30	0.0	0.0	https://lobbying.wi.gov/Who/LobbyistInformation/2025REG/Information/13844
WI-lobbyist-13844-activity-2026-H2	13844	WI	activity_report	lobbyist	2026-07-01	2026-12-31	0.0	0.0	https://lobbying.wi.gov/Who/LobbyistInformation/2025REG/Information/13844
WI-lobbyist-13845-activity-2025-H1	13845	WI	activity_report	lobbyist	2025-01-01	2025-06-30	0.0	0.0	https://lobbying.wi.gov/Who/LobbyistInformation/2025REG/Information/13845
WI-lobbyist-13845-activity-2025-H2	13845	WI	activity_report	lobbyist	2025-07-01	2025-12-31	10.0	10.0	https://lobbying.wi.gov/Who/LobbyistInformation/2025REG/Information/13845
WI-lobbyist-13845-activity-2026-H1	13845	WI	activity_report	lobbyist	2026-01-01	2026-06-30	4.6	9.85	https://lobbying.wi.gov/Who/LobbyistInformation/2025REG/Information/13845
WI-lobbyist-13845-activity-2026-H2	13845	WI	activity_report	lobbyist	2026-07-01	2026-12-31	0.0	0.0	https://lobbying.wi.gov/Who/LobbyistInformation/2025REG/Information/13845
WI-lobbyist-13846-activity-2025-H1	13846	WI	activity_report	lobbyist	2025-01-01	2025-06-30	0.0	0.0	https://lobbying.wi.gov/Who/LobbyistInformation/2025REG/Information/13846
WI-lobbyist-13846-activity-2025-H2	13846	WI	activity_report	lobbyist	2025-07-01	2025-12-31	14.0	12.0	https://lobbying.wi.gov/Who/LobbyistInformation/2025REG/Information/13846
WI-lobbyist-13846-activity-2026-H1	13846	WI	activity_report	lobbyist	2026-01-01	2026-06-30	0.0	0.0	https://lobbying.wi.gov/Who/LobbyistInformation/2025REG/Information/13846
WI-lobbyist-13846-activity-2026-H2	13846	WI	activity_report	lobbyist	2026-07-01	2026-12-31	0.0	0.0	https://lobbying.wi.gov/Who/LobbyistInformation/2025REG/Information/13846
WI-lobbyist-13848-activity-2025-H1	13848	WI	activity_report	lobbyist	2025-01-01	2025-06-30	0.0	0.0	https://lobbying.wi.gov/Who/LobbyistInformation/2025REG/Information/13848
WI-lobbyist-13848-activity-2025-H2	13848	WI	activity_report	lobbyist	2025-07-01	2025-12-31	19.3	138.0	https://lobbying.wi.gov/Who/LobbyistInformation/2025REG/Information/13848
WI-lobbyist-13848-activity-2026-H1	13848	WI	activity_report	lobbyist	2026-01-01	2026-06-30	17.0	70.5	https://lobbying.wi.gov/Who/LobbyistInformation/2025REG/Information/13848
WI-lobbyist-13848-activity-2026-H2	13848	WI	activity_report	lobbyist	2026-07-01	2026-12-31	0.0	0.0	https://lobbying.wi.gov/Who/LobbyistInformation/2025REG/Information/13848
WI-lobbyist-13849-activity-2025-H1	13849	WI	activity_report	lobbyist	2025-01-01	2025-06-30	0.0	0.0	https://lobbying.wi.gov/Who/LobbyistInformation/2025REG/Information/13849
WI-lobbyist-13849-activity-2025-H2	13849	WI	activity_report	lobbyist	2025-07-01	2025-12-31	1.0	0.0	https://lobbying.wi.gov/Who/LobbyistInformation/2025REG/Information/13849
WI-lobbyist-13849-activity-2026-H1	13849	WI	activity_report	lobbyist	2026-01-01	2026-06-30	0.0	0.0	https://lobbying.wi.gov/Who/LobbyistInformation/2025REG/Information/13849
WI-lobbyist-13849-activity-2026-H2	13849	WI	activity_report	lobbyist	2026-07-01	2026-12-31	0.0	0.0	https://lobbying.wi.gov/Who/LobbyistInformation/2025REG/Information/13849
WI-lobbyist-13850-activity-2025-H1	13850	WI	activity_report	lobbyist	2025-01-01	2025-06-30	0.0	0.0	https://lobbying.wi.gov/Who/LobbyistInformation/2025REG/Information/13850
WI-lobbyist-13850-activity-2025-H2	13850	WI	activity_report	lobbyist	2025-07-01	2025-12-31	17.0	21.0	https://lobbying.wi.gov/Who/LobbyistInformation/2025REG/Information/13850
WI-lobbyist-13850-activity-2026-H1	13850	WI	activity_report	lobbyist	2026-01-01	2026-06-30	0.0	0.0	https://lobbying.wi.gov/Who/LobbyistInformation/2025REG/Information/13850
WI-lobbyist-13850-activity-2026-H2	13850	WI	activity_report	lobbyist	2026-07-01	2026-12-31	0.0	0.0	https://lobbying.wi.gov/Who/LobbyistInformation/2025REG/Information/13850
WI-lobbyist-13851-activity-2025-H1	13851	WI	activity_report	lobbyist	2025-01-01	2025-06-30	0.0	0.0	https://lobbying.wi.gov/Who/LobbyistInformation/2025REG/Information/13851
WI-lobbyist-13851-activity-2025-H2	13851	WI	activity_report	lobbyist	2025-07-01	2025-12-31	15.5	1.0	https://lobbying.wi.gov/Who/LobbyistInformation/2025REG/Information/13851
WI-lobbyist-13851-activity-2026-H1	13851	WI	activity_report	lobbyist	2026-01-01	2026-06-30	0.0	0.0	https://lobbying.wi.gov/Who/LobbyistInformation/2025REG/Information/13851
WI-lobbyist-13851-activity-2026-H2	13851	WI	activity_report	lobbyist	2026-07-01	2026-12-31	0.0	0.0	https://lobbying.wi.gov/Who/LobbyistInformation/2025REG/Information/13851
WI-lobbyist-13853-activity-2025-H1	13853	WI	activity_report	lobbyist	2025-01-01	2025-06-30	0.0	0.0	https://lobbying.wi.gov/Who/LobbyistInformation/2025REG/Information/13853
WI-lobbyist-13853-activity-2025-H2	13853	WI	activity_report	lobbyist	2025-07-01	2025-12-31	0.0	0.0	https://lobbying.wi.gov/Who/LobbyistInformation/2025REG/Information/13853
WI-lobbyist-13853-activity-2026-H1	13853	WI	activity_report	lobbyist	2026-01-01	2026-06-30	0.0	0.0	https://lobbying.wi.gov/Who/LobbyistInformation/2025REG/Information/13853
WI-lobbyist-13853-activity-2026-H2	13853	WI	activity_report	lobbyist	2026-07-01	2026-12-31	0.0	0.0	https://lobbying.wi.gov/Who/LobbyistInformation/2025REG/Information/13853
WI-lobbyist-13854-activity-2025-H1	13854	WI	activity_report	lobbyist	2025-01-01	2025-06-30	0.0	0.0	https://lobbying.wi.gov/Who/LobbyistInformation/2025REG/Information/13854
WI-lobbyist-13854-activity-2025-H2	13854	WI	activity_report	lobbyist	2025-07-01	2025-12-31	0.66	0.0	https://lobbying.wi.gov/Who/LobbyistInformation/2025REG/Information/13854
WI-lobbyist-13854-activity-2026-H1	13854	WI	activity_report	lobbyist	2026-01-01	2026-06-30	0.0	0.0	https://lobbying.wi.gov/Who/LobbyistInformation/2025REG/Information/13854
WI-lobbyist-13854-activity-2026-H2	13854	WI	activity_report	lobbyist	2026-07-01	2026-12-31	0.0	0.0	https://lobbying.wi.gov/Who/LobbyistInformation/2025REG/Information/13854
WI-lobbyist-13855-activity-2025-H1	13855	WI	activity_report	lobbyist	2025-01-01	2025-06-30	0.0	0.0	https://lobbying.wi.gov/Who/LobbyistInformation/2025REG/Information/13855
WI-lobbyist-13855-activity-2025-H2	13855	WI	activity_report	lobbyist	2025-07-01	2025-12-31	0.0	0.0	https://lobbying.wi.gov/Who/LobbyistInformation/2025REG/Information/13855
WI-lobbyist-13855-activity-2026-H1	13855	WI	activity_report	lobbyist	2026-01-01	2026-06-30	0.0	0.0	https://lobbying.wi.gov/Who/LobbyistInformation/2025REG/Information/13855
WI-lobbyist-13855-activity-2026-H2	13855	WI	activity_report	lobbyist	2026-07-01	2026-12-31	0.0	0.0	https://lobbying.wi.gov/Who/LobbyistInformation/2025REG/Information/13855
WI-lobbyist-13856-activity-2025-H1	13856	WI	activity_report	lobbyist	2025-01-01	2025-06-30	0.0	0.0	https://lobbying.wi.gov/Who/LobbyistInformation/2025REG/Information/13856
WI-lobbyist-13856-activity-2025-H2	13856	WI	activity_report	lobbyist	2025-07-01	2025-12-31	0.66	0.0	https://lobbying.wi.gov/Who/LobbyistInformation/2025REG/Information/13856
WI-lobbyist-13856-activity-2026-H1	13856	WI	activity_report	lobbyist	2026-01-01	2026-06-30	0.0	0.0	https://lobbying.wi.gov/Who/LobbyistInformation/2025REG/Information/13856
WI-lobbyist-13856-activity-2026-H2	13856	WI	activity_report	lobbyist	2026-07-01	2026-12-31	0.0	0.0	https://lobbying.wi.gov/Who/LobbyistInformation/2025REG/Information/13856
WI-lobbyist-13857-activity-2025-H1	13857	WI	activity_report	lobbyist	2025-01-01	2025-06-30	0.0	0.0	https://lobbying.wi.gov/Who/LobbyistInformation/2025REG/Information/13857
WI-lobbyist-13857-activity-2025-H2	13857	WI	activity_report	lobbyist	2025-07-01	2025-12-31	0.0	0.0	https://lobbying.wi.gov/Who/LobbyistInformation/2025REG/Information/13857
WI-lobbyist-13857-activity-2026-H1	13857	WI	activity_report	lobbyist	2026-01-01	2026-06-30	0.0	0.0	https://lobbying.wi.gov/Who/LobbyistInformation/2025REG/Information/13857
WI-lobbyist-13857-activity-2026-H2	13857	WI	activity_report	lobbyist	2026-07-01	2026-12-31	0.0	0.0	https://lobbying.wi.gov/Who/LobbyistInformation/2025REG/Information/13857
WI-lobbyist-13858-activity-2025-H1	13858	WI	activity_report	lobbyist	2025-01-01	2025-06-30	0.0	0.0	https://lobbying.wi.gov/Who/LobbyistInformation/2025REG/Information/13858
WI-lobbyist-13858-activity-2025-H2	13858	WI	activity_report	lobbyist	2025-07-01	2025-12-31	4.2	31.4	https://lobbying.wi.gov/Who/LobbyistInformation/2025REG/Information/13858
WI-lobbyist-13858-activity-2026-H1	13858	WI	activity_report	lobbyist	2026-01-01	2026-06-30	0.0	0.0	https://lobbying.wi.gov/Who/LobbyistInformation/2025REG/Information/13858
WI-lobbyist-13858-activity-2026-H2	13858	WI	activity_report	lobbyist	2026-07-01	2026-12-31	0.0	0.0	https://lobbying.wi.gov/Who/LobbyistInformation/2025REG/Information/13858
WI-lobbyist-13859-activity-2025-H1	13859	WI	activity_report	lobbyist	2025-01-01	2025-06-30	0.0	0.0	https://lobbying.wi.gov/Who/LobbyistInformation/2025REG/Information/13859
WI-lobbyist-13859-activity-2025-H2	13859	WI	activity_report	lobbyist	2025-07-01	2025-12-31	0.0	0.0	https://lobbying.wi.gov/Who/LobbyistInformation/2025REG/Information/13859
WI-lobbyist-13859-activity-2026-H1	13859	WI	activity_report	lobbyist	2026-01-01	2026-06-30	0.0	0.0	https://lobbying.wi.gov/Who/LobbyistInformation/2025REG/Information/13859
WI-lobbyist-13859-activity-2026-H2	13859	WI	activity_report	lobbyist	2026-07-01	2026-12-31	0.0	0.0	https://lobbying.wi.gov/Who/LobbyistInformation/2025REG/Information/13859
WI-lobbyist-13860-activity-2025-H1	13860	WI	activity_report	lobbyist	2025-01-01	2025-06-30	0.0	0.0	https://lobbying.wi.gov/Who/LobbyistInformation/2025REG/Information/13860
WI-lobbyist-13860-activity-2025-H2	13860	WI	activity_report	lobbyist	2025-07-01	2025-12-31	2.0	27.0	https://lobbying.wi.gov/Who/LobbyistInformation/2025REG/Information/13860
WI-lobbyist-13860-activity-2026-H1	13860	WI	activity_report	lobbyist	2026-01-01	2026-06-30	0.0	0.0	https://lobbying.wi.gov/Who/LobbyistInformation/2025REG/Information/13860
WI-lobbyist-13860-activity-2026-H2	13860	WI	activity_report	lobbyist	2026-07-01	2026-12-31	0.0	0.0	https://lobbying.wi.gov/Who/LobbyistInformation/2025REG/Information/13860
WI-lobbyist-13862-activity-2025-H1	13862	WI	activity_report	lobbyist	2025-01-01	2025-06-30	0.0	0.0	https://lobbying.wi.gov/Who/LobbyistInformation/2025REG/Information/13862
WI-lobbyist-13862-activity-2025-H2	13862	WI	activity_report	lobbyist	2025-07-01	2025-12-31	5.5	0.0	https://lobbying.wi.gov/Who/LobbyistInformation/2025REG/Information/13862
WI-lobbyist-13862-activity-2026-H1	13862	WI	activity_report	lobbyist	2026-01-01	2026-06-30	0.0	0.0	https://lobbying.wi.gov/Who/LobbyistInformation/2025REG/Information/13862
WI-lobbyist-13862-activity-2026-H2	13862	WI	activity_report	lobbyist	2026-07-01	2026-12-31	0.0	0.0	https://lobbying.wi.gov/Who/LobbyistInformation/2025REG/Information/13862
WI-lobbyist-13863-activity-2025-H1	13863	WI	activity_report	lobbyist	2025-01-01	2025-06-30	0.0	0.0	https://lobbying.wi.gov/Who/LobbyistInformation/2025REG/Information/13863
WI-lobbyist-13863-activity-2025-H2	13863	WI	activity_report	lobbyist	2025-07-01	2025-12-31	152.0	0.0	https://lobbying.wi.gov/Who/LobbyistInformation/2025REG/Information/13863
WI-lobbyist-13863-activity-2026-H1	13863	WI	activity_report	lobbyist	2026-01-01	2026-06-30	0.0	0.0	https://lobbying.wi.gov/Who/LobbyistInformation/2025REG/Information/13863
WI-lobbyist-13863-activity-2026-H2	13863	WI	activity_report	lobbyist	2026-07-01	2026-12-31	0.0	0.0	https://lobbying.wi.gov/Who/LobbyistInformation/2025REG/Information/13863
WI-lobbyist-13864-activity-2025-H1	13864	WI	activity_report	lobbyist	2025-01-01	2025-06-30	0.0	0.0	https://lobbying.wi.gov/Who/LobbyistInformation/2025REG/Information/13864
WI-lobbyist-13864-activity-2025-H2	13864	WI	activity_report	lobbyist	2025-07-01	2025-12-31	0.0	0.0	https://lobbying.wi.gov/Who/LobbyistInformation/2025REG/Information/13864
WI-lobbyist-13864-activity-2026-H1	13864	WI	activity_report	lobbyist	2026-01-01	2026-06-30	0.0	0.0	https://lobbying.wi.gov/Who/LobbyistInformation/2025REG/Information/13864
WI-lobbyist-13864-activity-2026-H2	13864	WI	activity_report	lobbyist	2026-07-01	2026-12-31	0.0	0.0	https://lobbying.wi.gov/Who/LobbyistInformation/2025REG/Information/13864
WI-lobbyist-13865-activity-2025-H1	13865	WI	activity_report	lobbyist	2025-01-01	2025-06-30	0.0	0.0	https://lobbying.wi.gov/Who/LobbyistInformation/2025REG/Information/13865
WI-lobbyist-13865-activity-2025-H2	13865	WI	activity_report	lobbyist	2025-07-01	2025-12-31	0.0	0.0	https://lobbying.wi.gov/Who/LobbyistInformation/2025REG/Information/13865
WI-lobbyist-13865-activity-2026-H1	13865	WI	activity_report	lobbyist	2026-01-01	2026-06-30	0.0	0.0	https://lobbying.wi.gov/Who/LobbyistInformation/2025REG/Information/13865
WI-lobbyist-13865-activity-2026-H2	13865	WI	activity_report	lobbyist	2026-07-01	2026-12-31	0.0	0.0	https://lobbying.wi.gov/Who/LobbyistInformation/2025REG/Information/13865
WI-lobbyist-13867-activity-2025-H1	13867	WI	activity_report	lobbyist	2025-01-01	2025-06-30	0.0	0.0	https://lobbying.wi.gov/Who/LobbyistInformation/2025REG/Information/13867
WI-lobbyist-13867-activity-2025-H2	13867	WI	activity_report	lobbyist	2025-07-01	2025-12-31	0.0	0.0	https://lobbying.wi.gov/Who/LobbyistInformation/2025REG/Information/13867
WI-lobbyist-13867-activity-2026-H1	13867	WI	activity_report	lobbyist	2026-01-01	2026-06-30	0.0	0.0	https://lobbying.wi.gov/Who/LobbyistInformation/2025REG/Information/13867
WI-lobbyist-13867-activity-2026-H2	13867	WI	activity_report	lobbyist	2026-07-01	2026-12-31	0.0	0.0	https://lobbying.wi.gov/Who/LobbyistInformation/2025REG/Information/13867
WI-lobbyist-13868-activity-2025-H1	13868	WI	activity_report	lobbyist	2025-01-01	2025-06-30	0.0	0.0	https://lobbying.wi.gov/Who/LobbyistInformation/2025REG/Information/13868
WI-lobbyist-13868-activity-2025-H2	13868	WI	activity_report	lobbyist	2025-07-01	2025-12-31	0.0	0.0	https://lobbying.wi.gov/Who/LobbyistInformation/2025REG/Information/13868
WI-lobbyist-13868-activity-2026-H1	13868	WI	activity_report	lobbyist	2026-01-01	2026-06-30	0.0	0.0	https://lobbying.wi.gov/Who/LobbyistInformation/2025REG/Information/13868
WI-lobbyist-13868-activity-2026-H2	13868	WI	activity_report	lobbyist	2026-07-01	2026-12-31	0.0	0.0	https://lobbying.wi.gov/Who/LobbyistInformation/2025REG/Information/13868
WI-lobbyist-13869-activity-2025-H1	13869	WI	activity_report	lobbyist	2025-01-01	2025-06-30	0.0	0.0	https://lobbying.wi.gov/Who/LobbyistInformation/2025REG/Information/13869
WI-lobbyist-13869-activity-2025-H2	13869	WI	activity_report	lobbyist	2025-07-01	2025-12-31	0.0	0.0	https://lobbying.wi.gov/Who/LobbyistInformation/2025REG/Information/13869
WI-lobbyist-13869-activity-2026-H1	13869	WI	activity_report	lobbyist	2026-01-01	2026-06-30	0.5	1.75	https://lobbying.wi.gov/Who/LobbyistInformation/2025REG/Information/13869
WI-lobbyist-13869-activity-2026-H2	13869	WI	activity_report	lobbyist	2026-07-01	2026-12-31	0.0	0.0	https://lobbying.wi.gov/Who/LobbyistInformation/2025REG/Information/13869
WI-lobbyist-13871-activity-2025-H1	13871	WI	activity_report	lobbyist	2025-01-01	2025-06-30	0.0	0.0	https://lobbying.wi.gov/Who/LobbyistInformation/2025REG/Information/13871
WI-lobbyist-13871-activity-2025-H2	13871	WI	activity_report	lobbyist	2025-07-01	2025-12-31	10.0	7.0	https://lobbying.wi.gov/Who/LobbyistInformation/2025REG/Information/13871
WI-lobbyist-13871-activity-2026-H1	13871	WI	activity_report	lobbyist	2026-01-01	2026-06-30	0.0	0.0	https://lobbying.wi.gov/Who/LobbyistInformation/2025REG/Information/13871
WI-lobbyist-13871-activity-2026-H2	13871	WI	activity_report	lobbyist	2026-07-01	2026-12-31	0.0	0.0	https://lobbying.wi.gov/Who/LobbyistInformation/2025REG/Information/13871
WI-lobbyist-13872-activity-2025-H1	13872	WI	activity_report	lobbyist	2025-01-01	2025-06-30	0.0	0.0	https://lobbying.wi.gov/Who/LobbyistInformation/2025REG/Information/13872
WI-lobbyist-13872-activity-2025-H2	13872	WI	activity_report	lobbyist	2025-07-01	2025-12-31	0.5	7.0	https://lobbying.wi.gov/Who/LobbyistInformation/2025REG/Information/13872
WI-lobbyist-13872-activity-2026-H1	13872	WI	activity_report	lobbyist	2026-01-01	2026-06-30	0.0	0.0	https://lobbying.wi.gov/Who/LobbyistInformation/2025REG/Information/13872
WI-lobbyist-13872-activity-2026-H2	13872	WI	activity_report	lobbyist	2026-07-01	2026-12-31	0.0	0.0	https://lobbying.wi.gov/Who/LobbyistInformation/2025REG/Information/13872
WI-lobbyist-13873-activity-2025-H1	13873	WI	activity_report	lobbyist	2025-01-01	2025-06-30	0.0	0.0	https://lobbying.wi.gov/Who/LobbyistInformation/2025REG/Information/13873
WI-lobbyist-13873-activity-2025-H2	13873	WI	activity_report	lobbyist	2025-07-01	2025-12-31	0.5	0.0	https://lobbying.wi.gov/Who/LobbyistInformation/2025REG/Information/13873
WI-lobbyist-13873-activity-2026-H1	13873	WI	activity_report	lobbyist	2026-01-01	2026-06-30	0.0	0.0	https://lobbying.wi.gov/Who/LobbyistInformation/2025REG/Information/13873
WI-lobbyist-13873-activity-2026-H2	13873	WI	activity_report	lobbyist	2026-07-01	2026-12-31	0.0	0.0	https://lobbying.wi.gov/Who/LobbyistInformation/2025REG/Information/13873
WI-lobbyist-13874-activity-2025-H1	13874	WI	activity_report	lobbyist	2025-01-01	2025-06-30	0.0	0.0	https://lobbying.wi.gov/Who/LobbyistInformation/2025REG/Information/13874
WI-lobbyist-13874-activity-2025-H2	13874	WI	activity_report	lobbyist	2025-07-01	2025-12-31	0.0	0.75	https://lobbying.wi.gov/Who/LobbyistInformation/2025REG/Information/13874
WI-lobbyist-13874-activity-2026-H1	13874	WI	activity_report	lobbyist	2026-01-01	2026-06-30	0.0	0.0	https://lobbying.wi.gov/Who/LobbyistInformation/2025REG/Information/13874
WI-lobbyist-13874-activity-2026-H2	13874	WI	activity_report	lobbyist	2026-07-01	2026-12-31	0.0	0.0	https://lobbying.wi.gov/Who/LobbyistInformation/2025REG/Information/13874
WI-lobbyist-13875-activity-2025-H1	13875	WI	activity_report	lobbyist	2025-01-01	2025-06-30	0.0	0.0	https://lobbying.wi.gov/Who/LobbyistInformation/2025REG/Information/13875
WI-lobbyist-13875-activity-2025-H2	13875	WI	activity_report	lobbyist	2025-07-01	2025-12-31	0.0	5.5	https://lobbying.wi.gov/Who/LobbyistInformation/2025REG/Information/13875
WI-lobbyist-13875-activity-2026-H1	13875	WI	activity_report	lobbyist	2026-01-01	2026-06-30	0.0	0.0	https://lobbying.wi.gov/Who/LobbyistInformation/2025REG/Information/13875
WI-lobbyist-13875-activity-2026-H2	13875	WI	activity_report	lobbyist	2026-07-01	2026-12-31	0.0	0.0	https://lobbying.wi.gov/Who/LobbyistInformation/2025REG/Information/13875
WI-lobbyist-13876-activity-2025-H1	13876	WI	activity_report	lobbyist	2025-01-01	2025-06-30	0.0	0.0	https://lobbying.wi.gov/Who/LobbyistInformation/2025REG/Information/13876
WI-lobbyist-13876-activity-2025-H2	13876	WI	activity_report	lobbyist	2025-07-01	2025-12-31	0.0	0.0	https://lobbying.wi.gov/Who/LobbyistInformation/2025REG/Information/13876
WI-lobbyist-13876-activity-2026-H1	13876	WI	activity_report	lobbyist	2026-01-01	2026-06-30	0.0	0.0	https://lobbying.wi.gov/Who/LobbyistInformation/2025REG/Information/13876
WI-lobbyist-13876-activity-2026-H2	13876	WI	activity_report	lobbyist	2026-07-01	2026-12-31	0.0	0.0	https://lobbying.wi.gov/Who/LobbyistInformation/2025REG/Information/13876
WI-lobbyist-13878-activity-2025-H1	13878	WI	activity_report	lobbyist	2025-01-01	2025-06-30	0.0	0.0	https://lobbying.wi.gov/Who/LobbyistInformation/2025REG/Information/13878
WI-lobbyist-13878-activity-2025-H2	13878	WI	activity_report	lobbyist	2025-07-01	2025-12-31	5.25	0.0	https://lobbying.wi.gov/Who/LobbyistInformation/2025REG/Information/13878
WI-lobbyist-13878-activity-2026-H1	13878	WI	activity_report	lobbyist	2026-01-01	2026-06-30	0.0	0.0	https://lobbying.wi.gov/Who/LobbyistInformation/2025REG/Information/13878
WI-lobbyist-13878-activity-2026-H2	13878	WI	activity_report	lobbyist	2026-07-01	2026-12-31	0.0	0.0	https://lobbying.wi.gov/Who/LobbyistInformation/2025REG/Information/13878
WI-lobbyist-13879-activity-2025-H1	13879	WI	activity_report	lobbyist	2025-01-01	2025-06-30	0.0	0.0	https://lobbying.wi.gov/Who/LobbyistInformation/2025REG/Information/13879
WI-lobbyist-13879-activity-2025-H2	13879	WI	activity_report	lobbyist	2025-07-01	2025-12-31	5.25	0.0	https://lobbying.wi.gov/Who/LobbyistInformation/2025REG/Information/13879
WI-lobbyist-13879-activity-2026-H1	13879	WI	activity_report	lobbyist	2026-01-01	2026-06-30	0.0	0.0	https://lobbying.wi.gov/Who/LobbyistInformation/2025REG/Information/13879
WI-lobbyist-13879-activity-2026-H2	13879	WI	activity_report	lobbyist	2026-07-01	2026-12-31	0.0	0.0	https://lobbying.wi.gov/Who/LobbyistInformation/2025REG/Information/13879
WI-lobbyist-13880-activity-2025-H1	13880	WI	activity_report	lobbyist	2025-01-01	2025-06-30	0.0	0.0	https://lobbying.wi.gov/Who/LobbyistInformation/2025REG/Information/13880
WI-lobbyist-13880-activity-2025-H2	13880	WI	activity_report	lobbyist	2025-07-01	2025-12-31	0.5	10.0	https://lobbying.wi.gov/Who/LobbyistInformation/2025REG/Information/13880
WI-lobbyist-13880-activity-2026-H1	13880	WI	activity_report	lobbyist	2026-01-01	2026-06-30	0.0	0.0	https://lobbying.wi.gov/Who/LobbyistInformation/2025REG/Information/13880
WI-lobbyist-13880-activity-2026-H2	13880	WI	activity_report	lobbyist	2026-07-01	2026-12-31	0.0	0.0	https://lobbying.wi.gov/Who/LobbyistInformation/2025REG/Information/13880
WI-lobbyist-13881-activity-2025-H1	13881	WI	activity_report	lobbyist	2025-01-01	2025-06-30	0.0	0.0	https://lobbying.wi.gov/Who/LobbyistInformation/2025REG/Information/13881
WI-lobbyist-13881-activity-2025-H2	13881	WI	activity_report	lobbyist	2025-07-01	2025-12-31	3.0	3.0	https://lobbying.wi.gov/Who/LobbyistInformation/2025REG/Information/13881
WI-lobbyist-13881-activity-2026-H1	13881	WI	activity_report	lobbyist	2026-01-01	2026-06-30	8.0	12.0	https://lobbying.wi.gov/Who/LobbyistInformation/2025REG/Information/13881
WI-lobbyist-13881-activity-2026-H2	13881	WI	activity_report	lobbyist	2026-07-01	2026-12-31	0.0	0.0	https://lobbying.wi.gov/Who/LobbyistInformation/2025REG/Information/13881
WI-lobbyist-13882-activity-2025-H1	13882	WI	activity_report	lobbyist	2025-01-01	2025-06-30	0.0	0.0	https://lobbying.wi.gov/Who/LobbyistInformation/2025REG/Information/13882
WI-lobbyist-13882-activity-2025-H2	13882	WI	activity_report	lobbyist	2025-07-01	2025-12-31	0.0	4.0	https://lobbying.wi.gov/Who/LobbyistInformation/2025REG/Information/13882
WI-lobbyist-13882-activity-2026-H1	13882	WI	activity_report	lobbyist	2026-01-01	2026-06-30	0.0	0.0	https://lobbying.wi.gov/Who/LobbyistInformation/2025REG/Information/13882
WI-lobbyist-13882-activity-2026-H2	13882	WI	activity_report	lobbyist	2026-07-01	2026-12-31	0.0	0.0	https://lobbying.wi.gov/Who/LobbyistInformation/2025REG/Information/13882
WI-lobbyist-13883-activity-2025-H1	13883	WI	activity_report	lobbyist	2025-01-01	2025-06-30	0.0	0.0	https://lobbying.wi.gov/Who/LobbyistInformation/2025REG/Information/13883
WI-lobbyist-13883-activity-2025-H2	13883	WI	activity_report	lobbyist	2025-07-01	2025-12-31	0.0	0.0	https://lobbying.wi.gov/Who/LobbyistInformation/2025REG/Information/13883
WI-lobbyist-13883-activity-2026-H1	13883	WI	activity_report	lobbyist	2026-01-01	2026-06-30	0.0	0.0	https://lobbying.wi.gov/Who/LobbyistInformation/2025REG/Information/13883
WI-lobbyist-13883-activity-2026-H2	13883	WI	activity_report	lobbyist	2026-07-01	2026-12-31	0.0	0.0	https://lobbying.wi.gov/Who/LobbyistInformation/2025REG/Information/13883
WI-lobbyist-13886-activity-2025-H1	13886	WI	activity_report	lobbyist	2025-01-01	2025-06-30	0.0	0.0	https://lobbying.wi.gov/Who/LobbyistInformation/2025REG/Information/13886
WI-lobbyist-13886-activity-2025-H2	13886	WI	activity_report	lobbyist	2025-07-01	2025-12-31	0.0	0.0	https://lobbying.wi.gov/Who/LobbyistInformation/2025REG/Information/13886
WI-lobbyist-13886-activity-2026-H1	13886	WI	activity_report	lobbyist	2026-01-01	2026-06-30	0.0	0.0	https://lobbying.wi.gov/Who/LobbyistInformation/2025REG/Information/13886
WI-lobbyist-13886-activity-2026-H2	13886	WI	activity_report	lobbyist	2026-07-01	2026-12-31	0.0	0.0	https://lobbying.wi.gov/Who/LobbyistInformation/2025REG/Information/13886
WI-lobbyist-13888-activity-2025-H1	13888	WI	activity_report	lobbyist	2025-01-01	2025-06-30	0.0	0.0	https://lobbying.wi.gov/Who/LobbyistInformation/2025REG/Information/13888
WI-lobbyist-13888-activity-2025-H2	13888	WI	activity_report	lobbyist	2025-07-01	2025-12-31	0.5	0.0	https://lobbying.wi.gov/Who/LobbyistInformation/2025REG/Information/13888
WI-lobbyist-13888-activity-2026-H1	13888	WI	activity_report	lobbyist	2026-01-01	2026-06-30	0.0	0.0	https://lobbying.wi.gov/Who/LobbyistInformation/2025REG/Information/13888
WI-lobbyist-13888-activity-2026-H2	13888	WI	activity_report	lobbyist	2026-07-01	2026-12-31	0.0	0.0	https://lobbying.wi.gov/Who/LobbyistInformation/2025REG/Information/13888
WI-lobbyist-13889-activity-2025-H1	13889	WI	activity_report	lobbyist	2025-01-01	2025-06-30	0.0	0.0	https://lobbying.wi.gov/Who/LobbyistInformation/2025REG/Information/13889
WI-lobbyist-13889-activity-2025-H2	13889	WI	activity_report	lobbyist	2025-07-01	2025-12-31	0.0	0.0	https://lobbying.wi.gov/Who/LobbyistInformation/2025REG/Information/13889
WI-lobbyist-13889-activity-2026-H1	13889	WI	activity_report	lobbyist	2026-01-01	2026-06-30	0.0	0.0	https://lobbying.wi.gov/Who/LobbyistInformation/2025REG/Information/13889
WI-lobbyist-13889-activity-2026-H2	13889	WI	activity_report	lobbyist	2026-07-01	2026-12-31	0.0	0.0	https://lobbying.wi.gov/Who/LobbyistInformation/2025REG/Information/13889
WI-lobbyist-13890-activity-2025-H1	13890	WI	activity_report	lobbyist	2025-01-01	2025-06-30	0.0	0.0	https://lobbying.wi.gov/Who/LobbyistInformation/2025REG/Information/13890
WI-lobbyist-13890-activity-2025-H2	13890	WI	activity_report	lobbyist	2025-07-01	2025-12-31	8.1	8.0	https://lobbying.wi.gov/Who/LobbyistInformation/2025REG/Information/13890
WI-lobbyist-13890-activity-2026-H1	13890	WI	activity_report	lobbyist	2026-01-01	2026-06-30	0.0	0.0	https://lobbying.wi.gov/Who/LobbyistInformation/2025REG/Information/13890
WI-lobbyist-13890-activity-2026-H2	13890	WI	activity_report	lobbyist	2026-07-01	2026-12-31	0.0	0.0	https://lobbying.wi.gov/Who/LobbyistInformation/2025REG/Information/13890
WI-lobbyist-13891-activity-2025-H1	13891	WI	activity_report	lobbyist	2025-01-01	2025-06-30	0.0	0.0	https://lobbying.wi.gov/Who/LobbyistInformation/2025REG/Information/13891
WI-lobbyist-13891-activity-2025-H2	13891	WI	activity_report	lobbyist	2025-07-01	2025-12-31	0.0	0.0	https://lobbying.wi.gov/Who/LobbyistInformation/2025REG/Information/13891
WI-lobbyist-13891-activity-2026-H1	13891	WI	activity_report	lobbyist	2026-01-01	2026-06-30	0.0	0.0	https://lobbying.wi.gov/Who/LobbyistInformation/2025REG/Information/13891
WI-lobbyist-13891-activity-2026-H2	13891	WI	activity_report	lobbyist	2026-07-01	2026-12-31	0.0	0.0	https://lobbying.wi.gov/Who/LobbyistInformation/2025REG/Information/13891
WI-lobbyist-13892-activity-2025-H1	13892	WI	activity_report	lobbyist	2025-01-01	2025-06-30	0.0	0.0	https://lobbying.wi.gov/Who/LobbyistInformation/2025REG/Information/13892
WI-lobbyist-13892-activity-2025-H2	13892	WI	activity_report	lobbyist	2025-07-01	2025-12-31	0.0	0.0	https://lobbying.wi.gov/Who/LobbyistInformation/2025REG/Information/13892
WI-lobbyist-13892-activity-2026-H1	13892	WI	activity_report	lobbyist	2026-01-01	2026-06-30	0.0	0.0	https://lobbying.wi.gov/Who/LobbyistInformation/2025REG/Information/13892
WI-lobbyist-13892-activity-2026-H2	13892	WI	activity_report	lobbyist	2026-07-01	2026-12-31	0.0	0.0	https://lobbying.wi.gov/Who/LobbyistInformation/2025REG/Information/13892
WI-lobbyist-13893-activity-2025-H1	13893	WI	activity_report	lobbyist	2025-01-01	2025-06-30	0.0	0.0	https://lobbying.wi.gov/Who/LobbyistInformation/2025REG/Information/13893
WI-lobbyist-13893-activity-2025-H2	13893	WI	activity_report	lobbyist	2025-07-01	2025-12-31	0.0	0.0	https://lobbying.wi.gov/Who/LobbyistInformation/2025REG/Information/13893
WI-lobbyist-13893-activity-2026-H1	13893	WI	activity_report	lobbyist	2026-01-01	2026-06-30	0.0	0.0	https://lobbying.wi.gov/Who/LobbyistInformation/2025REG/Information/13893
WI-lobbyist-13893-activity-2026-H2	13893	WI	activity_report	lobbyist	2026-07-01	2026-12-31	0.0	0.0	https://lobbying.wi.gov/Who/LobbyistInformation/2025REG/Information/13893
WI-lobbyist-13894-activity-2025-H1	13894	WI	activity_report	lobbyist	2025-01-01	2025-06-30	0.0	0.0	https://lobbying.wi.gov/Who/LobbyistInformation/2025REG/Information/13894
WI-lobbyist-13894-activity-2025-H2	13894	WI	activity_report	lobbyist	2025-07-01	2025-12-31	0.0	0.0	https://lobbying.wi.gov/Who/LobbyistInformation/2025REG/Information/13894
WI-lobbyist-13894-activity-2026-H1	13894	WI	activity_report	lobbyist	2026-01-01	2026-06-30	0.0	0.0	https://lobbying.wi.gov/Who/LobbyistInformation/2025REG/Information/13894
WI-lobbyist-13894-activity-2026-H2	13894	WI	activity_report	lobbyist	2026-07-01	2026-12-31	0.0	0.0	https://lobbying.wi.gov/Who/LobbyistInformation/2025REG/Information/13894
WI-lobbyist-13896-activity-2025-H1	13896	WI	activity_report	lobbyist	2025-01-01	2025-06-30	0.0	0.0	https://lobbying.wi.gov/Who/LobbyistInformation/2025REG/Information/13896
WI-lobbyist-13896-activity-2025-H2	13896	WI	activity_report	lobbyist	2025-07-01	2025-12-31	0.0	0.0	https://lobbying.wi.gov/Who/LobbyistInformation/2025REG/Information/13896
WI-lobbyist-13896-activity-2026-H1	13896	WI	activity_report	lobbyist	2026-01-01	2026-06-30	0.0	0.0	https://lobbying.wi.gov/Who/LobbyistInformation/2025REG/Information/13896
WI-lobbyist-13896-activity-2026-H2	13896	WI	activity_report	lobbyist	2026-07-01	2026-12-31	0.0	0.0	https://lobbying.wi.gov/Who/LobbyistInformation/2025REG/Information/13896
WI-lobbyist-13897-activity-2025-H1	13897	WI	activity_report	lobbyist	2025-01-01	2025-06-30	0.0	0.0	https://lobbying.wi.gov/Who/LobbyistInformation/2025REG/Information/13897
WI-lobbyist-13897-activity-2025-H2	13897	WI	activity_report	lobbyist	2025-07-01	2025-12-31	0.0	0.0	https://lobbying.wi.gov/Who/LobbyistInformation/2025REG/Information/13897
WI-lobbyist-13897-activity-2026-H1	13897	WI	activity_report	lobbyist	2026-01-01	2026-06-30	0.0	0.0	https://lobbying.wi.gov/Who/LobbyistInformation/2025REG/Information/13897
WI-lobbyist-13897-activity-2026-H2	13897	WI	activity_report	lobbyist	2026-07-01	2026-12-31	0.0	0.0	https://lobbying.wi.gov/Who/LobbyistInformation/2025REG/Information/13897
WI-lobbyist-13899-activity-2025-H1	13899	WI	activity_report	lobbyist	2025-01-01	2025-06-30	0.0	0.0	https://lobbying.wi.gov/Who/LobbyistInformation/2025REG/Information/13899
WI-lobbyist-13899-activity-2025-H2	13899	WI	activity_report	lobbyist	2025-07-01	2025-12-31	0.0	0.0	https://lobbying.wi.gov/Who/LobbyistInformation/2025REG/Information/13899
WI-lobbyist-13899-activity-2026-H1	13899	WI	activity_report	lobbyist	2026-01-01	2026-06-30	0.0	0.0	https://lobbying.wi.gov/Who/LobbyistInformation/2025REG/Information/13899
WI-lobbyist-13899-activity-2026-H2	13899	WI	activity_report	lobbyist	2026-07-01	2026-12-31	0.0	0.0	https://lobbying.wi.gov/Who/LobbyistInformation/2025REG/Information/13899
WI-lobbyist-13900-activity-2025-H1	13900	WI	activity_report	lobbyist	2025-01-01	2025-06-30	0.0	0.0	https://lobbying.wi.gov/Who/LobbyistInformation/2025REG/Information/13900
WI-lobbyist-13900-activity-2025-H2	13900	WI	activity_report	lobbyist	2025-07-01	2025-12-31	0.0	0.0	https://lobbying.wi.gov/Who/LobbyistInformation/2025REG/Information/13900
WI-lobbyist-13900-activity-2026-H1	13900	WI	activity_report	lobbyist	2026-01-01	2026-06-30	0.0	0.0	https://lobbying.wi.gov/Who/LobbyistInformation/2025REG/Information/13900
WI-lobbyist-13900-activity-2026-H2	13900	WI	activity_report	lobbyist	2026-07-01	2026-12-31	0.0	0.0	https://lobbying.wi.gov/Who/LobbyistInformation/2025REG/Information/13900
WI-lobbyist-13901-activity-2025-H1	13901	WI	activity_report	lobbyist	2025-01-01	2025-06-30	0.0	0.0	https://lobbying.wi.gov/Who/LobbyistInformation/2025REG/Information/13901
WI-lobbyist-13901-activity-2025-H2	13901	WI	activity_report	lobbyist	2025-07-01	2025-12-31	0.0	0.0	https://lobbying.wi.gov/Who/LobbyistInformation/2025REG/Information/13901
WI-lobbyist-13901-activity-2026-H1	13901	WI	activity_report	lobbyist	2026-01-01	2026-06-30	0.0	0.0	https://lobbying.wi.gov/Who/LobbyistInformation/2025REG/Information/13901
WI-lobbyist-13901-activity-2026-H2	13901	WI	activity_report	lobbyist	2026-07-01	2026-12-31	0.0	0.0	https://lobbying.wi.gov/Who/LobbyistInformation/2025REG/Information/13901
WI-lobbyist-13903-activity-2025-H1	13903	WI	activity_report	lobbyist	2025-01-01	2025-06-30	0.0	0.0	https://lobbying.wi.gov/Who/LobbyistInformation/2025REG/Information/13903
WI-lobbyist-13903-activity-2025-H2	13903	WI	activity_report	lobbyist	2025-07-01	2025-12-31	0.0	0.0	https://lobbying.wi.gov/Who/LobbyistInformation/2025REG/Information/13903
WI-lobbyist-13903-activity-2026-H1	13903	WI	activity_report	lobbyist	2026-01-01	2026-06-30	0.0	0.0	https://lobbying.wi.gov/Who/LobbyistInformation/2025REG/Information/13903
WI-lobbyist-13903-activity-2026-H2	13903	WI	activity_report	lobbyist	2026-07-01	2026-12-31	0.0	0.0	https://lobbying.wi.gov/Who/LobbyistInformation/2025REG/Information/13903
WI-lobbyist-13904-activity-2025-H1	13904	WI	activity_report	lobbyist	2025-01-01	2025-06-30	0.0	0.0	https://lobbying.wi.gov/Who/LobbyistInformation/2025REG/Information/13904
WI-lobbyist-13904-activity-2025-H2	13904	WI	activity_report	lobbyist	2025-07-01	2025-12-31	0.0	0.0	https://lobbying.wi.gov/Who/LobbyistInformation/2025REG/Information/13904
WI-lobbyist-13904-activity-2026-H1	13904	WI	activity_report	lobbyist	2026-01-01	2026-06-30	0.0	0.0	https://lobbying.wi.gov/Who/LobbyistInformation/2025REG/Information/13904
WI-lobbyist-13904-activity-2026-H2	13904	WI	activity_report	lobbyist	2026-07-01	2026-12-31	0.0	0.0	https://lobbying.wi.gov/Who/LobbyistInformation/2025REG/Information/13904
WI-lobbyist-13905-activity-2025-H1	13905	WI	activity_report	lobbyist	2025-01-01	2025-06-30	0.0	0.0	https://lobbying.wi.gov/Who/LobbyistInformation/2025REG/Information/13905
WI-lobbyist-13905-activity-2025-H2	13905	WI	activity_report	lobbyist	2025-07-01	2025-12-31	0.0	0.0	https://lobbying.wi.gov/Who/LobbyistInformation/2025REG/Information/13905
WI-lobbyist-13905-activity-2026-H1	13905	WI	activity_report	lobbyist	2026-01-01	2026-06-30	0.0	0.0	https://lobbying.wi.gov/Who/LobbyistInformation/2025REG/Information/13905
WI-lobbyist-13905-activity-2026-H2	13905	WI	activity_report	lobbyist	2026-07-01	2026-12-31	0.0	0.0	https://lobbying.wi.gov/Who/LobbyistInformation/2025REG/Information/13905
WI-lobbyist-13907-activity-2025-H1	13907	WI	activity_report	lobbyist	2025-01-01	2025-06-30	0.0	0.0	https://lobbying.wi.gov/Who/LobbyistInformation/2025REG/Information/13907
WI-lobbyist-13907-activity-2025-H2	13907	WI	activity_report	lobbyist	2025-07-01	2025-12-31	0.0	0.0	https://lobbying.wi.gov/Who/LobbyistInformation/2025REG/Information/13907
WI-lobbyist-13907-activity-2026-H1	13907	WI	activity_report	lobbyist	2026-01-01	2026-06-30	0.0	0.0	https://lobbying.wi.gov/Who/LobbyistInformation/2025REG/Information/13907
WI-lobbyist-13907-activity-2026-H2	13907	WI	activity_report	lobbyist	2026-07-01	2026-12-31	0.0	0.0	https://lobbying.wi.gov/Who/LobbyistInformation/2025REG/Information/13907
WI-lobbyist-13912-activity-2025-H1	13912	WI	activity_report	lobbyist	2025-01-01	2025-06-30	0.0	0.0	https://lobbying.wi.gov/Who/LobbyistInformation/2025REG/Information/13912
WI-lobbyist-13912-activity-2025-H2	13912	WI	activity_report	lobbyist	2025-07-01	2025-12-31	0.0	0.0	https://lobbying.wi.gov/Who/LobbyistInformation/2025REG/Information/13912
WI-lobbyist-13912-activity-2026-H1	13912	WI	activity_report	lobbyist	2026-01-01	2026-06-30	0.0	2.0	https://lobbying.wi.gov/Who/LobbyistInformation/2025REG/Information/13912
WI-lobbyist-13912-activity-2026-H2	13912	WI	activity_report	lobbyist	2026-07-01	2026-12-31	0.0	0.0	https://lobbying.wi.gov/Who/LobbyistInformation/2025REG/Information/13912
WI-lobbyist-13913-activity-2025-H1	13913	WI	activity_report	lobbyist	2025-01-01	2025-06-30	0.0	0.0	https://lobbying.wi.gov/Who/LobbyistInformation/2025REG/Information/13913
WI-lobbyist-13913-activity-2025-H2	13913	WI	activity_report	lobbyist	2025-07-01	2025-12-31	0.0	0.0	https://lobbying.wi.gov/Who/LobbyistInformation/2025REG/Information/13913
WI-lobbyist-13913-activity-2026-H1	13913	WI	activity_report	lobbyist	2026-01-01	2026-06-30	0.0	0.0	https://lobbying.wi.gov/Who/LobbyistInformation/2025REG/Information/13913
WI-lobbyist-13913-activity-2026-H2	13913	WI	activity_report	lobbyist	2026-07-01	2026-12-31	0.0	0.0	https://lobbying.wi.gov/Who/LobbyistInformation/2025REG/Information/13913
WI-lobbyist-13914-activity-2025-H1	13914	WI	activity_report	lobbyist	2025-01-01	2025-06-30	0.0	0.0	https://lobbying.wi.gov/Who/LobbyistInformation/2025REG/Information/13914
WI-lobbyist-13914-activity-2025-H2	13914	WI	activity_report	lobbyist	2025-07-01	2025-12-31	0.0	0.0	https://lobbying.wi.gov/Who/LobbyistInformation/2025REG/Information/13914
WI-lobbyist-13914-activity-2026-H1	13914	WI	activity_report	lobbyist	2026-01-01	2026-06-30	0.0	0.0	https://lobbying.wi.gov/Who/LobbyistInformation/2025REG/Information/13914
WI-lobbyist-13914-activity-2026-H2	13914	WI	activity_report	lobbyist	2026-07-01	2026-12-31	0.0	0.0	https://lobbying.wi.gov/Who/LobbyistInformation/2025REG/Information/13914
WI-lobbyist-13918-activity-2025-H1	13918	WI	activity_report	lobbyist	2025-01-01	2025-06-30	0.0	0.0	https://lobbying.wi.gov/Who/LobbyistInformation/2025REG/Information/13918
WI-lobbyist-13918-activity-2025-H2	13918	WI	activity_report	lobbyist	2025-07-01	2025-12-31	0.0	0.0	https://lobbying.wi.gov/Who/LobbyistInformation/2025REG/Information/13918
WI-lobbyist-13918-activity-2026-H1	13918	WI	activity_report	lobbyist	2026-01-01	2026-06-30	0.0	0.0	https://lobbying.wi.gov/Who/LobbyistInformation/2025REG/Information/13918
WI-lobbyist-13918-activity-2026-H2	13918	WI	activity_report	lobbyist	2026-07-01	2026-12-31	0.0	0.0	https://lobbying.wi.gov/Who/LobbyistInformation/2025REG/Information/13918
WI-lobbyist-13920-activity-2025-H1	13920	WI	activity_report	lobbyist	2025-01-01	2025-06-30	0.0	0.0	https://lobbying.wi.gov/Who/LobbyistInformation/2025REG/Information/13920
WI-lobbyist-13920-activity-2025-H2	13920	WI	activity_report	lobbyist	2025-07-01	2025-12-31	0.0	0.0	https://lobbying.wi.gov/Who/LobbyistInformation/2025REG/Information/13920
WI-lobbyist-13920-activity-2026-H1	13920	WI	activity_report	lobbyist	2026-01-01	2026-06-30	0.0	0.0	https://lobbying.wi.gov/Who/LobbyistInformation/2025REG/Information/13920
WI-lobbyist-13920-activity-2026-H2	13920	WI	activity_report	lobbyist	2026-07-01	2026-12-31	0.0	0.0	https://lobbying.wi.gov/Who/LobbyistInformation/2025REG/Information/13920
WI-lobbyist-13921-activity-2025-H1	13921	WI	activity_report	lobbyist	2025-01-01	2025-06-30	0.0	0.0	https://lobbying.wi.gov/Who/LobbyistInformation/2025REG/Information/13921
WI-lobbyist-13921-activity-2025-H2	13921	WI	activity_report	lobbyist	2025-07-01	2025-12-31	0.0	0.0	https://lobbying.wi.gov/Who/LobbyistInformation/2025REG/Information/13921
WI-lobbyist-13921-activity-2026-H1	13921	WI	activity_report	lobbyist	2026-01-01	2026-06-30	0.0	0.0	https://lobbying.wi.gov/Who/LobbyistInformation/2025REG/Information/13921
WI-lobbyist-13921-activity-2026-H2	13921	WI	activity_report	lobbyist	2026-07-01	2026-12-31	0.0	0.0	https://lobbying.wi.gov/Who/LobbyistInformation/2025REG/Information/13921
WI-lobbyist-13922-activity-2025-H1	13922	WI	activity_report	lobbyist	2025-01-01	2025-06-30	0.0	0.0	https://lobbying.wi.gov/Who/LobbyistInformation/2025REG/Information/13922
WI-lobbyist-13922-activity-2025-H2	13922	WI	activity_report	lobbyist	2025-07-01	2025-12-31	0.0	0.0	https://lobbying.wi.gov/Who/LobbyistInformation/2025REG/Information/13922
WI-lobbyist-13922-activity-2026-H1	13922	WI	activity_report	lobbyist	2026-01-01	2026-06-30	0.0	0.0	https://lobbying.wi.gov/Who/LobbyistInformation/2025REG/Information/13922
WI-lobbyist-13922-activity-2026-H2	13922	WI	activity_report	lobbyist	2026-07-01	2026-12-31	0.0	0.0	https://lobbying.wi.gov/Who/LobbyistInformation/2025REG/Information/13922
WI-lobbyist-13923-activity-2025-H1	13923	WI	activity_report	lobbyist	2025-01-01	2025-06-30	0.0	0.0	https://lobbying.wi.gov/Who/LobbyistInformation/2025REG/Information/13923
WI-lobbyist-13923-activity-2025-H2	13923	WI	activity_report	lobbyist	2025-07-01	2025-12-31	0.0	0.0	https://lobbying.wi.gov/Who/LobbyistInformation/2025REG/Information/13923
WI-lobbyist-13923-activity-2026-H1	13923	WI	activity_report	lobbyist	2026-01-01	2026-06-30	0.0	0.0	https://lobbying.wi.gov/Who/LobbyistInformation/2025REG/Information/13923
WI-lobbyist-13923-activity-2026-H2	13923	WI	activity_report	lobbyist	2026-07-01	2026-12-31	0.0	0.0	https://lobbying.wi.gov/Who/LobbyistInformation/2025REG/Information/13923
WI-lobbyist-13928-activity-2025-H1	13928	WI	activity_report	lobbyist	2025-01-01	2025-06-30	0.0	0.0	https://lobbying.wi.gov/Who/LobbyistInformation/2025REG/Information/13928
WI-lobbyist-13928-activity-2025-H2	13928	WI	activity_report	lobbyist	2025-07-01	2025-12-31	0.0	0.0	https://lobbying.wi.gov/Who/LobbyistInformation/2025REG/Information/13928
WI-lobbyist-13928-activity-2026-H1	13928	WI	activity_report	lobbyist	2026-01-01	2026-06-30	0.0	0.0	https://lobbying.wi.gov/Who/LobbyistInformation/2025REG/Information/13928
WI-lobbyist-13928-activity-2026-H2	13928	WI	activity_report	lobbyist	2026-07-01	2026-12-31	0.0	0.0	https://lobbying.wi.gov/Who/LobbyistInformation/2025REG/Information/13928
WI-lobbyist-13929-activity-2025-H1	13929	WI	activity_report	lobbyist	2025-01-01	2025-06-30	0.0	0.0	https://lobbying.wi.gov/Who/LobbyistInformation/2025REG/Information/13929
WI-lobbyist-13929-activity-2025-H2	13929	WI	activity_report	lobbyist	2025-07-01	2025-12-31	0.0	0.0	https://lobbying.wi.gov/Who/LobbyistInformation/2025REG/Information/13929
WI-lobbyist-13929-activity-2026-H1	13929	WI	activity_report	lobbyist	2026-01-01	2026-06-30	0.0	0.0	https://lobbying.wi.gov/Who/LobbyistInformation/2025REG/Information/13929
WI-lobbyist-13929-activity-2026-H2	13929	WI	activity_report	lobbyist	2026-07-01	2026-12-31	0.0	0.0	https://lobbying.wi.gov/Who/LobbyistInformation/2025REG/Information/13929
WI-lobbyist-13931-activity-2025-H1	13931	WI	activity_report	lobbyist	2025-01-01	2025-06-30	0.0	0.0	https://lobbying.wi.gov/Who/LobbyistInformation/2025REG/Information/13931
WI-lobbyist-13931-activity-2025-H2	13931	WI	activity_report	lobbyist	2025-07-01	2025-12-31	0.0	0.0	https://lobbying.wi.gov/Who/LobbyistInformation/2025REG/Information/13931
WI-lobbyist-13931-activity-2026-H1	13931	WI	activity_report	lobbyist	2026-01-01	2026-06-30	0.0	0.0	https://lobbying.wi.gov/Who/LobbyistInformation/2025REG/Information/13931
WI-lobbyist-13931-activity-2026-H2	13931	WI	activity_report	lobbyist	2026-07-01	2026-12-31	0.0	0.0	https://lobbying.wi.gov/Who/LobbyistInformation/2025REG/Information/13931
WI-lobbyist-13932-activity-2025-H1	13932	WI	activity_report	lobbyist	2025-01-01	2025-06-30	0.0	0.0	https://lobbying.wi.gov/Who/LobbyistInformation/2025REG/Information/13932
WI-lobbyist-13932-activity-2025-H2	13932	WI	activity_report	lobbyist	2025-07-01	2025-12-31	0.0	0.0	https://lobbying.wi.gov/Who/LobbyistInformation/2025REG/Information/13932
WI-lobbyist-13932-activity-2026-H1	13932	WI	activity_report	lobbyist	2026-01-01	2026-06-30	0.0	0.0	https://lobbying.wi.gov/Who/LobbyistInformation/2025REG/Information/13932
WI-lobbyist-13932-activity-2026-H2	13932	WI	activity_report	lobbyist	2026-07-01	2026-12-31	0.0	0.0	https://lobbying.wi.gov/Who/LobbyistInformation/2025REG/Information/13932
WI-lobbyist-13933-activity-2025-H1	13933	WI	activity_report	lobbyist	2025-01-01	2025-06-30	0.0	0.0	https://lobbying.wi.gov/Who/LobbyistInformation/2025REG/Information/13933
WI-lobbyist-13933-activity-2025-H2	13933	WI	activity_report	lobbyist	2025-07-01	2025-12-31	0.0	0.0	https://lobbying.wi.gov/Who/LobbyistInformation/2025REG/Information/13933
WI-lobbyist-13933-activity-2026-H1	13933	WI	activity_report	lobbyist	2026-01-01	2026-06-30	2.5	0.0	https://lobbying.wi.gov/Who/LobbyistInformation/2025REG/Information/13933
WI-lobbyist-13933-activity-2026-H2	13933	WI	activity_report	lobbyist	2026-07-01	2026-12-31	0.0	0.0	https://lobbying.wi.gov/Who/LobbyistInformation/2025REG/Information/13933
WI-lobbyist-13935-activity-2025-H1	13935	WI	activity_report	lobbyist	2025-01-01	2025-06-30	0.0	0.0	https://lobbying.wi.gov/Who/LobbyistInformation/2025REG/Information/13935
WI-lobbyist-13935-activity-2025-H2	13935	WI	activity_report	lobbyist	2025-07-01	2025-12-31	0.0	0.0	https://lobbying.wi.gov/Who/LobbyistInformation/2025REG/Information/13935
WI-lobbyist-13935-activity-2026-H1	13935	WI	activity_report	lobbyist	2026-01-01	2026-06-30	0.0	0.0	https://lobbying.wi.gov/Who/LobbyistInformation/2025REG/Information/13935
WI-lobbyist-13935-activity-2026-H2	13935	WI	activity_report	lobbyist	2026-07-01	2026-12-31	0.0	0.0	https://lobbying.wi.gov/Who/LobbyistInformation/2025REG/Information/13935
WI-lobbyist-13936-activity-2025-H1	13936	WI	activity_report	lobbyist	2025-01-01	2025-06-30	0.0	0.0	https://lobbying.wi.gov/Who/LobbyistInformation/2025REG/Information/13936
WI-lobbyist-13936-activity-2025-H2	13936	WI	activity_report	lobbyist	2025-07-01	2025-12-31	0.0	0.0	https://lobbying.wi.gov/Who/LobbyistInformation/2025REG/Information/13936
WI-lobbyist-13936-activity-2026-H1	13936	WI	activity_report	lobbyist	2026-01-01	2026-06-30	0.0	0.0	https://lobbying.wi.gov/Who/LobbyistInformation/2025REG/Information/13936
WI-lobbyist-13936-activity-2026-H2	13936	WI	activity_report	lobbyist	2026-07-01	2026-12-31	0.0	0.0	https://lobbying.wi.gov/Who/LobbyistInformation/2025REG/Information/13936
WI-lobbyist-13937-activity-2025-H1	13937	WI	activity_report	lobbyist	2025-01-01	2025-06-30	0.0	0.0	https://lobbying.wi.gov/Who/LobbyistInformation/2025REG/Information/13937
WI-lobbyist-13937-activity-2025-H2	13937	WI	activity_report	lobbyist	2025-07-01	2025-12-31	0.0	0.0	https://lobbying.wi.gov/Who/LobbyistInformation/2025REG/Information/13937
WI-lobbyist-13937-activity-2026-H1	13937	WI	activity_report	lobbyist	2026-01-01	2026-06-30	0.0	0.0	https://lobbying.wi.gov/Who/LobbyistInformation/2025REG/Information/13937
WI-lobbyist-13937-activity-2026-H2	13937	WI	activity_report	lobbyist	2026-07-01	2026-12-31	0.0	0.0	https://lobbying.wi.gov/Who/LobbyistInformation/2025REG/Information/13937
WI-lobbyist-13939-activity-2025-H1	13939	WI	activity_report	lobbyist	2025-01-01	2025-06-30	0.0	0.0	https://lobbying.wi.gov/Who/LobbyistInformation/2025REG/Information/13939
WI-lobbyist-13939-activity-2025-H2	13939	WI	activity_report	lobbyist	2025-07-01	2025-12-31	0.0	0.0	https://lobbying.wi.gov/Who/LobbyistInformation/2025REG/Information/13939
WI-lobbyist-13939-activity-2026-H1	13939	WI	activity_report	lobbyist	2026-01-01	2026-06-30	0.0	0.0	https://lobbying.wi.gov/Who/LobbyistInformation/2025REG/Information/13939
WI-lobbyist-13939-activity-2026-H2	13939	WI	activity_report	lobbyist	2026-07-01	2026-12-31	0.0	0.0	https://lobbying.wi.gov/Who/LobbyistInformation/2025REG/Information/13939
WI-lobbyist-13940-activity-2025-H1	13940	WI	activity_report	lobbyist	2025-01-01	2025-06-30	0.0	0.0	https://lobbying.wi.gov/Who/LobbyistInformation/2025REG/Information/13940
WI-lobbyist-13940-activity-2025-H2	13940	WI	activity_report	lobbyist	2025-07-01	2025-12-31	0.0	0.0	https://lobbying.wi.gov/Who/LobbyistInformation/2025REG/Information/13940
WI-lobbyist-13940-activity-2026-H1	13940	WI	activity_report	lobbyist	2026-01-01	2026-06-30	0.0	0.0	https://lobbying.wi.gov/Who/LobbyistInformation/2025REG/Information/13940
WI-lobbyist-13940-activity-2026-H2	13940	WI	activity_report	lobbyist	2026-07-01	2026-12-31	0.0	0.0	https://lobbying.wi.gov/Who/LobbyistInformation/2025REG/Information/13940
WI-lobbyist-13941-activity-2025-H1	13941	WI	activity_report	lobbyist	2025-01-01	2025-06-30	0.0	0.0	https://lobbying.wi.gov/Who/LobbyistInformation/2025REG/Information/13941
WI-lobbyist-13941-activity-2025-H2	13941	WI	activity_report	lobbyist	2025-07-01	2025-12-31	0.0	0.0	https://lobbying.wi.gov/Who/LobbyistInformation/2025REG/Information/13941
WI-lobbyist-13941-activity-2026-H1	13941	WI	activity_report	lobbyist	2026-01-01	2026-06-30	0.0	0.0	https://lobbying.wi.gov/Who/LobbyistInformation/2025REG/Information/13941
WI-lobbyist-13941-activity-2026-H2	13941	WI	activity_report	lobbyist	2026-07-01	2026-12-31	0.0	0.0	https://lobbying.wi.gov/Who/LobbyistInformation/2025REG/Information/13941
WI-lobbyist-13942-activity-2025-H1	13942	WI	activity_report	lobbyist	2025-01-01	2025-06-30	0.0	0.0	https://lobbying.wi.gov/Who/LobbyistInformation/2025REG/Information/13942
WI-lobbyist-13942-activity-2025-H2	13942	WI	activity_report	lobbyist	2025-07-01	2025-12-31	0.0	0.0	https://lobbying.wi.gov/Who/LobbyistInformation/2025REG/Information/13942
WI-lobbyist-13942-activity-2026-H1	13942	WI	activity_report	lobbyist	2026-01-01	2026-06-30	0.0	0.0	https://lobbying.wi.gov/Who/LobbyistInformation/2025REG/Information/13942
WI-lobbyist-13942-activity-2026-H2	13942	WI	activity_report	lobbyist	2026-07-01	2026-12-31	0.0	0.0	https://lobbying.wi.gov/Who/LobbyistInformation/2025REG/Information/13942
WI-lobbyist-13943-activity-2025-H1	13943	WI	activity_report	lobbyist	2025-01-01	2025-06-30	0.0	0.0	https://lobbying.wi.gov/Who/LobbyistInformation/2025REG/Information/13943
WI-lobbyist-13943-activity-2025-H2	13943	WI	activity_report	lobbyist	2025-07-01	2025-12-31	0.0	0.0	https://lobbying.wi.gov/Who/LobbyistInformation/2025REG/Information/13943
WI-lobbyist-13943-activity-2026-H1	13943	WI	activity_report	lobbyist	2026-01-01	2026-06-30	0.0	0.0	https://lobbying.wi.gov/Who/LobbyistInformation/2025REG/Information/13943
WI-lobbyist-13943-activity-2026-H2	13943	WI	activity_report	lobbyist	2026-07-01	2026-12-31	0.0	0.0	https://lobbying.wi.gov/Who/LobbyistInformation/2025REG/Information/13943
WI-lobbyist-13944-activity-2025-H1	13944	WI	activity_report	lobbyist	2025-01-01	2025-06-30	0.0	0.0	https://lobbying.wi.gov/Who/LobbyistInformation/2025REG/Information/13944
WI-lobbyist-13944-activity-2025-H2	13944	WI	activity_report	lobbyist	2025-07-01	2025-12-31	0.0	0.0	https://lobbying.wi.gov/Who/LobbyistInformation/2025REG/Information/13944
WI-lobbyist-13944-activity-2026-H1	13944	WI	activity_report	lobbyist	2026-01-01	2026-06-30	0.0	0.0	https://lobbying.wi.gov/Who/LobbyistInformation/2025REG/Information/13944
WI-lobbyist-13944-activity-2026-H2	13944	WI	activity_report	lobbyist	2026-07-01	2026-12-31	0.0	0.0	https://lobbying.wi.gov/Who/LobbyistInformation/2025REG/Information/13944
WI-lobbyist-13945-activity-2025-H1	13945	WI	activity_report	lobbyist	2025-01-01	2025-06-30	0.0	0.0	https://lobbying.wi.gov/Who/LobbyistInformation/2025REG/Information/13945
WI-lobbyist-13945-activity-2025-H2	13945	WI	activity_report	lobbyist	2025-07-01	2025-12-31	0.0	0.0	https://lobbying.wi.gov/Who/LobbyistInformation/2025REG/Information/13945
WI-lobbyist-13945-activity-2026-H1	13945	WI	activity_report	lobbyist	2026-01-01	2026-06-30	0.0	0.0	https://lobbying.wi.gov/Who/LobbyistInformation/2025REG/Information/13945
WI-lobbyist-13945-activity-2026-H2	13945	WI	activity_report	lobbyist	2026-07-01	2026-12-31	0.0	0.0	https://lobbying.wi.gov/Who/LobbyistInformation/2025REG/Information/13945
WI-lobbyist-13947-activity-2025-H1	13947	WI	activity_report	lobbyist	2025-01-01	2025-06-30	0.0	0.0	https://lobbying.wi.gov/Who/LobbyistInformation/2025REG/Information/13947
WI-lobbyist-13947-activity-2025-H2	13947	WI	activity_report	lobbyist	2025-07-01	2025-12-31	0.0	0.0	https://lobbying.wi.gov/Who/LobbyistInformation/2025REG/Information/13947
WI-lobbyist-13947-activity-2026-H1	13947	WI	activity_report	lobbyist	2026-01-01	2026-06-30	7.0	0.0	https://lobbying.wi.gov/Who/LobbyistInformation/2025REG/Information/13947
WI-lobbyist-13947-activity-2026-H2	13947	WI	activity_report	lobbyist	2026-07-01	2026-12-31	0.0	0.0	https://lobbying.wi.gov/Who/LobbyistInformation/2025REG/Information/13947
WI-lobbyist-13948-activity-2025-H1	13948	WI	activity_report	lobbyist	2025-01-01	2025-06-30	0.0	0.0	https://lobbying.wi.gov/Who/LobbyistInformation/2025REG/Information/13948
WI-lobbyist-13948-activity-2025-H2	13948	WI	activity_report	lobbyist	2025-07-01	2025-12-31	0.0	0.0	https://lobbying.wi.gov/Who/LobbyistInformation/2025REG/Information/13948
WI-lobbyist-13948-activity-2026-H1	13948	WI	activity_report	lobbyist	2026-01-01	2026-06-30	0.0	0.0	https://lobbying.wi.gov/Who/LobbyistInformation/2025REG/Information/13948
WI-lobbyist-13948-activity-2026-H2	13948	WI	activity_report	lobbyist	2026-07-01	2026-12-31	0.0	0.0	https://lobbying.wi.gov/Who/LobbyistInformation/2025REG/Information/13948
WI-lobbyist-13949-activity-2025-H1	13949	WI	activity_report	lobbyist	2025-01-01	2025-06-30	0.0	0.0	https://lobbying.wi.gov/Who/LobbyistInformation/2025REG/Information/13949
WI-lobbyist-13949-activity-2025-H2	13949	WI	activity_report	lobbyist	2025-07-01	2025-12-31	0.0	0.0	https://lobbying.wi.gov/Who/LobbyistInformation/2025REG/Information/13949
WI-lobbyist-13949-activity-2026-H1	13949	WI	activity_report	lobbyist	2026-01-01	2026-06-30	0.0	0.0	https://lobbying.wi.gov/Who/LobbyistInformation/2025REG/Information/13949
WI-lobbyist-13949-activity-2026-H2	13949	WI	activity_report	lobbyist	2026-07-01	2026-12-31	0.0	0.0	https://lobbying.wi.gov/Who/LobbyistInformation/2025REG/Information/13949
WI-lobbyist-13950-activity-2025-H1	13950	WI	activity_report	lobbyist	2025-01-01	2025-06-30	0.0	0.0	https://lobbying.wi.gov/Who/LobbyistInformation/2025REG/Information/13950
WI-lobbyist-13950-activity-2025-H2	13950	WI	activity_report	lobbyist	2025-07-01	2025-12-31	0.0	0.0	https://lobbying.wi.gov/Who/LobbyistInformation/2025REG/Information/13950
WI-lobbyist-13950-activity-2026-H1	13950	WI	activity_report	lobbyist	2026-01-01	2026-06-30	0.0	0.0	https://lobbying.wi.gov/Who/LobbyistInformation/2025REG/Information/13950
WI-lobbyist-13950-activity-2026-H2	13950	WI	activity_report	lobbyist	2026-07-01	2026-12-31	0.0	0.0	https://lobbying.wi.gov/Who/LobbyistInformation/2025REG/Information/13950
WI-lobbyist-13951-activity-2025-H1	13951	WI	activity_report	lobbyist	2025-01-01	2025-06-30	0.0	0.0	https://lobbying.wi.gov/Who/LobbyistInformation/2025REG/Information/13951
WI-lobbyist-13951-activity-2025-H2	13951	WI	activity_report	lobbyist	2025-07-01	2025-12-31	0.0	0.0	https://lobbying.wi.gov/Who/LobbyistInformation/2025REG/Information/13951
WI-lobbyist-13951-activity-2026-H1	13951	WI	activity_report	lobbyist	2026-01-01	2026-06-30	0.0	0.0	https://lobbying.wi.gov/Who/LobbyistInformation/2025REG/Information/13951
WI-lobbyist-13951-activity-2026-H2	13951	WI	activity_report	lobbyist	2026-07-01	2026-12-31	0.0	0.0	https://lobbying.wi.gov/Who/LobbyistInformation/2025REG/Information/13951
WI-lobbyist-13952-activity-2025-H1	13952	WI	activity_report	lobbyist	2025-01-01	2025-06-30	0.0	0.0	https://lobbying.wi.gov/Who/LobbyistInformation/2025REG/Information/13952
WI-lobbyist-13952-activity-2025-H2	13952	WI	activity_report	lobbyist	2025-07-01	2025-12-31	0.0	0.0	https://lobbying.wi.gov/Who/LobbyistInformation/2025REG/Information/13952
WI-lobbyist-13952-activity-2026-H1	13952	WI	activity_report	lobbyist	2026-01-01	2026-06-30	0.0	0.0	https://lobbying.wi.gov/Who/LobbyistInformation/2025REG/Information/13952
WI-lobbyist-13952-activity-2026-H2	13952	WI	activity_report	lobbyist	2026-07-01	2026-12-31	0.0	0.0	https://lobbying.wi.gov/Who/LobbyistInformation/2025REG/Information/13952
WI-lobbyist-13954-activity-2025-H1	13954	WI	activity_report	lobbyist	2025-01-01	2025-06-30	0.0	0.0	https://lobbying.wi.gov/Who/LobbyistInformation/2025REG/Information/13954
WI-lobbyist-13954-activity-2025-H2	13954	WI	activity_report	lobbyist	2025-07-01	2025-12-31	0.0	0.0	https://lobbying.wi.gov/Who/LobbyistInformation/2025REG/Information/13954
WI-lobbyist-13954-activity-2026-H1	13954	WI	activity_report	lobbyist	2026-01-01	2026-06-30	0.0	0.0	https://lobbying.wi.gov/Who/LobbyistInformation/2025REG/Information/13954
WI-lobbyist-13954-activity-2026-H2	13954	WI	activity_report	lobbyist	2026-07-01	2026-12-31	0.0	0.0	https://lobbying.wi.gov/Who/LobbyistInformation/2025REG/Information/13954
WI-lobbyist-13955-activity-2025-H1	13955	WI	activity_report	lobbyist	2025-01-01	2025-06-30	0.0	0.0	https://lobbying.wi.gov/Who/LobbyistInformation/2025REG/Information/13955
WI-lobbyist-13955-activity-2025-H2	13955	WI	activity_report	lobbyist	2025-07-01	2025-12-31	0.0	0.0	https://lobbying.wi.gov/Who/LobbyistInformation/2025REG/Information/13955
WI-lobbyist-13955-activity-2026-H1	13955	WI	activity_report	lobbyist	2026-01-01	2026-06-30	0.0	0.0	https://lobbying.wi.gov/Who/LobbyistInformation/2025REG/Information/13955
WI-lobbyist-13955-activity-2026-H2	13955	WI	activity_report	lobbyist	2026-07-01	2026-12-31	0.0	0.0	https://lobbying.wi.gov/Who/LobbyistInformation/2025REG/Information/13955
WI-lobbyist-13958-activity-2025-H1	13958	WI	activity_report	lobbyist	2025-01-01	2025-06-30	0.0	0.0	https://lobbying.wi.gov/Who/LobbyistInformation/2025REG/Information/13958
WI-lobbyist-13958-activity-2025-H2	13958	WI	activity_report	lobbyist	2025-07-01	2025-12-31	0.0	0.0	https://lobbying.wi.gov/Who/LobbyistInformation/2025REG/Information/13958
WI-lobbyist-13958-activity-2026-H1	13958	WI	activity_report	lobbyist	2026-01-01	2026-06-30	0.0	0.0	https://lobbying.wi.gov/Who/LobbyistInformation/2025REG/Information/13958
WI-lobbyist-13958-activity-2026-H2	13958	WI	activity_report	lobbyist	2026-07-01	2026-12-31	0.0	0.0	https://lobbying.wi.gov/Who/LobbyistInformation/2025REG/Information/13958
WI-lobbyist-13959-activity-2025-H1	13959	WI	activity_report	lobbyist	2025-01-01	2025-06-30	0.0	0.0	https://lobbying.wi.gov/Who/LobbyistInformation/2025REG/Information/13959
WI-lobbyist-13959-activity-2025-H2	13959	WI	activity_report	lobbyist	2025-07-01	2025-12-31	0.0	0.0	https://lobbying.wi.gov/Who/LobbyistInformation/2025REG/Information/13959
WI-lobbyist-13959-activity-2026-H1	13959	WI	activity_report	lobbyist	2026-01-01	2026-06-30	0.0	0.0	https://lobbying.wi.gov/Who/LobbyistInformation/2025REG/Information/13959
WI-lobbyist-13959-activity-2026-H2	13959	WI	activity_report	lobbyist	2026-07-01	2026-12-31	0.0	0.0	https://lobbying.wi.gov/Who/LobbyistInformation/2025REG/Information/13959
