filing_id	principal_id	state	filing_type	filer_role	reporting_period_start	reporting_period_end	total_expenditure	total_hours_communicating	total_hours_other	source_url
WI-principal-10936-expenditure-2025-H1	10936	WI	expenditure_report	client	2025-01-01	2025-06-30	127867.9	200.75	247.25	https://lobbying.wi.gov/Who/PrincipalInformation/2025REG/Information/10936
WI-principal-10936-expenditure-2025-H2	10936	WI	expenditure_report	client	2025-07-01	2025-12-31	113253.13	139.0	179.25	https://lobbying.wi.gov/Who/PrincipalInformation/2025REG/Information/10936
WI-principal-10937-expenditure-2025-H1	10937	WI	expenditure_report	client	2025-01-01	2025-06-30	11550.0	40.0	61.0	https://lobbying.wi.gov/Who/PrincipalInformation/2025REG/Information/10937
WI-principal-10937-expenditure-2025-H2	10937	WI	expenditure_report	client	2025-07-01	2025-12-31	9600.0	9.0	36.0	https://lobbying.wi.gov/Who/PrincipalInformation/2025REG/Information/10937
WI-principal-10938-expenditure-2025-H1	10938	WI	expenditure_report	client	2025-01-01	2025-06-30	34895.79	14.75	232.0	https://lobbying.wi.gov/Who/PrincipalInformation/2025REG/Information/10938
WI-principal-10938-expenditure-2025-H2	10938	WI	expenditure_report	client	2025-07-01	2025-12-31	5737.41	1.5	39.5	https://lobbying.wi.gov/Who/PrincipalInformation/2025REG/Information/10938
WI-principal-10939-expenditure-2025-H1	10939	WI	expenditure_report	client	2025-01-01	2025-06-30	37763.02	82.2	480.6	https://lobbying.wi.gov/Who/PrincipalInformation/2025REG/Information/10939
WI-principal-10939-expenditure-2025-H2	10939	WI	expenditure_report	client	2025-07-01	2025-12-31	33035.69	41.2	185.7	https://lobbying.wi.gov/Who/PrincipalInformation/2025REG/Information/10939
WI-principal-10940-expenditure-2025-H1	10940	WI	expenditure_report	client	2025-01-01	2025-06-30	3545.2	3.5	3.0	https://lobbying.wi.gov/Who/PrincipalInformation/2025REG/Information/10940
WI-principal-10940-expenditure-2025-H2	10940	WI	expenditure_report	client	2025-07-01	2025-12-31	38.46	0.0	0.75	https://lobbying.wi.gov/Who/PrincipalInformation/2025REG/Information/10940
WI-principal-10941-expenditure-2025-H1	10941	WI	expenditure_report	client	2025-01-01	2025-06-30	47625.65	17.25	41.75	https://lobbying.wi.gov/Who/PrincipalInformation/2025REG/Information/10941
WI-principal-10941-expenditure-2025-H2	10941	WI	expenditure_report	client	2025-07-01	2025-12-31	47637.48	21.5	32.75	https://lobbying.wi.gov/Who/PrincipalInformation/2025REG/Information/10941
WI-principal-10942-expenditure-2025-H1	10942	WI	expenditure_report	client	2025-01-01	2025-06-30	20853.25	18.1	72.75	https://lobbying.wi.gov/Who/PrincipalInformation/2025REG/Information/10942
WI-principal-10942-expenditure-2025-H2	10942	WI	expenditure_report	client	2025-07-01	2025-12-31	27691.06	36.6	112.7	https://lobbying.wi.gov/Who/PrincipalInformation/2025REG/Information/10942
WI-principal-10943-expenditure-2025-H1	10943	WI	expenditure_report	client	2025-01-01	2025-06-30	19460.98	4.75	83.4	https://lobbying.wi.gov/Who/PrincipalInformation/2025REG/Information/10943
WI-principal-10943-expenditure-2025-H2	10943	WI	expenditure_report	client	2025-07-01	2025-12-31	19290.0	1.7	50.2	https://lobbying.wi.gov/Who/PrincipalInformation/2025REG/Information/10943
WI-principal-10944-expenditure-2025-H1	10944	WI	expenditure_report	client	2025-01-01	2025-06-30	3454.96	2.5	40.5	https://lobbying.wi.gov/Who/PrincipalInformation/2025REG/Information/10944
WI-principal-10944-expenditure-2025-H2	10944	WI	expenditure_report	client	2025-07-01	2025-12-31	308.49	0.0	5.0	https://lobbying.wi.gov/Who/PrincipalInformation/2025REG/Information/10944
WI-principal-10945-expenditure-2025-H1	10945	WI	expenditure_report	client	2025-01-01	2025-06-30	80265.0	95.5	484.0	https://lobbying.wi.gov/Who/PrincipalInformation/2025REG/Information/10945
WI-principal-10945-expenditure-2025-H2	10945	WI	expenditure_report	client	2025-07-01	2025-12-31	77672.1	78.25	471.25	https://lobbying.wi.gov/Who/PrincipalInformation/2025REG/Information/10945
WI-principal-10948-expenditure-2025-H1	10948	WI	expenditure_report	client	2025-01-01	2025-06-30	17426.85	47.75	202.75	https://lobbying.wi.gov/Who/PrincipalInformation/2025REG/Information/10948
WI-principal-10948-expenditure-2025-H2	10948	WI	expenditure_report	client	2025-07-01	2025-12-31	8425.1	13.0	102.75	https://lobbying.wi.gov/Who/PrincipalInformation/2025REG/Information/10948
WI-principal-10949-expenditure-2025-H1	10949	WI	expenditure_report	client	2025-01-01	2025-06-30	0.0	0.0	0.0	https://lobbying.wi.gov/Who/PrincipalInformation/2025REG/Information/10949
WI-principal-10952-expenditure-2025-H1	10952	WI	expenditure_report	client	2025-01-01	2025-06-30	12027.75	72.5	46.0	https://lobbying.wi.gov/Who/PrincipalInformation/2025REG/Information/10952
WI-principal-10952-expenditure-2025-H2	10952	WI	expenditure_report	client	2025-07-01	2025-12-31	38266.28	119.25	155.25	https://lobbying.wi.gov/Who/PrincipalInformation/2025REG/Information/10952
WI-principal-10953-expenditure-2025-H1	10953	WI	expenditure_report	client	2025-01-01	2025-06-30	7962.0	44.24	14.0	https://lobbying.wi.gov/Who/PrincipalInformation/2025REG/Information/10953
WI-principal-10953-expenditure-2025-H2	10953	WI	expenditure_report	client	2025-07-01	2025-12-31	3934.31	41.55	16.5	https://lobbying.wi.gov/Who/PrincipalInformation/2025REG/Information/10953
WI-principal-10954-expenditure-2025-H1	10954	WI	expenditure_report	client	2025-01-01	2025-06-30	20111.4	26.0	77.25	https://lobbying.wi.gov/Who/PrincipalInformation/2025REG/Information/10954
WI-principal-10954-expenditure-2025-H2	10954	WI	expenditure_report	client	2025-07-01	2025-12-31	8276.0	12.0	32.25	https://lobbying.wi.gov/Who/PrincipalInformation/2025REG/Information/10954
WI-principal-10956-expenditure-2025-H1	10956	WI	expenditure_report	client	2025-01-01	2025-06-30	0.0	0.0	8.5	https://lobbying.wi.gov/Who/PrincipalInformation/2025REG/Information/10956
WI-principal-10956-expenditure-2025-H2	10956	WI	expenditure_report	client	2025-07-01	2025-12-31	0.0	0.0	0.0	https://lobbying.wi.gov/Who/PrincipalInformation/2025REG/Information/10956
WI-principal-10957-expenditure-2025-H1	10957	WI	expenditure_report	client	2025-01-01	2025-06-30	27515.0	22.5	27.5	https://lobbying.wi.gov/Who/PrincipalInformation/2025REG/Information/10957
WI-principal-10957-expenditure-2025-H2	10957	WI	expenditure_report	client	2025-07-01	2025-12-31	22601.0	7.5	24.0	https://lobbying.wi.gov/Who/PrincipalInformation/2025REG/Information/10957
WI-principal-10958-expenditure-2025-H1	10958	WI	expenditure_report	client	2025-01-01	2025-06-30	17572.5	11.7	52.2	https://lobbying.wi.gov/Who/PrincipalInformation/2025REG/Information/10958
WI-principal-10958-expenditure-2025-H2	10958	WI	expenditure_report	client	2025-07-01	2025-12-31	18841.0	15.1	47.5	https://lobbying.wi.gov/Who/PrincipalInformation/2025REG/Information/10958
WI-principal-10959-expenditure-2025-H1	10959	WI	expenditure_report	client	2025-01-01	2025-06-30	2895.16	21.5	14.75	https://lobbying.wi.gov/Who/PrincipalInformation/2025REG/Information/10959
WI-principal-10959-expenditure-2025-H2	10959	WI	expenditure_report	client	2025-07-01	2025-12-31	3935.57	18.0	50.0	https://lobbying.wi.gov/Who/PrincipalInformation/2025REG/Information/10959
WI-principal-10960-expenditure-2025-H1	10960	WI	expenditure_report	client	2025-01-01	2025-06-30	14481.15	132.0	688.5	https://lobbying.wi.gov/Who/PrincipalInformation/2025REG/Information/10960
WI-principal-10960-expenditure-2025-H2	10960	WI	expenditure_report	client	2025-07-01	2025-12-31	14042.63	119.0	627.0	https://lobbying.wi.gov/Who/PrincipalInformation/2025REG/Information/10960
WI-principal-10961-expenditure-2025-H1	10961	WI	expenditure_report	client	2025-01-01	2025-06-30	90989.63	129.85	299.5	https://lobbying.wi.gov/Who/PrincipalInformation/2025REG/Information/10961
WI-principal-10961-expenditure-2025-H2	10961	WI	expenditure_report	client	2025-07-01	2025-12-31	102160.89	81.7	151.2	https://lobbying.wi.gov/Who/PrincipalInformation/2025REG/Information/10961
WI-principal-10962-expenditure-2025-H1	10962	WI	expenditure_report	client	2025-01-01	2025-06-30	0.0	0.0	0.0	https://lobbying.wi.gov/Who/PrincipalInformation/2025REG/Information/10962
WI-principal-10962-expenditure-2025-H2	10962	WI	expenditure_report	client	2025-07-01	2025-12-31	0.0	0.0	0.0	https://lobbying.wi.gov/Who/PrincipalInformation/2025REG/Information/10962
WI-principal-10963-expenditure-2025-H1	10963	WI	expenditure_report	client	2025-01-01	2025-06-30	22085.52	204.25	714.0	https://lobbying.wi.gov/Who/PrincipalInformation/2025REG/Information/10963
WI-principal-10963-expenditure-2025-H2	10963	WI	expenditure_report	client	2025-07-01	2025-12-31	15243.28	140.25	635.5	https://lobbying.wi.gov/Who/PrincipalInformation/2025REG/Information/10963
WI-principal-10964-expenditure-2025-H1	10964	WI	expenditure_report	client	2025-01-01	2025-06-30	0.0	22.25	25.5	https://lobbying.wi.gov/Who/PrincipalInformation/2025REG/Information/10964
WI-principal-10964-expenditure-2025-H2	10964	WI	expenditure_report	client	2025-07-01	2025-12-31	0.0	0.0	0.0	https://lobbying.wi.gov/Who/PrincipalInformation/2025REG/Information/10964
WI-principal-10965-expenditure-2025-H1	10965	WI	expenditure_report	client	2025-01-01	2025-06-30	14362.91	130.0	692.5	https://lobbying.wi.gov/Who/PrincipalInformation/2025REG/Information/10965
WI-principal-10965-expenditure-2025-H2	10965	WI	expenditure_report	client	2025-07-01	2025-12-31	11838.51	114.0	615.0	https://lobbying.wi.gov/Who/PrincipalInformation/2025REG/Information/10965
WI-principal-10966-expenditure-2025-H1	10966	WI	expenditure_report	client	2025-01-01	2025-06-30	11962.91	129.0	669.5	https://lobbying.wi.gov/Who/PrincipalInformation/2025REG/Information/10966
WI-principal-10966-expenditure-2025-H2	10966	WI	expenditure_report	client	2025-07-01	2025-12-31	11838.51	114.0	615.0	https://lobbying.wi.gov/Who/PrincipalInformation/2025REG/Information/10966
WI-principal-10967-expenditure-2025-H1	10967	WI	expenditure_report	client	2025-01-01	2025-06-30	11962.91	129.0	669.5	https://lobbying.wi.gov/Who/PrincipalInformation/2025REG/Information/10967
WI-principal-10967-expenditure-2025-H2	10967	WI	expenditure_report	client	2025-07-01	2025-12-31	11838.51	114.5	615.5	https://lobbying.wi.gov/Who/PrincipalInformation/2025REG/Information/10967
WI-principal-10968-expenditure-2025-H1	10968	WI	expenditure_report	client	2025-01-01	2025-06-30	35864.22	2.25	85.25	https://lobbying.wi.gov/Who/PrincipalInformation/2025REG/Information/10968
WI-principal-10968-expenditure-2025-H2	10968	WI	expenditure_report	client	2025-07-01	2025-12-31	40317.48	21.5	113.25	https://lobbying.wi.gov/Who/PrincipalInformation/2025REG/Information/10968
WI-principal-10969-expenditure-2025-H1	10969	WI	expenditure_report	client	2025-01-01	2025-06-30	26307.02	20.75	43.0	https://lobbying.wi.gov/Who/PrincipalInformation/2025REG/Information/10969
WI-principal-10969-expenditure-2025-H2	10969	WI	expenditure_report	client	2025-07-01	2025-12-31	36305.71	41.75	52.75	https://lobbying.wi.gov/Who/PrincipalInformation/2025REG/Information/10969
WI-principal-10970-expenditure-2025-H1	10970	WI	expenditure_report	client	2025-01-01	2025-06-30	2546.1	19.0	9.5	https://lobbying.wi.gov/Who/PrincipalInformation/2025REG/Information/10970
WI-principal-10970-expenditure-2025-H2	10970	WI	expenditure_report	client	2025-07-01	2025-12-31	104.0	1.0	0.0	https://lobbying.wi.gov/Who/PrincipalInformation/2025REG/Information/10970
WI-principal-10973-expenditure-2025-H1	10973	WI	expenditure_report	client	2025-01-01	2025-06-30	39000.0	0.0	44.0	https://lobbying.wi.gov/Who/PrincipalInformation/2025REG/Information/10973
WI-principal-10973-expenditure-2025-H2	10973	WI	expenditure_report	client	2025-07-01	2025-12-31	0.0	0.0	0.0	https://lobbying.wi.gov/Who/PrincipalInformation/2025REG/Information/10973
WI-principal-10975-expenditure-2025-H1	10975	WI	expenditure_report	client	2025-01-01	2025-06-30	1165.19	7.0	11.25	https://lobbying.wi.gov/Who/PrincipalInformation/2025REG/Information/10975
WI-principal-10975-expenditure-2025-H2	10975	WI	expenditure_report	client	2025-07-01	2025-12-31	0.0	0.0	0.0	https://lobbying.wi.gov/Who/PrincipalInformation/2025REG/Information/10975
WI-principal-10976-expenditure-2025-H1	10976	WI	expenditure_report	client	2025-01-01	2025-06-30	9000.0	0.0	20.0	https://lobbying.wi.gov/Who/PrincipalInformation/2025REG/Information/10976
WI-principal-10976-expenditure-2025-H2	10976	WI	expenditure_report	client	2025-07-01	2025-12-31	9000.0	9.5	42.5	https://lobbying.wi.gov/Who/PrincipalInformation/2025REG/Information/10976
WI-principal-10977-expenditure-2025-H1	10977	WI	expenditure_report	client	2025-01-01	2025-06-30	9000.0	6.0	25.25	https://lobbying.wi.gov/Who/PrincipalInformation/2025REG/Information/10977
WI-principal-10977-expenditure-2025-H2	10977	WI	expenditure_report	client	2025-07-01	2025-12-31	9000.0	0.0	27.75	https://lobbying.wi.gov/Who/PrincipalInformation/2025REG/Information/10977
WI-principal-10978-expenditure-2025-H1	10978	WI	expenditure_report	client	2025-01-01	2025-06-30	51000.0	37.0	50.65	https://lobbying.wi.gov/Who/PrincipalInformation/2025REG/Information/10978
WI-principal-10978-expenditure-2025-H2	10978	WI	expenditure_report	client	2025-07-01	2025-12-31	36000.0	12.65	30.75	https://lobbying.wi.gov/Who/PrincipalInformation/2025REG/Information/10978
WI-principal-10979-expenditure-2025-H1	10979	WI	expenditure_report	client	2025-01-01	2025-06-30	6211.13	54.15	72.6	https://lobbying.wi.gov/Who/PrincipalInformation/2025REG/Information/10979
WI-principal-10979-expenditure-2025-H2	10979	WI	expenditure_report	client	2025-07-01	2025-12-31	2857.7	13.0	30.0	https://lobbying.wi.gov/Who/PrincipalInformation/2025REG/Information/10979
WI-principal-10980-expenditure-2025-H1	10980	WI	expenditure_report	client	2025-01-01	2025-06-30	836.4	2.0	12.5	https://lobbying.wi.gov/Who/PrincipalInformation/2025REG/Information/10980
WI-principal-10980-expenditure-2025-H2	10980	WI	expenditure_report	client	2025-07-01	2025-12-31	0.0	1.5	7.5	https://lobbying.wi.gov/Who/PrincipalInformation/2025REG/Information/10980
WI-principal-10984-expenditure-2025-H1	10984	WI	expenditure_report	client	2025-01-01	2025-06-30	75391.81	64.5	195.0	https://lobbying.wi.gov/Who/PrincipalInformation/2025REG/Information/10984
WI-principal-10984-expenditure-2025-H2	10984	WI	expenditure_report	client	2025-07-01	2025-12-31	64971.48	38.95	140.5	https://lobbying.wi.gov/Who/PrincipalInformation/2025REG/Information/10984
WI-principal-10985-expenditure-2025-H1	10985	WI	expenditure_report	client	2025-01-01	2025-06-30	28058.69	32.0	318.55	https://lobbying.wi.gov/Who/PrincipalInformation/2025REG/Information/10985
WI-principal-10985-expenditure-2025-H2	10985	WI	expenditure_report	client	2025-07-01	2025-12-31	30985.26	24.75	303.0	https://lobbying.wi.gov/Who/PrincipalInformation/2025REG/Information/10985
WI-principal-10986-expenditure-2025-H1	10986	WI	expenditure_report	client	2025-01-01	2025-06-30	24000.0	50.0	112.25	https://lobbying.wi.gov/Who/PrincipalInformation/2025REG/Information/10986
WI-principal-10986-expenditure-2025-H2	10986	WI	expenditure_report	client	2025-07-01	2025-12-31	25071.0	43.75	108.5	https://lobbying.wi.gov/Who/PrincipalInformation/2025REG/Information/10986
WI-principal-10987-expenditure-2025-H1	10987	WI	expenditure_report	client	2025-01-01	2025-06-30	0.0	27.0	11.5	https://lobbying.wi.gov/Who/PrincipalInformation/2025REG/Information/10987
WI-principal-10987-expenditure-2025-H2	10987	WI	expenditure_report	client	2025-07-01	2025-12-31	0.0	3.25	4.0	https://lobbying.wi.gov/Who/PrincipalInformation/2025REG/Information/10987
WI-principal-10989-expenditure-2025-H1	10989	WI	expenditure_report	client	2025-01-01	2025-06-30	18000.0	12.5	40.5	https://lobbying.wi.gov/Who/PrincipalInformation/2025REG/Information/10989
WI-principal-10989-expenditure-2025-H2	10989	WI	expenditure_report	client	2025-07-01	2025-12-31	18000.0	57.75	141.75	https://lobbying.wi.gov/Who/PrincipalInformation/2025REG/Information/10989
WI-principal-10990-expenditure-2025-H1	10990	WI	expenditure_report	client	2025-01-01	2025-06-30	88648.86	23.25	57.75	https://lobbying.wi.gov/Who/PrincipalInformation/2025REG/Information/10990
WI-principal-10990-expenditure-2025-H2	10990	WI	expenditure_report	client	2025-07-01	2025-12-31	87000.0	28.0	27.5	https://lobbying.wi.gov/Who/PrincipalInformation/2025REG/Information/10990
WI-principal-10994-expenditure-2025-H1	10994	WI	expenditure_report	client	2025-01-01	2025-06-30	26368.6	105.0	130.0	https://lobbying.wi.gov/Who/PrincipalInformation/2025REG/Information/10994
WI-principal-10994-expenditure-2025-H2	10994	WI	expenditure_report	client	2025-07-01	2025-12-31	11184.64	28.75	76.0	https://lobbying.wi.gov/Who/PrincipalInformation/2025REG/Information/10994
WI-principal-10996-expenditure-2025-H1	10996	WI	expenditure_report	client	2025-01-01	2025-06-30	6565.0	6.0	84.0	https://lobbying.wi.gov/Who/PrincipalInformation/2025REG/Information/10996
WI-principal-10996-expenditure-2025-H2	10996	WI	expenditure_report	client	2025-07-01	2025-12-31	8080.0	3.0	95.5	https://lobbying.wi.gov/Who/PrincipalInformation/2025REG/Information/10996
WI-principal-10997-expenditure-2025-H1	10997	WI	expenditure_report	client	2025-01-01	2025-06-30	3758.26	28.0	14.5	https://lobbying.wi.gov/Who/PrincipalInformation/2025REG/Information/10997
WI-principal-10997-expenditure-2025-H2	10997	WI	expenditure_report	client	2025-07-01	2025-12-31	1692.13	12.5	6.5	https://lobbying.wi.gov/Who/PrincipalInformation/2025REG/Information/10997
WI-principal-10998-expenditure-2025-H1	10998	WI	expenditure_report	client	2025-01-01	2025-06-30	285937.7	147.25	317.55	https://lobbying.wi.gov/Who/PrincipalInformation/2025REG/Information/10998
WI-principal-10998-expenditure-2025-H2	10998	WI	expenditure_report	client	2025-07-01	2025-12-31	205177.27	67.3	324.05	https://lobbying.wi.gov/Who/PrincipalInformation/2025REG/Information/10998
WI-principal-11000-expenditure-2025-H1	11000	WI	expenditure_report	client	2025-01-01	2025-06-30	40176.78	29.0	153.25	https://lobbying.wi.gov/Who/PrincipalInformation/2025REG/Information/11000
WI-principal-11000-expenditure-2025-H2	11000	WI	expenditure_report	client	2025-07-01	2025-12-31	43770.56	26.5	92.75	https://lobbying.wi.gov/Who/PrincipalInformation/2025REG/Information/11000
WI-principal-11002-expenditure-2025-H1	11002	WI	expenditure_report	client	2025-01-01	2025-06-30	48981.2	100.25	250.5	https://lobbying.wi.gov/Who/PrincipalInformation/2025REG/Information/11002
WI-principal-11002-expenditure-2025-H2	11002	WI	expenditure_report	client	2025-07-01	2025-12-31	14177.53	20.25	83.0	https://lobbying.wi.gov/Who/PrincipalInformation/2025REG/Information/11002
WI-principal-11004-expenditure-2025-H1	11004	WI	expenditure_report	client	2025-01-01	2025-06-30	18000.0	2.0	32.0	https://lobbying.wi.gov/Who/PrincipalInformation/2025REG/Information/11004
WI-principal-11004-expenditure-2025-H2	11004	WI	expenditure_report	client	2025-07-01	2025-12-31	18000.0	23.0	46.0	https://lobbying.wi.gov/Who/PrincipalInformation/2025REG/Information/11004
WI-principal-11007-expenditure-2025-H1	11007	WI	expenditure_report	client	2025-01-01	2025-06-30	797.11	21.54	14.0	https://lobbying.wi.gov/Who/PrincipalInformation/2025REG/Information/11007
WI-principal-11007-expenditure-2025-H2	11007	WI	expenditure_report	client	2025-07-01	2025-12-31	2804.64	26.0	22.25	https://lobbying.wi.gov/Who/PrincipalInformation/2025REG/Information/11007
WI-principal-11008-expenditure-2025-H1	11008	WI	expenditure_report	client	2025-01-01	2025-06-30	3891.67	2.5	8.0	https://lobbying.wi.gov/Who/PrincipalInformation/2025REG/Information/11008
WI-principal-11008-expenditure-2025-H2	11008	WI	expenditure_report	client	2025-07-01	2025-12-31	12000.0	3.5	18.0	https://lobbying.wi.gov/Who/PrincipalInformation/2025REG/Information/11008
WI-principal-11010-expenditure-2025-H1	11010	WI	expenditure_report	client	2025-01-01	2025-06-30	46164.73	31.5	57.0	https://lobbying.wi.gov/Who/PrincipalInformation/2025REG/Information/11010
WI-principal-11010-expenditure-2025-H2	11010	WI	expenditure_report	client	2025-07-01	2025-12-31	31274.14	9.5	38.0	https://lobbying.wi.gov/Who/PrincipalInformation/2025REG/Information/11010
WI-principal-11011-expenditure-2025-H1	11011	WI	expenditure_report	client	2025-01-01	2025-06-30	45000.0	5.5	55.75	https://lobbying.wi.gov/Who/PrincipalInformation/2025REG/Information/11011
WI-principal-11011-expenditure-2025-H2	11011	WI	expenditure_report	client	2025-07-01	2025-12-31	45000.0	20.5	62.25	https://lobbying.wi.gov/Who/PrincipalInformation/2025REG/Information/11011
WI-principal-11013-expenditure-2025-H1	11013	WI	expenditure_report	client	2025-01-01	2025-06-30	16614.0	12.5	47.0	https://lobbying.wi.gov/Who/PrincipalInformation/2025REG/Information/11013
WI-principal-11013-expenditure-2025-H2	11013	WI	expenditure_report	client	2025-07-01	2025-12-31	2610.25	6.25	43.75	https://lobbying.wi.gov/Who/PrincipalInformation/2025REG/Information/11013
WI-principal-11014-expenditure-2025-H1	11014	WI	expenditure_report	client	2025-01-01	2025-06-30	13200.0	4.0	30.5	https://lobbying.wi.gov/Who/PrincipalInformation/2025REG/Information/11014
WI-principal-11014-expenditure-2025-H2	11014	WI	expenditure_report	client	2025-07-01	2025-12-31	13200.0	7.5	27.0	https://lobbying.wi.gov/Who/PrincipalInformation/2025REG/Information/11014
WI-principal-11015-expenditure-2025-H1	11015	WI	expenditure_report	client	2025-01-01	2025-06-30	8803.0	0.5	25.5	https://lobbying.wi.gov/Who/PrincipalInformation/2025REG/Information/11015
WI-principal-11015-expenditure-2025-H2	11015	WI	expenditure_report	client	2025-07-01	2025-12-31	8500.0	4.0	25.5	https://lobbying.wi.gov/Who/PrincipalInformation/2025REG/Information/11015
WI-principal-11016-expenditure-2025-H1	11016	WI	expenditure_report	client	2025-01-01	2025-06-30	6000.0	33.5	48.0	https://lobbying.wi.gov/Who/PrincipalInformation/2025REG/Information/11016
WI-principal-11016-expenditure-2025-H2	11016	WI	expenditure_report	client	2025-07-01	2025-12-31	6000.0	8.5	31.5	https://lobbying.wi.gov/Who/PrincipalInformation/2025REG/Information/11016
WI-principal-11017-expenditure-2025-H1	11017	WI	expenditure_report	client	2025-01-01	2025-06-30	0.0	0.0	0.0	https://lobbying.wi.gov/Who/PrincipalInformation/2025REG/Information/11017
WI-principal-11017-expenditure-2025-H2	11017	WI	expenditure_report	client	2025-07-01	2025-12-31	0.0	0.0	0.0	https://lobbying.wi.gov/Who/PrincipalInformation/2025REG/Information/11017
WI-principal-11018-expenditure-2025-H1	11018	WI	expenditure_report	client	2025-01-01	2025-06-30	96565.11	301.0	1352.5	https://lobbying.wi.gov/Who/PrincipalInformation/2025REG/Information/11018
WI-principal-11018-expenditure-2025-H2	11018	WI	expenditure_report	client	2025-07-01	2025-12-31	106691.97	252.5	1646.5	https://lobbying.wi.gov/Who/PrincipalInformation/2025REG/Information/11018
WI-principal-11020-expenditure-2025-H1	11020	WI	expenditure_report	client	2025-01-01	2025-06-30	0.0	0.0	45.3	https://lobbying.wi.gov/Who/PrincipalInformation/2025REG/Information/11020
WI-principal-11020-expenditure-2025-H2	11020	WI	expenditure_report	client	2025-07-01	2025-12-31	0.0	0.0	70.9	https://lobbying.wi.gov/Who/PrincipalInformation/2025REG/Information/11020
WI-principal-11021-expenditure-2025-H1	11021	WI	expenditure_report	client	2025-01-01	2025-06-30	1769.81	4.0	5.0	https://lobbying.wi.gov/Who/PrincipalInformation/2025REG/Information/11021
WI-principal-11021-expenditure-2025-H2	11021	WI	expenditure_report	client	2025-07-01	2025-12-31	983.23	1.0	4.0	https://lobbying.wi.gov/Who/PrincipalInformation/2025REG/Information/11021
WI-principal-11023-expenditure-2025-H1	11023	WI	expenditure_report	client	2025-01-01	2025-06-30	29319.15	31.0	136.25	https://lobbying.wi.gov/Who/PrincipalInformation/2025REG/Information/11023
WI-principal-11023-expenditure-2025-H2	11023	WI	expenditure_report	client	2025-07-01	2025-12-31	43767.15	61.25	188.5	https://lobbying.wi.gov/Who/PrincipalInformation/2025REG/Information/11023
WI-principal-11026-expenditure-2025-H1	11026	WI	expenditure_report	client	2025-01-01	2025-06-30	400.0	5.5	0.0	https://lobbying.wi.gov/Who/PrincipalInformation/2025REG/Information/11026
WI-principal-11026-expenditure-2025-H2	11026	WI	expenditure_report	client	2025-07-01	2025-12-31	400.0	4.0	0.0	https://lobbying.wi.gov/Who/PrincipalInformation/2025REG/Information/11026
WI-principal-11028-expenditure-2025-H1	11028	WI	expenditure_report	client	2025-01-01	2025-06-30	0.0	81.3	12.5	https://lobbying.wi.gov/Who/PrincipalInformation/2025REG/Information/11028
WI-principal-11028-expenditure-2025-H2	11028	WI	expenditure_report	client	2025-07-01	2025-12-31	30000.0	37.7	5.5	https://lobbying.wi.gov/Who/PrincipalInformation/2025REG/Information/11028
WI-principal-11030-expenditure-2025-H1	11030	WI	expenditure_report	client	2025-01-01	2025-06-30	33504.0	80.0	260.0	https://lobbying.wi.gov/Who/PrincipalInformation/2025REG/Information/11030
WI-principal-11030-expenditure-2025-H2	11030	WI	expenditure_report	client	2025-07-01	2025-12-31	23000.0	57.5	99.5	https://lobbying.wi.gov/Who/PrincipalInformation/2025REG/Information/11030
WI-principal-11031-expenditure-2025-H1	11031	WI	expenditure_report	client	2025-01-01	2025-06-30	56498.93	221.0	771.0	https://lobbying.wi.gov/Who/PrincipalInformation/2025REG/Information/11031
WI-principal-11031-expenditure-2025-H2	11031	WI	expenditure_report	client	2025-07-01	2025-12-31	47645.77	191.0	629.0	https://lobbying.wi.gov/Who/PrincipalInformation/2025REG/Information/11031
WI-principal-11036-expenditure-2025-H1	11036	WI	expenditure_report	client	2025-01-01	2025-06-30	5976.7	26.0	45.2	https://lobbying.wi.gov/Who/PrincipalInformation/2025REG/Information/11036
WI-principal-11036-expenditure-2025-H2	11036	WI	expenditure_report	client	2025-07-01	2025-12-31	5960.0	11.8	32.7	https://lobbying.wi.gov/Who/PrincipalInformation/2025REG/Information/11036
WI-principal-11037-expenditure-2025-H1	11037	WI	expenditure_report	client	2025-01-01	2025-06-30	0.0	0.0	0.0	https://lobbying.wi.gov/Who/PrincipalInformation/2025REG/Information/11037
WI-principal-11037-expenditure-2025-H2	11037	WI	expenditure_report	client	2025-07-01	2025-12-31	0.0	0.0	0.0	https://lobbying.wi.gov/Who/PrincipalInformation/2025REG/Information/11037
WI-principal-11038-expenditure-2025-H1	11038	WI	expenditure_report	client	2025-01-01	2025-06-30	18879.0	11.5	68.5	https://lobbying.wi.gov/Who/PrincipalInformation/2025REG/Information/11038
WI-principal-11038-expenditure-2025-H2	11038	WI	expenditure_report	client	2025-07-01	2025-12-31	18548.64	26.5	63.0	https://lobbying.wi.gov/Who/PrincipalInformation/2025REG/Information/11038
WI-principal-11039-expenditure-2025-H1	11039	WI	expenditure_report	client	2025-01-01	2025-06-30	4731.24	12.0	68.5	https://lobbying.wi.gov/Who/PrincipalInformation/2025REG/Information/11039
WI-principal-11039-expenditure-2025-H2	11039	WI	expenditure_report	client	2025-07-01	2025-12-31	4167.02	26.5	64.0	https://lobbying.wi.gov/Who/PrincipalInformation/2025REG/Information/11039
WI-principal-11040-expenditure-2025-H1	11040	WI	expenditure_report	client	2025-01-01	2025-06-30	2667.02	11.5	68.5	https://lobbying.wi.gov/Who/PrincipalInformation/2025REG/Information/11040
WI-principal-11040-expenditure-2025-H2	11040	WI	expenditure_report	client	2025-07-01	2025-12-31	2052.67	25.5	62.0	https://lobbying.wi.gov/Who/PrincipalInformation/2025REG/Information/11040
WI-principal-11041-expenditure-2025-H1	11041	WI	expenditure_report	client	2025-01-01	2025-06-30	12763.94	15.5	54.5	https://lobbying.wi.gov/Who/PrincipalInformation/2025REG/Information/11041
WI-principal-11041-expenditure-2025-H2	11041	WI	expenditure_report	client	2025-07-01	2025-12-31	12605.92	37.0	44.0	https://lobbying.wi.gov/Who/PrincipalInformation/2025REG/Information/11041
WI-principal-11042-expenditure-2025-H1	11042	WI	expenditure_report	client	2025-01-01	2025-06-30	0.0	20.5	30.0	https://lobbying.wi.gov/Who/PrincipalInformation/2025REG/Information/11042
WI-principal-11042-expenditure-2025-H2	11042	WI	expenditure_report	client	2025-07-01	2025-12-31	5000.0	0.5	1.75	https://lobbying.wi.gov/Who/PrincipalInformation/2025REG/Information/11042
WI-principal-11044-expenditure-2025-H1	11044	WI	expenditure_report	client	2025-01-01	2025-06-30	21000.0	9.75	36.0	https://lobbying.wi.gov/Who/PrincipalInformation/2025REG/Information/11044
WI-principal-11044-expenditure-2025-H2	11044	WI	expenditure_report	client	2025-07-01	2025-12-31	21000.0	20.25	37.75	https://lobbying.wi.gov/Who/PrincipalInformation/2025REG/Information/11044
WI-principal-11045-expenditure-2025-H1	11045	WI	expenditure_report	client	2025-01-01	2025-06-30	72510.36	132.25	356.0	https://lobbying.wi.gov/Who/PrincipalInformation/2025REG/Information/11045
WI-principal-11045-expenditure-2025-H2	11045	WI	expenditure_report	client	2025-07-01	2025-12-31	38347.09	87.25	268.0	https://lobbying.wi.gov/Who/PrincipalInformation/2025REG/Information/11045
WI-principal-11046-expenditure-2025-H1	11046	WI	expenditure_report	client	2025-01-01	2025-06-30	15000.0	14.25	42.0	https://lobbying.wi.gov/Who/PrincipalInformation/2025REG/Information/11046
WI-principal-11046-expenditure-2025-H2	11046	WI	expenditure_report	client	2025-07-01	2025-12-31	15000.0	5.75	22.0	https://lobbying.wi.gov/Who/PrincipalInformation/2025REG/Information/11046
WI-principal-11047-expenditure-2025-H1	11047	WI	expenditure_report	client	2025-01-01	2025-06-30	24226.23	36.0	81.0	https://lobbying.wi.gov/Who/PrincipalInformation/2025REG/Information/11047
WI-principal-11047-expenditure-2025-H2	11047	WI	expenditure_report	client	2025-07-01	2025-12-31	22419.36	37.5	64.0	https://lobbying.wi.gov/Who/PrincipalInformation/2025REG/Information/11047
WI-principal-11048-expenditure-2025-H1	11048	WI	expenditure_report	client	2025-01-01	2025-06-30	12082.35	23.5	18.5	https://lobbying.wi.gov/Who/PrincipalInformation/2025REG/Information/11048
WI-principal-11049-expenditure-2025-H1	11049	WI	expenditure_report	client	2025-01-01	2025-06-30	375.0	4.0	40.0	https://lobbying.wi.gov/Who/PrincipalInformation/2025REG/Information/11049
WI-principal-11049-expenditure-2025-H2	11049	WI	expenditure_report	client	2025-07-01	2025-12-31	437.5	5.0	23.05	https://lobbying.wi.gov/Who/PrincipalInformation/2025REG/Information/11049
WI-principal-11050-expenditure-2025-H1	11050	WI	expenditure_report	client	2025-01-01	2025-06-30	21610.0	11.5	64.0	https://lobbying.wi.gov/Who/PrincipalInformation/2025REG/Information/11050
WI-principal-11050-expenditure-2025-H2	11050	WI	expenditure_report	client	2025-07-01	2025-12-31	23886.81	30.5	83.5	https://lobbying.wi.gov/Who/PrincipalInformation/2025REG/Information/11050
WI-principal-11052-expenditure-2025-H1	11052	WI	expenditure_report	client	2025-01-01	2025-06-30	0.0	19.5	51.0	https://lobbying.wi.gov/Who/PrincipalInformation/2025REG/Information/11052
WI-principal-11052-expenditure-2025-H2	11052	WI	expenditure_report	client	2025-07-01	2025-12-31	0.0	2.5	32.5	https://lobbying.wi.gov/Who/PrincipalInformation/2025REG/Information/11052
WI-principal-11053-expenditure-2025-H1	11053	WI	expenditure_report	client	2025-01-01	2025-06-30	13000.0	17.5	62.0	https://lobbying.wi.gov/Who/PrincipalInformation/2025REG/Information/11053
WI-principal-11053-expenditure-2025-H2	11053	WI	expenditure_report	client	2025-07-01	2025-12-31	13000.0	4.0	16.5	https://lobbying.wi.gov/Who/PrincipalInformation/2025REG/Information/11053
WI-principal-11054-expenditure-2025-H1	11054	WI	expenditure_report	client	2025-01-01	2025-06-30	5400.0	40.0	56.0	https://lobbying.wi.gov/Who/PrincipalInformation/2025REG/Information/11054
WI-principal-11054-expenditure-2025-H2	11054	WI	expenditure_report	client	2025-07-01	2025-12-31	5400.0	29.0	45.0	https://lobbying.wi.gov/Who/PrincipalInformation/2025REG/Information/11054
WI-principal-11055-expenditure-2025-H1	11055	WI	expenditure_report	client	2025-01-01	2025-06-30	32400.0	3.35	33.3	https://lobbying.wi.gov/Who/PrincipalInformation/2025REG/Information/11055
WI-principal-11055-expenditure-2025-H2	11055	WI	expenditure_report	client	2025-07-01	2025-12-31	32400.0	2.15	34.0	https://lobbying.wi.gov/Who/PrincipalInformation/2025REG/Information/11055
WI-principal-11056-expenditure-2025-H1	11056	WI	expenditure_report	client	2025-01-01	2025-06-30	30000.0	0.5	39.25	https://lobbying.wi.gov/Who/PrincipalInformation/2025REG/Information/11056
WI-principal-11056-expenditure-2025-H2	11056	WI	expenditure_report	client	2025-07-01	2025-12-31	30000.0	0.5	55.0	https://lobbying.wi.gov/Who/PrincipalInformation/2025REG/Information/11056
WI-principal-11059-expenditure-2025-H1	11059	WI	expenditure_report	client	2025-01-01	2025-06-30	24900.0	50.25	90.75	https://lobbying.wi.gov/Who/PrincipalInformation/2025REG/Information/11059
WI-principal-11059-expenditure-2025-H2	11059	WI	expenditure_report	client	2025-07-01	2025-12-31	24862.5	16.0	122.0	https://lobbying.wi.gov/Who/PrincipalInformation/2025REG/Information/11059
WI-principal-11060-expenditure-2025-H1	11060	WI	expenditure_report	client	2025-01-01	2025-06-30	21000.0	60.75	83.75	https://lobbying.wi.gov/Who/PrincipalInformation/2025REG/Information/11060
WI-principal-11060-expenditure-2025-H2	11060	WI	expenditure_report	client	2025-07-01	2025-12-31	21000.0	11.0	82.75	https://lobbying.wi.gov/Who/PrincipalInformation/2025REG/Information/11060
WI-principal-11061-expenditure-2025-H1	11061	WI	expenditure_report	client	2025-01-01	2025-06-30	15000.0	10.75	28.4	https://lobbying.wi.gov/Who/PrincipalInformation/2025REG/Information/11061
WI-principal-11061-expenditure-2025-H2	11061	WI	expenditure_report	client	2025-07-01	2025-12-31	15000.0	6.75	18.25	https://lobbying.wi.gov/Who/PrincipalInformation/2025REG/Information/11061
WI-principal-11062-expenditure-2025-H1	11062	WI	expenditure_report	client	2025-01-01	2025-06-30	30000.0	32.25	67.75	https://lobbying.wi.gov/Who/PrincipalInformation/2025REG/Information/11062
WI-principal-11062-expenditure-2025-H2	11062	WI	expenditure_report	client	2025-07-01	2025-12-31	30000.0	9.25	44.25	https://lobbying.wi.gov/Who/PrincipalInformation/2025REG/Information/11062
WI-principal-11063-expenditure-2025-H1	11063	WI	expenditure_report	client	2025-01-01	2025-06-30	9000.0	0.0	10.0	https://lobbying.wi.gov/Who/PrincipalInformation/2025REG/Information/11063
WI-principal-11063-expenditure-2025-H2	11063	WI	expenditure_report	client	2025-07-01	2025-12-31	9000.0	0.0	3.0	https://lobbying.wi.gov/Who/PrincipalInformation/2025REG/Information/11063
WI-principal-11064-expenditure-2025-H1	11064	WI	expenditure_report	client	2025-01-01	2025-06-30	92733.84	41.5	120.7	https://lobbying.wi.gov/Who/PrincipalInformation/2025REG/Information/11064
WI-principal-11064-expenditure-2025-H2	11064	WI	expenditure_report	client	2025-07-01	2025-12-31	93192.88	23.8	83.3	https://lobbying.wi.gov/Who/PrincipalInformation/2025REG/Information/11064
WI-principal-11066-expenditure-2025-H1	11066	WI	expenditure_report	client	2025-01-01	2025-06-30	22909.98	52.5	181.25	https://lobbying.wi.gov/Who/PrincipalInformation/2025REG/Information/11066
WI-principal-11066-expenditure-2025-H2	11066	WI	expenditure_report	client	2025-07-01	2025-12-31	22467.16	52.0	172.75	https://lobbying.wi.gov/Who/PrincipalInformation/2025REG/Information/11066
WI-principal-11067-expenditure-2025-H1	11067	WI	expenditure_report	client	2025-01-01	2025-06-30	31560.17	32.0	72.25	https://lobbying.wi.gov/Who/PrincipalInformation/2025REG/Information/11067
WI-principal-11067-expenditure-2025-H2	11067	WI	expenditure_report	client	2025-07-01	2025-12-31	30500.17	10.25	50.5	https://lobbying.wi.gov/Who/PrincipalInformation/2025REG/Information/11067
WI-principal-11068-expenditure-2025-H1	11068	WI	expenditure_report	client	2025-01-01	2025-06-30	42000.0	8.0	35.0	https://lobbying.wi.gov/Who/PrincipalInformation/2025REG/Information/11068
WI-principal-11068-expenditure-2025-H2	11068	WI	expenditure_report	client	2025-07-01	2025-12-31	42000.0	9.0	23.5	https://lobbying.wi.gov/Who/PrincipalInformation/2025REG/Information/11068
WI-principal-11070-expenditure-2025-H1	11070	WI	expenditure_report	client	2025-01-01	2025-06-30	30000.0	12.75	60.75	https://lobbying.wi.gov/Who/PrincipalInformation/2025REG/Information/11070
WI-principal-11070-expenditure-2025-H2	11070	WI	expenditure_report	client	2025-07-01	2025-12-31	30000.0	13.25	43.5	https://lobbying.wi.gov/Who/PrincipalInformation/2025REG/Information/11070
WI-principal-11071-expenditure-2025-H1	11071	WI	expenditure_report	client	2025-01-01	2025-06-30	18235.44	35.5	103.25	https://lobbying.wi.gov/Who/PrincipalInformation/2025REG/Information/11071
WI-principal-11071-expenditure-2025-H2	11071	WI	expenditure_report	client	2025-07-01	2025-12-31	8790.13	7.0	15.5	https://lobbying.wi.gov/Who/PrincipalInformation/2025REG/Information/11071
WI-principal-11072-expenditure-2025-H1	11072	WI	expenditure_report	client	2025-01-01	2025-06-30	16200.0	33.0	46.0	https://lobbying.wi.gov/Who/PrincipalInformation/2025REG/Information/11072
WI-principal-11072-expenditure-2025-H2	11072	WI	expenditure_report	client	2025-07-01	2025-12-31	18000.0	4.5	33.5	https://lobbying.wi.gov/Who/PrincipalInformation/2025REG/Information/11072
WI-principal-11073-expenditure-2025-H1	11073	WI	expenditure_report	client	2025-01-01	2025-06-30	13500.0	58.0	64.0	https://lobbying.wi.gov/Who/PrincipalInformation/2025REG/Information/11073
WI-principal-11073-expenditure-2025-H2	11073	WI	expenditure_report	client	2025-07-01	2025-12-31	13500.0	13.0	26.0	https://lobbying.wi.gov/Who/PrincipalInformation/2025REG/Information/11073
WI-principal-11074-expenditure-2025-H2	11074	WI	expenditure_report	client	2025-07-01	2025-12-31	0.0	9.0	13.0	https://lobbying.wi.gov/Who/PrincipalInformation/2025REG/Information/11074
WI-principal-11075-expenditure-2025-H1	11075	WI	expenditure_report	client	2025-01-01	2025-06-30	13500.0	22.5	25.0	https://lobbying.wi.gov/Who/PrincipalInformation/2025REG/Information/11075
WI-principal-11075-expenditure-2025-H2	11075	WI	expenditure_report	client	2025-07-01	2025-12-31	6000.0	1.0	1.0	https://lobbying.wi.gov/Who/PrincipalInformation/2025REG/Information/11075
WI-principal-11076-expenditure-2025-H1	11076	WI	expenditure_report	client	2025-01-01	2025-06-30	10140.0	9.5	10.5	https://lobbying.wi.gov/Who/PrincipalInformation/2025REG/Information/11076
WI-principal-11076-expenditure-2025-H2	11076	WI	expenditure_report	client	2025-07-01	2025-12-31		9.5	9.5	https://lobbying.wi.gov/Who/PrincipalInformation/2025REG/Information/11076
WI-principal-11078-expenditure-2025-H1	11078	WI	expenditure_report	client	2025-01-01	2025-06-30	0.0	0.0	0.0	https://lobbying.wi.gov/Who/PrincipalInformation/2025REG/Information/11078
WI-principal-11078-expenditure-2025-H2	11078	WI	expenditure_report	client	2025-07-01	2025-12-31	0.0	0.0	0.0	https://lobbying.wi.gov/Who/PrincipalInformation/2025REG/Information/11078
WI-principal-11079-expenditure-2025-H1	11079	WI	expenditure_report	client	2025-01-01	2025-06-30	2457.62	0.0	24.6	https://lobbying.wi.gov/Who/PrincipalInformation/2025REG/Information/11079
WI-principal-11079-expenditure-2025-H2	11079	WI	expenditure_report	client	2025-07-01	2025-12-31	5679.06	2.25	32.25	https://lobbying.wi.gov/Who/PrincipalInformation/2025REG/Information/11079
WI-principal-11080-expenditure-2025-H1	11080	WI	expenditure_report	client	2025-01-01	2025-06-30	54281.04	71.0	143.0	https://lobbying.wi.gov/Who/PrincipalInformation/2025REG/Information/11080
WI-principal-11080-expenditure-2025-H2	11080	WI	expenditure_report	client	2025-07-01	2025-12-31	47888.61	33.25	108.5	https://lobbying.wi.gov/Who/PrincipalInformation/2025REG/Information/11080
WI-principal-11083-expenditure-2025-H1	11083	WI	expenditure_report	client	2025-01-01	2025-06-30	30000.0	12.0	18.0	https://lobbying.wi.gov/Who/PrincipalInformation/2025REG/Information/11083
WI-principal-11083-expenditure-2025-H2	11083	WI	expenditure_report	client	2025-07-01	2025-12-31	30000.0	15.0	10.0	https://lobbying.wi.gov/Who/PrincipalInformation/2025REG/Information/11083
WI-principal-11088-expenditure-2025-H1	11088	WI	expenditure_report	client	2025-01-01	2025-06-30	5820.88	18.25	20.0	https://lobbying.wi.gov/Who/PrincipalInformation/2025REG/Information/11088
WI-principal-11088-expenditure-2025-H2	11088	WI	expenditure_report	client	2025-07-01	2025-12-31	296461.6	117.5	189.5	https://lobbying.wi.gov/Who/PrincipalInformation/2025REG/Information/11088
WI-principal-11090-expenditure-2025-H1	11090	WI	expenditure_report	client	2025-01-01	2025-06-30	1913.43	19.88	30.15	https://lobbying.wi.gov/Who/PrincipalInformation/2025REG/Information/11090
WI-principal-11090-expenditure-2025-H2	11090	WI	expenditure_report	client	2025-07-01	2025-12-31	6876.12	16.21	189.08	https://lobbying.wi.gov/Who/PrincipalInformation/2025REG/Information/11090
WI-principal-11091-expenditure-2025-H1	11091	WI	expenditure_report	client	2025-01-01	2025-06-30	1934223.5	83.9	87.5	https://lobbying.wi.gov/Who/PrincipalInformation/2025REG/Information/11091
WI-principal-11091-expenditure-2025-H2	11091	WI	expenditure_report	client	2025-07-01	2025-12-31	249399.9	32.55	46.0	https://lobbying.wi.gov/Who/PrincipalInformation/2025REG/Information/11091
WI-principal-11092-expenditure-2025-H1	11092	WI	expenditure_report	client	2025-01-01	2025-06-30	105098.54	65.25	136.25	https://lobbying.wi.gov/Who/PrincipalInformation/2025REG/Information/11092
WI-principal-11092-expenditure-2025-H2	11092	WI	expenditure_report	client	2025-07-01	2025-12-31	102523.56	48.0	95.0	https://lobbying.wi.gov/Who/PrincipalInformation/2025REG/Information/11092
WI-principal-11093-expenditure-2025-H1	11093	WI	expenditure_report	client	2025-01-01	2025-06-30	1879.71	43.0	91.5	https://lobbying.wi.gov/Who/PrincipalInformation/2025REG/Information/11093
WI-principal-11093-expenditure-2025-H2	11093	WI	expenditure_report	client	2025-07-01	2025-12-31	550.0	6.5	39.0	https://lobbying.wi.gov/Who/PrincipalInformation/2025REG/Information/11093
WI-principal-11094-expenditure-2025-H1	11094	WI	expenditure_report	client	2025-01-01	2025-06-30	24912.0	58.0	149.0	https://lobbying.wi.gov/Who/PrincipalInformation/2025REG/Information/11094
WI-principal-11094-expenditure-2025-H2	11094	WI	expenditure_report	client	2025-07-01	2025-12-31	21652.5	45.0	137.5	https://lobbying.wi.gov/Who/PrincipalInformation/2025REG/Information/11094
WI-principal-11095-expenditure-2025-H1	11095	WI	expenditure_report	client	2025-01-01	2025-06-30	24300.0	33.5	15.0	https://lobbying.wi.gov/Who/PrincipalInformation/2025REG/Information/11095
WI-principal-11095-expenditure-2025-H2	11095	WI	expenditure_report	client	2025-07-01	2025-12-31	27000.0	1.5	11.0	https://lobbying.wi.gov/Who/PrincipalInformation/2025REG/Information/11095
WI-principal-11097-expenditure-2025-H1	11097	WI	expenditure_report	client	2025-01-01	2025-06-30	936.03	8.95	1.0	https://lobbying.wi.gov/Who/PrincipalInformation/2025REG/Information/11097
WI-principal-11097-expenditure-2025-H2	11097	WI	expenditure_report	client	2025-07-01	2025-12-31	51.02	2.0	0.0	https://lobbying.wi.gov/Who/PrincipalInformation/2025REG/Information/11097
WI-principal-11099-expenditure-2025-H1	11099	WI	expenditure_report	client	2025-01-01	2025-06-30	18116.2	4.1	48.8	https://lobbying.wi.gov/Who/PrincipalInformation/2025REG/Information/11099
WI-principal-11099-expenditure-2025-H2	11099	WI	expenditure_report	client	2025-07-01	2025-12-31	18000.0	15.1	30.4	https://lobbying.wi.gov/Who/PrincipalInformation/2025REG/Information/11099
WI-principal-11100-expenditure-2025-H1	11100	WI	expenditure_report	client	2025-01-01	2025-06-30	0.0	91.75	117.0	https://lobbying.wi.gov/Who/PrincipalInformation/2025REG/Information/11100
WI-principal-11100-expenditure-2025-H2	11100	WI	expenditure_report	client	2025-07-01	2025-12-31	25000.0	37.5	83.5	https://lobbying.wi.gov/Who/PrincipalInformation/2025REG/Information/11100
WI-principal-11101-expenditure-2025-H1	11101	WI	expenditure_report	client	2025-01-01	2025-06-30	28350.0	33.0	22.5	https://lobbying.wi.gov/Who/PrincipalInformation/2025REG/Information/11101
WI-principal-11101-expenditure-2025-H2	11101	WI	expenditure_report	client	2025-07-01	2025-12-31	28350.0	6.0	15.5	https://lobbying.wi.gov/Who/PrincipalInformation/2025REG/Information/11101
WI-principal-11102-expenditure-2025-H1	11102	WI	expenditure_report	client	2025-01-01	2025-06-30	56000.0	57.0	92.5	https://lobbying.wi.gov/Who/PrincipalInformation/2025REG/Information/11102
WI-principal-11102-expenditure-2025-H2	11102	WI	expenditure_report	client	2025-07-01	2025-12-31	62000.0	11.0	98.0	https://lobbying.wi.gov/Who/PrincipalInformation/2025REG/Information/11102
WI-principal-11103-expenditure-2025-H1	11103	WI	expenditure_report	client	2025-01-01	2025-06-30	18000.0	61.0	82.5	https://lobbying.wi.gov/Who/PrincipalInformation/2025REG/Information/11103
WI-principal-11103-expenditure-2025-H2	11103	WI	expenditure_report	client	2025-07-01	2025-12-31	18000.0	22.5	64.5	https://lobbying.wi.gov/Who/PrincipalInformation/2025REG/Information/11103
WI-principal-11107-expenditure-2025-H1	11107	WI	expenditure_report	client	2025-01-01	2025-06-30	426668.29	571.35	1722.1	https://lobbying.wi.gov/Who/PrincipalInformation/2025REG/Information/11107
WI-principal-11107-expenditure-2025-H2	11107	WI	expenditure_report	client	2025-07-01	2025-12-31	381249.87	578.95	1562.05	https://lobbying.wi.gov/Who/PrincipalInformation/2025REG/Information/11107
WI-principal-11108-expenditure-2025-H1	11108	WI	expenditure_report	client	2025-01-01	2025-06-30	3214.8	46.0	57.0	https://lobbying.wi.gov/Who/PrincipalInformation/2025REG/Information/11108
WI-principal-11108-expenditure-2025-H2	11108	WI	expenditure_report	client	2025-07-01	2025-12-31	0.0	0.0	0.0	https://lobbying.wi.gov/Who/PrincipalInformation/2025REG/Information/11108
WI-principal-11109-expenditure-2025-H1	11109	WI	expenditure_report	client	2025-01-01	2025-06-30	37239.99	45.0	50.5	https://lobbying.wi.gov/Who/PrincipalInformation/2025REG/Information/11109
WI-principal-11109-expenditure-2025-H2	11109	WI	expenditure_report	client	2025-07-01	2025-12-31	63800.36	70.0	66.0	https://lobbying.wi.gov/Who/PrincipalInformation/2025REG/Information/11109
WI-principal-11110-expenditure-2025-H1	11110	WI	expenditure_report	client	2025-01-01	2025-06-30	88183.3	133.45	305.8	https://lobbying.wi.gov/Who/PrincipalInformation/2025REG/Information/11110
WI-principal-11110-expenditure-2025-H2	11110	WI	expenditure_report	client	2025-07-01	2025-12-31	91195.31	124.25	336.25	https://lobbying.wi.gov/Who/PrincipalInformation/2025REG/Information/11110
WI-principal-11111-expenditure-2025-H1	11111	WI	expenditure_report	client	2025-01-01	2025-06-30	122095.78	178.5	399.75	https://lobbying.wi.gov/Who/PrincipalInformation/2025REG/Information/11111
WI-principal-11111-expenditure-2025-H2	11111	WI	expenditure_report	client	2025-07-01	2025-12-31	97726.71	142.0	344.15	https://lobbying.wi.gov/Who/PrincipalInformation/2025REG/Information/11111
WI-principal-11112-expenditure-2025-H1	11112	WI	expenditure_report	client	2025-01-01	2025-06-30	36000.0	0.0	15.25	https://lobbying.wi.gov/Who/PrincipalInformation/2025REG/Information/11112
WI-principal-11112-expenditure-2025-H2	11112	WI	expenditure_report	client	2025-07-01	2025-12-31	36000.0	0.0	5.0	https://lobbying.wi.gov/Who/PrincipalInformation/2025REG/Information/11112
WI-principal-11113-expenditure-2025-H1	11113	WI	expenditure_report	client	2025-01-01	2025-06-30	10645.0	2.0	2.0	https://lobbying.wi.gov/Who/PrincipalInformation/2025REG/Information/11113
WI-principal-11113-expenditure-2025-H2	11113	WI	expenditure_report	client	2025-07-01	2025-12-31	9720.0	0.0	0.0	https://lobbying.wi.gov/Who/PrincipalInformation/2025REG/Information/11113
WI-principal-11114-expenditure-2025-H1	11114	WI	expenditure_report	client	2025-01-01	2025-06-30	30625.0	2.5	2.5	https://lobbying.wi.gov/Who/PrincipalInformation/2025REG/Information/11114
WI-principal-11114-expenditure-2025-H2	11114	WI	expenditure_report	client	2025-07-01	2025-12-31	29700.0	4.0	0.0	https://lobbying.wi.gov/Who/PrincipalInformation/2025REG/Information/11114
WI-principal-11115-expenditure-2025-H1	11115	WI	expenditure_report	client	2025-01-01	2025-06-30	7904.0	4.3	20.4	https://lobbying.wi.gov/Who/PrincipalInformation/2025REG/Information/11115
WI-principal-11115-expenditure-2025-H2	11115	WI	expenditure_report	client	2025-07-01	2025-12-31	6336.0	5.2	14.6	https://lobbying.wi.gov/Who/PrincipalInformation/2025REG/Information/11115
WI-principal-11116-expenditure-2025-H1	11116	WI	expenditure_report	client	2025-01-01	2025-06-30	16200.0	13.7	14.5	https://lobbying.wi.gov/Who/PrincipalInformation/2025REG/Information/11116
WI-principal-11116-expenditure-2025-H2	11116	WI	expenditure_report	client	2025-07-01	2025-12-31	10800.0	0.5	0.0	https://lobbying.wi.gov/Who/PrincipalInformation/2025REG/Information/11116
WI-principal-11117-expenditure-2025-H1	11117	WI	expenditure_report	client	2025-01-01	2025-06-30	26870.3	17.8	6.0	https://lobbying.wi.gov/Who/PrincipalInformation/2025REG/Information/11117
WI-principal-11117-expenditure-2025-H2	11117	WI	expenditure_report	client	2025-07-01	2025-12-31	25920.0	1.5	1.0	https://lobbying.wi.gov/Who/PrincipalInformation/2025REG/Information/11117
WI-principal-11119-expenditure-2025-H1	11119	WI	expenditure_report	client	2025-01-01	2025-06-30	14425.0	2.0	2.0	https://lobbying.wi.gov/Who/PrincipalInformation/2025REG/Information/11119
WI-principal-11119-expenditure-2025-H2	11119	WI	expenditure_report	client	2025-07-01	2025-12-31	13500.0	0.0	0.0	https://lobbying.wi.gov/Who/PrincipalInformation/2025REG/Information/11119
WI-principal-11120-expenditure-2025-H1	11120	WI	expenditure_report	client	2025-01-01	2025-06-30	29275.0	1.5	2.0	https://lobbying.wi.gov/Who/PrincipalInformation/2025REG/Information/11120
WI-principal-11120-expenditure-2025-H2	11120	WI	expenditure_report	client	2025-07-01	2025-12-31	28350.0	1.0	0.0	https://lobbying.wi.gov/Who/PrincipalInformation/2025REG/Information/11120
WI-principal-11121-expenditure-2025-H1	11121	WI	expenditure_report	client	2025-01-01	2025-06-30	19825.0	23.7	15.1	https://lobbying.wi.gov/Who/PrincipalInformation/2025REG/Information/11121
WI-principal-11121-expenditure-2025-H2	11121	WI	expenditure_report	client	2025-07-01	2025-12-31	18900.0	12.0	10.8	https://lobbying.wi.gov/Who/PrincipalInformation/2025REG/Information/11121
WI-principal-11122-expenditure-2025-H1	11122	WI	expenditure_report	client	2025-01-01	2025-06-30	17125.0	12.3	19.5	https://lobbying.wi.gov/Who/PrincipalInformation/2025REG/Information/11122
WI-principal-11122-expenditure-2025-H2	11122	WI	expenditure_report	client	2025-07-01	2025-12-31	16200.0	6.9	0.5	https://lobbying.wi.gov/Who/PrincipalInformation/2025REG/Information/11122
WI-principal-11123-expenditure-2025-H1	11123	WI	expenditure_report	client	2025-01-01	2025-06-30	23425.0	2.7	2.5	https://lobbying.wi.gov/Who/PrincipalInformation/2025REG/Information/11123
WI-principal-11123-expenditure-2025-H2	11123	WI	expenditure_report	client	2025-07-01	2025-12-31	22500.0	3.0	1.5	https://lobbying.wi.gov/Who/PrincipalInformation/2025REG/Information/11123
WI-principal-11124-expenditure-2025-H1	11124	WI	expenditure_report	client	2025-01-01	2025-06-30	13885.0	2.8	3.0	https://lobbying.wi.gov/Who/PrincipalInformation/2025REG/Information/11124
WI-principal-11124-expenditure-2025-H2	11124	WI	expenditure_report	client	2025-07-01	2025-12-31	12960.0	0.0	0.0	https://lobbying.wi.gov/Who/PrincipalInformation/2025REG/Information/11124
WI-principal-11125-expenditure-2025-H1	11125	WI	expenditure_report	client	2025-01-01	2025-06-30	33347.2	1.5	2.0	https://lobbying.wi.gov/Who/PrincipalInformation/2025REG/Information/11125
WI-principal-11125-expenditure-2025-H2	11125	WI	expenditure_report	client	2025-07-01	2025-12-31	32400.0	0.0	0.0	https://lobbying.wi.gov/Who/PrincipalInformation/2025REG/Information/11125
WI-principal-11126-expenditure-2025-H1	11126	WI	expenditure_report	client	2025-01-01	2025-06-30	10825.0	0.0	0.0	https://lobbying.wi.gov/Who/PrincipalInformation/2025REG/Information/11126
WI-principal-11126-expenditure-2025-H2	11126	WI	expenditure_report	client	2025-07-01	2025-12-31	29700.0	0.0	0.0	https://lobbying.wi.gov/Who/PrincipalInformation/2025REG/Information/11126
WI-principal-11127-expenditure-2025-H1	11127	WI	expenditure_report	client	2025-01-01	2025-06-30	18475.0	9.0	0.0	https://lobbying.wi.gov/Who/PrincipalInformation/2025REG/Information/11127
WI-principal-11127-expenditure-2025-H2	11127	WI	expenditure_report	client	2025-07-01	2025-12-31	17550.0	7.0	0.0	https://lobbying.wi.gov/Who/PrincipalInformation/2025REG/Information/11127
WI-principal-11128-expenditure-2025-H1	11128	WI	expenditure_report	client	2025-01-01	2025-06-30	9025.0	0.5	0.0	https://lobbying.wi.gov/Who/PrincipalInformation/2025REG/Information/11128
WI-principal-11128-expenditure-2025-H2	11128	WI	expenditure_report	client	2025-07-01	2025-12-31	0.0	0.0	0.0	https://lobbying.wi.gov/Who/PrincipalInformation/2025REG/Information/11128
WI-principal-11129-expenditure-2025-H1	11129	WI	expenditure_report	client	2025-01-01	2025-06-30	25675.0	5.5	2.5	https://lobbying.wi.gov/Who/PrincipalInformation/2025REG/Information/11129
WI-principal-11129-expenditure-2025-H2	11129	WI	expenditure_report	client	2025-07-01	2025-12-31	29700.0	0.0	0.0	https://lobbying.wi.gov/Who/PrincipalInformation/2025REG/Information/11129
WI-principal-11130-expenditure-2025-H1	11130	WI	expenditure_report	client	2025-01-01	2025-06-30	31815.12	24.8	7.8	https://lobbying.wi.gov/Who/PrincipalInformation/2025REG/Information/11130
WI-principal-11130-expenditure-2025-H2	11130	WI	expenditure_report	client	2025-07-01	2025-12-31	30790.32	4.2	27.0	https://lobbying.wi.gov/Who/PrincipalInformation/2025REG/Information/11130
WI-principal-11131-expenditure-2025-H1	11131	WI	expenditure_report	client	2025-01-01	2025-06-30	22525.0	17.2	25.3	https://lobbying.wi.gov/Who/PrincipalInformation/2025REG/Information/11131
WI-principal-11131-expenditure-2025-H2	11131	WI	expenditure_report	client	2025-07-01	2025-12-31	21600.0	7.0	0.0	https://lobbying.wi.gov/Who/PrincipalInformation/2025REG/Information/11131
WI-principal-11132-expenditure-2025-H1	11132	WI	expenditure_report	client	2025-01-01	2025-06-30	50019.15	98.2	62.0	https://lobbying.wi.gov/Who/PrincipalInformation/2025REG/Information/11132
WI-principal-11132-expenditure-2025-H2	11132	WI	expenditure_report	client	2025-07-01	2025-12-31	45983.65	67.8	57.3	https://lobbying.wi.gov/Who/PrincipalInformation/2025REG/Information/11132
WI-principal-11133-expenditure-2025-H1	11133	WI	expenditure_report	client	2025-01-01	2025-06-30	61611.7	143.8	295.7	https://lobbying.wi.gov/Who/PrincipalInformation/2025REG/Information/11133
WI-principal-11133-expenditure-2025-H2	11133	WI	expenditure_report	client	2025-07-01	2025-12-31	37302.4	182.0	79.0	https://lobbying.wi.gov/Who/PrincipalInformation/2025REG/Information/11133
WI-principal-11134-expenditure-2025-H1	11134	WI	expenditure_report	client	2025-01-01	2025-06-30	30085.0	2.7	13.3	https://lobbying.wi.gov/Who/PrincipalInformation/2025REG/Information/11134
WI-principal-11134-expenditure-2025-H2	11134	WI	expenditure_report	client	2025-07-01	2025-12-31	29160.0	0.5	0.0	https://lobbying.wi.gov/Who/PrincipalInformation/2025REG/Information/11134
WI-principal-11135-expenditure-2025-H1	11135	WI	expenditure_report	client	2025-01-01	2025-06-30	26870.3	2.9	11.3	https://lobbying.wi.gov/Who/PrincipalInformation/2025REG/Information/11135
WI-principal-11135-expenditure-2025-H2	11135	WI	expenditure_report	client	2025-07-01	2025-12-31	25920.0	33.3	14.9	https://lobbying.wi.gov/Who/PrincipalInformation/2025REG/Information/11135
WI-principal-11136-expenditure-2025-H1	11136	WI	expenditure_report	client	2025-01-01	2025-06-30	30000.0	32.0	51.25	https://lobbying.wi.gov/Who/PrincipalInformation/2025REG/Information/11136
WI-principal-11136-expenditure-2025-H2	11136	WI	expenditure_report	client	2025-07-01	2025-12-31	31490.0	36.75	53.75	https://lobbying.wi.gov/Who/PrincipalInformation/2025REG/Information/11136
WI-principal-11137-expenditure-2025-H1	11137	WI	expenditure_report	client	2025-01-01	2025-06-30	4525.81	50.25	20.0	https://lobbying.wi.gov/Who/PrincipalInformation/2025REG/Information/11137
WI-principal-11137-expenditure-2025-H2	11137	WI	expenditure_report	client	2025-07-01	2025-12-31	4298.55	35.25	27.5	https://lobbying.wi.gov/Who/PrincipalInformation/2025REG/Information/11137
WI-principal-11138-expenditure-2025-H1	11138	WI	expenditure_report	client	2025-01-01	2025-06-30	66775.88	140.7	642.0	https://lobbying.wi.gov/Who/PrincipalInformation/2025REG/Information/11138
WI-principal-11138-expenditure-2025-H2	11138	WI	expenditure_report	client	2025-07-01	2025-12-31	44474.61	82.15	464.0	https://lobbying.wi.gov/Who/PrincipalInformation/2025REG/Information/11138
WI-principal-11139-expenditure-2025-H1	11139	WI	expenditure_report	client	2025-01-01	2025-06-30	5400.0	10.75	16.0	https://lobbying.wi.gov/Who/PrincipalInformation/2025REG/Information/11139
WI-principal-11139-expenditure-2025-H2	11139	WI	expenditure_report	client	2025-07-01	2025-12-31	5400.0	2.5	6.5	https://lobbying.wi.gov/Who/PrincipalInformation/2025REG/Information/11139
WI-principal-11140-expenditure-2025-H1	11140	WI	expenditure_report	client	2025-01-01	2025-06-30	27000.0	2.8	40.5	https://lobbying.wi.gov/Who/PrincipalInformation/2025REG/Information/11140
WI-principal-11140-expenditure-2025-H2	11140	WI	expenditure_report	client	2025-07-01	2025-12-31	27000.0	10.0	37.85	https://lobbying.wi.gov/Who/PrincipalInformation/2025REG/Information/11140
WI-principal-11141-expenditure-2025-H1	11141	WI	expenditure_report	client	2025-01-01	2025-06-30	27000.0	10.25	57.75	https://lobbying.wi.gov/Who/PrincipalInformation/2025REG/Information/11141
WI-principal-11141-expenditure-2025-H2	11141	WI	expenditure_report	client	2025-07-01	2025-12-31	8100.0	4.45	22.6	https://lobbying.wi.gov/Who/PrincipalInformation/2025REG/Information/11141
WI-principal-11142-expenditure-2025-H1	11142	WI	expenditure_report	client	2025-01-01	2025-06-30	13500.0	0.0	23.75	https://lobbying.wi.gov/Who/PrincipalInformation/2025REG/Information/11142
WI-principal-11142-expenditure-2025-H2	11142	WI	expenditure_report	client	2025-07-01	2025-12-31	13500.0	1.0	21.05	https://lobbying.wi.gov/Who/PrincipalInformation/2025REG/Information/11142
WI-principal-11143-expenditure-2025-H1	11143	WI	expenditure_report	client	2025-01-01	2025-06-30	14400.0	23.5	33.5	https://lobbying.wi.gov/Who/PrincipalInformation/2025REG/Information/11143
WI-principal-11143-expenditure-2025-H2	11143	WI	expenditure_report	client	2025-07-01	2025-12-31	0.0	22.5	31.0	https://lobbying.wi.gov/Who/PrincipalInformation/2025REG/Information/11143
WI-principal-11144-expenditure-2025-H1	11144	WI	expenditure_report	client	2025-01-01	2025-06-30	8400.0	11.5	46.0	https://lobbying.wi.gov/Who/PrincipalInformation/2025REG/Information/11144
WI-principal-11144-expenditure-2025-H2	11144	WI	expenditure_report	client	2025-07-01	2025-12-31	8400.0	0.0	45.0	https://lobbying.wi.gov/Who/PrincipalInformation/2025REG/Information/11144
WI-principal-11145-expenditure-2025-H1	11145	WI	expenditure_report	client	2025-01-01	2025-06-30	45537.1	7.75	15.75	https://lobbying.wi.gov/Who/PrincipalInformation/2025REG/Information/11145
WI-principal-11145-expenditure-2025-H2	11145	WI	expenditure_report	client	2025-07-01	2025-12-31	34474.63	3.5	11.25	https://lobbying.wi.gov/Who/PrincipalInformation/2025REG/Information/11145
WI-principal-11146-expenditure-2025-H1	11146	WI	expenditure_report	client	2025-01-01	2025-06-30	12150.0	2.15	28.35	https://lobbying.wi.gov/Who/PrincipalInformation/2025REG/Information/11146
WI-principal-11146-expenditure-2025-H2	11146	WI	expenditure_report	client	2025-07-01	2025-12-31	12150.0	0.25	38.85	https://lobbying.wi.gov/Who/PrincipalInformation/2025REG/Information/11146
WI-principal-11147-expenditure-2025-H1	11147	WI	expenditure_report	client	2025-01-01	2025-06-30	7290.0	2.1	28.7	https://lobbying.wi.gov/Who/PrincipalInformation/2025REG/Information/11147
WI-principal-11147-expenditure-2025-H2	11147	WI	expenditure_report	client	2025-07-01	2025-12-31	7290.0	4.75	42.0	https://lobbying.wi.gov/Who/PrincipalInformation/2025REG/Information/11147
WI-principal-11148-expenditure-2025-H1	11148	WI	expenditure_report	client	2025-01-01	2025-06-30	27000.0	2.3	46.6	https://lobbying.wi.gov/Who/PrincipalInformation/2025REG/Information/11148
WI-principal-11148-expenditure-2025-H2	11148	WI	expenditure_report	client	2025-07-01	2025-12-31	27000.0	1.75	29.25	https://lobbying.wi.gov/Who/PrincipalInformation/2025REG/Information/11148
WI-principal-11149-expenditure-2025-H1	11149	WI	expenditure_report	client	2025-01-01	2025-06-30	8370.0	4.6	23.5	https://lobbying.wi.gov/Who/PrincipalInformation/2025REG/Information/11149
WI-principal-11149-expenditure-2025-H2	11149	WI	expenditure_report	client	2025-07-01	2025-12-31	8370.0	4.2	32.5	https://lobbying.wi.gov/Who/PrincipalInformation/2025REG/Information/11149
WI-principal-11150-expenditure-2025-H1	11150	WI	expenditure_report	client	2025-01-01	2025-06-30	1555.2	6.0	9.0	https://lobbying.wi.gov/Who/PrincipalInformation/2025REG/Information/11150
WI-principal-11151-expenditure-2025-H1	11151	WI	expenditure_report	client	2025-01-01	2025-06-30	32878.8	12.0	44.5	https://lobbying.wi.gov/Who/PrincipalInformation/2025REG/Information/11151
WI-principal-11151-expenditure-2025-H2	11151	WI	expenditure_report	client	2025-07-01	2025-12-31	32400.0	4.0	42.65	https://lobbying.wi.gov/Who/PrincipalInformation/2025REG/Information/11151
WI-principal-11152-expenditure-2025-H1	11152	WI	expenditure_report	client	2025-01-01	2025-06-30	13500.0	4.9	34.6	https://lobbying.wi.gov/Who/PrincipalInformation/2025REG/Information/11152
WI-principal-11152-expenditure-2025-H2	11152	WI	expenditure_report	client	2025-07-01	2025-12-31	13500.0	5.25	35.15	https://lobbying.wi.gov/Who/PrincipalInformation/2025REG/Information/11152
WI-principal-11153-expenditure-2025-H1	11153	WI	expenditure_report	client	2025-01-01	2025-06-30	10215.0	14.0	27.05	https://lobbying.wi.gov/Who/PrincipalInformation/2025REG/Information/11153
WI-principal-11153-expenditure-2025-H2	11153	WI	expenditure_report	client	2025-07-01	2025-12-31	16794.52	7.85	53.95	https://lobbying.wi.gov/Who/PrincipalInformation/2025REG/Information/11153
WI-principal-11154-expenditure-2025-H1	11154	WI	expenditure_report	client	2025-01-01	2025-06-30	18000.0	27.0	36.5	https://lobbying.wi.gov/Who/PrincipalInformation/2025REG/Information/11154
WI-principal-11154-expenditure-2025-H2	11154	WI	expenditure_report	client	2025-07-01	2025-12-31	0.0	4.0	7.0	https://lobbying.wi.gov/Who/PrincipalInformation/2025REG/Information/11154
WI-principal-11155-expenditure-2025-H1	11155	WI	expenditure_report	client	2025-01-01	2025-06-30	66780.44	163.5	420.75	https://lobbying.wi.gov/Who/PrincipalInformation/2025REG/Information/11155
WI-principal-11155-expenditure-2025-H2	11155	WI	expenditure_report	client	2025-07-01	2025-12-31	71116.02	147.5	466.0	https://lobbying.wi.gov/Who/PrincipalInformation/2025REG/Information/11155
WI-principal-11156-expenditure-2025-H1	11156	WI	expenditure_report	client	2025-01-01	2025-06-30	155771.09	170.75	293.25	https://lobbying.wi.gov/Who/PrincipalInformation/2025REG/Information/11156
WI-principal-11156-expenditure-2025-H2	11156	WI	expenditure_report	client	2025-07-01	2025-12-31	152211.6	112.25	305.25	https://lobbying.wi.gov/Who/PrincipalInformation/2025REG/Information/11156
WI-principal-11157-expenditure-2025-H1	11157	WI	expenditure_report	client	2025-01-01	2025-06-30	300074.66	573.7	1029.88	https://lobbying.wi.gov/Who/PrincipalInformation/2025REG/Information/11157
WI-principal-11157-expenditure-2025-H2	11157	WI	expenditure_report	client	2025-07-01	2025-12-31	308171.48	393.75	829.85	https://lobbying.wi.gov/Who/PrincipalInformation/2025REG/Information/11157
WI-principal-11158-expenditure-2025-H1	11158	WI	expenditure_report	client	2025-01-01	2025-06-30	20621.25	78.75	53.25	https://lobbying.wi.gov/Who/PrincipalInformation/2025REG/Information/11158
WI-principal-11158-expenditure-2025-H2	11158	WI	expenditure_report	client	2025-07-01	2025-12-31	18942.76	30.75	63.75	https://lobbying.wi.gov/Who/PrincipalInformation/2025REG/Information/11158
WI-principal-11162-expenditure-2025-H1	11162	WI	expenditure_report	client	2025-01-01	2025-06-30	47690.0	62.0	133.5	https://lobbying.wi.gov/Who/PrincipalInformation/2025REG/Information/11162
WI-principal-11162-expenditure-2025-H2	11162	WI	expenditure_report	client	2025-07-01	2025-12-31	50463.0	98.0	129.9	https://lobbying.wi.gov/Who/PrincipalInformation/2025REG/Information/11162
WI-principal-11164-expenditure-2025-H1	11164	WI	expenditure_report	client	2025-01-01	2025-06-30	89063.0	34.75	214.75	https://lobbying.wi.gov/Who/PrincipalInformation/2025REG/Information/11164
WI-principal-11164-expenditure-2025-H2	11164	WI	expenditure_report	client	2025-07-01	2025-12-31	79572.0	20.25	129.0	https://lobbying.wi.gov/Who/PrincipalInformation/2025REG/Information/11164
WI-principal-11165-expenditure-2025-H1	11165	WI	expenditure_report	client	2025-01-01	2025-06-30	0.0	0.0	67.5	https://lobbying.wi.gov/Who/PrincipalInformation/2025REG/Information/11165
WI-principal-11165-expenditure-2025-H2	11165	WI	expenditure_report	client	2025-07-01	2025-12-31	0.0	0.0	0.0	https://lobbying.wi.gov/Who/PrincipalInformation/2025REG/Information/11165
WI-principal-11166-expenditure-2025-H1	11166	WI	expenditure_report	client	2025-01-01	2025-06-30	93397.0	266.0	1291.0	https://lobbying.wi.gov/Who/PrincipalInformation/2025REG/Information/11166
WI-principal-11166-expenditure-2025-H2	11166	WI	expenditure_report	client	2025-07-01	2025-12-31	156902.4	150.0	1841.0	https://lobbying.wi.gov/Who/PrincipalInformation/2025REG/Information/11166
WI-principal-11169-expenditure-2025-H1	11169	WI	expenditure_report	client	2025-01-01	2025-06-30	9200.0	9.0	37.0	https://lobbying.wi.gov/Who/PrincipalInformation/2025REG/Information/11169
WI-principal-11169-expenditure-2025-H2	11169	WI	expenditure_report	client	2025-07-01	2025-12-31	11750.0	10.5	36.5	https://lobbying.wi.gov/Who/PrincipalInformation/2025REG/Information/11169
WI-principal-11170-expenditure-2025-H1	11170	WI	expenditure_report	client	2025-01-01	2025-06-30	14000.0	60.0	65.5	https://lobbying.wi.gov/Who/PrincipalInformation/2025REG/Information/11170
WI-principal-11170-expenditure-2025-H2	11170	WI	expenditure_report	client	2025-07-01	2025-12-31	14000.0	12.0	38.0	https://lobbying.wi.gov/Who/PrincipalInformation/2025REG/Information/11170
WI-principal-11171-expenditure-2025-H1	11171	WI	expenditure_report	client	2025-01-01	2025-06-30	5000.0	3.0	7.0	https://lobbying.wi.gov/Who/PrincipalInformation/2025REG/Information/11171
WI-principal-11171-expenditure-2025-H2	11171	WI	expenditure_report	client	2025-07-01	2025-12-31	0.0	0.0	0.0	https://lobbying.wi.gov/Who/PrincipalInformation/2025REG/Information/11171
WI-principal-11172-expenditure-2025-H1	11172	WI	expenditure_report	client	2025-01-01	2025-06-30	10000.0	14.0	2.0	https://lobbying.wi.gov/Who/PrincipalInformation/2025REG/Information/11172
WI-principal-11172-expenditure-2025-H2	11172	WI	expenditure_report	client	2025-07-01	2025-12-31	0.0	0.0	0.0	https://lobbying.wi.gov/Who/PrincipalInformation/2025REG/Information/11172
WI-principal-11173-expenditure-2025-H1	11173	WI	expenditure_report	client	2025-01-01	2025-06-30	20520.0	59.5	93.5	https://lobbying.wi.gov/Who/PrincipalInformation/2025REG/Information/11173
WI-principal-11173-expenditure-2025-H2	11173	WI	expenditure_report	client	2025-07-01	2025-12-31	20500.0	19.5	68.5	https://lobbying.wi.gov/Who/PrincipalInformation/2025REG/Information/11173
WI-principal-11174-expenditure-2025-H1	11174	WI	expenditure_report	client	2025-01-01	2025-06-30	2771.45	4.5	14.75	https://lobbying.wi.gov/Who/PrincipalInformation/2025REG/Information/11174
WI-principal-11174-expenditure-2025-H2	11174	WI	expenditure_report	client	2025-07-01	2025-12-31	2984.46	4.0	10.0	https://lobbying.wi.gov/Who/PrincipalInformation/2025REG/Information/11174
WI-principal-11175-expenditure-2025-H1	11175	WI	expenditure_report	client	2025-01-01	2025-06-30	30282.14	32.0	54.25	https://lobbying.wi.gov/Who/PrincipalInformation/2025REG/Information/11175
WI-principal-11175-expenditure-2025-H2	11175	WI	expenditure_report	client	2025-07-01	2025-12-31	28846.04	25.5	40.25	https://lobbying.wi.gov/Who/PrincipalInformation/2025REG/Information/11175
WI-principal-11177-expenditure-2025-H1	11177	WI	expenditure_report	client	2025-01-01	2025-06-30	32400.0	33.9	43.5	https://lobbying.wi.gov/Who/PrincipalInformation/2025REG/Information/11177
WI-principal-11177-expenditure-2025-H2	11177	WI	expenditure_report	client	2025-07-01	2025-12-31	32400.0	33.85	26.75	https://lobbying.wi.gov/Who/PrincipalInformation/2025REG/Information/11177
WI-principal-11178-expenditure-2025-H1	11178	WI	expenditure_report	client	2025-01-01	2025-06-30	18000.0	2.0	5.5	https://lobbying.wi.gov/Who/PrincipalInformation/2025REG/Information/11178
WI-principal-11178-expenditure-2025-H2	11178	WI	expenditure_report	client	2025-07-01	2025-12-31	18000.0	0.0	0.0	https://lobbying.wi.gov/Who/PrincipalInformation/2025REG/Information/11178
WI-principal-11179-expenditure-2025-H1	11179	WI	expenditure_report	client	2025-01-01	2025-06-30	4245.0	1.5	36.25	https://lobbying.wi.gov/Who/PrincipalInformation/2025REG/Information/11179
WI-principal-11179-expenditure-2025-H2	11179	WI	expenditure_report	client	2025-07-01	2025-12-31	3350.0	0.0	18.9	https://lobbying.wi.gov/Who/PrincipalInformation/2025REG/Information/11179
WI-principal-11180-expenditure-2025-H1	11180	WI	expenditure_report	client	2025-01-01	2025-06-30	0.0	0.0	0.0	https://lobbying.wi.gov/Who/PrincipalInformation/2025REG/Information/11180
WI-principal-11180-expenditure-2025-H2	11180	WI	expenditure_report	client	2025-07-01	2025-12-31	0.0	0.0	0.0	https://lobbying.wi.gov/Who/PrincipalInformation/2025REG/Information/11180
WI-principal-11181-expenditure-2025-H1	11181	WI	expenditure_report	client	2025-01-01	2025-06-30	36720.25	23.75	40.5	https://lobbying.wi.gov/Who/PrincipalInformation/2025REG/Information/11181
WI-principal-11181-expenditure-2025-H2	11181	WI	expenditure_report	client	2025-07-01	2025-12-31	37271.25	51.5	61.5	https://lobbying.wi.gov/Who/PrincipalInformation/2025REG/Information/11181
WI-principal-11182-expenditure-2025-H1	11182	WI	expenditure_report	client	2025-01-01	2025-06-30	13500.0	38.5	65.5	https://lobbying.wi.gov/Who/PrincipalInformation/2025REG/Information/11182
WI-principal-11182-expenditure-2025-H2	11182	WI	expenditure_report	client	2025-07-01	2025-12-31	27000.0	8.0	25.0	https://lobbying.wi.gov/Who/PrincipalInformation/2025REG/Information/11182
WI-principal-11183-expenditure-2025-H1	11183	WI	expenditure_report	client	2025-01-01	2025-06-30	27000.0	32.5	72.5	https://lobbying.wi.gov/Who/PrincipalInformation/2025REG/Information/11183
WI-principal-11183-expenditure-2025-H2	11183	WI	expenditure_report	client	2025-07-01	2025-12-31	27000.0	26.0	53.0	https://lobbying.wi.gov/Who/PrincipalInformation/2025REG/Information/11183
WI-principal-11184-expenditure-2025-H1	11184	WI	expenditure_report	client	2025-01-01	2025-06-30	0.0	23.5	31.0	https://lobbying.wi.gov/Who/PrincipalInformation/2025REG/Information/11184
WI-principal-11184-expenditure-2025-H2	11184	WI	expenditure_report	client	2025-07-01	2025-12-31	0.0	1.0	4.0	https://lobbying.wi.gov/Who/PrincipalInformation/2025REG/Information/11184
WI-principal-11185-expenditure-2025-H1	11185	WI	expenditure_report	client	2025-01-01	2025-06-30	16200.0	37.0	53.5	https://lobbying.wi.gov/Who/PrincipalInformation/2025REG/Information/11185
WI-principal-11185-expenditure-2025-H2	11185	WI	expenditure_report	client	2025-07-01	2025-12-31	16200.0	19.0	40.0	https://lobbying.wi.gov/Who/PrincipalInformation/2025REG/Information/11185
WI-principal-11186-expenditure-2025-H1	11186	WI	expenditure_report	client	2025-01-01	2025-06-30	101566.07	217.0	501.25	https://lobbying.wi.gov/Who/PrincipalInformation/2025REG/Information/11186
WI-principal-11186-expenditure-2025-H2	11186	WI	expenditure_report	client	2025-07-01	2025-12-31	94896.41	86.0	638.0	https://lobbying.wi.gov/Who/PrincipalInformation/2025REG/Information/11186
WI-principal-11187-expenditure-2025-H1	11187	WI	expenditure_report	client	2025-01-01	2025-06-30	30000.0	2.0	17.5	https://lobbying.wi.gov/Who/PrincipalInformation/2025REG/Information/11187
WI-principal-11187-expenditure-2025-H2	11187	WI	expenditure_report	client	2025-07-01	2025-12-31	30000.0	4.5	12.0	https://lobbying.wi.gov/Who/PrincipalInformation/2025REG/Information/11187
WI-principal-11188-expenditure-2025-H1	11188	WI	expenditure_report	client	2025-01-01	2025-06-30	32795.56	33.75	200.5	https://lobbying.wi.gov/Who/PrincipalInformation/2025REG/Information/11188
WI-principal-11188-expenditure-2025-H2	11188	WI	expenditure_report	client	2025-07-01	2025-12-31	34664.04	44.75	201.0	https://lobbying.wi.gov/Who/PrincipalInformation/2025REG/Information/11188
WI-principal-11189-expenditure-2025-H1	11189	WI	expenditure_report	client	2025-01-01	2025-06-30	0.0	0.0	0.0	https://lobbying.wi.gov/Who/PrincipalInformation/2025REG/Information/11189
WI-principal-11189-expenditure-2025-H2	11189	WI	expenditure_report	client	2025-07-01	2025-12-31	0.0	0.0	0.0	https://lobbying.wi.gov/Who/PrincipalInformation/2025REG/Information/11189
WI-principal-11190-expenditure-2025-H1	11190	WI	expenditure_report	client	2025-01-01	2025-06-30	34500.0	1.0	2.5	https://lobbying.wi.gov/Who/PrincipalInformation/2025REG/Information/11190
WI-principal-11190-expenditure-2025-H2	11190	WI	expenditure_report	client	2025-07-01	2025-12-31	34500.0	0.0	1.5	https://lobbying.wi.gov/Who/PrincipalInformation/2025REG/Information/11190
WI-principal-11192-expenditure-2025-H1	11192	WI	expenditure_report	client	2025-01-01	2025-06-30	8250.0	6.0	34.5	https://lobbying.wi.gov/Who/PrincipalInformation/2025REG/Information/11192
WI-principal-11192-expenditure-2025-H2	11192	WI	expenditure_report	client	2025-07-01	2025-12-31	7500.0	4.5	41.25	https://lobbying.wi.gov/Who/PrincipalInformation/2025REG/Information/11192
WI-principal-11194-expenditure-2025-H1	11194	WI	expenditure_report	client	2025-01-01	2025-06-30	1350.65	6.0	21.0	https://lobbying.wi.gov/Who/PrincipalInformation/2025REG/Information/11194
WI-principal-11194-expenditure-2025-H2	11194	WI	expenditure_report	client	2025-07-01	2025-12-31	86.92	1.0	1.0	https://lobbying.wi.gov/Who/PrincipalInformation/2025REG/Information/11194
WI-principal-11197-expenditure-2025-H1	11197	WI	expenditure_report	client	2025-01-01	2025-06-30	24521.33	10.5	212.75	https://lobbying.wi.gov/Who/PrincipalInformation/2025REG/Information/11197
WI-principal-11197-expenditure-2025-H2	11197	WI	expenditure_report	client	2025-07-01	2025-12-31	19314.0	2.0	100.25	https://lobbying.wi.gov/Who/PrincipalInformation/2025REG/Information/11197
WI-principal-11198-expenditure-2025-H1	11198	WI	expenditure_report	client	2025-01-01	2025-06-30	18752.0	0.0	4.0	https://lobbying.wi.gov/Who/PrincipalInformation/2025REG/Information/11198
WI-principal-11198-expenditure-2025-H2	11198	WI	expenditure_report	client	2025-07-01	2025-12-31	18752.0	5.0	11.5	https://lobbying.wi.gov/Who/PrincipalInformation/2025REG/Information/11198
WI-principal-11199-expenditure-2025-H1	11199	WI	expenditure_report	client	2025-01-01	2025-06-30	36000.0	26.25	32.5	https://lobbying.wi.gov/Who/PrincipalInformation/2025REG/Information/11199
WI-principal-11199-expenditure-2025-H2	11199	WI	expenditure_report	client	2025-07-01	2025-12-31	36000.0	7.25	14.5	https://lobbying.wi.gov/Who/PrincipalInformation/2025REG/Information/11199
WI-principal-11200-expenditure-2025-H1	11200	WI	expenditure_report	client	2025-01-01	2025-06-30	5712.0	4.25	20.5	https://lobbying.wi.gov/Who/PrincipalInformation/2025REG/Information/11200
WI-principal-11200-expenditure-2025-H2	11200	WI	expenditure_report	client	2025-07-01	2025-12-31	5534.0	5.75	16.0	https://lobbying.wi.gov/Who/PrincipalInformation/2025REG/Information/11200
WI-principal-11201-expenditure-2025-H1	11201	WI	expenditure_report	client	2025-01-01	2025-06-30	52055.0	89.75	110.75	https://lobbying.wi.gov/Who/PrincipalInformation/2025REG/Information/11201
WI-principal-11201-expenditure-2025-H2	11201	WI	expenditure_report	client	2025-07-01	2025-12-31	20000.0	20.75	26.5	https://lobbying.wi.gov/Who/PrincipalInformation/2025REG/Information/11201
WI-principal-11202-expenditure-2025-H1	11202	WI	expenditure_report	client	2025-01-01	2025-06-30	45000.0	18.0	52.25	https://lobbying.wi.gov/Who/PrincipalInformation/2025REG/Information/11202
WI-principal-11202-expenditure-2025-H2	11202	WI	expenditure_report	client	2025-07-01	2025-12-31	48000.0	7.5	17.75	https://lobbying.wi.gov/Who/PrincipalInformation/2025REG/Information/11202
WI-principal-11203-expenditure-2025-H1	11203	WI	expenditure_report	client	2025-01-01	2025-06-30	27594.87	0.0	45.25	https://lobbying.wi.gov/Who/PrincipalInformation/2025REG/Information/11203
WI-principal-11203-expenditure-2025-H2	11203	WI	expenditure_report	client	2025-07-01	2025-12-31	26125.67	7.5	51.5	https://lobbying.wi.gov/Who/PrincipalInformation/2025REG/Information/11203
WI-principal-11204-expenditure-2025-H1	11204	WI	expenditure_report	client	2025-01-01	2025-06-30	19999.98	18.25	20.0	https://lobbying.wi.gov/Who/PrincipalInformation/2025REG/Information/11204
WI-principal-11204-expenditure-2025-H2	11204	WI	expenditure_report	client	2025-07-01	2025-12-31	20000.02	6.5	27.5	https://lobbying.wi.gov/Who/PrincipalInformation/2025REG/Information/11204
WI-principal-11205-expenditure-2025-H1	11205	WI	expenditure_report	client	2025-01-01	2025-06-30	54011.69	98.0	104.2	https://lobbying.wi.gov/Who/PrincipalInformation/2025REG/Information/11205
WI-principal-11205-expenditure-2025-H2	11205	WI	expenditure_report	client	2025-07-01	2025-12-31	45953.0	74.5	116.25	https://lobbying.wi.gov/Who/PrincipalInformation/2025REG/Information/11205
WI-principal-11206-expenditure-2025-H1	11206	WI	expenditure_report	client	2025-01-01	2025-06-30	32645.44	54.25	30.0	https://lobbying.wi.gov/Who/PrincipalInformation/2025REG/Information/11206
WI-principal-11206-expenditure-2025-H2	11206	WI	expenditure_report	client	2025-07-01	2025-12-31	32000.02	21.0	29.5	https://lobbying.wi.gov/Who/PrincipalInformation/2025REG/Information/11206
WI-principal-11207-expenditure-2025-H1	11207	WI	expenditure_report	client	2025-01-01	2025-06-30	35250.08	128.5	134.5	https://lobbying.wi.gov/Who/PrincipalInformation/2025REG/Information/11207
WI-principal-11207-expenditure-2025-H2	11207	WI	expenditure_report	client	2025-07-01	2025-12-31	37132.0	89.0	105.25	https://lobbying.wi.gov/Who/PrincipalInformation/2025REG/Information/11207
WI-principal-11208-expenditure-2025-H1	11208	WI	expenditure_report	client	2025-01-01	2025-06-30	36567.79	90.25	59.0	https://lobbying.wi.gov/Who/PrincipalInformation/2025REG/Information/11208
WI-principal-11208-expenditure-2025-H2	11208	WI	expenditure_report	client	2025-07-01	2025-12-31	34658.53	44.25	62.25	https://lobbying.wi.gov/Who/PrincipalInformation/2025REG/Information/11208
WI-principal-11209-expenditure-2025-H1	11209	WI	expenditure_report	client	2025-01-01	2025-06-30	6134.48	23.75	43.75	https://lobbying.wi.gov/Who/PrincipalInformation/2025REG/Information/11209
WI-principal-11209-expenditure-2025-H2	11209	WI	expenditure_report	client	2025-07-01	2025-12-31	7000.0	30.0	41.75	https://lobbying.wi.gov/Who/PrincipalInformation/2025REG/Information/11209
WI-principal-11211-expenditure-2025-H1	11211	WI	expenditure_report	client	2025-01-01	2025-06-30	15982.29	6.0	32.75	https://lobbying.wi.gov/Who/PrincipalInformation/2025REG/Information/11211
WI-principal-11211-expenditure-2025-H2	11211	WI	expenditure_report	client	2025-07-01	2025-12-31	15903.54	8.0	30.0	https://lobbying.wi.gov/Who/PrincipalInformation/2025REG/Information/11211
WI-principal-11212-expenditure-2025-H1	11212	WI	expenditure_report	client	2025-01-01	2025-06-30	36698.0	13.5	24.5	https://lobbying.wi.gov/Who/PrincipalInformation/2025REG/Information/11212
WI-principal-11212-expenditure-2025-H2	11212	WI	expenditure_report	client	2025-07-01	2025-12-31	35204.0	3.5	23.75	https://lobbying.wi.gov/Who/PrincipalInformation/2025REG/Information/11212
WI-principal-11213-expenditure-2025-H1	11213	WI	expenditure_report	client	2025-01-01	2025-06-30	42000.0	3.5	4.0	https://lobbying.wi.gov/Who/PrincipalInformation/2025REG/Information/11213
WI-principal-11213-expenditure-2025-H2	11213	WI	expenditure_report	client	2025-07-01	2025-12-31	42000.0	2.5	4.0	https://lobbying.wi.gov/Who/PrincipalInformation/2025REG/Information/11213
WI-principal-11214-expenditure-2025-H1	11214	WI	expenditure_report	client	2025-01-01	2025-06-30	11440.0	38.0	70.0	https://lobbying.wi.gov/Who/PrincipalInformation/2025REG/Information/11214
WI-principal-11214-expenditure-2025-H2	11214	WI	expenditure_report	client	2025-07-01	2025-12-31	8100.0	12.5	23.5	https://lobbying.wi.gov/Who/PrincipalInformation/2025REG/Information/11214
WI-principal-11215-expenditure-2025-H1	11215	WI	expenditure_report	client	2025-01-01	2025-06-30	30000.0	49.25	61.5	https://lobbying.wi.gov/Who/PrincipalInformation/2025REG/Information/11215
WI-principal-11215-expenditure-2025-H2	11215	WI	expenditure_report	client	2025-07-01	2025-12-31	30000.0	18.25	38.5	https://lobbying.wi.gov/Who/PrincipalInformation/2025REG/Information/11215
WI-principal-11216-expenditure-2025-H1	11216	WI	expenditure_report	client	2025-01-01	2025-06-30	16666.65	2.75	29.5	https://lobbying.wi.gov/Who/PrincipalInformation/2025REG/Information/11216
WI-principal-11216-expenditure-2025-H2	11216	WI	expenditure_report	client	2025-07-01	2025-12-31	4000.0	3.0	8.5	https://lobbying.wi.gov/Who/PrincipalInformation/2025REG/Information/11216
WI-principal-11217-expenditure-2025-H1	11217	WI	expenditure_report	client	2025-01-01	2025-06-30	30000.0	1.0	7.5	https://lobbying.wi.gov/Who/PrincipalInformation/2025REG/Information/11217
WI-principal-11217-expenditure-2025-H2	11217	WI	expenditure_report	client	2025-07-01	2025-12-31	25000.0	0.0	0.0	https://lobbying.wi.gov/Who/PrincipalInformation/2025REG/Information/11217
WI-principal-11218-expenditure-2025-H1	11218	WI	expenditure_report	client	2025-01-01	2025-06-30	38500.0	60.75	128.5	https://lobbying.wi.gov/Who/PrincipalInformation/2025REG/Information/11218
WI-principal-11218-expenditure-2025-H2	11218	WI	expenditure_report	client	2025-07-01	2025-12-31	66478.0	52.75	90.75	https://lobbying.wi.gov/Who/PrincipalInformation/2025REG/Information/11218
WI-principal-11219-expenditure-2025-H1	11219	WI	expenditure_report	client	2025-01-01	2025-06-30	114088.82	170.5	1163.25	https://lobbying.wi.gov/Who/PrincipalInformation/2025REG/Information/11219
WI-principal-11219-expenditure-2025-H2	11219	WI	expenditure_report	client	2025-07-01	2025-12-31	111418.76	131.0	985.75	https://lobbying.wi.gov/Who/PrincipalInformation/2025REG/Information/11219
WI-principal-11220-expenditure-2025-H1	11220	WI	expenditure_report	client	2025-01-01	2025-06-30	22400.0	25.75	211.75	https://lobbying.wi.gov/Who/PrincipalInformation/2025REG/Information/11220
WI-principal-11220-expenditure-2025-H2	11220	WI	expenditure_report	client	2025-07-01	2025-12-31	22400.0	5.0	157.0	https://lobbying.wi.gov/Who/PrincipalInformation/2025REG/Information/11220
WI-principal-11221-expenditure-2025-H1	11221	WI	expenditure_report	client	2025-01-01	2025-06-30	50970.64	37.25	139.25	https://lobbying.wi.gov/Who/PrincipalInformation/2025REG/Information/11221
WI-principal-11221-expenditure-2025-H2	11221	WI	expenditure_report	client	2025-07-01	2025-12-31	54705.18	41.25	163.25	https://lobbying.wi.gov/Who/PrincipalInformation/2025REG/Information/11221
WI-principal-11222-expenditure-2025-H1	11222	WI	expenditure_report	client	2025-01-01	2025-06-30	10788.0	16.0	0.0	https://lobbying.wi.gov/Who/PrincipalInformation/2025REG/Information/11222
WI-principal-11222-expenditure-2025-H2	11222	WI	expenditure_report	client	2025-07-01	2025-12-31	0.0	4.0	0.0	https://lobbying.wi.gov/Who/PrincipalInformation/2025REG/Information/11222
WI-principal-11223-expenditure-2025-H1	11223	WI	expenditure_report	client	2025-01-01	2025-06-30	118.75	0.5	0.0	https://lobbying.wi.gov/Who/PrincipalInformation/2025REG/Information/11223
WI-principal-11223-expenditure-2025-H2	11223	WI	expenditure_report	client	2025-07-01	2025-12-31	0.0	0.0	0.0	https://lobbying.wi.gov/Who/PrincipalInformation/2025REG/Information/11223
WI-principal-11224-expenditure-2025-H1	11224	WI	expenditure_report	client	2025-01-01	2025-06-30	15462.0	29.25	31.0	https://lobbying.wi.gov/Who/PrincipalInformation/2025REG/Information/11224
WI-principal-11224-expenditure-2025-H2	11224	WI	expenditure_report	client	2025-07-01	2025-12-31	41000.0	21.0	46.75	https://lobbying.wi.gov/Who/PrincipalInformation/2025REG/Information/11224
WI-principal-11225-expenditure-2025-H1	11225	WI	expenditure_report	client	2025-01-01	2025-06-30	36248.0	46.75	76.5	https://lobbying.wi.gov/Who/PrincipalInformation/2025REG/Information/11225
WI-principal-11225-expenditure-2025-H2	11225	WI	expenditure_report	client	2025-07-01	2025-12-31	34843.4	27.0	50.0	https://lobbying.wi.gov/Who/PrincipalInformation/2025REG/Information/11225
WI-principal-11226-expenditure-2025-H1	11226	WI	expenditure_report	client	2025-01-01	2025-06-30	27655.0	37.5	63.0	https://lobbying.wi.gov/Who/PrincipalInformation/2025REG/Information/11226
WI-principal-11226-expenditure-2025-H2	11226	WI	expenditure_report	client	2025-07-01	2025-12-31	27000.0	3.5	21.0	https://lobbying.wi.gov/Who/PrincipalInformation/2025REG/Information/11226
WI-principal-11227-expenditure-2025-H1	11227	WI	expenditure_report	client	2025-01-01	2025-06-30	0.0	0.0	0.0	https://lobbying.wi.gov/Who/PrincipalInformation/2025REG/Information/11227
WI-principal-11227-expenditure-2025-H2	11227	WI	expenditure_report	client	2025-07-01	2025-12-31	0.0	0.0	0.0	https://lobbying.wi.gov/Who/PrincipalInformation/2025REG/Information/11227
WI-principal-11228-expenditure-2025-H1	11228	WI	expenditure_report	client	2025-01-01	2025-06-30	18000.0	50.5	57.5	https://lobbying.wi.gov/Who/PrincipalInformation/2025REG/Information/11228
WI-principal-11228-expenditure-2025-H2	11228	WI	expenditure_report	client	2025-07-01	2025-12-31	0.0	5.25	8.0	https://lobbying.wi.gov/Who/PrincipalInformation/2025REG/Information/11228
WI-principal-11229-expenditure-2025-H1	11229	WI	expenditure_report	client	2025-01-01	2025-06-30	30040.0	30.5	25.0	https://lobbying.wi.gov/Who/PrincipalInformation/2025REG/Information/11229
WI-principal-11229-expenditure-2025-H2	11229	WI	expenditure_report	client	2025-07-01	2025-12-31	26260.0	15.0	26.0	https://lobbying.wi.gov/Who/PrincipalInformation/2025REG/Information/11229
WI-principal-11230-expenditure-2025-H1	11230	WI	expenditure_report	client	2025-01-01	2025-06-30	86969.0	106.5	356.75	https://lobbying.wi.gov/Who/PrincipalInformation/2025REG/Information/11230
WI-principal-11230-expenditure-2025-H2	11230	WI	expenditure_report	client	2025-07-01	2025-12-31	54946.0	60.0	408.5	https://lobbying.wi.gov/Who/PrincipalInformation/2025REG/Information/11230
WI-principal-11231-expenditure-2025-H1	11231	WI	expenditure_report	client	2025-01-01	2025-06-30	113711.84	162.0	499.75	https://lobbying.wi.gov/Who/PrincipalInformation/2025REG/Information/11231
WI-principal-11231-expenditure-2025-H2	11231	WI	expenditure_report	client	2025-07-01	2025-12-31	49603.07	124.75	428.5	https://lobbying.wi.gov/Who/PrincipalInformation/2025REG/Information/11231
WI-principal-11232-expenditure-2025-H1	11232	WI	expenditure_report	client	2025-01-01	2025-06-30	23400.0	26.0	25.5	https://lobbying.wi.gov/Who/PrincipalInformation/2025REG/Information/11232
WI-principal-11232-expenditure-2025-H2	11232	WI	expenditure_report	client	2025-07-01	2025-12-31	16540.0	5.5	24.5	https://lobbying.wi.gov/Who/PrincipalInformation/2025REG/Information/11232
WI-principal-11233-expenditure-2025-H1	11233	WI	expenditure_report	client	2025-01-01	2025-06-30	14350.0	14.0	41.5	https://lobbying.wi.gov/Who/PrincipalInformation/2025REG/Information/11233
WI-principal-11233-expenditure-2025-H2	11233	WI	expenditure_report	client	2025-07-01	2025-12-31	14350.0	11.5	38.0	https://lobbying.wi.gov/Who/PrincipalInformation/2025REG/Information/11233
WI-principal-11234-expenditure-2025-H1	11234	WI	expenditure_report	client	2025-01-01	2025-06-30	27000.0	13.0	43.0	https://lobbying.wi.gov/Who/PrincipalInformation/2025REG/Information/11234
WI-principal-11234-expenditure-2025-H2	11234	WI	expenditure_report	client	2025-07-01	2025-12-31	27000.0	11.5	53.5	https://lobbying.wi.gov/Who/PrincipalInformation/2025REG/Information/11234
WI-principal-11236-expenditure-2025-H1	11236	WI	expenditure_report	client	2025-01-01	2025-06-30	10800.0	3.5	21.5	https://lobbying.wi.gov/Who/PrincipalInformation/2025REG/Information/11236
WI-principal-11236-expenditure-2025-H2	11236	WI	expenditure_report	client	2025-07-01	2025-12-31	0.0	0.0	0.0	https://lobbying.wi.gov/Who/PrincipalInformation/2025REG/Information/11236
WI-principal-11238-expenditure-2025-H1	11238	WI	expenditure_report	client	2025-01-01	2025-06-30	16200.0	3.0	13.0	https://lobbying.wi.gov/Who/PrincipalInformation/2025REG/Information/11238
WI-principal-11238-expenditure-2025-H2	11238	WI	expenditure_report	client	2025-07-01	2025-12-31	20000.0	5.0	16.5	https://lobbying.wi.gov/Who/PrincipalInformation/2025REG/Information/11238
WI-principal-11239-expenditure-2025-H1	11239	WI	expenditure_report	client	2025-01-01	2025-06-30	24300.0	0.0	13.0	https://lobbying.wi.gov/Who/PrincipalInformation/2025REG/Information/11239
WI-principal-11239-expenditure-2025-H2	11239	WI	expenditure_report	client	2025-07-01	2025-12-31	24300.0	0.0	0.0	https://lobbying.wi.gov/Who/PrincipalInformation/2025REG/Information/11239
WI-principal-11240-expenditure-2025-H1	11240	WI	expenditure_report	client	2025-01-01	2025-06-30	29700.0	16.0	72.0	https://lobbying.wi.gov/Who/PrincipalInformation/2025REG/Information/11240
WI-principal-11240-expenditure-2025-H2	11240	WI	expenditure_report	client	2025-07-01	2025-12-31	25200.0	19.5	65.5	https://lobbying.wi.gov/Who/PrincipalInformation/2025REG/Information/11240
WI-principal-11241-expenditure-2025-H1	11241	WI	expenditure_report	client	2025-01-01	2025-06-30	6750.0	0.0	11.0	https://lobbying.wi.gov/Who/PrincipalInformation/2025REG/Information/11241
WI-principal-11241-expenditure-2025-H2	11241	WI	expenditure_report	client	2025-07-01	2025-12-31	0.0	1.5	6.0	https://lobbying.wi.gov/Who/PrincipalInformation/2025REG/Information/11241
WI-principal-11242-expenditure-2025-H1	11242	WI	expenditure_report	client	2025-01-01	2025-06-30	22171.57	88.5	323.5	https://lobbying.wi.gov/Who/PrincipalInformation/2025REG/Information/11242
WI-principal-11242-expenditure-2025-H2	11242	WI	expenditure_report	client	2025-07-01	2025-12-31	10064.73	30.5	175.5	https://lobbying.wi.gov/Who/PrincipalInformation/2025REG/Information/11242
WI-principal-11243-expenditure-2025-H1	11243	WI	expenditure_report	client	2025-01-01	2025-06-30	21600.0	0.0	8.0	https://lobbying.wi.gov/Who/PrincipalInformation/2025REG/Information/11243
WI-principal-11243-expenditure-2025-H2	11243	WI	expenditure_report	client	2025-07-01	2025-12-31	0.0	0.0	0.0	https://lobbying.wi.gov/Who/PrincipalInformation/2025REG/Information/11243
WI-principal-11244-expenditure-2025-H1	11244	WI	expenditure_report	client	2025-01-01	2025-06-30	15000.0	13.0	29.5	https://lobbying.wi.gov/Who/PrincipalInformation/2025REG/Information/11244
WI-principal-11244-expenditure-2025-H2	11244	WI	expenditure_report	client	2025-07-01	2025-12-31	15000.0	4.0	19.5	https://lobbying.wi.gov/Who/PrincipalInformation/2025REG/Information/11244
WI-principal-11245-expenditure-2025-H1	11245	WI	expenditure_report	client	2025-01-01	2025-06-30	27000.0	2.0	17.5	https://lobbying.wi.gov/Who/PrincipalInformation/2025REG/Information/11245
WI-principal-11245-expenditure-2025-H2	11245	WI	expenditure_report	client	2025-07-01	2025-12-31	24000.0	1.5	15.4	https://lobbying.wi.gov/Who/PrincipalInformation/2025REG/Information/11245
WI-principal-11246-expenditure-2025-H1	11246	WI	expenditure_report	client	2025-01-01	2025-06-30	2544.36	2.5	1.0	https://lobbying.wi.gov/Who/PrincipalInformation/2025REG/Information/11246
WI-principal-11246-expenditure-2025-H2	11246	WI	expenditure_report	client	2025-07-01	2025-12-31	1991.7	2.4	0.0	https://lobbying.wi.gov/Who/PrincipalInformation/2025REG/Information/11246
WI-principal-11247-expenditure-2025-H1	11247	WI	expenditure_report	client	2025-01-01	2025-06-30	36000.0	10.5	23.5	https://lobbying.wi.gov/Who/PrincipalInformation/2025REG/Information/11247
WI-principal-11247-expenditure-2025-H2	11247	WI	expenditure_report	client	2025-07-01	2025-12-31	36000.0	4.5	12.75	https://lobbying.wi.gov/Who/PrincipalInformation/2025REG/Information/11247
WI-principal-11248-expenditure-2025-H1	11248	WI	expenditure_report	client	2025-01-01	2025-06-30	0.0	0.0	0.0	https://lobbying.wi.gov/Who/PrincipalInformation/2025REG/Information/11248
WI-principal-11250-expenditure-2025-H1	11250	WI	expenditure_report	client	2025-01-01	2025-06-30	0.0	0.0	0.0	https://lobbying.wi.gov/Who/PrincipalInformation/2025REG/Information/11250
WI-principal-11250-expenditure-2025-H2	11250	WI	expenditure_report	client	2025-07-01	2025-12-31	0.0	0.0	0.0	https://lobbying.wi.gov/Who/PrincipalInformation/2025REG/Information/11250
WI-principal-11251-expenditure-2025-H1	11251	WI	expenditure_report	client	2025-01-01	2025-06-30	0.0	0.25	15.0	https://lobbying.wi.gov/Who/PrincipalInformation/2025REG/Information/11251
WI-principal-11251-expenditure-2025-H2	11251	WI	expenditure_report	client	2025-07-01	2025-12-31	0.0	1.5	7.75	https://lobbying.wi.gov/Who/PrincipalInformation/2025REG/Information/11251
WI-principal-11252-expenditure-2025-H1	11252	WI	expenditure_report	client	2025-01-01	2025-06-30	30000.0	18.75	57.0	https://lobbying.wi.gov/Who/PrincipalInformation/2025REG/Information/11252
WI-principal-11252-expenditure-2025-H2	11252	WI	expenditure_report	client	2025-07-01	2025-12-31	30000.0	23.25	43.0	https://lobbying.wi.gov/Who/PrincipalInformation/2025REG/Information/11252
WI-principal-11253-expenditure-2025-H1	11253	WI	expenditure_report	client	2025-01-01	2025-06-30	48640.29	3.0	242.45	https://lobbying.wi.gov/Who/PrincipalInformation/2025REG/Information/11253
WI-principal-11253-expenditure-2025-H2	11253	WI	expenditure_report	client	2025-07-01	2025-12-31	45457.6	11.0	189.5	https://lobbying.wi.gov/Who/PrincipalInformation/2025REG/Information/11253
WI-principal-11254-expenditure-2025-H1	11254	WI	expenditure_report	client	2025-01-01	2025-06-30	30000.0	45.0	63.25	https://lobbying.wi.gov/Who/PrincipalInformation/2025REG/Information/11254
WI-principal-11254-expenditure-2025-H2	11254	WI	expenditure_report	client	2025-07-01	2025-12-31	30000.0	16.75	30.25	https://lobbying.wi.gov/Who/PrincipalInformation/2025REG/Information/11254
WI-principal-11256-expenditure-2025-H1	11256	WI	expenditure_report	client	2025-01-01	2025-06-30	24000.0	0.0	36.0	https://lobbying.wi.gov/Who/PrincipalInformation/2025REG/Information/11256
WI-principal-11256-expenditure-2025-H2	11256	WI	expenditure_report	client	2025-07-01	2025-12-31	24000.0	0.0	36.0	https://lobbying.wi.gov/Who/PrincipalInformation/2025REG/Information/11256
WI-principal-11257-expenditure-2025-H1	11257	WI	expenditure_report	client	2025-01-01	2025-06-30	42931.73	126.1	115.9	https://lobbying.wi.gov/Who/PrincipalInformation/2025REG/Information/11257
WI-principal-11257-expenditure-2025-H2	11257	WI	expenditure_report	client	2025-07-01	2025-12-31	80112.5	151.08	112.08	https://lobbying.wi.gov/Who/PrincipalInformation/2025REG/Information/11257
WI-principal-11258-expenditure-2025-H1	11258	WI	expenditure_report	client	2025-01-01	2025-06-30	87107.5	66.25	163.5	https://lobbying.wi.gov/Who/PrincipalInformation/2025REG/Information/11258
WI-principal-11258-expenditure-2025-H2	11258	WI	expenditure_report	client	2025-07-01	2025-12-31	4717.94	30.5	139.0	https://lobbying.wi.gov/Who/PrincipalInformation/2025REG/Information/11258
WI-principal-11259-expenditure-2025-H1	11259	WI	expenditure_report	client	2025-01-01	2025-06-30	47173.5	21.5	42.75	https://lobbying.wi.gov/Who/PrincipalInformation/2025REG/Information/11259
WI-principal-11259-expenditure-2025-H2	11259	WI	expenditure_report	client	2025-07-01	2025-12-31	46593.9	10.0	32.0	https://lobbying.wi.gov/Who/PrincipalInformation/2025REG/Information/11259
WI-principal-11260-expenditure-2025-H1	11260	WI	expenditure_report	client	2025-01-01	2025-06-30	47880.0	33.0	586.0	https://lobbying.wi.gov/Who/PrincipalInformation/2025REG/Information/11260
WI-principal-11260-expenditure-2025-H2	11260	WI	expenditure_report	client	2025-07-01	2025-12-31	32580.0	74.0	377.5	https://lobbying.wi.gov/Who/PrincipalInformation/2025REG/Information/11260
WI-principal-11261-expenditure-2025-H1	11261	WI	expenditure_report	client	2025-01-01	2025-06-30	1417.13	13.0	6.0	https://lobbying.wi.gov/Who/PrincipalInformation/2025REG/Information/11261
WI-principal-11261-expenditure-2025-H2	11261	WI	expenditure_report	client	2025-07-01	2025-12-31	293.0	2.5	0.0	https://lobbying.wi.gov/Who/PrincipalInformation/2025REG/Information/11261
WI-principal-11264-expenditure-2025-H1	11264	WI	expenditure_report	client	2025-01-01	2025-06-30	22999.98	0.0	0.0	https://lobbying.wi.gov/Who/PrincipalInformation/2025REG/Information/11264
WI-principal-11264-expenditure-2025-H2	11264	WI	expenditure_report	client	2025-07-01	2025-12-31	22999.98	1.75	5.75	https://lobbying.wi.gov/Who/PrincipalInformation/2025REG/Information/11264
WI-principal-11265-expenditure-2025-H1	11265	WI	expenditure_report	client	2025-01-01	2025-06-30	4549.64	59.0	23.0	https://lobbying.wi.gov/Who/PrincipalInformation/2025REG/Information/11265
WI-principal-11265-expenditure-2025-H2	11265	WI	expenditure_report	client	2025-07-01	2025-12-31	4869.67	55.0	35.0	https://lobbying.wi.gov/Who/PrincipalInformation/2025REG/Information/11265
WI-principal-11266-expenditure-2025-H1	11266	WI	expenditure_report	client	2025-01-01	2025-06-30	12500.0	7.0	6.0	https://lobbying.wi.gov/Who/PrincipalInformation/2025REG/Information/11266
WI-principal-11266-expenditure-2025-H2	11266	WI	expenditure_report	client	2025-07-01	2025-12-31	12500.0	3.0	2.75	https://lobbying.wi.gov/Who/PrincipalInformation/2025REG/Information/11266
WI-principal-11267-expenditure-2025-H1	11267	WI	expenditure_report	client	2025-01-01	2025-06-30	21970.41	49.0	27.2	https://lobbying.wi.gov/Who/PrincipalInformation/2025REG/Information/11267
WI-principal-11267-expenditure-2025-H2	11267	WI	expenditure_report	client	2025-07-01	2025-12-31	26728.64	61.0	55.23	https://lobbying.wi.gov/Who/PrincipalInformation/2025REG/Information/11267
WI-principal-11268-expenditure-2025-H1	11268	WI	expenditure_report	client	2025-01-01	2025-06-30	46500.0	29.25	61.75	https://lobbying.wi.gov/Who/PrincipalInformation/2025REG/Information/11268
WI-principal-11268-expenditure-2025-H2	11268	WI	expenditure_report	client	2025-07-01	2025-12-31	39000.0	10.0	25.25	https://lobbying.wi.gov/Who/PrincipalInformation/2025REG/Information/11268
WI-principal-11269-expenditure-2025-H1	11269	WI	expenditure_report	client	2025-01-01	2025-06-30	43626.0	22.5	47.5	https://lobbying.wi.gov/Who/PrincipalInformation/2025REG/Information/11269
WI-principal-11269-expenditure-2025-H2	11269	WI	expenditure_report	client	2025-07-01	2025-12-31	45064.4	39.0	63.5	https://lobbying.wi.gov/Who/PrincipalInformation/2025REG/Information/11269
WI-principal-11270-expenditure-2025-H1	11270	WI	expenditure_report	client	2025-01-01	2025-06-30	14448.11	54.0	48.25	https://lobbying.wi.gov/Who/PrincipalInformation/2025REG/Information/11270
WI-principal-11270-expenditure-2025-H2	11270	WI	expenditure_report	client	2025-07-01	2025-12-31	2799.61	19.5	26.0	https://lobbying.wi.gov/Who/PrincipalInformation/2025REG/Information/11270
WI-principal-11271-expenditure-2025-H1	11271	WI	expenditure_report	client	2025-01-01	2025-06-30	15000.0	1.5	20.1	https://lobbying.wi.gov/Who/PrincipalInformation/2025REG/Information/11271
WI-principal-11271-expenditure-2025-H2	11271	WI	expenditure_report	client	2025-07-01	2025-12-31	7500.0	3.0	10.9	https://lobbying.wi.gov/Who/PrincipalInformation/2025REG/Information/11271
WI-principal-11274-expenditure-2025-H1	11274	WI	expenditure_report	client	2025-01-01	2025-06-30	186.99	0.0	3.0	https://lobbying.wi.gov/Who/PrincipalInformation/2025REG/Information/11274
WI-principal-11274-expenditure-2025-H2	11274	WI	expenditure_report	client	2025-07-01	2025-12-31	35.59	0.0	0.5	https://lobbying.wi.gov/Who/PrincipalInformation/2025REG/Information/11274
WI-principal-11275-expenditure-2025-H1	11275	WI	expenditure_report	client	2025-01-01	2025-06-30	0.0	5.0	4.75	https://lobbying.wi.gov/Who/PrincipalInformation/2025REG/Information/11275
WI-principal-11275-expenditure-2025-H2	11275	WI	expenditure_report	client	2025-07-01	2025-12-31	0.0	0.0	0.0	https://lobbying.wi.gov/Who/PrincipalInformation/2025REG/Information/11275
WI-principal-11277-expenditure-2025-H1	11277	WI	expenditure_report	client	2025-01-01	2025-06-30	5427.83	64.5	40.5	https://lobbying.wi.gov/Who/PrincipalInformation/2025REG/Information/11277
WI-principal-11277-expenditure-2025-H2	11277	WI	expenditure_report	client	2025-07-01	2025-12-31	954.99	6.0	15.0	https://lobbying.wi.gov/Who/PrincipalInformation/2025REG/Information/11277
WI-principal-11279-expenditure-2025-H1	11279	WI	expenditure_report	client	2025-01-01	2025-06-30	17577.05	56.75	464.25	https://lobbying.wi.gov/Who/PrincipalInformation/2025REG/Information/11279
WI-principal-11279-expenditure-2025-H2	11279	WI	expenditure_report	client	2025-07-01	2025-12-31	15005.95	8.75	403.25	https://lobbying.wi.gov/Who/PrincipalInformation/2025REG/Information/11279
WI-principal-11280-expenditure-2025-H1	11280	WI	expenditure_report	client	2025-01-01	2025-06-30	42000.0	11.5	29.0	https://lobbying.wi.gov/Who/PrincipalInformation/2025REG/Information/11280
WI-principal-11280-expenditure-2025-H2	11280	WI	expenditure_report	client	2025-07-01	2025-12-31	42000.0	13.25	23.5	https://lobbying.wi.gov/Who/PrincipalInformation/2025REG/Information/11280
WI-principal-11281-expenditure-2025-H1	11281	WI	expenditure_report	client	2025-01-01	2025-06-30	0.0	0.0	0.0	https://lobbying.wi.gov/Who/PrincipalInformation/2025REG/Information/11281
WI-principal-11281-expenditure-2025-H2	11281	WI	expenditure_report	client	2025-07-01	2025-12-31	0.0	0.0	0.0	https://lobbying.wi.gov/Who/PrincipalInformation/2025REG/Information/11281
WI-principal-11284-expenditure-2025-H1	11284	WI	expenditure_report	client	2025-01-01	2025-06-30	32568.0	1.0	5.25	https://lobbying.wi.gov/Who/PrincipalInformation/2025REG/Information/11284
WI-principal-11284-expenditure-2025-H2	11284	WI	expenditure_report	client	2025-07-01	2025-12-31	32400.0	0.0	3.5	https://lobbying.wi.gov/Who/PrincipalInformation/2025REG/Information/11284
WI-principal-11288-expenditure-2025-H1	11288	WI	expenditure_report	client	2025-01-01	2025-06-30	0.0	2.0	4.5	https://lobbying.wi.gov/Who/PrincipalInformation/2025REG/Information/11288
WI-principal-11288-expenditure-2025-H2	11288	WI	expenditure_report	client	2025-07-01	2025-12-31	0.0	8.0	1.0	https://lobbying.wi.gov/Who/PrincipalInformation/2025REG/Information/11288
WI-principal-11289-expenditure-2025-H1	11289	WI	expenditure_report	client	2025-01-01	2025-06-30	20984.44	182.5	152.0	https://lobbying.wi.gov/Who/PrincipalInformation/2025REG/Information/11289
WI-principal-11289-expenditure-2025-H2	11289	WI	expenditure_report	client	2025-07-01	2025-12-31	53532.67	110.0	127.5	https://lobbying.wi.gov/Who/PrincipalInformation/2025REG/Information/11289
WI-principal-11290-expenditure-2025-H1	11290	WI	expenditure_report	client	2025-01-01	2025-06-30	124484.74	121.75	499.7	https://lobbying.wi.gov/Who/PrincipalInformation/2025REG/Information/11290
WI-principal-11290-expenditure-2025-H2	11290	WI	expenditure_report	client	2025-07-01	2025-12-31	114092.13	53.0	381.76	https://lobbying.wi.gov/Who/PrincipalInformation/2025REG/Information/11290
WI-principal-11291-expenditure-2025-H1	11291	WI	expenditure_report	client	2025-01-01	2025-06-30	15000.0	22.0	31.5	https://lobbying.wi.gov/Who/PrincipalInformation/2025REG/Information/11291
WI-principal-11291-expenditure-2025-H2	11291	WI	expenditure_report	client	2025-07-01	2025-12-31	15000.0	1.0	49.25	https://lobbying.wi.gov/Who/PrincipalInformation/2025REG/Information/11291
WI-principal-11292-expenditure-2025-H1	11292	WI	expenditure_report	client	2025-01-01	2025-06-30	15000.0	5.0	14.25	https://lobbying.wi.gov/Who/PrincipalInformation/2025REG/Information/11292
WI-principal-11292-expenditure-2025-H2	11292	WI	expenditure_report	client	2025-07-01	2025-12-31	15000.0	17.0	17.0	https://lobbying.wi.gov/Who/PrincipalInformation/2025REG/Information/11292
WI-principal-11293-expenditure-2025-H1	11293	WI	expenditure_report	client	2025-01-01	2025-06-30	48000.0	11.75	28.0	https://lobbying.wi.gov/Who/PrincipalInformation/2025REG/Information/11293
WI-principal-11293-expenditure-2025-H2	11293	WI	expenditure_report	client	2025-07-01	2025-12-31	48000.0	32.0	18.5	https://lobbying.wi.gov/Who/PrincipalInformation/2025REG/Information/11293
WI-principal-11294-expenditure-2025-H1	11294	WI	expenditure_report	client	2025-01-01	2025-06-30	7800.0	26.25	77.0	https://lobbying.wi.gov/Who/PrincipalInformation/2025REG/Information/11294
WI-principal-11294-expenditure-2025-H2	11294	WI	expenditure_report	client	2025-07-01	2025-12-31	8400.0	29.75	54.0	https://lobbying.wi.gov/Who/PrincipalInformation/2025REG/Information/11294
WI-principal-11295-expenditure-2025-H1	11295	WI	expenditure_report	client	2025-01-01	2025-06-30	33798.41	171.5	138.2	https://lobbying.wi.gov/Who/PrincipalInformation/2025REG/Information/11295
WI-principal-11295-expenditure-2025-H2	11295	WI	expenditure_report	client	2025-07-01	2025-12-31	42849.88	129.1	138.8	https://lobbying.wi.gov/Who/PrincipalInformation/2025REG/Information/11295
WI-principal-11296-expenditure-2025-H1	11296	WI	expenditure_report	client	2025-01-01	2025-06-30	21000.0	35.25	63.75	https://lobbying.wi.gov/Who/PrincipalInformation/2025REG/Information/11296
WI-principal-11296-expenditure-2025-H2	11296	WI	expenditure_report	client	2025-07-01	2025-12-31	22800.0	41.0	42.5	https://lobbying.wi.gov/Who/PrincipalInformation/2025REG/Information/11296
WI-principal-11297-expenditure-2025-H1	11297	WI	expenditure_report	client	2025-01-01	2025-06-30	35000.0	46.25	79.75	https://lobbying.wi.gov/Who/PrincipalInformation/2025REG/Information/11297
WI-principal-11297-expenditure-2025-H2	11297	WI	expenditure_report	client	2025-07-01	2025-12-31	55000.0	46.5	63.75	https://lobbying.wi.gov/Who/PrincipalInformation/2025REG/Information/11297
WI-principal-11298-expenditure-2025-H1	11298	WI	expenditure_report	client	2025-01-01	2025-06-30	30735.0	40.3	83.5	https://lobbying.wi.gov/Who/PrincipalInformation/2025REG/Information/11298
WI-principal-11298-expenditure-2025-H2	11298	WI	expenditure_report	client	2025-07-01	2025-12-31	36776.3	49.5	61.5	https://lobbying.wi.gov/Who/PrincipalInformation/2025REG/Information/11298
WI-principal-11299-expenditure-2025-H1	11299	WI	expenditure_report	client	2025-01-01	2025-06-30	25941.05	82.8	98.75	https://lobbying.wi.gov/Who/PrincipalInformation/2025REG/Information/11299
WI-principal-11299-expenditure-2025-H2	11299	WI	expenditure_report	client	2025-07-01	2025-12-31	23464.81	38.45	56.0	https://lobbying.wi.gov/Who/PrincipalInformation/2025REG/Information/11299
WI-principal-11300-expenditure-2025-H1	11300	WI	expenditure_report	client	2025-01-01	2025-06-30	18000.0	0.0	7.0	https://lobbying.wi.gov/Who/PrincipalInformation/2025REG/Information/11300
WI-principal-11300-expenditure-2025-H2	11300	WI	expenditure_report	client	2025-07-01	2025-12-31	20000.0	0.0	9.0	https://lobbying.wi.gov/Who/PrincipalInformation/2025REG/Information/11300
WI-principal-11305-expenditure-2025-H1	11305	WI	expenditure_report	client	2025-01-01	2025-06-30	774.31	6.0	7.0	https://lobbying.wi.gov/Who/PrincipalInformation/2025REG/Information/11305
WI-principal-11305-expenditure-2025-H2	11305	WI	expenditure_report	client	2025-07-01	2025-12-31	0.0	0.0	0.0	https://lobbying.wi.gov/Who/PrincipalInformation/2025REG/Information/11305
WI-principal-11306-expenditure-2025-H1	11306	WI	expenditure_report	client	2025-01-01	2025-06-30	37890.0	38.5	100.25	https://lobbying.wi.gov/Who/PrincipalInformation/2025REG/Information/11306
WI-principal-11306-expenditure-2025-H2	11306	WI	expenditure_report	client	2025-07-01	2025-12-31	34520.0	54.5	82.5	https://lobbying.wi.gov/Who/PrincipalInformation/2025REG/Information/11306
WI-principal-11307-expenditure-2025-H1	11307	WI	expenditure_report	client	2025-01-01	2025-06-30	868053.75	0.0	0.0	https://lobbying.wi.gov/Who/PrincipalInformation/2025REG/Information/11307
WI-principal-11307-expenditure-2025-H2	11307	WI	expenditure_report	client	2025-07-01	2025-12-31	138889.0	0.0	0.0	https://lobbying.wi.gov/Who/PrincipalInformation/2025REG/Information/11307
WI-principal-11308-expenditure-2025-H1	11308	WI	expenditure_report	client	2025-01-01	2025-06-30	19347.69	101.5	358.0	https://lobbying.wi.gov/Who/PrincipalInformation/2025REG/Information/11308
WI-principal-11308-expenditure-2025-H2	11308	WI	expenditure_report	client	2025-07-01	2025-12-31	5430.48	57.5	44.5	https://lobbying.wi.gov/Who/PrincipalInformation/2025REG/Information/11308
WI-principal-11309-expenditure-2025-H1	11309	WI	expenditure_report	client	2025-01-01	2025-06-30	30000.0	22.0	29.75	https://lobbying.wi.gov/Who/PrincipalInformation/2025REG/Information/11309
WI-principal-11309-expenditure-2025-H2	11309	WI	expenditure_report	client	2025-07-01	2025-12-31	30000.0	1.5	32.75	https://lobbying.wi.gov/Who/PrincipalInformation/2025REG/Information/11309
WI-principal-11310-expenditure-2025-H1	11310	WI	expenditure_report	client	2025-01-01	2025-06-30	0.0	0.0	0.0	https://lobbying.wi.gov/Who/PrincipalInformation/2025REG/Information/11310
WI-principal-11310-expenditure-2025-H2	11310	WI	expenditure_report	client	2025-07-01	2025-12-31	0.0	0.0	0.0	https://lobbying.wi.gov/Who/PrincipalInformation/2025REG/Information/11310
WI-principal-11311-expenditure-2025-H1	11311	WI	expenditure_report	client	2025-01-01	2025-06-30	30208.7	3.25	70.25	https://lobbying.wi.gov/Who/PrincipalInformation/2025REG/Information/11311
WI-principal-11311-expenditure-2025-H2	11311	WI	expenditure_report	client	2025-07-01	2025-12-31	30493.78	0.5	47.5	https://lobbying.wi.gov/Who/PrincipalInformation/2025REG/Information/11311
WI-principal-11312-expenditure-2025-H1	11312	WI	expenditure_report	client	2025-01-01	2025-06-30	31615.82	42.03	90.17	https://lobbying.wi.gov/Who/PrincipalInformation/2025REG/Information/11312
WI-principal-11312-expenditure-2025-H2	11312	WI	expenditure_report	client	2025-07-01	2025-12-31	31584.07	45.3	95.9	https://lobbying.wi.gov/Who/PrincipalInformation/2025REG/Information/11312
WI-principal-11313-expenditure-2025-H1	11313	WI	expenditure_report	client	2025-01-01	2025-06-30	129847.65	335.65	781.75	https://lobbying.wi.gov/Who/PrincipalInformation/2025REG/Information/11313
WI-principal-11313-expenditure-2025-H2	11313	WI	expenditure_report	client	2025-07-01	2025-12-31	134704.49	275.45	788.7	https://lobbying.wi.gov/Who/PrincipalInformation/2025REG/Information/11313
WI-principal-11314-expenditure-2025-H1	11314	WI	expenditure_report	client	2025-01-01	2025-06-30	1452.5	22.0	3.0	https://lobbying.wi.gov/Who/PrincipalInformation/2025REG/Information/11314
WI-principal-11314-expenditure-2025-H2	11314	WI	expenditure_report	client	2025-07-01	2025-12-31	13479.96	29.5	125.0	https://lobbying.wi.gov/Who/PrincipalInformation/2025REG/Information/11314
WI-principal-11316-expenditure-2025-H1	11316	WI	expenditure_report	client	2025-01-01	2025-06-30	60194.15	80.5	249.5	https://lobbying.wi.gov/Who/PrincipalInformation/2025REG/Information/11316
WI-principal-11316-expenditure-2025-H2	11316	WI	expenditure_report	client	2025-07-01	2025-12-31	63102.89	93.25	270.5	https://lobbying.wi.gov/Who/PrincipalInformation/2025REG/Information/11316
WI-principal-11317-expenditure-2025-H1	11317	WI	expenditure_report	client	2025-01-01	2025-06-30	252242.29	646.75	786.5	https://lobbying.wi.gov/Who/PrincipalInformation/2025REG/Information/11317
WI-principal-11317-expenditure-2025-H2	11317	WI	expenditure_report	client	2025-07-01	2025-12-31	188827.94	356.25	624.5	https://lobbying.wi.gov/Who/PrincipalInformation/2025REG/Information/11317
WI-principal-11318-expenditure-2025-H1	11318	WI	expenditure_report	client	2025-01-01	2025-06-30	36000.0	20.0	107.5	https://lobbying.wi.gov/Who/PrincipalInformation/2025REG/Information/11318
WI-principal-11318-expenditure-2025-H2	11318	WI	expenditure_report	client	2025-07-01	2025-12-31	36000.0	3.0	28.0	https://lobbying.wi.gov/Who/PrincipalInformation/2025REG/Information/11318
WI-principal-11319-expenditure-2025-H1	11319	WI	expenditure_report	client	2025-01-01	2025-06-30	533891.65	323.5	1758.75	https://lobbying.wi.gov/Who/PrincipalInformation/2025REG/Information/11319
WI-principal-11319-expenditure-2025-H2	11319	WI	expenditure_report	client	2025-07-01	2025-12-31	284739.03	242.25	1047.25	https://lobbying.wi.gov/Who/PrincipalInformation/2025REG/Information/11319
WI-principal-11320-expenditure-2025-H1	11320	WI	expenditure_report	client	2025-01-01	2025-06-30	0.0	0.0	0.0	https://lobbying.wi.gov/Who/PrincipalInformation/2025REG/Information/11320
WI-principal-11320-expenditure-2025-H2	11320	WI	expenditure_report	client	2025-07-01	2025-12-31	0.0	0.0	0.0	https://lobbying.wi.gov/Who/PrincipalInformation/2025REG/Information/11320
WI-principal-11321-expenditure-2025-H1	11321	WI	expenditure_report	client	2025-01-01	2025-06-30	33000.0	15.75	55.25	https://lobbying.wi.gov/Who/PrincipalInformation/2025REG/Information/11321
WI-principal-11321-expenditure-2025-H2	11321	WI	expenditure_report	client	2025-07-01	2025-12-31	33000.0	10.4	44.0	https://lobbying.wi.gov/Who/PrincipalInformation/2025REG/Information/11321
WI-principal-11322-expenditure-2025-H1	11322	WI	expenditure_report	client	2025-01-01	2025-06-30	43150.96	71.75	186.25	https://lobbying.wi.gov/Who/PrincipalInformation/2025REG/Information/11322
WI-principal-11322-expenditure-2025-H2	11322	WI	expenditure_report	client	2025-07-01	2025-12-31	36837.15	46.75	97.0	https://lobbying.wi.gov/Who/PrincipalInformation/2025REG/Information/11322
WI-principal-11323-expenditure-2025-H1	11323	WI	expenditure_report	client	2025-01-01	2025-06-30	30000.0	5.0	11.0	https://lobbying.wi.gov/Who/PrincipalInformation/2025REG/Information/11323
WI-principal-11323-expenditure-2025-H2	11323	WI	expenditure_report	client	2025-07-01	2025-12-31	30000.0	8.5	17.25	https://lobbying.wi.gov/Who/PrincipalInformation/2025REG/Information/11323
WI-principal-11324-expenditure-2025-H1	11324	WI	expenditure_report	client	2025-01-01	2025-06-30	30000.0	8.5	34.1	https://lobbying.wi.gov/Who/PrincipalInformation/2025REG/Information/11324
WI-principal-11324-expenditure-2025-H2	11324	WI	expenditure_report	client	2025-07-01	2025-12-31	30000.0	4.75	37.8	https://lobbying.wi.gov/Who/PrincipalInformation/2025REG/Information/11324
WI-principal-11325-expenditure-2025-H1	11325	WI	expenditure_report	client	2025-01-01	2025-06-30	45474.35	13.15	27.75	https://lobbying.wi.gov/Who/PrincipalInformation/2025REG/Information/11325
WI-principal-11325-expenditure-2025-H2	11325	WI	expenditure_report	client	2025-07-01	2025-12-31	48073.1	28.75	31.0	https://lobbying.wi.gov/Who/PrincipalInformation/2025REG/Information/11325
WI-principal-11326-expenditure-2025-H1	11326	WI	expenditure_report	client	2025-01-01	2025-06-30	112226.27	102.25	225.0	https://lobbying.wi.gov/Who/PrincipalInformation/2025REG/Information/11326
WI-principal-11326-expenditure-2025-H2	11326	WI	expenditure_report	client	2025-07-01	2025-12-31	54049.54	25.25	61.25	https://lobbying.wi.gov/Who/PrincipalInformation/2025REG/Information/11326
WI-principal-11327-expenditure-2025-H1	11327	WI	expenditure_report	client	2025-01-01	2025-06-30	48305.0	5.0	25.0	https://lobbying.wi.gov/Who/PrincipalInformation/2025REG/Information/11327
WI-principal-11327-expenditure-2025-H2	11327	WI	expenditure_report	client	2025-07-01	2025-12-31	42000.0	12.0	24.5	https://lobbying.wi.gov/Who/PrincipalInformation/2025REG/Information/11327
WI-principal-11328-expenditure-2025-H1	11328	WI	expenditure_report	client	2025-01-01	2025-06-30	0.0	0.0	0.0	https://lobbying.wi.gov/Who/PrincipalInformation/2025REG/Information/11328
WI-principal-11328-expenditure-2025-H2	11328	WI	expenditure_report	client	2025-07-01	2025-12-31	216.36	3.0	0.0	https://lobbying.wi.gov/Who/PrincipalInformation/2025REG/Information/11328
WI-principal-11329-expenditure-2025-H1	11329	WI	expenditure_report	client	2025-01-01	2025-06-30	30000.0	3.0	26.0	https://lobbying.wi.gov/Who/PrincipalInformation/2025REG/Information/11329
WI-principal-11329-expenditure-2025-H2	11329	WI	expenditure_report	client	2025-07-01	2025-12-31	30000.0	21.0	36.0	https://lobbying.wi.gov/Who/PrincipalInformation/2025REG/Information/11329
WI-principal-11330-expenditure-2025-H1	11330	WI	expenditure_report	client	2025-01-01	2025-06-30	45000.0	7.0	24.5	https://lobbying.wi.gov/Who/PrincipalInformation/2025REG/Information/11330
WI-principal-11330-expenditure-2025-H2	11330	WI	expenditure_report	client	2025-07-01	2025-12-31	45000.0	9.5	34.5	https://lobbying.wi.gov/Who/PrincipalInformation/2025REG/Information/11330
WI-principal-11331-expenditure-2025-H1	11331	WI	expenditure_report	client	2025-01-01	2025-06-30	30000.0	46.25	77.75	https://lobbying.wi.gov/Who/PrincipalInformation/2025REG/Information/11331
WI-principal-11331-expenditure-2025-H2	11331	WI	expenditure_report	client	2025-07-01	2025-12-31	30000.0	45.75	78.5	https://lobbying.wi.gov/Who/PrincipalInformation/2025REG/Information/11331
WI-principal-11332-expenditure-2025-H1	11332	WI	expenditure_report	client	2025-01-01	2025-06-30	27104.15	22.9	76.7	https://lobbying.wi.gov/Who/PrincipalInformation/2025REG/Information/11332
WI-principal-11332-expenditure-2025-H2	11332	WI	expenditure_report	client	2025-07-01	2025-12-31	31805.56	24.05	85.4	https://lobbying.wi.gov/Who/PrincipalInformation/2025REG/Information/11332
WI-principal-11333-expenditure-2025-H1	11333	WI	expenditure_report	client	2025-01-01	2025-06-30	40993.79	29.5	142.5	https://lobbying.wi.gov/Who/PrincipalInformation/2025REG/Information/11333
WI-principal-11333-expenditure-2025-H2	11333	WI	expenditure_report	client	2025-07-01	2025-12-31	40511.65	15.5	95.25	https://lobbying.wi.gov/Who/PrincipalInformation/2025REG/Information/11333
WI-principal-11334-expenditure-2025-H1	11334	WI	expenditure_report	client	2025-01-01	2025-06-30	10771.65	7.5	39.24	https://lobbying.wi.gov/Who/PrincipalInformation/2025REG/Information/11334
WI-principal-11334-expenditure-2025-H2	11334	WI	expenditure_report	client	2025-07-01	2025-12-31	15271.38	32.35	65.5	https://lobbying.wi.gov/Who/PrincipalInformation/2025REG/Information/11334
WI-principal-11335-expenditure-2025-H1	11335	WI	expenditure_report	client	2025-01-01	2025-06-30	79.32	0.0	1.0	https://lobbying.wi.gov/Who/PrincipalInformation/2025REG/Information/11335
WI-principal-11336-expenditure-2025-H1	11336	WI	expenditure_report	client	2025-01-01	2025-06-30	22232.12	90.5	147.75	https://lobbying.wi.gov/Who/PrincipalInformation/2025REG/Information/11336
WI-principal-11336-expenditure-2025-H2	11336	WI	expenditure_report	client	2025-07-01	2025-12-31	12137.83	54.0	77.75	https://lobbying.wi.gov/Who/PrincipalInformation/2025REG/Information/11336
WI-principal-11337-expenditure-2025-H1	11337	WI	expenditure_report	client	2025-01-01	2025-06-30	12664.75	26.75	118.5	https://lobbying.wi.gov/Who/PrincipalInformation/2025REG/Information/11337
WI-principal-11337-expenditure-2025-H2	11337	WI	expenditure_report	client	2025-07-01	2025-12-31	6000.0	19.0	111.5	https://lobbying.wi.gov/Who/PrincipalInformation/2025REG/Information/11337
WI-principal-11338-expenditure-2025-H1	11338	WI	expenditure_report	client	2025-01-01	2025-06-30	12682.49	26.75	119.75	https://lobbying.wi.gov/Who/PrincipalInformation/2025REG/Information/11338
WI-principal-11338-expenditure-2025-H2	11338	WI	expenditure_report	client	2025-07-01	2025-12-31	12015.17	19.0	111.5	https://lobbying.wi.gov/Who/PrincipalInformation/2025REG/Information/11338
WI-principal-11339-expenditure-2025-H1	11339	WI	expenditure_report	client	2025-01-01	2025-06-30	27520.0	10.75	61.25	https://lobbying.wi.gov/Who/PrincipalInformation/2025REG/Information/11339
WI-principal-11339-expenditure-2025-H2	11339	WI	expenditure_report	client	2025-07-01	2025-12-31	27000.0	0.5	41.0	https://lobbying.wi.gov/Who/PrincipalInformation/2025REG/Information/11339
WI-principal-11340-expenditure-2025-H1	11340	WI	expenditure_report	client	2025-01-01	2025-06-30	45460.25	88.2	190.65	https://lobbying.wi.gov/Who/PrincipalInformation/2025REG/Information/11340
WI-principal-11340-expenditure-2025-H2	11340	WI	expenditure_report	client	2025-07-01	2025-12-31	73400.0	50.0	203.05	https://lobbying.wi.gov/Who/PrincipalInformation/2025REG/Information/11340
WI-principal-11341-expenditure-2025-H1	11341	WI	expenditure_report	client	2025-01-01	2025-06-30	12296.43	5.0	65.75	https://lobbying.wi.gov/Who/PrincipalInformation/2025REG/Information/11341
WI-principal-11341-expenditure-2025-H2	11341	WI	expenditure_report	client	2025-07-01	2025-12-31	10800.0	5.0	58.5	https://lobbying.wi.gov/Who/PrincipalInformation/2025REG/Information/11341
WI-principal-11342-expenditure-2025-H1	11342	WI	expenditure_report	client	2025-01-01	2025-06-30	25755.0	61.5	91.25	https://lobbying.wi.gov/Who/PrincipalInformation/2025REG/Information/11342
WI-principal-11342-expenditure-2025-H2	11342	WI	expenditure_report	client	2025-07-01	2025-12-31	24000.0	4.75	75.75	https://lobbying.wi.gov/Who/PrincipalInformation/2025REG/Information/11342
WI-principal-11343-expenditure-2025-H1	11343	WI	expenditure_report	client	2025-01-01	2025-06-30	0.0	0.0	0.0	https://lobbying.wi.gov/Who/PrincipalInformation/2025REG/Information/11343
WI-principal-11343-expenditure-2025-H2	11343	WI	expenditure_report	client	2025-07-01	2025-12-31	0.0	0.0	0.0	https://lobbying.wi.gov/Who/PrincipalInformation/2025REG/Information/11343
WI-principal-11344-expenditure-2025-H1	11344	WI	expenditure_report	client	2025-01-01	2025-06-30	468.5	0.8	0.0	https://lobbying.wi.gov/Who/PrincipalInformation/2025REG/Information/11344
WI-principal-11344-expenditure-2025-H2	11344	WI	expenditure_report	client	2025-07-01	2025-12-31	0.0	0.0	0.0	https://lobbying.wi.gov/Who/PrincipalInformation/2025REG/Information/11344
WI-principal-11345-expenditure-2025-H1	11345	WI	expenditure_report	client	2025-01-01	2025-06-30	0.0	0.0	0.0	https://lobbying.wi.gov/Who/PrincipalInformation/2025REG/Information/11345
WI-principal-11345-expenditure-2025-H2	11345	WI	expenditure_report	client	2025-07-01	2025-12-31	0.0	0.0	0.0	https://lobbying.wi.gov/Who/PrincipalInformation/2025REG/Information/11345
WI-principal-11346-expenditure-2025-H1	11346	WI	expenditure_report	client	2025-01-01	2025-06-30	0.0	0.0	0.0	https://lobbying.wi.gov/Who/PrincipalInformation/2025REG/Information/11346
WI-principal-11346-expenditure-2025-H2	11346	WI	expenditure_report	client	2025-07-01	2025-12-31	0.0	0.0	0.0	https://lobbying.wi.gov/Who/PrincipalInformation/2025REG/Information/11346
WI-principal-11347-expenditure-2025-H1	11347	WI	expenditure_report	client	2025-01-01	2025-06-30	48600.0	4.0	43.0	https://lobbying.wi.gov/Who/PrincipalInformation/2025REG/Information/11347
WI-principal-11347-expenditure-2025-H2	11347	WI	expenditure_report	client	2025-07-01	2025-12-31	32400.0	2.5	35.0	https://lobbying.wi.gov/Who/PrincipalInformation/2025REG/Information/11347
WI-principal-11348-expenditure-2025-H1	11348	WI	expenditure_report	client	2025-01-01	2025-06-30	32537.58	48.0	85.05	https://lobbying.wi.gov/Who/PrincipalInformation/2025REG/Information/11348
WI-principal-11348-expenditure-2025-H2	11348	WI	expenditure_report	client	2025-07-01	2025-12-31	32688.0	22.0	42.0	https://lobbying.wi.gov/Who/PrincipalInformation/2025REG/Information/11348
WI-principal-11350-expenditure-2025-H1	11350	WI	expenditure_report	client	2025-01-01	2025-06-30	52159.5	61.5	422.5	https://lobbying.wi.gov/Who/PrincipalInformation/2025REG/Information/11350
WI-principal-11350-expenditure-2025-H2	11350	WI	expenditure_report	client	2025-07-01	2025-12-31	51426.91	79.5	405.5	https://lobbying.wi.gov/Who/PrincipalInformation/2025REG/Information/11350
WI-principal-11353-expenditure-2025-H1	11353	WI	expenditure_report	client	2025-01-01	2025-06-30	41087.0	72.0	363.75	https://lobbying.wi.gov/Who/PrincipalInformation/2025REG/Information/11353
WI-principal-11353-expenditure-2025-H2	11353	WI	expenditure_report	client	2025-07-01	2025-12-31	39492.0	51.25	493.0	https://lobbying.wi.gov/Who/PrincipalInformation/2025REG/Information/11353
WI-principal-11355-expenditure-2025-H1	11355	WI	expenditure_report	client	2025-01-01	2025-06-30	30000.0	6.0	17.5	https://lobbying.wi.gov/Who/PrincipalInformation/2025REG/Information/11355
WI-principal-11355-expenditure-2025-H2	11355	WI	expenditure_report	client	2025-07-01	2025-12-31	30000.0	14.5	40.75	https://lobbying.wi.gov/Who/PrincipalInformation/2025REG/Information/11355
WI-principal-11356-expenditure-2025-H1	11356	WI	expenditure_report	client	2025-01-01	2025-06-30	98870.0	3.5	240.75	https://lobbying.wi.gov/Who/PrincipalInformation/2025REG/Information/11356
WI-principal-11356-expenditure-2025-H2	11356	WI	expenditure_report	client	2025-07-01	2025-12-31	85085.94	3.0	162.75	https://lobbying.wi.gov/Who/PrincipalInformation/2025REG/Information/11356
WI-principal-11357-expenditure-2025-H1	11357	WI	expenditure_report	client	2025-01-01	2025-06-30	36000.0	0.0	0.0	https://lobbying.wi.gov/Who/PrincipalInformation/2025REG/Information/11357
WI-principal-11357-expenditure-2025-H2	11357	WI	expenditure_report	client	2025-07-01	2025-12-31	36000.0	0.5	14.5	https://lobbying.wi.gov/Who/PrincipalInformation/2025REG/Information/11357
WI-principal-11358-expenditure-2025-H1	11358	WI	expenditure_report	client	2025-01-01	2025-06-30	18000.0	21.0	126.0	https://lobbying.wi.gov/Who/PrincipalInformation/2025REG/Information/11358
WI-principal-11358-expenditure-2025-H2	11358	WI	expenditure_report	client	2025-07-01	2025-12-31	24000.0	9.25	110.75	https://lobbying.wi.gov/Who/PrincipalInformation/2025REG/Information/11358
WI-principal-11359-expenditure-2025-H1	11359	WI	expenditure_report	client	2025-01-01	2025-06-30	39672.0	40.0	48.0	https://lobbying.wi.gov/Who/PrincipalInformation/2025REG/Information/11359
WI-principal-11359-expenditure-2025-H2	11359	WI	expenditure_report	client	2025-07-01	2025-12-31	41788.82	28.0	50.0	https://lobbying.wi.gov/Who/PrincipalInformation/2025REG/Information/11359
WI-principal-11361-expenditure-2025-H1	11361	WI	expenditure_report	client	2025-01-01	2025-06-30	20250.0	2.5	2.5	https://lobbying.wi.gov/Who/PrincipalInformation/2025REG/Information/11361
WI-principal-11361-expenditure-2025-H2	11361	WI	expenditure_report	client	2025-07-01	2025-12-31	20250.0	0.0	0.0	https://lobbying.wi.gov/Who/PrincipalInformation/2025REG/Information/11361
WI-principal-11362-expenditure-2025-H1	11362	WI	expenditure_report	client	2025-01-01	2025-06-30	25000.0	4.25	39.25	https://lobbying.wi.gov/Who/PrincipalInformation/2025REG/Information/11362
WI-principal-11362-expenditure-2025-H2	11362	WI	expenditure_report	client	2025-07-01	2025-12-31	27500.0	19.0	36.15	https://lobbying.wi.gov/Who/PrincipalInformation/2025REG/Information/11362
WI-principal-11363-expenditure-2025-H1	11363	WI	expenditure_report	client	2025-01-01	2025-06-30	18000.0	33.0	92.0	https://lobbying.wi.gov/Who/PrincipalInformation/2025REG/Information/11363
WI-principal-11363-expenditure-2025-H2	11363	WI	expenditure_report	client	2025-07-01	2025-12-31	18000.0	28.25	109.25	https://lobbying.wi.gov/Who/PrincipalInformation/2025REG/Information/11363
WI-principal-11365-expenditure-2025-H1	11365	WI	expenditure_report	client	2025-01-01	2025-06-30	24000.0	1.0	27.5	https://lobbying.wi.gov/Who/PrincipalInformation/2025REG/Information/11365
WI-principal-11365-expenditure-2025-H2	11365	WI	expenditure_report	client	2025-07-01	2025-12-31	24000.0	1.25	21.0	https://lobbying.wi.gov/Who/PrincipalInformation/2025REG/Information/11365
WI-principal-11366-expenditure-2025-H1	11366	WI	expenditure_report	client	2025-01-01	2025-06-30	30000.0	14.5	35.5	https://lobbying.wi.gov/Who/PrincipalInformation/2025REG/Information/11366
WI-principal-11366-expenditure-2025-H2	11366	WI	expenditure_report	client	2025-07-01	2025-12-31	31575.0	12.75	20.0	https://lobbying.wi.gov/Who/PrincipalInformation/2025REG/Information/11366
WI-principal-11367-expenditure-2025-H1	11367	WI	expenditure_report	client	2025-01-01	2025-06-30	0.0	0.0	0.0	https://lobbying.wi.gov/Who/PrincipalInformation/2025REG/Information/11367
WI-principal-11367-expenditure-2025-H2	11367	WI	expenditure_report	client	2025-07-01	2025-12-31	16000.0	0.0	0.0	https://lobbying.wi.gov/Who/PrincipalInformation/2025REG/Information/11367
WI-principal-11369-expenditure-2025-H1	11369	WI	expenditure_report	client	2025-01-01	2025-06-30	43500.0	8.0	21.75	https://lobbying.wi.gov/Who/PrincipalInformation/2025REG/Information/11369
WI-principal-11369-expenditure-2025-H2	11369	WI	expenditure_report	client	2025-07-01	2025-12-31	43500.0	6.25	26.25	https://lobbying.wi.gov/Who/PrincipalInformation/2025REG/Information/11369
WI-principal-11370-expenditure-2025-H1	11370	WI	expenditure_report	client	2025-01-01	2025-06-30	2000.0	0.0	4.2	https://lobbying.wi.gov/Who/PrincipalInformation/2025REG/Information/11370
WI-principal-11370-expenditure-2025-H2	11370	WI	expenditure_report	client	2025-07-01	2025-12-31	24000.0	0.0	7.45	https://lobbying.wi.gov/Who/PrincipalInformation/2025REG/Information/11370
WI-principal-11371-expenditure-2025-H1	11371	WI	expenditure_report	client	2025-01-01	2025-06-30	32000.0	0.0	28.0	https://lobbying.wi.gov/Who/PrincipalInformation/2025REG/Information/11371
WI-principal-11371-expenditure-2025-H2	11371	WI	expenditure_report	client	2025-07-01	2025-12-31	64000.0	0.0	0.0	https://lobbying.wi.gov/Who/PrincipalInformation/2025REG/Information/11371
WI-principal-11372-expenditure-2025-H1	11372	WI	expenditure_report	client	2025-01-01	2025-06-30	12000.0	1.5	18.25	https://lobbying.wi.gov/Who/PrincipalInformation/2025REG/Information/11372
WI-principal-11372-expenditure-2025-H2	11372	WI	expenditure_report	client	2025-07-01	2025-12-31	12000.0	1.5	5.0	https://lobbying.wi.gov/Who/PrincipalInformation/2025REG/Information/11372
WI-principal-11373-expenditure-2025-H1	11373	WI	expenditure_report	client	2025-01-01	2025-06-30	30000.0	10.0	22.0	https://lobbying.wi.gov/Who/PrincipalInformation/2025REG/Information/11373
WI-principal-11373-expenditure-2025-H2	11373	WI	expenditure_report	client	2025-07-01	2025-12-31	30000.0	25.25	43.0	https://lobbying.wi.gov/Who/PrincipalInformation/2025REG/Information/11373
WI-principal-11374-expenditure-2025-H1	11374	WI	expenditure_report	client	2025-01-01	2025-06-30	48000.0	9.0	20.5	https://lobbying.wi.gov/Who/PrincipalInformation/2025REG/Information/11374
WI-principal-11374-expenditure-2025-H2	11374	WI	expenditure_report	client	2025-07-01	2025-12-31	36000.0	1.0	2.0	https://lobbying.wi.gov/Who/PrincipalInformation/2025REG/Information/11374
WI-principal-11376-expenditure-2025-H1	11376	WI	expenditure_report	client	2025-01-01	2025-06-30	14474.95	23.5	33.25	https://lobbying.wi.gov/Who/PrincipalInformation/2025REG/Information/11376
WI-principal-11376-expenditure-2025-H2	11376	WI	expenditure_report	client	2025-07-01	2025-12-31	13808.96	11.75	47.75	https://lobbying.wi.gov/Who/PrincipalInformation/2025REG/Information/11376
WI-principal-11378-expenditure-2025-H1	11378	WI	expenditure_report	client	2025-01-01	2025-06-30	15520.0	35.5	20.25	https://lobbying.wi.gov/Who/PrincipalInformation/2025REG/Information/11378
WI-principal-11378-expenditure-2025-H2	11378	WI	expenditure_report	client	2025-07-01	2025-12-31	0.0	0.0	0.0	https://lobbying.wi.gov/Who/PrincipalInformation/2025REG/Information/11378
WI-principal-11379-expenditure-2025-H1	11379	WI	expenditure_report	client	2025-01-01	2025-06-30	9000.0	0.5	26.25	https://lobbying.wi.gov/Who/PrincipalInformation/2025REG/Information/11379
WI-principal-11379-expenditure-2025-H2	11379	WI	expenditure_report	client	2025-07-01	2025-12-31	9000.0	1.25	12.0	https://lobbying.wi.gov/Who/PrincipalInformation/2025REG/Information/11379
WI-principal-11380-expenditure-2025-H1	11380	WI	expenditure_report	client	2025-01-01	2025-06-30	15000.0	5.0	23.0	https://lobbying.wi.gov/Who/PrincipalInformation/2025REG/Information/11380
WI-principal-11380-expenditure-2025-H2	11380	WI	expenditure_report	client	2025-07-01	2025-12-31	15000.0	7.0	14.0	https://lobbying.wi.gov/Who/PrincipalInformation/2025REG/Information/11380
WI-principal-11381-expenditure-2025-H1	11381	WI	expenditure_report	client	2025-01-01	2025-06-30	30000.0	15.25	37.0	https://lobbying.wi.gov/Who/PrincipalInformation/2025REG/Information/11381
WI-principal-11381-expenditure-2025-H2	11381	WI	expenditure_report	client	2025-07-01	2025-12-31	30000.0	21.0	23.5	https://lobbying.wi.gov/Who/PrincipalInformation/2025REG/Information/11381
WI-principal-11382-expenditure-2025-H1	11382	WI	expenditure_report	client	2025-01-01	2025-06-30	42000.0	28.0	57.0	https://lobbying.wi.gov/Who/PrincipalInformation/2025REG/Information/11382
WI-principal-11382-expenditure-2025-H2	11382	WI	expenditure_report	client	2025-07-01	2025-12-31	42000.0	44.0	73.0	https://lobbying.wi.gov/Who/PrincipalInformation/2025REG/Information/11382
WI-principal-11383-expenditure-2025-H1	11383	WI	expenditure_report	client	2025-01-01	2025-06-30	30000.0	5.0	10.25	https://lobbying.wi.gov/Who/PrincipalInformation/2025REG/Information/11383
WI-principal-11383-expenditure-2025-H2	11383	WI	expenditure_report	client	2025-07-01	2025-12-31	30000.0	16.0	12.5	https://lobbying.wi.gov/Who/PrincipalInformation/2025REG/Information/11383
WI-principal-11384-expenditure-2025-H1	11384	WI	expenditure_report	client	2025-01-01	2025-06-30	30000.0	6.0	18.0	https://lobbying.wi.gov/Who/PrincipalInformation/2025REG/Information/11384
WI-principal-11384-expenditure-2025-H2	11384	WI	expenditure_report	client	2025-07-01	2025-12-31	30000.0	12.5	11.5	https://lobbying.wi.gov/Who/PrincipalInformation/2025REG/Information/11384
WI-principal-11385-expenditure-2025-H1	11385	WI	expenditure_report	client	2025-01-01	2025-06-30	17500.0	18.0	22.5	https://lobbying.wi.gov/Who/PrincipalInformation/2025REG/Information/11385
WI-principal-11385-expenditure-2025-H2	11385	WI	expenditure_report	client	2025-07-01	2025-12-31	17500.0	21.25	16.5	https://lobbying.wi.gov/Who/PrincipalInformation/2025REG/Information/11385
WI-principal-11386-expenditure-2025-H1	11386	WI	expenditure_report	client	2025-01-01	2025-06-30	61133.33	51.75	54.0	https://lobbying.wi.gov/Who/PrincipalInformation/2025REG/Information/11386
WI-principal-11386-expenditure-2025-H2	11386	WI	expenditure_report	client	2025-07-01	2025-12-31	69987.0	107.25	102.0	https://lobbying.wi.gov/Who/PrincipalInformation/2025REG/Information/11386
WI-principal-11387-expenditure-2025-H1	11387	WI	expenditure_report	client	2025-01-01	2025-06-30	150000.0	19.25	37.0	https://lobbying.wi.gov/Who/PrincipalInformation/2025REG/Information/11387
WI-principal-11387-expenditure-2025-H2	11387	WI	expenditure_report	client	2025-07-01	2025-12-31	102000.0	35.0	52.0	https://lobbying.wi.gov/Who/PrincipalInformation/2025REG/Information/11387
WI-principal-11388-expenditure-2025-H1	11388	WI	expenditure_report	client	2025-01-01	2025-06-30	30000.0	10.25	18.0	https://lobbying.wi.gov/Who/PrincipalInformation/2025REG/Information/11388
WI-principal-11388-expenditure-2025-H2	11388	WI	expenditure_report	client	2025-07-01	2025-12-31	30000.0	4.25	11.0	https://lobbying.wi.gov/Who/PrincipalInformation/2025REG/Information/11388
WI-principal-11389-expenditure-2025-H1	11389	WI	expenditure_report	client	2025-01-01	2025-06-30	12000.0	12.25	22.0	https://lobbying.wi.gov/Who/PrincipalInformation/2025REG/Information/11389
WI-principal-11389-expenditure-2025-H2	11389	WI	expenditure_report	client	2025-07-01	2025-12-31	12000.0	10.0	21.0	https://lobbying.wi.gov/Who/PrincipalInformation/2025REG/Information/11389
WI-principal-11390-expenditure-2025-H1	11390	WI	expenditure_report	client	2025-01-01	2025-06-30	24824.58	13.5	61.5	https://lobbying.wi.gov/Who/PrincipalInformation/2025REG/Information/11390
WI-principal-11390-expenditure-2025-H2	11390	WI	expenditure_report	client	2025-07-01	2025-12-31	11722.72	0.0	0.0	https://lobbying.wi.gov/Who/PrincipalInformation/2025REG/Information/11390
WI-principal-11391-expenditure-2025-H1	11391	WI	expenditure_report	client	2025-01-01	2025-06-30	19254.0	67.75	94.75	https://lobbying.wi.gov/Who/PrincipalInformation/2025REG/Information/11391
WI-principal-11391-expenditure-2025-H2	11391	WI	expenditure_report	client	2025-07-01	2025-12-31	19414.45	39.0	80.75	https://lobbying.wi.gov/Who/PrincipalInformation/2025REG/Information/11391
WI-principal-11392-expenditure-2025-H1	11392	WI	expenditure_report	client	2025-01-01	2025-06-30	33880.92	25.5	80.5	https://lobbying.wi.gov/Who/PrincipalInformation/2025REG/Information/11392
WI-principal-11392-expenditure-2025-H2	11392	WI	expenditure_report	client	2025-07-01	2025-12-31	33880.92	26.5	98.5	https://lobbying.wi.gov/Who/PrincipalInformation/2025REG/Information/11392
WI-principal-11395-expenditure-2025-H1	11395	WI	expenditure_report	client	2025-01-01	2025-06-30	7200.0	6.75	20.25	https://lobbying.wi.gov/Who/PrincipalInformation/2025REG/Information/11395
WI-principal-11395-expenditure-2025-H2	11395	WI	expenditure_report	client	2025-07-01	2025-12-31	7200.0	0.0	9.0	https://lobbying.wi.gov/Who/PrincipalInformation/2025REG/Information/11395
WI-principal-11397-expenditure-2025-H1	11397	WI	expenditure_report	client	2025-01-01	2025-06-30	17340.9	39.75	94.75	https://lobbying.wi.gov/Who/PrincipalInformation/2025REG/Information/11397
WI-principal-11397-expenditure-2025-H2	11397	WI	expenditure_report	client	2025-07-01	2025-12-31	17334.9	16.5	75.75	https://lobbying.wi.gov/Who/PrincipalInformation/2025REG/Information/11397
WI-principal-11398-expenditure-2025-H1	11398	WI	expenditure_report	client	2025-01-01	2025-06-30	0.0	13.0	0.0	https://lobbying.wi.gov/Who/PrincipalInformation/2025REG/Information/11398
WI-principal-11398-expenditure-2025-H2	11398	WI	expenditure_report	client	2025-07-01	2025-12-31	0.0	0.0	3.0	https://lobbying.wi.gov/Who/PrincipalInformation/2025REG/Information/11398
WI-principal-11399-expenditure-2025-H1	11399	WI	expenditure_report	client	2025-01-01	2025-06-30	16536.0	56.25	127.5	https://lobbying.wi.gov/Who/PrincipalInformation/2025REG/Information/11399
WI-principal-11399-expenditure-2025-H2	11399	WI	expenditure_report	client	2025-07-01	2025-12-31	16640.24	35.5	101.75	https://lobbying.wi.gov/Who/PrincipalInformation/2025REG/Information/11399
WI-principal-11400-expenditure-2025-H1	11400	WI	expenditure_report	client	2025-01-01	2025-06-30	41188.74	33.5	99.75	https://lobbying.wi.gov/Who/PrincipalInformation/2025REG/Information/11400
WI-principal-11400-expenditure-2025-H2	11400	WI	expenditure_report	client	2025-07-01	2025-12-31	41188.74	22.0	167.0	https://lobbying.wi.gov/Who/PrincipalInformation/2025REG/Information/11400
WI-principal-11401-expenditure-2025-H1	11401	WI	expenditure_report	client	2025-01-01	2025-06-30	12304.56	48.45	111.75	https://lobbying.wi.gov/Who/PrincipalInformation/2025REG/Information/11401
WI-principal-11401-expenditure-2025-H2	11401	WI	expenditure_report	client	2025-07-01	2025-12-31	12304.56	13.5	64.36	https://lobbying.wi.gov/Who/PrincipalInformation/2025REG/Information/11401
WI-principal-11402-expenditure-2025-H1	11402	WI	expenditure_report	client	2025-01-01	2025-06-30	15397.8	55.0	104.5	https://lobbying.wi.gov/Who/PrincipalInformation/2025REG/Information/11402
WI-principal-11402-expenditure-2025-H2	11402	WI	expenditure_report	client	2025-07-01	2025-12-31	15397.8	7.5	64.25	https://lobbying.wi.gov/Who/PrincipalInformation/2025REG/Information/11402
WI-principal-11403-expenditure-2025-H1	11403	WI	expenditure_report	client	2025-01-01	2025-06-30	12000.0	15.25	37.25	https://lobbying.wi.gov/Who/PrincipalInformation/2025REG/Information/11403
WI-principal-11403-expenditure-2025-H2	11403	WI	expenditure_report	client	2025-07-01	2025-12-31	12000.0	5.75	28.25	https://lobbying.wi.gov/Who/PrincipalInformation/2025REG/Information/11403
WI-principal-11404-expenditure-2025-H1	11404	WI	expenditure_report	client	2025-01-01	2025-06-30	20250.0	4.45	18.25	https://lobbying.wi.gov/Who/PrincipalInformation/2025REG/Information/11404
WI-principal-11404-expenditure-2025-H2	11404	WI	expenditure_report	client	2025-07-01	2025-12-31	18450.0	5.0	26.95	https://lobbying.wi.gov/Who/PrincipalInformation/2025REG/Information/11404
WI-principal-11405-expenditure-2025-H1	11405	WI	expenditure_report	client	2025-01-01	2025-06-30	37500.0	0.0	19.6	https://lobbying.wi.gov/Who/PrincipalInformation/2025REG/Information/11405
WI-principal-11405-expenditure-2025-H2	11405	WI	expenditure_report	client	2025-07-01	2025-12-31	6000.0	0.0	12.75	https://lobbying.wi.gov/Who/PrincipalInformation/2025REG/Information/11405
WI-principal-11406-expenditure-2025-H1	11406	WI	expenditure_report	client	2025-01-01	2025-06-30	10000.0	4.0	8.0	https://lobbying.wi.gov/Who/PrincipalInformation/2025REG/Information/11406
WI-principal-11407-expenditure-2025-H1	11407	WI	expenditure_report	client	2025-01-01	2025-06-30	42487.0	43.25	82.0	https://lobbying.wi.gov/Who/PrincipalInformation/2025REG/Information/11407
WI-principal-11407-expenditure-2025-H2	11407	WI	expenditure_report	client	2025-07-01	2025-12-31	41305.17	26.75	91.75	https://lobbying.wi.gov/Who/PrincipalInformation/2025REG/Information/11407
WI-principal-11408-expenditure-2025-H1	11408	WI	expenditure_report	client	2025-01-01	2025-06-30	21000.0	0.0	26.2	https://lobbying.wi.gov/Who/PrincipalInformation/2025REG/Information/11408
WI-principal-11408-expenditure-2025-H2	11408	WI	expenditure_report	client	2025-07-01	2025-12-31	0.0	0.0	0.0	https://lobbying.wi.gov/Who/PrincipalInformation/2025REG/Information/11408
WI-principal-11409-expenditure-2025-H1	11409	WI	expenditure_report	client	2025-01-01	2025-06-30	24000.0	35.5	124.0	https://lobbying.wi.gov/Who/PrincipalInformation/2025REG/Information/11409
WI-principal-11409-expenditure-2025-H2	11409	WI	expenditure_report	client	2025-07-01	2025-12-31	26000.0	5.0	52.5	https://lobbying.wi.gov/Who/PrincipalInformation/2025REG/Information/11409
WI-principal-11410-expenditure-2025-H1	11410	WI	expenditure_report	client	2025-01-01	2025-06-30	30000.0	14.0	122.75	https://lobbying.wi.gov/Who/PrincipalInformation/2025REG/Information/11410
WI-principal-11410-expenditure-2025-H2	11410	WI	expenditure_report	client	2025-07-01	2025-12-31	30000.0	33.75	127.75	https://lobbying.wi.gov/Who/PrincipalInformation/2025REG/Information/11410
WI-principal-11411-expenditure-2025-H1	11411	WI	expenditure_report	client	2025-01-01	2025-06-30	25619.22	0.0	11.8	https://lobbying.wi.gov/Who/PrincipalInformation/2025REG/Information/11411
WI-principal-11411-expenditure-2025-H2	11411	WI	expenditure_report	client	2025-07-01	2025-12-31	20000.0	0.0	0.0	https://lobbying.wi.gov/Who/PrincipalInformation/2025REG/Information/11411
WI-principal-11412-expenditure-2025-H1	11412	WI	expenditure_report	client	2025-01-01	2025-06-30	26700.0	56.0	174.0	https://lobbying.wi.gov/Who/PrincipalInformation/2025REG/Information/11412
WI-principal-11412-expenditure-2025-H2	11412	WI	expenditure_report	client	2025-07-01	2025-12-31	27600.0	22.75	80.75	https://lobbying.wi.gov/Who/PrincipalInformation/2025REG/Information/11412
WI-principal-11413-expenditure-2025-H1	11413	WI	expenditure_report	client	2025-01-01	2025-06-30	36000.0	0.0	26.0	https://lobbying.wi.gov/Who/PrincipalInformation/2025REG/Information/11413
WI-principal-11414-expenditure-2025-H1	11414	WI	expenditure_report	client	2025-01-01	2025-06-30	18000.0	1.25	12.0	https://lobbying.wi.gov/Who/PrincipalInformation/2025REG/Information/11414
WI-principal-11414-expenditure-2025-H2	11414	WI	expenditure_report	client	2025-07-01	2025-12-31	18000.0	3.5	58.5	https://lobbying.wi.gov/Who/PrincipalInformation/2025REG/Information/11414
WI-principal-11415-expenditure-2025-H1	11415	WI	expenditure_report	client	2025-01-01	2025-06-30	28000.0	12.5	25.0	https://lobbying.wi.gov/Who/PrincipalInformation/2025REG/Information/11415
WI-principal-11415-expenditure-2025-H2	11415	WI	expenditure_report	client	2025-07-01	2025-12-31	30000.0	1.0	9.5	https://lobbying.wi.gov/Who/PrincipalInformation/2025REG/Information/11415
WI-principal-11416-expenditure-2025-H1	11416	WI	expenditure_report	client	2025-01-01	2025-06-30	34690.5	41.25	36.0	https://lobbying.wi.gov/Who/PrincipalInformation/2025REG/Information/11416
WI-principal-11416-expenditure-2025-H2	11416	WI	expenditure_report	client	2025-07-01	2025-12-31	33027.83	20.09	28.25	https://lobbying.wi.gov/Who/PrincipalInformation/2025REG/Information/11416
WI-principal-11417-expenditure-2025-H1	11417	WI	expenditure_report	client	2025-01-01	2025-06-30	12000.0	2.5	40.75	https://lobbying.wi.gov/Who/PrincipalInformation/2025REG/Information/11417
WI-principal-11417-expenditure-2025-H2	11417	WI	expenditure_report	client	2025-07-01	2025-12-31	12000.0	8.0	12.0	https://lobbying.wi.gov/Who/PrincipalInformation/2025REG/Information/11417
WI-principal-11418-expenditure-2025-H1	11418	WI	expenditure_report	client	2025-01-01	2025-06-30	24000.0	56.5	89.5	https://lobbying.wi.gov/Who/PrincipalInformation/2025REG/Information/11418
WI-principal-11418-expenditure-2025-H2	11418	WI	expenditure_report	client	2025-07-01	2025-12-31	24000.0	14.25	43.0	https://lobbying.wi.gov/Who/PrincipalInformation/2025REG/Information/11418
WI-principal-11419-expenditure-2025-H1	11419	WI	expenditure_report	client	2025-01-01	2025-06-30	49858.0	31.25	212.25	https://lobbying.wi.gov/Who/PrincipalInformation/2025REG/Information/11419
WI-principal-11419-expenditure-2025-H2	11419	WI	expenditure_report	client	2025-07-01	2025-12-31	65530.71	21.0	94.0	https://lobbying.wi.gov/Who/PrincipalInformation/2025REG/Information/11419
WI-principal-11420-expenditure-2025-H1	11420	WI	expenditure_report	client	2025-01-01	2025-06-30	12000.0	2.0	70.5	https://lobbying.wi.gov/Who/PrincipalInformation/2025REG/Information/11420
WI-principal-11420-expenditure-2025-H2	11420	WI	expenditure_report	client	2025-07-01	2025-12-31	8000.0	0.0	50.5	https://lobbying.wi.gov/Who/PrincipalInformation/2025REG/Information/11420
WI-principal-11421-expenditure-2025-H1	11421	WI	expenditure_report	client	2025-01-01	2025-06-30	12000.0	2.0	98.0	https://lobbying.wi.gov/Who/PrincipalInformation/2025REG/Information/11421
WI-principal-11421-expenditure-2025-H2	11421	WI	expenditure_report	client	2025-07-01	2025-12-31	8000.0	0.0	74.0	https://lobbying.wi.gov/Who/PrincipalInformation/2025REG/Information/11421
WI-principal-11422-expenditure-2025-H1	11422	WI	expenditure_report	client	2025-01-01	2025-06-30	36499.98	2.0	43.0	https://lobbying.wi.gov/Who/PrincipalInformation/2025REG/Information/11422
WI-principal-11422-expenditure-2025-H2	11422	WI	expenditure_report	client	2025-07-01	2025-12-31	36499.98	4.5	35.75	https://lobbying.wi.gov/Who/PrincipalInformation/2025REG/Information/11422
WI-principal-11423-expenditure-2025-H1	11423	WI	expenditure_report	client	2025-01-01	2025-06-30	33000.0	3.0	26.0	https://lobbying.wi.gov/Who/PrincipalInformation/2025REG/Information/11423
WI-principal-11423-expenditure-2025-H2	11423	WI	expenditure_report	client	2025-07-01	2025-12-31	33000.0	0.0	25.0	https://lobbying.wi.gov/Who/PrincipalInformation/2025REG/Information/11423
WI-principal-11424-expenditure-2025-H1	11424	WI	expenditure_report	client	2025-01-01	2025-06-30	0.0	34.0	54.75	https://lobbying.wi.gov/Who/PrincipalInformation/2025REG/Information/11424
WI-principal-11424-expenditure-2025-H2	11424	WI	expenditure_report	client	2025-07-01	2025-12-31	27950.28	58.5	39.5	https://lobbying.wi.gov/Who/PrincipalInformation/2025REG/Information/11424
WI-principal-11425-expenditure-2025-H1	11425	WI	expenditure_report	client	2025-01-01	2025-06-30	36000.0	140.5	56.75	https://lobbying.wi.gov/Who/PrincipalInformation/2025REG/Information/11425
WI-principal-11425-expenditure-2025-H2	11425	WI	expenditure_report	client	2025-07-01	2025-12-31	36000.0	68.5	15.25	https://lobbying.wi.gov/Who/PrincipalInformation/2025REG/Information/11425
WI-principal-11426-expenditure-2025-H1	11426	WI	expenditure_report	client	2025-01-01	2025-06-30	30000.0	7.5	67.0	https://lobbying.wi.gov/Who/PrincipalInformation/2025REG/Information/11426
WI-principal-11426-expenditure-2025-H2	11426	WI	expenditure_report	client	2025-07-01	2025-12-31	30000.0	7.5	44.5	https://lobbying.wi.gov/Who/PrincipalInformation/2025REG/Information/11426
WI-principal-11427-expenditure-2025-H1	11427	WI	expenditure_report	client	2025-01-01	2025-06-30	84000.0	6.4	38.0	https://lobbying.wi.gov/Who/PrincipalInformation/2025REG/Information/11427
WI-principal-11427-expenditure-2025-H2	11427	WI	expenditure_report	client	2025-07-01	2025-12-31	84000.0	0.5	0.0	https://lobbying.wi.gov/Who/PrincipalInformation/2025REG/Information/11427
WI-principal-11428-expenditure-2025-H1	11428	WI	expenditure_report	client	2025-01-01	2025-06-30	5000.0	0.0	3.25	https://lobbying.wi.gov/Who/PrincipalInformation/2025REG/Information/11428
WI-principal-11428-expenditure-2025-H2	11428	WI	expenditure_report	client	2025-07-01	2025-12-31	5000.0	0.0	3.0	https://lobbying.wi.gov/Who/PrincipalInformation/2025REG/Information/11428
WI-principal-11429-expenditure-2025-H1	11429	WI	expenditure_report	client	2025-01-01	2025-06-30	27000.0	26.25	63.25	https://lobbying.wi.gov/Who/PrincipalInformation/2025REG/Information/11429
WI-principal-11429-expenditure-2025-H2	11429	WI	expenditure_report	client	2025-07-01	2025-12-31	27000.0	10.0	52.5	https://lobbying.wi.gov/Who/PrincipalInformation/2025REG/Information/11429
WI-principal-11430-expenditure-2025-H1	11430	WI	expenditure_report	client	2025-01-01	2025-06-30	0.0	0.0	0.0	https://lobbying.wi.gov/Who/PrincipalInformation/2025REG/Information/11430
WI-principal-11430-expenditure-2025-H2	11430	WI	expenditure_report	client	2025-07-01	2025-12-31	0.0	0.0	0.0	https://lobbying.wi.gov/Who/PrincipalInformation/2025REG/Information/11430
WI-principal-11431-expenditure-2025-H1	11431	WI	expenditure_report	client	2025-01-01	2025-06-30	34724.61	35.75	47.75	https://lobbying.wi.gov/Who/PrincipalInformation/2025REG/Information/11431
WI-principal-11431-expenditure-2025-H2	11431	WI	expenditure_report	client	2025-07-01	2025-12-31	25116.18	10.25	38.25	https://lobbying.wi.gov/Who/PrincipalInformation/2025REG/Information/11431
WI-principal-11432-expenditure-2025-H1	11432	WI	expenditure_report	client	2025-01-01	2025-06-30	90000.0	70.75	227.25	https://lobbying.wi.gov/Who/PrincipalInformation/2025REG/Information/11432
WI-principal-11432-expenditure-2025-H2	11432	WI	expenditure_report	client	2025-07-01	2025-12-31	90000.0	36.0	151.0	https://lobbying.wi.gov/Who/PrincipalInformation/2025REG/Information/11432
WI-principal-11434-expenditure-2025-H1	11434	WI	expenditure_report	client	2025-01-01	2025-06-30	770.0	24.0	42.0	https://lobbying.wi.gov/Who/PrincipalInformation/2025REG/Information/11434
WI-principal-11434-expenditure-2025-H2	11434	WI	expenditure_report	client	2025-07-01	2025-12-31	970.0	21.0	29.75	https://lobbying.wi.gov/Who/PrincipalInformation/2025REG/Information/11434
WI-principal-11435-expenditure-2025-H1	11435	WI	expenditure_report	client	2025-01-01	2025-06-30	500.0	1.25	7.0	https://lobbying.wi.gov/Who/PrincipalInformation/2025REG/Information/11435
WI-principal-11435-expenditure-2025-H2	11435	WI	expenditure_report	client	2025-07-01	2025-12-31	1000.0	0.0	9.0	https://lobbying.wi.gov/Who/PrincipalInformation/2025REG/Information/11435
WI-principal-11438-expenditure-2025-H1	11438	WI	expenditure_report	client	2025-01-01	2025-06-30	3105.0	7.5	18.75	https://lobbying.wi.gov/Who/PrincipalInformation/2025REG/Information/11438
WI-principal-11438-expenditure-2025-H2	11438	WI	expenditure_report	client	2025-07-01	2025-12-31	672.0	12.65	31.7	https://lobbying.wi.gov/Who/PrincipalInformation/2025REG/Information/11438
WI-principal-11439-expenditure-2025-H1	11439	WI	expenditure_report	client	2025-01-01	2025-06-30	30132.0	13.5	49.25	https://lobbying.wi.gov/Who/PrincipalInformation/2025REG/Information/11439
WI-principal-11439-expenditure-2025-H2	11439	WI	expenditure_report	client	2025-07-01	2025-12-31	30132.0	6.5	126.0	https://lobbying.wi.gov/Who/PrincipalInformation/2025REG/Information/11439
WI-principal-11440-expenditure-2025-H1	11440	WI	expenditure_report	client	2025-01-01	2025-06-30	6255.0	28.25	36.75	https://lobbying.wi.gov/Who/PrincipalInformation/2025REG/Information/11440
WI-principal-11440-expenditure-2025-H2	11440	WI	expenditure_report	client	2025-07-01	2025-12-31	6114.0	16.25	45.76	https://lobbying.wi.gov/Who/PrincipalInformation/2025REG/Information/11440
WI-principal-11441-expenditure-2025-H1	11441	WI	expenditure_report	client	2025-01-01	2025-06-30	5500.0	1.25	5.75	https://lobbying.wi.gov/Who/PrincipalInformation/2025REG/Information/11441
WI-principal-11441-expenditure-2025-H2	11441	WI	expenditure_report	client	2025-07-01	2025-12-31	6000.0	1.75	24.25	https://lobbying.wi.gov/Who/PrincipalInformation/2025REG/Information/11441
WI-principal-11442-expenditure-2025-H1	11442	WI	expenditure_report	client	2025-01-01	2025-06-30	9000.0	0.5	39.6	https://lobbying.wi.gov/Who/PrincipalInformation/2025REG/Information/11442
WI-principal-11442-expenditure-2025-H2	11442	WI	expenditure_report	client	2025-07-01	2025-12-31	9000.0	0.0	51.0	https://lobbying.wi.gov/Who/PrincipalInformation/2025REG/Information/11442
WI-principal-11444-expenditure-2025-H1	11444	WI	expenditure_report	client	2025-01-01	2025-06-30	6000.0	2.25	73.25	https://lobbying.wi.gov/Who/PrincipalInformation/2025REG/Information/11444
WI-principal-11444-expenditure-2025-H2	11444	WI	expenditure_report	client	2025-07-01	2025-12-31	6000.0	0.0	73.6	https://lobbying.wi.gov/Who/PrincipalInformation/2025REG/Information/11444
WI-principal-11445-expenditure-2025-H1	11445	WI	expenditure_report	client	2025-01-01	2025-06-30	16802.5	10.1	51.0	https://lobbying.wi.gov/Who/PrincipalInformation/2025REG/Information/11445
WI-principal-11445-expenditure-2025-H2	11445	WI	expenditure_report	client	2025-07-01	2025-12-31	9377.5	1.5	32.6	https://lobbying.wi.gov/Who/PrincipalInformation/2025REG/Information/11445
WI-principal-11450-expenditure-2025-H1	11450	WI	expenditure_report	client	2025-01-01	2025-06-30	3290.64	16.0	39.5	https://lobbying.wi.gov/Who/PrincipalInformation/2025REG/Information/11450
WI-principal-11450-expenditure-2025-H2	11450	WI	expenditure_report	client	2025-07-01	2025-12-31	2899.31	20.0	20.25	https://lobbying.wi.gov/Who/PrincipalInformation/2025REG/Information/11450
WI-principal-11451-expenditure-2025-H1	11451	WI	expenditure_report	client	2025-01-01	2025-06-30	46800.0	17.0	113.7	https://lobbying.wi.gov/Who/PrincipalInformation/2025REG/Information/11451
WI-principal-11451-expenditure-2025-H2	11451	WI	expenditure_report	client	2025-07-01	2025-12-31	46800.0	1.0	202.5	https://lobbying.wi.gov/Who/PrincipalInformation/2025REG/Information/11451
WI-principal-11452-expenditure-2025-H1	11452	WI	expenditure_report	client	2025-01-01	2025-06-30	15655.0	2.0	18.0	https://lobbying.wi.gov/Who/PrincipalInformation/2025REG/Information/11452
WI-principal-11452-expenditure-2025-H2	11452	WI	expenditure_report	client	2025-07-01	2025-12-31	15000.0	2.0	14.5	https://lobbying.wi.gov/Who/PrincipalInformation/2025REG/Information/11452
WI-principal-11456-expenditure-2025-H1	11456	WI	expenditure_report	client	2025-01-01	2025-06-30	10907.33	47.0	152.5	https://lobbying.wi.gov/Who/PrincipalInformation/2025REG/Information/11456
WI-principal-11456-expenditure-2025-H2	11456	WI	expenditure_report	client	2025-07-01	2025-12-31	18335.26	27.5	110.25	https://lobbying.wi.gov/Who/PrincipalInformation/2025REG/Information/11456
WI-principal-11458-expenditure-2025-H1	11458	WI	expenditure_report	client	2025-01-01	2025-06-30	63384.59	94.0	332.0	https://lobbying.wi.gov/Who/PrincipalInformation/2025REG/Information/11458
WI-principal-11458-expenditure-2025-H2	11458	WI	expenditure_report	client	2025-07-01	2025-12-31	68455.35	77.0	465.0	https://lobbying.wi.gov/Who/PrincipalInformation/2025REG/Information/11458
WI-principal-11459-expenditure-2025-H1	11459	WI	expenditure_report	client	2025-01-01	2025-06-30	16500.0	4.0	38.25	https://lobbying.wi.gov/Who/PrincipalInformation/2025REG/Information/11459
WI-principal-11459-expenditure-2025-H2	11459	WI	expenditure_report	client	2025-07-01	2025-12-31	16500.0	10.75	69.75	https://lobbying.wi.gov/Who/PrincipalInformation/2025REG/Information/11459
WI-principal-11460-expenditure-2025-H1	11460	WI	expenditure_report	client	2025-01-01	2025-06-30	30000.0	24.5	68.5	https://lobbying.wi.gov/Who/PrincipalInformation/2025REG/Information/11460
WI-principal-11460-expenditure-2025-H2	11460	WI	expenditure_report	client	2025-07-01	2025-12-31	30000.0	17.0	74.5	https://lobbying.wi.gov/Who/PrincipalInformation/2025REG/Information/11460
WI-principal-11461-expenditure-2025-H1	11461	WI	expenditure_report	client	2025-01-01	2025-06-30	0.0	0.0	0.0	https://lobbying.wi.gov/Who/PrincipalInformation/2025REG/Information/11461
WI-principal-11461-expenditure-2025-H2	11461	WI	expenditure_report	client	2025-07-01	2025-12-31	0.0	0.0	0.0	https://lobbying.wi.gov/Who/PrincipalInformation/2025REG/Information/11461
WI-principal-11462-expenditure-2025-H1	11462	WI	expenditure_report	client	2025-01-01	2025-06-30	18625.0	69.0	59.5	https://lobbying.wi.gov/Who/PrincipalInformation/2025REG/Information/11462
WI-principal-11462-expenditure-2025-H2	11462	WI	expenditure_report	client	2025-07-01	2025-12-31	17424.12	38.0	69.25	https://lobbying.wi.gov/Who/PrincipalInformation/2025REG/Information/11462
WI-principal-11464-expenditure-2025-H1	11464	WI	expenditure_report	client	2025-01-01	2025-06-30	23500.0	3.0	40.25	https://lobbying.wi.gov/Who/PrincipalInformation/2025REG/Information/11464
WI-principal-11464-expenditure-2025-H2	11464	WI	expenditure_report	client	2025-07-01	2025-12-31	18000.0	3.0	55.5	https://lobbying.wi.gov/Who/PrincipalInformation/2025REG/Information/11464
WI-principal-11465-expenditure-2025-H1	11465	WI	expenditure_report	client	2025-01-01	2025-06-30	30000.0	10.0	65.25	https://lobbying.wi.gov/Who/PrincipalInformation/2025REG/Information/11465
WI-principal-11465-expenditure-2025-H2	11465	WI	expenditure_report	client	2025-07-01	2025-12-31	30000.0	19.5	82.75	https://lobbying.wi.gov/Who/PrincipalInformation/2025REG/Information/11465
WI-principal-11467-expenditure-2025-H1	11467	WI	expenditure_report	client	2025-01-01	2025-06-30	3825.0	4.5	21.0	https://lobbying.wi.gov/Who/PrincipalInformation/2025REG/Information/11467
WI-principal-11467-expenditure-2025-H2	11467	WI	expenditure_report	client	2025-07-01	2025-12-31	4327.5	5.25	23.6	https://lobbying.wi.gov/Who/PrincipalInformation/2025REG/Information/11467
WI-principal-11468-expenditure-2025-H1	11468	WI	expenditure_report	client	2025-01-01	2025-06-30	10746.0	6.25	57.75	https://lobbying.wi.gov/Who/PrincipalInformation/2025REG/Information/11468
WI-principal-11468-expenditure-2025-H2	11468	WI	expenditure_report	client	2025-07-01	2025-12-31	10750.0	2.25	53.75	https://lobbying.wi.gov/Who/PrincipalInformation/2025REG/Information/11468
WI-principal-11469-expenditure-2025-H1	11469	WI	expenditure_report	client	2025-01-01	2025-06-30	25087.0	62.5	104.75	https://lobbying.wi.gov/Who/PrincipalInformation/2025REG/Information/11469
WI-principal-11469-expenditure-2025-H2	11469	WI	expenditure_report	client	2025-07-01	2025-12-31	43750.0	92.0	126.75	https://lobbying.wi.gov/Who/PrincipalInformation/2025REG/Information/11469
WI-principal-11470-expenditure-2025-H1	11470	WI	expenditure_report	client	2025-01-01	2025-06-30	12900.0	49.5	63.0	https://lobbying.wi.gov/Who/PrincipalInformation/2025REG/Information/11470
WI-principal-11470-expenditure-2025-H2	11470	WI	expenditure_report	client	2025-07-01	2025-12-31	10315.92	21.25	51.75	https://lobbying.wi.gov/Who/PrincipalInformation/2025REG/Information/11470
WI-principal-11471-expenditure-2025-H1	11471	WI	expenditure_report	client	2025-01-01	2025-06-30	24000.0	16.5	51.0	https://lobbying.wi.gov/Who/PrincipalInformation/2025REG/Information/11471
WI-principal-11471-expenditure-2025-H2	11471	WI	expenditure_report	client	2025-07-01	2025-12-31	24000.0	8.25	42.25	https://lobbying.wi.gov/Who/PrincipalInformation/2025REG/Information/11471
WI-principal-11472-expenditure-2025-H1	11472	WI	expenditure_report	client	2025-01-01	2025-06-30	8550.0	9.0	48.0	https://lobbying.wi.gov/Who/PrincipalInformation/2025REG/Information/11472
WI-principal-11472-expenditure-2025-H2	11472	WI	expenditure_report	client	2025-07-01	2025-12-31	9350.0	8.5	38.25	https://lobbying.wi.gov/Who/PrincipalInformation/2025REG/Information/11472
WI-principal-11473-expenditure-2025-H1	11473	WI	expenditure_report	client	2025-01-01	2025-06-30	2375.4	35.0	2.5	https://lobbying.wi.gov/Who/PrincipalInformation/2025REG/Information/11473
WI-principal-11473-expenditure-2025-H2	11473	WI	expenditure_report	client	2025-07-01	2025-12-31	22824.33	10.5	114.0	https://lobbying.wi.gov/Who/PrincipalInformation/2025REG/Information/11473
WI-principal-11478-expenditure-2025-H1	11478	WI	expenditure_report	client	2025-01-01	2025-06-30	27000.0	0.0	26.4	https://lobbying.wi.gov/Who/PrincipalInformation/2025REG/Information/11478
WI-principal-11478-expenditure-2025-H2	11478	WI	expenditure_report	client	2025-07-01	2025-12-31	27000.0	0.0	30.0	https://lobbying.wi.gov/Who/PrincipalInformation/2025REG/Information/11478
WI-principal-11480-expenditure-2025-H1	11480	WI	expenditure_report	client	2025-01-01	2025-06-30	111270.0	52.75	56.75	https://lobbying.wi.gov/Who/PrincipalInformation/2025REG/Information/11480
WI-principal-11480-expenditure-2025-H2	11480	WI	expenditure_report	client	2025-07-01	2025-12-31	166521.0	18.75	34.75	https://lobbying.wi.gov/Who/PrincipalInformation/2025REG/Information/11480
WI-principal-11481-expenditure-2025-H1	11481	WI	expenditure_report	client	2025-01-01	2025-06-30	24481.0	4.5	21.0	https://lobbying.wi.gov/Who/PrincipalInformation/2025REG/Information/11481
WI-principal-11481-expenditure-2025-H2	11481	WI	expenditure_report	client	2025-07-01	2025-12-31	31202.0	5.0	18.5	https://lobbying.wi.gov/Who/PrincipalInformation/2025REG/Information/11481
WI-principal-11482-expenditure-2025-H1	11482	WI	expenditure_report	client	2025-01-01	2025-06-30	34107.54	3.25	103.25	https://lobbying.wi.gov/Who/PrincipalInformation/2025REG/Information/11482
WI-principal-11482-expenditure-2025-H2	11482	WI	expenditure_report	client	2025-07-01	2025-12-31	22561.94	11.0	117.5	https://lobbying.wi.gov/Who/PrincipalInformation/2025REG/Information/11482
WI-principal-11487-expenditure-2025-H1	11487	WI	expenditure_report	client	2025-01-01	2025-06-30	49224.04	32.5	196.75	https://lobbying.wi.gov/Who/PrincipalInformation/2025REG/Information/11487
WI-principal-11487-expenditure-2025-H2	11487	WI	expenditure_report	client	2025-07-01	2025-12-31	51638.67	71.8	252.0	https://lobbying.wi.gov/Who/PrincipalInformation/2025REG/Information/11487
WI-principal-11488-expenditure-2025-H1	11488	WI	expenditure_report	client	2025-01-01	2025-06-30	31434.16	18.25	62.5	https://lobbying.wi.gov/Who/PrincipalInformation/2025REG/Information/11488
WI-principal-11488-expenditure-2025-H2	11488	WI	expenditure_report	client	2025-07-01	2025-12-31	30000.0	4.0	40.75	https://lobbying.wi.gov/Who/PrincipalInformation/2025REG/Information/11488
WI-principal-11489-expenditure-2025-H1	11489	WI	expenditure_report	client	2025-01-01	2025-06-30	30000.0	6.75	26.5	https://lobbying.wi.gov/Who/PrincipalInformation/2025REG/Information/11489
WI-principal-11489-expenditure-2025-H2	11489	WI	expenditure_report	client	2025-07-01	2025-12-31	30000.0	1.0	17.0	https://lobbying.wi.gov/Who/PrincipalInformation/2025REG/Information/11489
WI-principal-11492-expenditure-2025-H1	11492	WI	expenditure_report	client	2025-01-01	2025-06-30	4500.0	10.0	18.75	https://lobbying.wi.gov/Who/PrincipalInformation/2025REG/Information/11492
WI-principal-11492-expenditure-2025-H2	11492	WI	expenditure_report	client	2025-07-01	2025-12-31	4500.0	2.5	25.75	https://lobbying.wi.gov/Who/PrincipalInformation/2025REG/Information/11492
WI-principal-11493-expenditure-2025-H1	11493	WI	expenditure_report	client	2025-01-01	2025-06-30	54000.0	25.0	83.75	https://lobbying.wi.gov/Who/PrincipalInformation/2025REG/Information/11493
WI-principal-11493-expenditure-2025-H2	11493	WI	expenditure_report	client	2025-07-01	2025-12-31	54000.0	2.5	47.95	https://lobbying.wi.gov/Who/PrincipalInformation/2025REG/Information/11493
WI-principal-11494-expenditure-2025-H1	11494	WI	expenditure_report	client	2025-01-01	2025-06-30	39000.0	0.0	36.0	https://lobbying.wi.gov/Who/PrincipalInformation/2025REG/Information/11494
WI-principal-11494-expenditure-2025-H2	11494	WI	expenditure_report	client	2025-07-01	2025-12-31	39000.0	0.0	36.0	https://lobbying.wi.gov/Who/PrincipalInformation/2025REG/Information/11494
WI-principal-11495-expenditure-2025-H1	11495	WI	expenditure_report	client	2025-01-01	2025-06-30	30000.0	3.25	38.5	https://lobbying.wi.gov/Who/PrincipalInformation/2025REG/Information/11495
WI-principal-11495-expenditure-2025-H2	11495	WI	expenditure_report	client	2025-07-01	2025-12-31	30000.0	2.0	43.25	https://lobbying.wi.gov/Who/PrincipalInformation/2025REG/Information/11495
WI-principal-11496-expenditure-2025-H1	11496	WI	expenditure_report	client	2025-01-01	2025-06-30	72107.15	17.25	30.5	https://lobbying.wi.gov/Who/PrincipalInformation/2025REG/Information/11496
WI-principal-11496-expenditure-2025-H2	11496	WI	expenditure_report	client	2025-07-01	2025-12-31	66732.55	4.75	31.25	https://lobbying.wi.gov/Who/PrincipalInformation/2025REG/Information/11496
WI-principal-11497-expenditure-2025-H1	11497	WI	expenditure_report	client	2025-01-01	2025-06-30	41508.65	11.0	27.5	https://lobbying.wi.gov/Who/PrincipalInformation/2025REG/Information/11497
WI-principal-11497-expenditure-2025-H2	11497	WI	expenditure_report	client	2025-07-01	2025-12-31	41943.01	6.5	32.5	https://lobbying.wi.gov/Who/PrincipalInformation/2025REG/Information/11497
WI-principal-11498-expenditure-2025-H1	11498	WI	expenditure_report	client	2025-01-01	2025-06-30	39000.0	18.0	46.5	https://lobbying.wi.gov/Who/PrincipalInformation/2025REG/Information/11498
WI-principal-11498-expenditure-2025-H2	11498	WI	expenditure_report	client	2025-07-01	2025-12-31	13000.0	0.0	6.9	https://lobbying.wi.gov/Who/PrincipalInformation/2025REG/Information/11498
WI-principal-11499-expenditure-2025-H1	11499	WI	expenditure_report	client	2025-01-01	2025-06-30	9908.24	40.5	63.6	https://lobbying.wi.gov/Who/PrincipalInformation/2025REG/Information/11499
WI-principal-11499-expenditure-2025-H2	11499	WI	expenditure_report	client	2025-07-01	2025-12-31	11680.1	38.0	78.5	https://lobbying.wi.gov/Who/PrincipalInformation/2025REG/Information/11499
WI-principal-11501-expenditure-2025-H1	11501	WI	expenditure_report	client	2025-01-01	2025-06-30	3424.76	36.75	26.5	https://lobbying.wi.gov/Who/PrincipalInformation/2025REG/Information/11501
WI-principal-11501-expenditure-2025-H2	11501	WI	expenditure_report	client	2025-07-01	2025-12-31	1328.52	3.5	20.0	https://lobbying.wi.gov/Who/PrincipalInformation/2025REG/Information/11501
WI-principal-11502-expenditure-2025-H1	11502	WI	expenditure_report	client	2025-01-01	2025-06-30	0.0	0.0	0.0	https://lobbying.wi.gov/Who/PrincipalInformation/2025REG/Information/11502
WI-principal-11502-expenditure-2025-H2	11502	WI	expenditure_report	client	2025-07-01	2025-12-31	0.0	0.0	0.0	https://lobbying.wi.gov/Who/PrincipalInformation/2025REG/Information/11502
WI-principal-11503-expenditure-2025-H1	11503	WI	expenditure_report	client	2025-01-01	2025-06-30	19000.0	22.0	196.0	https://lobbying.wi.gov/Who/PrincipalInformation/2025REG/Information/11503
WI-principal-11503-expenditure-2025-H2	11503	WI	expenditure_report	client	2025-07-01	2025-12-31	19000.0	13.0	223.0	https://lobbying.wi.gov/Who/PrincipalInformation/2025REG/Information/11503
WI-principal-11504-expenditure-2025-H1	11504	WI	expenditure_report	client	2025-01-01	2025-06-30	16564.76	14.5	55.5	https://lobbying.wi.gov/Who/PrincipalInformation/2025REG/Information/11504
WI-principal-11504-expenditure-2025-H2	11504	WI	expenditure_report	client	2025-07-01	2025-12-31	16702.4	10.0	59.25	https://lobbying.wi.gov/Who/PrincipalInformation/2025REG/Information/11504
WI-principal-11505-expenditure-2025-H1	11505	WI	expenditure_report	client	2025-01-01	2025-06-30	0.0	9.0	10.0	https://lobbying.wi.gov/Who/PrincipalInformation/2025REG/Information/11505
WI-principal-11505-expenditure-2025-H2	11505	WI	expenditure_report	client	2025-07-01	2025-12-31	4473.31	6.75	3.75	https://lobbying.wi.gov/Who/PrincipalInformation/2025REG/Information/11505
WI-principal-11507-expenditure-2025-H1	11507	WI	expenditure_report	client	2025-01-01	2025-06-30	22915.6	10.5	58.5	https://lobbying.wi.gov/Who/PrincipalInformation/2025REG/Information/11507
WI-principal-11507-expenditure-2025-H2	11507	WI	expenditure_report	client	2025-07-01	2025-12-31	24400.0	9.75	42.75	https://lobbying.wi.gov/Who/PrincipalInformation/2025REG/Information/11507
WI-principal-11508-expenditure-2025-H1	11508	WI	expenditure_report	client	2025-01-01	2025-06-30	36000.0	9.0	36.75	https://lobbying.wi.gov/Who/PrincipalInformation/2025REG/Information/11508
WI-principal-11508-expenditure-2025-H2	11508	WI	expenditure_report	client	2025-07-01	2025-12-31	36000.0	7.15	37.25	https://lobbying.wi.gov/Who/PrincipalInformation/2025REG/Information/11508
WI-principal-11509-expenditure-2025-H1	11509	WI	expenditure_report	client	2025-01-01	2025-06-30	5400.0	5.25	8.25	https://lobbying.wi.gov/Who/PrincipalInformation/2025REG/Information/11509
WI-principal-11509-expenditure-2025-H2	11509	WI	expenditure_report	client	2025-07-01	2025-12-31	3700.0	0.0	9.25	https://lobbying.wi.gov/Who/PrincipalInformation/2025REG/Information/11509
WI-principal-11510-expenditure-2025-H1	11510	WI	expenditure_report	client	2025-01-01	2025-06-30	15200.0	16.25	21.75	https://lobbying.wi.gov/Who/PrincipalInformation/2025REG/Information/11510
WI-principal-11510-expenditure-2025-H2	11510	WI	expenditure_report	client	2025-07-01	2025-12-31	6900.0	7.0	11.25	https://lobbying.wi.gov/Who/PrincipalInformation/2025REG/Information/11510
WI-principal-11511-expenditure-2025-H1	11511	WI	expenditure_report	client	2025-01-01	2025-06-30	7100.0	10.0	7.75	https://lobbying.wi.gov/Who/PrincipalInformation/2025REG/Information/11511
WI-principal-11511-expenditure-2025-H2	11511	WI	expenditure_report	client	2025-07-01	2025-12-31	3600.0	4.5	4.5	https://lobbying.wi.gov/Who/PrincipalInformation/2025REG/Information/11511
WI-principal-11512-expenditure-2025-H1	11512	WI	expenditure_report	client	2025-01-01	2025-06-30	2000.0	0.0	5.0	https://lobbying.wi.gov/Who/PrincipalInformation/2025REG/Information/11512
WI-principal-11512-expenditure-2025-H2	11512	WI	expenditure_report	client	2025-07-01	2025-12-31	1200.0	0.0	3.0	https://lobbying.wi.gov/Who/PrincipalInformation/2025REG/Information/11512
WI-principal-11513-expenditure-2025-H1	11513	WI	expenditure_report	client	2025-01-01	2025-06-30	3200.0	2.0	6.0	https://lobbying.wi.gov/Who/PrincipalInformation/2025REG/Information/11513
WI-principal-11513-expenditure-2025-H2	11513	WI	expenditure_report	client	2025-07-01	2025-12-31	2600.0	3.0	3.5	https://lobbying.wi.gov/Who/PrincipalInformation/2025REG/Information/11513
WI-principal-11514-expenditure-2025-H1	11514	WI	expenditure_report	client	2025-01-01	2025-06-30	26500.0	54.25	22.0	https://lobbying.wi.gov/Who/PrincipalInformation/2025REG/Information/11514
WI-principal-11514-expenditure-2025-H2	11514	WI	expenditure_report	client	2025-07-01	2025-12-31	7300.0	8.75	9.5	https://lobbying.wi.gov/Who/PrincipalInformation/2025REG/Information/11514
WI-principal-11515-expenditure-2025-H1	11515	WI	expenditure_report	client	2025-01-01	2025-06-30	18000.0	67.25	38.25	https://lobbying.wi.gov/Who/PrincipalInformation/2025REG/Information/11515
WI-principal-11515-expenditure-2025-H2	11515	WI	expenditure_report	client	2025-07-01	2025-12-31	13200.0	22.25	10.75	https://lobbying.wi.gov/Who/PrincipalInformation/2025REG/Information/11515
WI-principal-11516-expenditure-2025-H1	11516	WI	expenditure_report	client	2025-01-01	2025-06-30	23200.0	36.5	21.5	https://lobbying.wi.gov/Who/PrincipalInformation/2025REG/Information/11516
WI-principal-11516-expenditure-2025-H2	11516	WI	expenditure_report	client	2025-07-01	2025-12-31	9700.0	16.25	8.0	https://lobbying.wi.gov/Who/PrincipalInformation/2025REG/Information/11516
WI-principal-11517-expenditure-2025-H1	11517	WI	expenditure_report	client	2025-01-01	2025-06-30	10500.0	13.25	13.0	https://lobbying.wi.gov/Who/PrincipalInformation/2025REG/Information/11517
WI-principal-11517-expenditure-2025-H2	11517	WI	expenditure_report	client	2025-07-01	2025-12-31	6600.0	8.5	8.0	https://lobbying.wi.gov/Who/PrincipalInformation/2025REG/Information/11517
WI-principal-11518-expenditure-2025-H1	11518	WI	expenditure_report	client	2025-01-01	2025-06-30	12900.0	6.5	25.75	https://lobbying.wi.gov/Who/PrincipalInformation/2025REG/Information/11518
WI-principal-11518-expenditure-2025-H2	11518	WI	expenditure_report	client	2025-07-01	2025-12-31	3400.0	0.0	8.5	https://lobbying.wi.gov/Who/PrincipalInformation/2025REG/Information/11518
WI-principal-11519-expenditure-2025-H1	11519	WI	expenditure_report	client	2025-01-01	2025-06-30	3600.0	0.0	9.0	https://lobbying.wi.gov/Who/PrincipalInformation/2025REG/Information/11519
WI-principal-11519-expenditure-2025-H2	11519	WI	expenditure_report	client	2025-07-01	2025-12-31	1800.0	0.5	4.0	https://lobbying.wi.gov/Who/PrincipalInformation/2025REG/Information/11519
WI-principal-11520-expenditure-2025-H1	11520	WI	expenditure_report	client	2025-01-01	2025-06-30	48411.0	33.0	257.5	https://lobbying.wi.gov/Who/PrincipalInformation/2025REG/Information/11520
WI-principal-11520-expenditure-2025-H2	11520	WI	expenditure_report	client	2025-07-01	2025-12-31	48411.0	32.5	328.0	https://lobbying.wi.gov/Who/PrincipalInformation/2025REG/Information/11520
WI-principal-11521-expenditure-2025-H1	11521	WI	expenditure_report	client	2025-01-01	2025-06-30	0.0	10.0	163.0	https://lobbying.wi.gov/Who/PrincipalInformation/2025REG/Information/11521
WI-principal-11521-expenditure-2025-H2	11521	WI	expenditure_report	client	2025-07-01	2025-12-31	14640.0	0.0	78.5	https://lobbying.wi.gov/Who/PrincipalInformation/2025REG/Information/11521
WI-principal-11522-expenditure-2025-H1	11522	WI	expenditure_report	client	2025-01-01	2025-06-30	32388.0	56.0	71.5	https://lobbying.wi.gov/Who/PrincipalInformation/2025REG/Information/11522
WI-principal-11522-expenditure-2025-H2	11522	WI	expenditure_report	client	2025-07-01	2025-12-31	38925.48	79.5	67.5	https://lobbying.wi.gov/Who/PrincipalInformation/2025REG/Information/11522
WI-principal-11523-expenditure-2025-H1	11523	WI	expenditure_report	client	2025-01-01	2025-06-30	25060.0	19.0	74.5	https://lobbying.wi.gov/Who/PrincipalInformation/2025REG/Information/11523
WI-principal-11523-expenditure-2025-H2	11523	WI	expenditure_report	client	2025-07-01	2025-12-31	24000.0	10.0	80.25	https://lobbying.wi.gov/Who/PrincipalInformation/2025REG/Information/11523
WI-principal-11524-expenditure-2025-H1	11524	WI	expenditure_report	client	2025-01-01	2025-06-30	19060.0	13.25	16.5	https://lobbying.wi.gov/Who/PrincipalInformation/2025REG/Information/11524
WI-principal-11524-expenditure-2025-H2	11524	WI	expenditure_report	client	2025-07-01	2025-12-31	18000.0	5.25	19.0	https://lobbying.wi.gov/Who/PrincipalInformation/2025REG/Information/11524
WI-principal-11525-expenditure-2025-H1	11525	WI	expenditure_report	client	2025-01-01	2025-06-30	23290.0	30.0	29.5	https://lobbying.wi.gov/Who/PrincipalInformation/2025REG/Information/11525
WI-principal-11525-expenditure-2025-H2	11525	WI	expenditure_report	client	2025-07-01	2025-12-31	22500.0	5.0	21.0	https://lobbying.wi.gov/Who/PrincipalInformation/2025REG/Information/11525
WI-principal-11526-expenditure-2025-H1	11526	WI	expenditure_report	client	2025-01-01	2025-06-30	19060.0	16.25	29.5	https://lobbying.wi.gov/Who/PrincipalInformation/2025REG/Information/11526
WI-principal-11526-expenditure-2025-H2	11526	WI	expenditure_report	client	2025-07-01	2025-12-31	18000.0	9.75	38.25	https://lobbying.wi.gov/Who/PrincipalInformation/2025REG/Information/11526
WI-principal-11527-expenditure-2025-H1	11527	WI	expenditure_report	client	2025-01-01	2025-06-30	25060.0	11.25	23.5	https://lobbying.wi.gov/Who/PrincipalInformation/2025REG/Information/11527
WI-principal-11527-expenditure-2025-H2	11527	WI	expenditure_report	client	2025-07-01	2025-12-31	24000.0	4.75	34.0	https://lobbying.wi.gov/Who/PrincipalInformation/2025REG/Information/11527
WI-principal-11528-expenditure-2025-H1	11528	WI	expenditure_report	client	2025-01-01	2025-06-30	27998.5	37.95	109.8	https://lobbying.wi.gov/Who/PrincipalInformation/2025REG/Information/11528
WI-principal-11528-expenditure-2025-H2	11528	WI	expenditure_report	client	2025-07-01	2025-12-31	20550.0	11.75	75.0	https://lobbying.wi.gov/Who/PrincipalInformation/2025REG/Information/11528
WI-principal-11529-expenditure-2025-H1	11529	WI	expenditure_report	client	2025-01-01	2025-06-30	43445.0	37.5	48.5	https://lobbying.wi.gov/Who/PrincipalInformation/2025REG/Information/11529
WI-principal-11529-expenditure-2025-H2	11529	WI	expenditure_report	client	2025-07-01	2025-12-31	42000.0	21.0	46.25	https://lobbying.wi.gov/Who/PrincipalInformation/2025REG/Information/11529
WI-principal-11531-expenditure-2025-H1	11531	WI	expenditure_report	client	2025-01-01	2025-06-30	9655.0	5.75	17.0	https://lobbying.wi.gov/Who/PrincipalInformation/2025REG/Information/11531
WI-principal-11531-expenditure-2025-H2	11531	WI	expenditure_report	client	2025-07-01	2025-12-31	9000.0	8.0	20.25	https://lobbying.wi.gov/Who/PrincipalInformation/2025REG/Information/11531
WI-principal-11532-expenditure-2025-H1	11532	WI	expenditure_report	client	2025-01-01	2025-06-30	25480.0	35.0	27.0	https://lobbying.wi.gov/Who/PrincipalInformation/2025REG/Information/11532
WI-principal-11532-expenditure-2025-H2	11532	WI	expenditure_report	client	2025-07-01	2025-12-31	24910.0	27.0	35.5	https://lobbying.wi.gov/Who/PrincipalInformation/2025REG/Information/11532
WI-principal-11533-expenditure-2025-H1	11533	WI	expenditure_report	client	2025-01-01	2025-06-30	10060.0	0.0	5.25	https://lobbying.wi.gov/Who/PrincipalInformation/2025REG/Information/11533
WI-principal-11533-expenditure-2025-H2	11533	WI	expenditure_report	client	2025-07-01	2025-12-31	9000.0	0.0	10.0	https://lobbying.wi.gov/Who/PrincipalInformation/2025REG/Information/11533
WI-principal-11534-expenditure-2025-H1	11534	WI	expenditure_report	client	2025-01-01	2025-06-30	28424.98	1.5	43.5	https://lobbying.wi.gov/Who/PrincipalInformation/2025REG/Information/11534
WI-principal-11534-expenditure-2025-H2	11534	WI	expenditure_report	client	2025-07-01	2025-12-31	27499.98	7.55	53.5	https://lobbying.wi.gov/Who/PrincipalInformation/2025REG/Information/11534
WI-principal-11536-expenditure-2025-H1	11536	WI	expenditure_report	client	2025-01-01	2025-06-30	3000.0	5.0	14.0	https://lobbying.wi.gov/Who/PrincipalInformation/2025REG/Information/11536
WI-principal-11536-expenditure-2025-H2	11536	WI	expenditure_report	client	2025-07-01	2025-12-31	3000.0	5.25	14.5	https://lobbying.wi.gov/Who/PrincipalInformation/2025REG/Information/11536
WI-principal-11537-expenditure-2025-H1	11537	WI	expenditure_report	client	2025-01-01	2025-06-30	3000.0	1.75	12.0	https://lobbying.wi.gov/Who/PrincipalInformation/2025REG/Information/11537
WI-principal-11537-expenditure-2025-H2	11537	WI	expenditure_report	client	2025-07-01	2025-12-31	3000.0	0.5	15.0	https://lobbying.wi.gov/Who/PrincipalInformation/2025REG/Information/11537
WI-principal-11538-expenditure-2025-H1	11538	WI	expenditure_report	client	2025-01-01	2025-06-30	0.0	2.5	14.5	https://lobbying.wi.gov/Who/PrincipalInformation/2025REG/Information/11538
WI-principal-11538-expenditure-2025-H2	11538	WI	expenditure_report	client	2025-07-01	2025-12-31	1050.0	0.5	11.75	https://lobbying.wi.gov/Who/PrincipalInformation/2025REG/Information/11538
WI-principal-11541-expenditure-2025-H1	11541	WI	expenditure_report	client	2025-01-01	2025-06-30	245333.0	256.25	666.0	https://lobbying.wi.gov/Who/PrincipalInformation/2025REG/Information/11541
WI-principal-11541-expenditure-2025-H2	11541	WI	expenditure_report	client	2025-07-01	2025-12-31	115469.0	33.0	102.75	https://lobbying.wi.gov/Who/PrincipalInformation/2025REG/Information/11541
WI-principal-11542-expenditure-2025-H1	11542	WI	expenditure_report	client	2025-01-01	2025-06-30	33232.07	41.85	242.95	https://lobbying.wi.gov/Who/PrincipalInformation/2025REG/Information/11542
WI-principal-11542-expenditure-2025-H2	11542	WI	expenditure_report	client	2025-07-01	2025-12-31	31281.83	39.4	203.8	https://lobbying.wi.gov/Who/PrincipalInformation/2025REG/Information/11542
WI-principal-11543-expenditure-2025-H1	11543	WI	expenditure_report	client	2025-01-01	2025-06-30	0.0	15.25	63.75	https://lobbying.wi.gov/Who/PrincipalInformation/2025REG/Information/11543
WI-principal-11543-expenditure-2025-H2	11543	WI	expenditure_report	client	2025-07-01	2025-12-31	3825.99	2.75	34.25	https://lobbying.wi.gov/Who/PrincipalInformation/2025REG/Information/11543
WI-principal-11544-expenditure-2025-H1	11544	WI	expenditure_report	client	2025-01-01	2025-06-30	27018.7	9.5	23.5	https://lobbying.wi.gov/Who/PrincipalInformation/2025REG/Information/11544
WI-principal-11544-expenditure-2025-H2	11544	WI	expenditure_report	client	2025-07-01	2025-12-31	27006.3	15.5	28.5	https://lobbying.wi.gov/Who/PrincipalInformation/2025REG/Information/11544
WI-principal-11545-expenditure-2025-H1	11545	WI	expenditure_report	client	2025-01-01	2025-06-30	9000.0	14.5	28.5	https://lobbying.wi.gov/Who/PrincipalInformation/2025REG/Information/11545
WI-principal-11545-expenditure-2025-H2	11545	WI	expenditure_report	client	2025-07-01	2025-12-31	9000.0	13.0	18.5	https://lobbying.wi.gov/Who/PrincipalInformation/2025REG/Information/11545
WI-principal-11546-expenditure-2025-H1	11546	WI	expenditure_report	client	2025-01-01	2025-06-30	9640.84	29.0	49.0	https://lobbying.wi.gov/Who/PrincipalInformation/2025REG/Information/11546
WI-principal-11546-expenditure-2025-H2	11546	WI	expenditure_report	client	2025-07-01	2025-12-31	9594.5	15.0	67.0	https://lobbying.wi.gov/Who/PrincipalInformation/2025REG/Information/11546
WI-principal-11547-expenditure-2025-H1	11547	WI	expenditure_report	client	2025-01-01	2025-06-30	33100.11	52.75	196.5	https://lobbying.wi.gov/Who/PrincipalInformation/2025REG/Information/11547
WI-principal-11547-expenditure-2025-H2	11547	WI	expenditure_report	client	2025-07-01	2025-12-31	27766.13	41.0	192.75	https://lobbying.wi.gov/Who/PrincipalInformation/2025REG/Information/11547
WI-principal-11550-expenditure-2025-H1	11550	WI	expenditure_report	client	2025-01-01	2025-06-30	30000.0	8.5	32.5	https://lobbying.wi.gov/Who/PrincipalInformation/2025REG/Information/11550
WI-principal-11550-expenditure-2025-H2	11550	WI	expenditure_report	client	2025-07-01	2025-12-31	30000.0	5.5	18.0	https://lobbying.wi.gov/Who/PrincipalInformation/2025REG/Information/11550
WI-principal-11551-expenditure-2025-H1	11551	WI	expenditure_report	client	2025-01-01	2025-06-30	21028.5	6.0	24.0	https://lobbying.wi.gov/Who/PrincipalInformation/2025REG/Information/11551
WI-principal-11551-expenditure-2025-H2	11551	WI	expenditure_report	client	2025-07-01	2025-12-31	21024.8	8.5	10.0	https://lobbying.wi.gov/Who/PrincipalInformation/2025REG/Information/11551
WI-principal-11552-expenditure-2025-H1	11552	WI	expenditure_report	client	2025-01-01	2025-06-30	0.0	0.0	0.0	https://lobbying.wi.gov/Who/PrincipalInformation/2025REG/Information/11552
WI-principal-11552-expenditure-2025-H2	11552	WI	expenditure_report	client	2025-07-01	2025-12-31	0.0	0.0	0.0	https://lobbying.wi.gov/Who/PrincipalInformation/2025REG/Information/11552
WI-principal-11553-expenditure-2025-H1	11553	WI	expenditure_report	client	2025-01-01	2025-06-30	20005.36	26.5	40.5	https://lobbying.wi.gov/Who/PrincipalInformation/2025REG/Information/11553
WI-principal-11553-expenditure-2025-H2	11553	WI	expenditure_report	client	2025-07-01	2025-12-31	18120.86	20.0	29.0	https://lobbying.wi.gov/Who/PrincipalInformation/2025REG/Information/11553
WI-principal-11554-expenditure-2025-H1	11554	WI	expenditure_report	client	2025-01-01	2025-06-30	14511.46	20.5	45.0	https://lobbying.wi.gov/Who/PrincipalInformation/2025REG/Information/11554
WI-principal-11554-expenditure-2025-H2	11554	WI	expenditure_report	client	2025-07-01	2025-12-31	14417.2	20.0	35.0	https://lobbying.wi.gov/Who/PrincipalInformation/2025REG/Information/11554
WI-principal-11555-expenditure-2025-H1	11555	WI	expenditure_report	client	2025-01-01	2025-06-30	15034.81	17.0	40.5	https://lobbying.wi.gov/Who/PrincipalInformation/2025REG/Information/11555
WI-principal-11555-expenditure-2025-H2	11555	WI	expenditure_report	client	2025-07-01	2025-12-31	16002.2	10.0	23.5	https://lobbying.wi.gov/Who/PrincipalInformation/2025REG/Information/11555
WI-principal-11556-expenditure-2025-H1	11556	WI	expenditure_report	client	2025-01-01	2025-06-30	18042.1	21.0	54.5	https://lobbying.wi.gov/Who/PrincipalInformation/2025REG/Information/11556
WI-principal-11556-expenditure-2025-H2	11556	WI	expenditure_report	client	2025-07-01	2025-12-31	18088.9	51.5	49.0	https://lobbying.wi.gov/Who/PrincipalInformation/2025REG/Information/11556
WI-principal-11557-expenditure-2025-H1	11557	WI	expenditure_report	client	2025-01-01	2025-06-30	24226.43	41.5	68.5	https://lobbying.wi.gov/Who/PrincipalInformation/2025REG/Information/11557
WI-principal-11557-expenditure-2025-H2	11557	WI	expenditure_report	client	2025-07-01	2025-12-31	24221.13	18.0	44.5	https://lobbying.wi.gov/Who/PrincipalInformation/2025REG/Information/11557
WI-principal-11558-expenditure-2025-H1	11558	WI	expenditure_report	client	2025-01-01	2025-06-30	44125.0	76.5	28.5	https://lobbying.wi.gov/Who/PrincipalInformation/2025REG/Information/11558
WI-principal-11558-expenditure-2025-H2	11558	WI	expenditure_report	client	2025-07-01	2025-12-31	43200.0	23.2	14.5	https://lobbying.wi.gov/Who/PrincipalInformation/2025REG/Information/11558
WI-principal-11559-expenditure-2025-H1	11559	WI	expenditure_report	client	2025-01-01	2025-06-30	12172.15	25.5	135.75	https://lobbying.wi.gov/Who/PrincipalInformation/2025REG/Information/11559
WI-principal-11559-expenditure-2025-H2	11559	WI	expenditure_report	client	2025-07-01	2025-12-31	9377.0	6.5	116.0	https://lobbying.wi.gov/Who/PrincipalInformation/2025REG/Information/11559
WI-principal-11561-expenditure-2025-H1	11561	WI	expenditure_report	client	2025-01-01	2025-06-30	33325.0	10.2	6.0	https://lobbying.wi.gov/Who/PrincipalInformation/2025REG/Information/11561
WI-principal-11561-expenditure-2025-H2	11561	WI	expenditure_report	client	2025-07-01	2025-12-31	32400.0	7.0	0.0	https://lobbying.wi.gov/Who/PrincipalInformation/2025REG/Information/11561
WI-principal-11562-expenditure-2025-H1	11562	WI	expenditure_report	client	2025-01-01	2025-06-30	179.2	0.25	0.75	https://lobbying.wi.gov/Who/PrincipalInformation/2025REG/Information/11562
WI-principal-11562-expenditure-2025-H2	11562	WI	expenditure_report	client	2025-07-01	2025-12-31	0.0	0.0	0.0	https://lobbying.wi.gov/Who/PrincipalInformation/2025REG/Information/11562
WI-principal-11563-expenditure-2025-H1	11563	WI	expenditure_report	client	2025-01-01	2025-06-30	3575.0	17.25	16.0	https://lobbying.wi.gov/Who/PrincipalInformation/2025REG/Information/11563
WI-principal-11563-expenditure-2025-H2	11563	WI	expenditure_report	client	2025-07-01	2025-12-31	0.0	0.0	0.0	https://lobbying.wi.gov/Who/PrincipalInformation/2025REG/Information/11563
WI-principal-11564-expenditure-2025-H1	11564	WI	expenditure_report	client	2025-01-01	2025-06-30	69500.0	66.5	251.5	https://lobbying.wi.gov/Who/PrincipalInformation/2025REG/Information/11564
WI-principal-11564-expenditure-2025-H2	11564	WI	expenditure_report	client	2025-07-01	2025-12-31	69351.0	39.5	217.5	https://lobbying.wi.gov/Who/PrincipalInformation/2025REG/Information/11564
WI-principal-11565-expenditure-2025-H1	11565	WI	expenditure_report	client	2025-01-01	2025-06-30	42000.0	57.25	53.25	https://lobbying.wi.gov/Who/PrincipalInformation/2025REG/Information/11565
WI-principal-11565-expenditure-2025-H2	11565	WI	expenditure_report	client	2025-07-01	2025-12-31	42000.0	5.25	34.25	https://lobbying.wi.gov/Who/PrincipalInformation/2025REG/Information/11565
WI-principal-11566-expenditure-2025-H1	11566	WI	expenditure_report	client	2025-01-01	2025-06-30	57000.0	18.5	25.0	https://lobbying.wi.gov/Who/PrincipalInformation/2025REG/Information/11566
WI-principal-11566-expenditure-2025-H2	11566	WI	expenditure_report	client	2025-07-01	2025-12-31	51000.0	3.0	11.75	https://lobbying.wi.gov/Who/PrincipalInformation/2025REG/Information/11566
WI-principal-11567-expenditure-2025-H1	11567	WI	expenditure_report	client	2025-01-01	2025-06-30	40906.0	24.5	52.0	https://lobbying.wi.gov/Who/PrincipalInformation/2025REG/Information/11567
WI-principal-11567-expenditure-2025-H2	11567	WI	expenditure_report	client	2025-07-01	2025-12-31	42856.8	24.5	68.75	https://lobbying.wi.gov/Who/PrincipalInformation/2025REG/Information/11567
WI-principal-11569-expenditure-2025-H1	11569	WI	expenditure_report	client	2025-01-01	2025-06-30	18450.0	5.0	30.0	https://lobbying.wi.gov/Who/PrincipalInformation/2025REG/Information/11569
WI-principal-11569-expenditure-2025-H2	11569	WI	expenditure_report	client	2025-07-01	2025-12-31	18375.0	2.0	19.0	https://lobbying.wi.gov/Who/PrincipalInformation/2025REG/Information/11569
WI-principal-11570-expenditure-2025-H1	11570	WI	expenditure_report	client	2025-01-01	2025-06-30	5162.72	30.5	30.5	https://lobbying.wi.gov/Who/PrincipalInformation/2025REG/Information/11570
WI-principal-11570-expenditure-2025-H2	11570	WI	expenditure_report	client	2025-07-01	2025-12-31	0.0	0.0	0.0	https://lobbying.wi.gov/Who/PrincipalInformation/2025REG/Information/11570
WI-principal-11571-expenditure-2025-H1	11571	WI	expenditure_report	client	2025-01-01	2025-06-30	2547.96	12.0	4.0	https://lobbying.wi.gov/Who/PrincipalInformation/2025REG/Information/11571
WI-principal-11571-expenditure-2025-H2	11571	WI	expenditure_report	client	2025-07-01	2025-12-31	0.0	5.0	0.0	https://lobbying.wi.gov/Who/PrincipalInformation/2025REG/Information/11571
WI-principal-11572-expenditure-2025-H1	11572	WI	expenditure_report	client	2025-01-01	2025-06-30	19825.0	7.0	12.9	https://lobbying.wi.gov/Who/PrincipalInformation/2025REG/Information/11572
WI-principal-11572-expenditure-2025-H2	11572	WI	expenditure_report	client	2025-07-01	2025-12-31	18900.0	1.0	0.0	https://lobbying.wi.gov/Who/PrincipalInformation/2025REG/Information/11572
WI-principal-11574-expenditure-2025-H1	11574	WI	expenditure_report	client	2025-01-01	2025-06-30	6013.16	25.25	34.5	https://lobbying.wi.gov/Who/PrincipalInformation/2025REG/Information/11574
WI-principal-11574-expenditure-2025-H2	11574	WI	expenditure_report	client	2025-07-01	2025-12-31	4236.26	18.5	39.5	https://lobbying.wi.gov/Who/PrincipalInformation/2025REG/Information/11574
WI-principal-11575-expenditure-2025-H1	11575	WI	expenditure_report	client	2025-01-01	2025-06-30	1688.0	0.75	8.5	https://lobbying.wi.gov/Who/PrincipalInformation/2025REG/Information/11575
WI-principal-11575-expenditure-2025-H2	11575	WI	expenditure_report	client	2025-07-01	2025-12-31	19300.0	5.5	50.75	https://lobbying.wi.gov/Who/PrincipalInformation/2025REG/Information/11575
WI-principal-11576-expenditure-2025-H1	11576	WI	expenditure_report	client	2025-01-01	2025-06-30	26571.55	53.4	62.9	https://lobbying.wi.gov/Who/PrincipalInformation/2025REG/Information/11576
WI-principal-11576-expenditure-2025-H2	11576	WI	expenditure_report	client	2025-07-01	2025-12-31	24662.0	29.9	56.35	https://lobbying.wi.gov/Who/PrincipalInformation/2025REG/Information/11576
WI-principal-11578-expenditure-2025-H1	11578	WI	expenditure_report	client	2025-01-01	2025-06-30	33000.0	40.0	82.25	https://lobbying.wi.gov/Who/PrincipalInformation/2025REG/Information/11578
WI-principal-11578-expenditure-2025-H2	11578	WI	expenditure_report	client	2025-07-01	2025-12-31	34838.03	42.75	83.75	https://lobbying.wi.gov/Who/PrincipalInformation/2025REG/Information/11578
WI-principal-11579-expenditure-2025-H1	11579	WI	expenditure_report	client	2025-01-01	2025-06-30	58929.0	126.0	327.5	https://lobbying.wi.gov/Who/PrincipalInformation/2025REG/Information/11579
WI-principal-11579-expenditure-2025-H2	11579	WI	expenditure_report	client	2025-07-01	2025-12-31	33591.0	108.5	373.5	https://lobbying.wi.gov/Who/PrincipalInformation/2025REG/Information/11579
WI-principal-11580-expenditure-2025-H1	11580	WI	expenditure_report	client	2025-01-01	2025-06-30	34955.69	65.0	45.0	https://lobbying.wi.gov/Who/PrincipalInformation/2025REG/Information/11580
WI-principal-11580-expenditure-2025-H2	11580	WI	expenditure_report	client	2025-07-01	2025-12-31	1439.47	2.0	6.0	https://lobbying.wi.gov/Who/PrincipalInformation/2025REG/Information/11580
WI-principal-11581-expenditure-2025-H1	11581	WI	expenditure_report	client	2025-01-01	2025-06-30	175854.9	184.25	701.0	https://lobbying.wi.gov/Who/PrincipalInformation/2025REG/Information/11581
WI-principal-11581-expenditure-2025-H2	11581	WI	expenditure_report	client	2025-07-01	2025-12-31	121452.67	72.05	517.25	https://lobbying.wi.gov/Who/PrincipalInformation/2025REG/Information/11581
WI-principal-11582-expenditure-2025-H1	11582	WI	expenditure_report	client	2025-01-01	2025-06-30	55.0	1.0	0.0	https://lobbying.wi.gov/Who/PrincipalInformation/2025REG/Information/11582
WI-principal-11582-expenditure-2025-H2	11582	WI	expenditure_report	client	2025-07-01	2025-12-31	300.77	2.5	0.75	https://lobbying.wi.gov/Who/PrincipalInformation/2025REG/Information/11582
WI-principal-11583-expenditure-2025-H1	11583	WI	expenditure_report	client	2025-01-01	2025-06-30	4700.0	22.0	31.0	https://lobbying.wi.gov/Who/PrincipalInformation/2025REG/Information/11583
WI-principal-11583-expenditure-2025-H2	11583	WI	expenditure_report	client	2025-07-01	2025-12-31	4934.73	24.5	42.0	https://lobbying.wi.gov/Who/PrincipalInformation/2025REG/Information/11583
WI-principal-11584-expenditure-2025-H1	11584	WI	expenditure_report	client	2025-01-01	2025-06-30	59791.59	15.75	124.75	https://lobbying.wi.gov/Who/PrincipalInformation/2025REG/Information/11584
WI-principal-11584-expenditure-2025-H2	11584	WI	expenditure_report	client	2025-07-01	2025-12-31	31325.0	1.25	167.55	https://lobbying.wi.gov/Who/PrincipalInformation/2025REG/Information/11584
WI-principal-11585-expenditure-2025-H1	11585	WI	expenditure_report	client	2025-01-01	2025-06-30	4200.0	8.5	12.0	https://lobbying.wi.gov/Who/PrincipalInformation/2025REG/Information/11585
WI-principal-11585-expenditure-2025-H2	11585	WI	expenditure_report	client	2025-07-01	2025-12-31	0.0	2.25	3.0	https://lobbying.wi.gov/Who/PrincipalInformation/2025REG/Information/11585
WI-principal-11586-expenditure-2025-H1	11586	WI	expenditure_report	client	2025-01-01	2025-06-30	117711.0	183.5	281.9	https://lobbying.wi.gov/Who/PrincipalInformation/2025REG/Information/11586
WI-principal-11586-expenditure-2025-H2	11586	WI	expenditure_report	client	2025-07-01	2025-12-31	490323.04	133.5	267.3	https://lobbying.wi.gov/Who/PrincipalInformation/2025REG/Information/11586
WI-principal-11588-expenditure-2025-H1	11588	WI	expenditure_report	client	2025-01-01	2025-06-30	86517.65	263.29	715.78	https://lobbying.wi.gov/Who/PrincipalInformation/2025REG/Information/11588
WI-principal-11588-expenditure-2025-H2	11588	WI	expenditure_report	client	2025-07-01	2025-12-31	54851.77	174.85	359.0	https://lobbying.wi.gov/Who/PrincipalInformation/2025REG/Information/11588
WI-principal-11589-expenditure-2025-H1	11589	WI	expenditure_report	client	2025-01-01	2025-06-30	39323.8	27.75	82.5	https://lobbying.wi.gov/Who/PrincipalInformation/2025REG/Information/11589
WI-principal-11589-expenditure-2025-H2	11589	WI	expenditure_report	client	2025-07-01	2025-12-31	36000.0	0.25	54.25	https://lobbying.wi.gov/Who/PrincipalInformation/2025REG/Information/11589
WI-principal-11590-expenditure-2025-H1	11590	WI	expenditure_report	client	2025-01-01	2025-06-30	37840.0	158.5	307.0	https://lobbying.wi.gov/Who/PrincipalInformation/2025REG/Information/11590
WI-principal-11590-expenditure-2025-H2	11590	WI	expenditure_report	client	2025-07-01	2025-12-31	50728.5	100.5	254.0	https://lobbying.wi.gov/Who/PrincipalInformation/2025REG/Information/11590
WI-principal-11591-expenditure-2025-H1	11591	WI	expenditure_report	client	2025-01-01	2025-06-30	60897.74	146.5	204.0	https://lobbying.wi.gov/Who/PrincipalInformation/2025REG/Information/11591
WI-principal-11591-expenditure-2025-H2	11591	WI	expenditure_report	client	2025-07-01	2025-12-31	34741.0	78.5	126.5	https://lobbying.wi.gov/Who/PrincipalInformation/2025REG/Information/11591
WI-principal-11592-expenditure-2025-H1	11592	WI	expenditure_report	client	2025-01-01	2025-06-30	28454.17	48.0	228.0	https://lobbying.wi.gov/Who/PrincipalInformation/2025REG/Information/11592
WI-principal-11592-expenditure-2025-H2	11592	WI	expenditure_report	client	2025-07-01	2025-12-31	46199.41	38.75	755.5	https://lobbying.wi.gov/Who/PrincipalInformation/2025REG/Information/11592
WI-principal-11594-expenditure-2025-H1	11594	WI	expenditure_report	client	2025-01-01	2025-06-30	29815.5	64.5	225.75	https://lobbying.wi.gov/Who/PrincipalInformation/2025REG/Information/11594
WI-principal-11594-expenditure-2025-H2	11594	WI	expenditure_report	client	2025-07-01	2025-12-31	8338.59	8.5	20.5	https://lobbying.wi.gov/Who/PrincipalInformation/2025REG/Information/11594
WI-principal-11595-expenditure-2025-H1	11595	WI	expenditure_report	client	2025-01-01	2025-06-30	6520.0	4.75	51.25	https://lobbying.wi.gov/Who/PrincipalInformation/2025REG/Information/11595
WI-principal-11595-expenditure-2025-H2	11595	WI	expenditure_report	client	2025-07-01	2025-12-31	2011.44	0.75	13.0	https://lobbying.wi.gov/Who/PrincipalInformation/2025REG/Information/11595
WI-principal-11596-expenditure-2025-H1	11596	WI	expenditure_report	client	2025-01-01	2025-06-30	13116.1	3.75	101.1	https://lobbying.wi.gov/Who/PrincipalInformation/2025REG/Information/11596
WI-principal-11596-expenditure-2025-H2	11596	WI	expenditure_report	client	2025-07-01	2025-12-31	12048.68	11.25	67.75	https://lobbying.wi.gov/Who/PrincipalInformation/2025REG/Information/11596
WI-principal-11597-expenditure-2025-H1	11597	WI	expenditure_report	client	2025-01-01	2025-06-30	29454.74	21.0	131.25	https://lobbying.wi.gov/Who/PrincipalInformation/2025REG/Information/11597
WI-principal-11597-expenditure-2025-H2	11597	WI	expenditure_report	client	2025-07-01	2025-12-31	28686.2	8.75	99.5	https://lobbying.wi.gov/Who/PrincipalInformation/2025REG/Information/11597
WI-principal-11598-expenditure-2025-H1	11598	WI	expenditure_report	client	2025-01-01	2025-06-30	1523.73	14.25	16.5	https://lobbying.wi.gov/Who/PrincipalInformation/2025REG/Information/11598
WI-principal-11598-expenditure-2025-H2	11598	WI	expenditure_report	client	2025-07-01	2025-12-31	288.56	3.25	3.0	https://lobbying.wi.gov/Who/PrincipalInformation/2025REG/Information/11598
WI-principal-11599-expenditure-2025-H1	11599	WI	expenditure_report	client	2025-01-01	2025-06-30	37637.17	12.75	151.5	https://lobbying.wi.gov/Who/PrincipalInformation/2025REG/Information/11599
WI-principal-11599-expenditure-2025-H2	11599	WI	expenditure_report	client	2025-07-01	2025-12-31	39112.42	59.0	150.08	https://lobbying.wi.gov/Who/PrincipalInformation/2025REG/Information/11599
WI-principal-11600-expenditure-2025-H1	11600	WI	expenditure_report	client	2025-01-01	2025-06-30	53558.55	179.5	323.75	https://lobbying.wi.gov/Who/PrincipalInformation/2025REG/Information/11600
WI-principal-11600-expenditure-2025-H2	11600	WI	expenditure_report	client	2025-07-01	2025-12-31	59109.38	43.5	162.5	https://lobbying.wi.gov/Who/PrincipalInformation/2025REG/Information/11600
WI-principal-11601-expenditure-2025-H1	11601	WI	expenditure_report	client	2025-01-01	2025-06-30	1802.88	11.83	21.0	https://lobbying.wi.gov/Who/PrincipalInformation/2025REG/Information/11601
WI-principal-11601-expenditure-2025-H2	11601	WI	expenditure_report	client	2025-07-01	2025-12-31	660.0	4.5	6.5	https://lobbying.wi.gov/Who/PrincipalInformation/2025REG/Information/11601
WI-principal-11602-expenditure-2025-H1	11602	WI	expenditure_report	client	2025-01-01	2025-06-30	6000.0	19.8	71.9	https://lobbying.wi.gov/Who/PrincipalInformation/2025REG/Information/11602
WI-principal-11602-expenditure-2025-H2	11602	WI	expenditure_report	client	2025-07-01	2025-12-31	6000.0	15.0	60.2	https://lobbying.wi.gov/Who/PrincipalInformation/2025REG/Information/11602
WI-principal-11603-expenditure-2025-H1	11603	WI	expenditure_report	client	2025-01-01	2025-06-30	18000.0	6.25	36.25	https://lobbying.wi.gov/Who/PrincipalInformation/2025REG/Information/11603
WI-principal-11603-expenditure-2025-H2	11603	WI	expenditure_report	client	2025-07-01	2025-12-31	18000.0	0.0	20.0	https://lobbying.wi.gov/Who/PrincipalInformation/2025REG/Information/11603
WI-principal-11604-expenditure-2025-H1	11604	WI	expenditure_report	client	2025-01-01	2025-06-30	18000.0	8.25	67.75	https://lobbying.wi.gov/Who/PrincipalInformation/2025REG/Information/11604
WI-principal-11604-expenditure-2025-H2	11604	WI	expenditure_report	client	2025-07-01	2025-12-31	18000.0	1.5	35.25	https://lobbying.wi.gov/Who/PrincipalInformation/2025REG/Information/11604
WI-principal-11605-expenditure-2025-H1	11605	WI	expenditure_report	client	2025-01-01	2025-06-30	21000.0	11.75	45.0	https://lobbying.wi.gov/Who/PrincipalInformation/2025REG/Information/11605
WI-principal-11605-expenditure-2025-H2	11605	WI	expenditure_report	client	2025-07-01	2025-12-31	21000.0	9.0	35.5	https://lobbying.wi.gov/Who/PrincipalInformation/2025REG/Information/11605
WI-principal-11606-expenditure-2025-H1	11606	WI	expenditure_report	client	2025-01-01	2025-06-30	16500.0	0.25	37.0	https://lobbying.wi.gov/Who/PrincipalInformation/2025REG/Information/11606
WI-principal-11606-expenditure-2025-H2	11606	WI	expenditure_report	client	2025-07-01	2025-12-31	16619.0	3.0	42.5	https://lobbying.wi.gov/Who/PrincipalInformation/2025REG/Information/11606
WI-principal-11607-expenditure-2025-H1	11607	WI	expenditure_report	client	2025-01-01	2025-06-30	0.0	10.5	83.0	https://lobbying.wi.gov/Who/PrincipalInformation/2025REG/Information/11607
WI-principal-11607-expenditure-2025-H2	11607	WI	expenditure_report	client	2025-07-01	2025-12-31	13500.0	7.5	123.5	https://lobbying.wi.gov/Who/PrincipalInformation/2025REG/Information/11607
WI-principal-11608-expenditure-2025-H1	11608	WI	expenditure_report	client	2025-01-01	2025-06-30	30498.0	123.5	128.0	https://lobbying.wi.gov/Who/PrincipalInformation/2025REG/Information/11608
WI-principal-11608-expenditure-2025-H2	11608	WI	expenditure_report	client	2025-07-01	2025-12-31	24879.0	74.05	196.0	https://lobbying.wi.gov/Who/PrincipalInformation/2025REG/Information/11608
WI-principal-11609-expenditure-2025-H1	11609	WI	expenditure_report	client	2025-01-01	2025-06-30	0.0	9.0	38.5	https://lobbying.wi.gov/Who/PrincipalInformation/2025REG/Information/11609
WI-principal-11609-expenditure-2025-H2	11609	WI	expenditure_report	client	2025-07-01	2025-12-31	36000.0	6.0	63.5	https://lobbying.wi.gov/Who/PrincipalInformation/2025REG/Information/11609
WI-principal-11611-expenditure-2025-H1	11611	WI	expenditure_report	client	2025-01-01	2025-06-30	35095.82	33.0	53.0	https://lobbying.wi.gov/Who/PrincipalInformation/2025REG/Information/11611
WI-principal-11611-expenditure-2025-H2	11611	WI	expenditure_report	client	2025-07-01	2025-12-31	3540.0	15.0	13.5	https://lobbying.wi.gov/Who/PrincipalInformation/2025REG/Information/11611
WI-principal-11612-expenditure-2025-H1	11612	WI	expenditure_report	client	2025-01-01	2025-06-30	103938.1	316.5	472.5	https://lobbying.wi.gov/Who/PrincipalInformation/2025REG/Information/11612
WI-principal-11612-expenditure-2025-H2	11612	WI	expenditure_report	client	2025-07-01	2025-12-31	77462.12	254.5	440.25	https://lobbying.wi.gov/Who/PrincipalInformation/2025REG/Information/11612
WI-principal-11613-expenditure-2025-H1	11613	WI	expenditure_report	client	2025-01-01	2025-06-30	3652.3	34.5	15.0	https://lobbying.wi.gov/Who/PrincipalInformation/2025REG/Information/11613
WI-principal-11613-expenditure-2025-H2	11613	WI	expenditure_report	client	2025-07-01	2025-12-31	2232.39	13.0	15.0	https://lobbying.wi.gov/Who/PrincipalInformation/2025REG/Information/11613
WI-principal-11614-expenditure-2025-H1	11614	WI	expenditure_report	client	2025-01-01	2025-06-30	10000.0	8.25	6.0	https://lobbying.wi.gov/Who/PrincipalInformation/2025REG/Information/11614
WI-principal-11614-expenditure-2025-H2	11614	WI	expenditure_report	client	2025-07-01	2025-12-31	10000.0	5.0	15.0	https://lobbying.wi.gov/Who/PrincipalInformation/2025REG/Information/11614
WI-principal-11615-expenditure-2025-H1	11615	WI	expenditure_report	client	2025-01-01	2025-06-30	14300.0	16.75	39.0	https://lobbying.wi.gov/Who/PrincipalInformation/2025REG/Information/11615
WI-principal-11615-expenditure-2025-H2	11615	WI	expenditure_report	client	2025-07-01	2025-12-31	41715.0	56.25	109.25	https://lobbying.wi.gov/Who/PrincipalInformation/2025REG/Information/11615
WI-principal-11617-expenditure-2025-H1	11617	WI	expenditure_report	client	2025-01-01	2025-06-30	86313.0	33.5	232.9	https://lobbying.wi.gov/Who/PrincipalInformation/2025REG/Information/11617
WI-principal-11617-expenditure-2025-H2	11617	WI	expenditure_report	client	2025-07-01	2025-12-31	120430.0	58.2	341.95	https://lobbying.wi.gov/Who/PrincipalInformation/2025REG/Information/11617
WI-principal-11618-expenditure-2025-H1	11618	WI	expenditure_report	client	2025-01-01	2025-06-30	0.0	0.0	0.0	https://lobbying.wi.gov/Who/PrincipalInformation/2025REG/Information/11618
WI-principal-11618-expenditure-2025-H2	11618	WI	expenditure_report	client	2025-07-01	2025-12-31	0.0	0.0	0.0	https://lobbying.wi.gov/Who/PrincipalInformation/2025REG/Information/11618
WI-principal-11622-expenditure-2025-H1	11622	WI	expenditure_report	client	2025-01-01	2025-06-30	27925.0	1.5	74.0	https://lobbying.wi.gov/Who/PrincipalInformation/2025REG/Information/11622
WI-principal-11622-expenditure-2025-H2	11622	WI	expenditure_report	client	2025-07-01	2025-12-31	27000.0	8.5	83.9	https://lobbying.wi.gov/Who/PrincipalInformation/2025REG/Information/11622
WI-principal-11623-expenditure-2025-H1	11623	WI	expenditure_report	client	2025-01-01	2025-06-30	22555.0	6.25	35.75	https://lobbying.wi.gov/Who/PrincipalInformation/2025REG/Information/11623
WI-principal-11623-expenditure-2025-H2	11623	WI	expenditure_report	client	2025-07-01	2025-12-31	21630.0	0.0	16.5	https://lobbying.wi.gov/Who/PrincipalInformation/2025REG/Information/11623
WI-principal-11625-expenditure-2025-H1	11625	WI	expenditure_report	client	2025-01-01	2025-06-30	30000.0	24.75	18.75	https://lobbying.wi.gov/Who/PrincipalInformation/2025REG/Information/11625
WI-principal-11625-expenditure-2025-H2	11625	WI	expenditure_report	client	2025-07-01	2025-12-31	10000.0	10.0	7.75	https://lobbying.wi.gov/Who/PrincipalInformation/2025REG/Information/11625
WI-principal-11626-expenditure-2025-H1	11626	WI	expenditure_report	client	2025-01-01	2025-06-30	15000.0	20.5	4.5	https://lobbying.wi.gov/Who/PrincipalInformation/2025REG/Information/11626
WI-principal-11626-expenditure-2025-H2	11626	WI	expenditure_report	client	2025-07-01	2025-12-31	15000.0	13.0	6.5	https://lobbying.wi.gov/Who/PrincipalInformation/2025REG/Information/11626
WI-principal-11627-expenditure-2025-H1	11627	WI	expenditure_report	client	2025-01-01	2025-06-30	18000.0	67.5	20.0	https://lobbying.wi.gov/Who/PrincipalInformation/2025REG/Information/11627
WI-principal-11627-expenditure-2025-H2	11627	WI	expenditure_report	client	2025-07-01	2025-12-31	18000.0	54.0	12.0	https://lobbying.wi.gov/Who/PrincipalInformation/2025REG/Information/11627
WI-principal-11628-expenditure-2025-H1	11628	WI	expenditure_report	client	2025-01-01	2025-06-30	1794.09	9.45	7.75	https://lobbying.wi.gov/Who/PrincipalInformation/2025REG/Information/11628
WI-principal-11628-expenditure-2025-H2	11628	WI	expenditure_report	client	2025-07-01	2025-12-31	1164.55	7.75	1.75	https://lobbying.wi.gov/Who/PrincipalInformation/2025REG/Information/11628
WI-principal-11631-expenditure-2025-H1	11631	WI	expenditure_report	client	2025-01-01	2025-06-30	2428.0	5.25	31.25	https://lobbying.wi.gov/Who/PrincipalInformation/2025REG/Information/11631
WI-principal-11631-expenditure-2025-H2	11631	WI	expenditure_report	client	2025-07-01	2025-12-31	1230.0	4.0	14.0	https://lobbying.wi.gov/Who/PrincipalInformation/2025REG/Information/11631
WI-principal-11632-expenditure-2025-H1	11632	WI	expenditure_report	client	2025-01-01	2025-06-30	21266.5	26.9	58.3	https://lobbying.wi.gov/Who/PrincipalInformation/2025REG/Information/11632
WI-principal-11632-expenditure-2025-H2	11632	WI	expenditure_report	client	2025-07-01	2025-12-31	18170.5	43.0	30.4	https://lobbying.wi.gov/Who/PrincipalInformation/2025REG/Information/11632
WI-principal-11633-expenditure-2025-H1	11633	WI	expenditure_report	client	2025-01-01	2025-06-30	197692.01	45.25	544.0	https://lobbying.wi.gov/Who/PrincipalInformation/2025REG/Information/11633
WI-principal-11633-expenditure-2025-H2	11633	WI	expenditure_report	client	2025-07-01	2025-12-31	156574.16	40.75	335.4	https://lobbying.wi.gov/Who/PrincipalInformation/2025REG/Information/11633
WI-principal-11635-expenditure-2025-H1	11635	WI	expenditure_report	client	2025-01-01	2025-06-30	27262.53	167.8	237.0	https://lobbying.wi.gov/Who/PrincipalInformation/2025REG/Information/11635
WI-principal-11635-expenditure-2025-H2	11635	WI	expenditure_report	client	2025-07-01	2025-12-31	0.0	71.5	111.0	https://lobbying.wi.gov/Who/PrincipalInformation/2025REG/Information/11635
WI-principal-11636-expenditure-2025-H1	11636	WI	expenditure_report	client	2025-01-01	2025-06-30	30000.0	11.5	37.0	https://lobbying.wi.gov/Who/PrincipalInformation/2025REG/Information/11636
WI-principal-11636-expenditure-2025-H2	11636	WI	expenditure_report	client	2025-07-01	2025-12-31	0.0	0.0	0.0	https://lobbying.wi.gov/Who/PrincipalInformation/2025REG/Information/11636
WI-principal-11637-expenditure-2025-H1	11637	WI	expenditure_report	client	2025-01-01	2025-06-30	496501.03	543.5	1971.45	https://lobbying.wi.gov/Who/PrincipalInformation/2025REG/Information/11637
WI-principal-11637-expenditure-2025-H2	11637	WI	expenditure_report	client	2025-07-01	2025-12-31	415092.46	547.5	1777.75	https://lobbying.wi.gov/Who/PrincipalInformation/2025REG/Information/11637
WI-principal-11638-expenditure-2025-H1	11638	WI	expenditure_report	client	2025-01-01	2025-06-30	27435.0	21.0	72.0	https://lobbying.wi.gov/Who/PrincipalInformation/2025REG/Information/11638
WI-principal-11638-expenditure-2025-H2	11638	WI	expenditure_report	client	2025-07-01	2025-12-31	16667.5	22.7	33.8	https://lobbying.wi.gov/Who/PrincipalInformation/2025REG/Information/11638
WI-principal-11639-expenditure-2025-H1	11639	WI	expenditure_report	client	2025-01-01	2025-06-30	58968.8	158.25	287.5	https://lobbying.wi.gov/Who/PrincipalInformation/2025REG/Information/11639
WI-principal-11639-expenditure-2025-H2	11639	WI	expenditure_report	client	2025-07-01	2025-12-31	67446.7	135.25	226.25	https://lobbying.wi.gov/Who/PrincipalInformation/2025REG/Information/11639
WI-principal-11640-expenditure-2025-H1	11640	WI	expenditure_report	client	2025-01-01	2025-06-30	0.0	20.0	8.5	https://lobbying.wi.gov/Who/PrincipalInformation/2025REG/Information/11640
WI-principal-11640-expenditure-2025-H2	11640	WI	expenditure_report	client	2025-07-01	2025-12-31	0.0	21.5	9.0	https://lobbying.wi.gov/Who/PrincipalInformation/2025REG/Information/11640
WI-principal-11641-expenditure-2025-H1	11641	WI	expenditure_report	client	2025-01-01	2025-06-30	14155.0	19.25	39.0	https://lobbying.wi.gov/Who/PrincipalInformation/2025REG/Information/11641
WI-principal-11641-expenditure-2025-H2	11641	WI	expenditure_report	client	2025-07-01	2025-12-31	13500.0	35.0	79.0	https://lobbying.wi.gov/Who/PrincipalInformation/2025REG/Information/11641
WI-principal-11642-expenditure-2025-H1	11642	WI	expenditure_report	client	2025-01-01	2025-06-30	66000.0	5.0	37.5	https://lobbying.wi.gov/Who/PrincipalInformation/2025REG/Information/11642
WI-principal-11642-expenditure-2025-H2	11642	WI	expenditure_report	client	2025-07-01	2025-12-31	51000.0	5.25	23.5	https://lobbying.wi.gov/Who/PrincipalInformation/2025REG/Information/11642
WI-principal-11644-expenditure-2025-H1	11644	WI	expenditure_report	client	2025-01-01	2025-06-30	2678.02	27.5	29.5	https://lobbying.wi.gov/Who/PrincipalInformation/2025REG/Information/11644
WI-principal-11644-expenditure-2025-H2	11644	WI	expenditure_report	client	2025-07-01	2025-12-31	840.0	18.0	5.5	https://lobbying.wi.gov/Who/PrincipalInformation/2025REG/Information/11644
WI-principal-11645-expenditure-2025-H1	11645	WI	expenditure_report	client	2025-01-01	2025-06-30	6250.0	21.0	26.0	https://lobbying.wi.gov/Who/PrincipalInformation/2025REG/Information/11645
WI-principal-11645-expenditure-2025-H2	11645	WI	expenditure_report	client	2025-07-01	2025-12-31	15000.0	1.5	29.0	https://lobbying.wi.gov/Who/PrincipalInformation/2025REG/Information/11645
WI-principal-11646-expenditure-2025-H1	11646	WI	expenditure_report	client	2025-01-01	2025-06-30	13520.94	52.75	140.75	https://lobbying.wi.gov/Who/PrincipalInformation/2025REG/Information/11646
WI-principal-11646-expenditure-2025-H2	11646	WI	expenditure_report	client	2025-07-01	2025-12-31	13091.51	38.5	157.75	https://lobbying.wi.gov/Who/PrincipalInformation/2025REG/Information/11646
WI-principal-11647-expenditure-2025-H1	11647	WI	expenditure_report	client	2025-01-01	2025-06-30	4200.0	15.5	11.5	https://lobbying.wi.gov/Who/PrincipalInformation/2025REG/Information/11647
WI-principal-11647-expenditure-2025-H2	11647	WI	expenditure_report	client	2025-07-01	2025-12-31	5175.0	2.0	9.5	https://lobbying.wi.gov/Who/PrincipalInformation/2025REG/Information/11647
WI-principal-11648-expenditure-2025-H1	11648	WI	expenditure_report	client	2025-01-01	2025-06-30	0.0	0.0	0.0	https://lobbying.wi.gov/Who/PrincipalInformation/2025REG/Information/11648
WI-principal-11648-expenditure-2025-H2	11648	WI	expenditure_report	client	2025-07-01	2025-12-31	0.0	0.0	0.0	https://lobbying.wi.gov/Who/PrincipalInformation/2025REG/Information/11648
WI-principal-11651-expenditure-2025-H1	11651	WI	expenditure_report	client	2025-01-01	2025-06-30	7000.0	10.0	13.5	https://lobbying.wi.gov/Who/PrincipalInformation/2025REG/Information/11651
WI-principal-11651-expenditure-2025-H2	11651	WI	expenditure_report	client	2025-07-01	2025-12-31	8500.0	10.0	22.5	https://lobbying.wi.gov/Who/PrincipalInformation/2025REG/Information/11651
WI-principal-11652-expenditure-2025-H1	11652	WI	expenditure_report	client	2025-01-01	2025-06-30	24000.0	40.0	62.0	https://lobbying.wi.gov/Who/PrincipalInformation/2025REG/Information/11652
WI-principal-11652-expenditure-2025-H2	11652	WI	expenditure_report	client	2025-07-01	2025-12-31	25500.0	60.5	79.5	https://lobbying.wi.gov/Who/PrincipalInformation/2025REG/Information/11652
WI-principal-11653-expenditure-2025-H1	11653	WI	expenditure_report	client	2025-01-01	2025-06-30	9600.0	51.0	34.0	https://lobbying.wi.gov/Who/PrincipalInformation/2025REG/Information/11653
WI-principal-11653-expenditure-2025-H2	11653	WI	expenditure_report	client	2025-07-01	2025-12-31	9600.0	63.0	24.0	https://lobbying.wi.gov/Who/PrincipalInformation/2025REG/Information/11653
WI-principal-11654-expenditure-2025-H1	11654	WI	expenditure_report	client	2025-01-01	2025-06-30	1929.0	31.0	12.75	https://lobbying.wi.gov/Who/PrincipalInformation/2025REG/Information/11654
WI-principal-11654-expenditure-2025-H2	11654	WI	expenditure_report	client	2025-07-01	2025-12-31	1857.74	13.5	5.0	https://lobbying.wi.gov/Who/PrincipalInformation/2025REG/Information/11654
WI-principal-11655-expenditure-2025-H1	11655	WI	expenditure_report	client	2025-01-01	2025-06-30	30655.0	30.25	18.0	https://lobbying.wi.gov/Who/PrincipalInformation/2025REG/Information/11655
WI-principal-11655-expenditure-2025-H2	11655	WI	expenditure_report	client	2025-07-01	2025-12-31	0.0	2.0	17.75	https://lobbying.wi.gov/Who/PrincipalInformation/2025REG/Information/11655
WI-principal-11657-expenditure-2025-H1	11657	WI	expenditure_report	client	2025-01-01	2025-06-30	30000.0	7.0	61.5	https://lobbying.wi.gov/Who/PrincipalInformation/2025REG/Information/11657
WI-principal-11657-expenditure-2025-H2	11657	WI	expenditure_report	client	2025-07-01	2025-12-31	30000.0	0.5	32.0	https://lobbying.wi.gov/Who/PrincipalInformation/2025REG/Information/11657
WI-principal-11658-expenditure-2025-H1	11658	WI	expenditure_report	client	2025-01-01	2025-06-30	74779.91	31.25	97.25	https://lobbying.wi.gov/Who/PrincipalInformation/2025REG/Information/11658
WI-principal-11658-expenditure-2025-H2	11658	WI	expenditure_report	client	2025-07-01	2025-12-31	46244.6	22.6	71.75	https://lobbying.wi.gov/Who/PrincipalInformation/2025REG/Information/11658
WI-principal-11660-expenditure-2025-H1	11660	WI	expenditure_report	client	2025-01-01	2025-06-30	20171.4	11.3	194.5	https://lobbying.wi.gov/Who/PrincipalInformation/2025REG/Information/11660
WI-principal-11660-expenditure-2025-H2	11660	WI	expenditure_report	client	2025-07-01	2025-12-31	4934.4	0.8	43.7	https://lobbying.wi.gov/Who/PrincipalInformation/2025REG/Information/11660
WI-principal-11663-expenditure-2025-H1	11663	WI	expenditure_report	client	2025-01-01	2025-06-30	13500.0	36.0	32.0	https://lobbying.wi.gov/Who/PrincipalInformation/2025REG/Information/11663
WI-principal-11663-expenditure-2025-H2	11663	WI	expenditure_report	client	2025-07-01	2025-12-31	13500.0	18.5	41.0	https://lobbying.wi.gov/Who/PrincipalInformation/2025REG/Information/11663
WI-principal-11664-expenditure-2025-H1	11664	WI	expenditure_report	client	2025-01-01	2025-06-30	43122.86	29.75	116.0	https://lobbying.wi.gov/Who/PrincipalInformation/2025REG/Information/11664
WI-principal-11664-expenditure-2025-H2	11664	WI	expenditure_report	client	2025-07-01	2025-12-31	41330.29	50.0	124.75	https://lobbying.wi.gov/Who/PrincipalInformation/2025REG/Information/11664
WI-principal-11665-expenditure-2025-H1	11665	WI	expenditure_report	client	2025-01-01	2025-06-30	375.65	0.16	1.0	https://lobbying.wi.gov/Who/PrincipalInformation/2025REG/Information/11665
WI-principal-11665-expenditure-2025-H2	11665	WI	expenditure_report	client	2025-07-01	2025-12-31	662.2	0.0	6.32	https://lobbying.wi.gov/Who/PrincipalInformation/2025REG/Information/11665
WI-principal-11669-expenditure-2025-H1	11669	WI	expenditure_report	client	2025-01-01	2025-06-30	12000.0	16.5	54.5	https://lobbying.wi.gov/Who/PrincipalInformation/2025REG/Information/11669
WI-principal-11669-expenditure-2025-H2	11669	WI	expenditure_report	client	2025-07-01	2025-12-31	12000.0	7.0	42.5	https://lobbying.wi.gov/Who/PrincipalInformation/2025REG/Information/11669
WI-principal-11670-expenditure-2025-H1	11670	WI	expenditure_report	client	2025-01-01	2025-06-30	4065.0	70.0	32.0	https://lobbying.wi.gov/Who/PrincipalInformation/2025REG/Information/11670
WI-principal-11670-expenditure-2025-H2	11670	WI	expenditure_report	client	2025-07-01	2025-12-31	3000.0	12.0	16.5	https://lobbying.wi.gov/Who/PrincipalInformation/2025REG/Information/11670
WI-principal-11671-expenditure-2025-H1	11671	WI	expenditure_report	client	2025-01-01	2025-06-30	0.0	19.0	42.5	https://lobbying.wi.gov/Who/PrincipalInformation/2025REG/Information/11671
WI-principal-11671-expenditure-2025-H2	11671	WI	expenditure_report	client	2025-07-01	2025-12-31	3815.0	2.0	52.5	https://lobbying.wi.gov/Who/PrincipalInformation/2025REG/Information/11671
WI-principal-11673-expenditure-2025-H1	11673	WI	expenditure_report	client	2025-01-01	2025-06-30	24010.92	17.75	102.5	https://lobbying.wi.gov/Who/PrincipalInformation/2025REG/Information/11673
WI-principal-11673-expenditure-2025-H2	11673	WI	expenditure_report	client	2025-07-01	2025-12-31	24272.96	28.25	141.5	https://lobbying.wi.gov/Who/PrincipalInformation/2025REG/Information/11673
WI-principal-11674-expenditure-2025-H1	11674	WI	expenditure_report	client	2025-01-01	2025-06-30	250.0	5.0	0.0	https://lobbying.wi.gov/Who/PrincipalInformation/2025REG/Information/11674
WI-principal-11674-expenditure-2025-H2	11674	WI	expenditure_report	client	2025-07-01	2025-12-31	300.0	6.0	0.0	https://lobbying.wi.gov/Who/PrincipalInformation/2025REG/Information/11674
WI-principal-11676-expenditure-2025-H1	11676	WI	expenditure_report	client	2025-01-01	2025-06-30	18655.0	0.0	43.0	https://lobbying.wi.gov/Who/PrincipalInformation/2025REG/Information/11676
WI-principal-11676-expenditure-2025-H2	11676	WI	expenditure_report	client	2025-07-01	2025-12-31	18000.0	0.0	45.25	https://lobbying.wi.gov/Who/PrincipalInformation/2025REG/Information/11676
WI-principal-11677-expenditure-2025-H1	11677	WI	expenditure_report	client	2025-01-01	2025-06-30	39000.0	17.0	100.0	https://lobbying.wi.gov/Who/PrincipalInformation/2025REG/Information/11677
WI-principal-11677-expenditure-2025-H2	11677	WI	expenditure_report	client	2025-07-01	2025-12-31	39000.0	29.25	98.4	https://lobbying.wi.gov/Who/PrincipalInformation/2025REG/Information/11677
WI-principal-11678-expenditure-2025-H1	11678	WI	expenditure_report	client	2025-01-01	2025-06-30	14478.72	86.25	162.0	https://lobbying.wi.gov/Who/PrincipalInformation/2025REG/Information/11678
WI-principal-11678-expenditure-2025-H2	11678	WI	expenditure_report	client	2025-07-01	2025-12-31	7562.2	8.25	61.5	https://lobbying.wi.gov/Who/PrincipalInformation/2025REG/Information/11678
WI-principal-11679-expenditure-2025-H1	11679	WI	expenditure_report	client	2025-01-01	2025-06-30	29000.0	22.0	58.75	https://lobbying.wi.gov/Who/PrincipalInformation/2025REG/Information/11679
WI-principal-11679-expenditure-2025-H2	11679	WI	expenditure_report	client	2025-07-01	2025-12-31	30000.0	8.0	15.5	https://lobbying.wi.gov/Who/PrincipalInformation/2025REG/Information/11679
WI-principal-11681-expenditure-2025-H1	11681	WI	expenditure_report	client	2025-01-01	2025-06-30	3853.6	15.0	21.75	https://lobbying.wi.gov/Who/PrincipalInformation/2025REG/Information/11681
WI-principal-11681-expenditure-2025-H2	11681	WI	expenditure_report	client	2025-07-01	2025-12-31	2674.46	9.75	27.0	https://lobbying.wi.gov/Who/PrincipalInformation/2025REG/Information/11681
WI-principal-11683-expenditure-2025-H1	11683	WI	expenditure_report	client	2025-01-01	2025-06-30	50319.0	90.5	429.0	https://lobbying.wi.gov/Who/PrincipalInformation/2025REG/Information/11683
WI-principal-11683-expenditure-2025-H2	11683	WI	expenditure_report	client	2025-07-01	2025-12-31	34127.7	102.25	321.75	https://lobbying.wi.gov/Who/PrincipalInformation/2025REG/Information/11683
WI-principal-11685-expenditure-2025-H1	11685	WI	expenditure_report	client	2025-01-01	2025-06-30	16347.1	21.5	53.75	https://lobbying.wi.gov/Who/PrincipalInformation/2025REG/Information/11685
WI-principal-11685-expenditure-2025-H2	11685	WI	expenditure_report	client	2025-07-01	2025-12-31	16314.17	20.75	30.0	https://lobbying.wi.gov/Who/PrincipalInformation/2025REG/Information/11685
WI-principal-11686-expenditure-2025-H1	11686	WI	expenditure_report	client	2025-01-01	2025-06-30	25274.93	101.75	139.25	https://lobbying.wi.gov/Who/PrincipalInformation/2025REG/Information/11686
WI-principal-11686-expenditure-2025-H2	11686	WI	expenditure_report	client	2025-07-01	2025-12-31	14764.21	87.5	87.75	https://lobbying.wi.gov/Who/PrincipalInformation/2025REG/Information/11686
WI-principal-11688-expenditure-2025-H1	11688	WI	expenditure_report	client	2025-01-01	2025-06-30	30700.0	14.5	102.75	https://lobbying.wi.gov/Who/PrincipalInformation/2025REG/Information/11688
WI-principal-11688-expenditure-2025-H2	11688	WI	expenditure_report	client	2025-07-01	2025-12-31	30014.28	13.5	49.25	https://lobbying.wi.gov/Who/PrincipalInformation/2025REG/Information/11688
WI-principal-11689-expenditure-2025-H1	11689	WI	expenditure_report	client	2025-01-01	2025-06-30	27300.0	2.25	59.5	https://lobbying.wi.gov/Who/PrincipalInformation/2025REG/Information/11689
WI-principal-11689-expenditure-2025-H2	11689	WI	expenditure_report	client	2025-07-01	2025-12-31	27300.0	1.0	54.0	https://lobbying.wi.gov/Who/PrincipalInformation/2025REG/Information/11689
WI-principal-11691-expenditure-2025-H1	11691	WI	expenditure_report	client	2025-01-01	2025-06-30	14155.0	1.5	63.5	https://lobbying.wi.gov/Who/PrincipalInformation/2025REG/Information/11691
WI-principal-11691-expenditure-2025-H2	11691	WI	expenditure_report	client	2025-07-01	2025-12-31	13500.0	0.0	39.25	https://lobbying.wi.gov/Who/PrincipalInformation/2025REG/Information/11691
WI-principal-11692-expenditure-2025-H1	11692	WI	expenditure_report	client	2025-01-01	2025-06-30	25855.0	0.25	63.5	https://lobbying.wi.gov/Who/PrincipalInformation/2025REG/Information/11692
WI-principal-11692-expenditure-2025-H2	11692	WI	expenditure_report	client	2025-07-01	2025-12-31	25200.0	5.75	73.5	https://lobbying.wi.gov/Who/PrincipalInformation/2025REG/Information/11692
WI-principal-11693-expenditure-2025-H1	11693	WI	expenditure_report	client	2025-01-01	2025-06-30	18000.0	10.25	112.25	https://lobbying.wi.gov/Who/PrincipalInformation/2025REG/Information/11693
WI-principal-11693-expenditure-2025-H2	11693	WI	expenditure_report	client	2025-07-01	2025-12-31	18000.0	13.25	61.75	https://lobbying.wi.gov/Who/PrincipalInformation/2025REG/Information/11693
WI-principal-11694-expenditure-2025-H1	11694	WI	expenditure_report	client	2025-01-01	2025-06-30	0.0	0.0	0.0	https://lobbying.wi.gov/Who/PrincipalInformation/2025REG/Information/11694
WI-principal-11694-expenditure-2025-H2	11694	WI	expenditure_report	client	2025-07-01	2025-12-31	0.0	0.0	0.0	https://lobbying.wi.gov/Who/PrincipalInformation/2025REG/Information/11694
WI-principal-11695-expenditure-2025-H1	11695	WI	expenditure_report	client	2025-01-01	2025-06-30	0.0	0.0	0.0	https://lobbying.wi.gov/Who/PrincipalInformation/2025REG/Information/11695
WI-principal-11695-expenditure-2025-H2	11695	WI	expenditure_report	client	2025-07-01	2025-12-31	0.0	0.0	0.0	https://lobbying.wi.gov/Who/PrincipalInformation/2025REG/Information/11695
WI-principal-11696-expenditure-2025-H1	11696	WI	expenditure_report	client	2025-01-01	2025-06-30	2680.0	43.0	73.5	https://lobbying.wi.gov/Who/PrincipalInformation/2025REG/Information/11696
WI-principal-11696-expenditure-2025-H2	11696	WI	expenditure_report	client	2025-07-01	2025-12-31	210.0	4.0	5.0	https://lobbying.wi.gov/Who/PrincipalInformation/2025REG/Information/11696
WI-principal-11697-expenditure-2025-H1	11697	WI	expenditure_report	client	2025-01-01	2025-06-30	63.46	0.25	0.75	https://lobbying.wi.gov/Who/PrincipalInformation/2025REG/Information/11697
WI-principal-11697-expenditure-2025-H2	11697	WI	expenditure_report	client	2025-07-01	2025-12-31	64.9	1.0	0.0	https://lobbying.wi.gov/Who/PrincipalInformation/2025REG/Information/11697
WI-principal-11699-expenditure-2025-H1	11699	WI	expenditure_report	client	2025-01-01	2025-06-30	10000.0	16.5	181.0	https://lobbying.wi.gov/Who/PrincipalInformation/2025REG/Information/11699
WI-principal-11699-expenditure-2025-H2	11699	WI	expenditure_report	client	2025-07-01	2025-12-31	7100.0	15.0	127.0	https://lobbying.wi.gov/Who/PrincipalInformation/2025REG/Information/11699
WI-principal-11700-expenditure-2025-H1	11700	WI	expenditure_report	client	2025-01-01	2025-06-30	19800.0	0.0	60.25	https://lobbying.wi.gov/Who/PrincipalInformation/2025REG/Information/11700
WI-principal-11700-expenditure-2025-H2	11700	WI	expenditure_report	client	2025-07-01	2025-12-31	8250.0	9.4	64.15	https://lobbying.wi.gov/Who/PrincipalInformation/2025REG/Information/11700
WI-principal-11702-expenditure-2025-H1	11702	WI	expenditure_report	client	2025-01-01	2025-06-30	30790.0	5.0	31.0	https://lobbying.wi.gov/Who/PrincipalInformation/2025REG/Information/11702
WI-principal-11702-expenditure-2025-H2	11702	WI	expenditure_report	client	2025-07-01	2025-12-31	30000.0	5.0	36.5	https://lobbying.wi.gov/Who/PrincipalInformation/2025REG/Information/11702
WI-principal-11704-expenditure-2025-H1	11704	WI	expenditure_report	client	2025-01-01	2025-06-30	10387.36	30.8	98.25	https://lobbying.wi.gov/Who/PrincipalInformation/2025REG/Information/11704
WI-principal-11704-expenditure-2025-H2	11704	WI	expenditure_report	client	2025-07-01	2025-12-31	28495.0	10.3	14.75	https://lobbying.wi.gov/Who/PrincipalInformation/2025REG/Information/11704
WI-principal-11705-expenditure-2025-H1	11705	WI	expenditure_report	client	2025-01-01	2025-06-30	6000.0	25.75	48.25	https://lobbying.wi.gov/Who/PrincipalInformation/2025REG/Information/11705
WI-principal-11705-expenditure-2025-H2	11705	WI	expenditure_report	client	2025-07-01	2025-12-31	8000.0	16.75	27.5	https://lobbying.wi.gov/Who/PrincipalInformation/2025REG/Information/11705
WI-principal-11707-expenditure-2025-H1	11707	WI	expenditure_report	client	2025-01-01	2025-06-30	0.0	0.0	0.0	https://lobbying.wi.gov/Who/PrincipalInformation/2025REG/Information/11707
WI-principal-11707-expenditure-2025-H2	11707	WI	expenditure_report	client	2025-07-01	2025-12-31	0.0	0.0	0.0	https://lobbying.wi.gov/Who/PrincipalInformation/2025REG/Information/11707
WI-principal-11708-expenditure-2025-H1	11708	WI	expenditure_report	client	2025-01-01	2025-06-30	42000.0	20.75	27.5	https://lobbying.wi.gov/Who/PrincipalInformation/2025REG/Information/11708
WI-principal-11708-expenditure-2025-H2	11708	WI	expenditure_report	client	2025-07-01	2025-12-31	42000.0	7.0	15.0	https://lobbying.wi.gov/Who/PrincipalInformation/2025REG/Information/11708
WI-principal-11709-expenditure-2025-H1	11709	WI	expenditure_report	client	2025-01-01	2025-06-30	32937.5	5.5	23.0	https://lobbying.wi.gov/Who/PrincipalInformation/2025REG/Information/11709
WI-principal-11709-expenditure-2025-H2	11709	WI	expenditure_report	client	2025-07-01	2025-12-31	25187.5	2.25	15.0	https://lobbying.wi.gov/Who/PrincipalInformation/2025REG/Information/11709
WI-principal-11710-expenditure-2025-H1	11710	WI	expenditure_report	client	2025-01-01	2025-06-30	45925.0	38.25	89.35	https://lobbying.wi.gov/Who/PrincipalInformation/2025REG/Information/11710
WI-principal-11710-expenditure-2025-H2	11710	WI	expenditure_report	client	2025-07-01	2025-12-31	45000.0	30.75	60.95	https://lobbying.wi.gov/Who/PrincipalInformation/2025REG/Information/11710
WI-principal-11711-expenditure-2025-H1	11711	WI	expenditure_report	client	2025-01-01	2025-06-30	23425.0	0.0	9.25	https://lobbying.wi.gov/Who/PrincipalInformation/2025REG/Information/11711
WI-principal-11711-expenditure-2025-H2	11711	WI	expenditure_report	client	2025-07-01	2025-12-31	0.0	0.0	0.0	https://lobbying.wi.gov/Who/PrincipalInformation/2025REG/Information/11711
WI-principal-11712-expenditure-2025-H1	11712	WI	expenditure_report	client	2025-01-01	2025-06-30	30925.0	9.0	51.25	https://lobbying.wi.gov/Who/PrincipalInformation/2025REG/Information/11712
WI-principal-11712-expenditure-2025-H2	11712	WI	expenditure_report	client	2025-07-01	2025-12-31	30000.0	7.4	30.8	https://lobbying.wi.gov/Who/PrincipalInformation/2025REG/Information/11712
WI-principal-11713-expenditure-2025-H1	11713	WI	expenditure_report	client	2025-01-01	2025-06-30	43425.0	21.5	53.5	https://lobbying.wi.gov/Who/PrincipalInformation/2025REG/Information/11713
WI-principal-11713-expenditure-2025-H2	11713	WI	expenditure_report	client	2025-07-01	2025-12-31	45000.0	31.5	62.25	https://lobbying.wi.gov/Who/PrincipalInformation/2025REG/Information/11713
WI-principal-11714-expenditure-2025-H1	11714	WI	expenditure_report	client	2025-01-01	2025-06-30	22173.0	63.5	100.5	https://lobbying.wi.gov/Who/PrincipalInformation/2025REG/Information/11714
WI-principal-11714-expenditure-2025-H2	11714	WI	expenditure_report	client	2025-07-01	2025-12-31	22244.0	20.5	59.5	https://lobbying.wi.gov/Who/PrincipalInformation/2025REG/Information/11714
WI-principal-11715-expenditure-2025-H1	11715	WI	expenditure_report	client	2025-01-01	2025-06-30	36790.0	0.5	23.35	https://lobbying.wi.gov/Who/PrincipalInformation/2025REG/Information/11715
WI-principal-11715-expenditure-2025-H2	11715	WI	expenditure_report	client	2025-07-01	2025-12-31	36000.0	4.0	29.5	https://lobbying.wi.gov/Who/PrincipalInformation/2025REG/Information/11715
WI-principal-11716-expenditure-2025-H1	11716	WI	expenditure_report	client	2025-01-01	2025-06-30	18655.0	20.25	19.0	https://lobbying.wi.gov/Who/PrincipalInformation/2025REG/Information/11716
WI-principal-11716-expenditure-2025-H2	11716	WI	expenditure_report	client	2025-07-01	2025-12-31	18000.0	4.75	17.0	https://lobbying.wi.gov/Who/PrincipalInformation/2025REG/Information/11716
WI-principal-11717-expenditure-2025-H1	11717	WI	expenditure_report	client	2025-01-01	2025-06-30	78798.0	71.5	184.0	https://lobbying.wi.gov/Who/PrincipalInformation/2025REG/Information/11717
WI-principal-11717-expenditure-2025-H2	11717	WI	expenditure_report	client	2025-07-01	2025-12-31	69449.0	75.25	144.0	https://lobbying.wi.gov/Who/PrincipalInformation/2025REG/Information/11717
WI-principal-11718-expenditure-2025-H1	11718	WI	expenditure_report	client	2025-01-01	2025-06-30	30790.0	4.0	24.75	https://lobbying.wi.gov/Who/PrincipalInformation/2025REG/Information/11718
WI-principal-11718-expenditure-2025-H2	11718	WI	expenditure_report	client	2025-07-01	2025-12-31	30000.0	2.0	18.5	https://lobbying.wi.gov/Who/PrincipalInformation/2025REG/Information/11718
WI-principal-11720-expenditure-2025-H1	11720	WI	expenditure_report	client	2025-01-01	2025-06-30	30000.0	11.0	37.75	https://lobbying.wi.gov/Who/PrincipalInformation/2025REG/Information/11720
WI-principal-11720-expenditure-2025-H2	11720	WI	expenditure_report	client	2025-07-01	2025-12-31	60000.0	12.25	31.0	https://lobbying.wi.gov/Who/PrincipalInformation/2025REG/Information/11720
WI-principal-11721-expenditure-2025-H1	11721	WI	expenditure_report	client	2025-01-01	2025-06-30	30925.0	2.25	10.0	https://lobbying.wi.gov/Who/PrincipalInformation/2025REG/Information/11721
WI-principal-11721-expenditure-2025-H2	11721	WI	expenditure_report	client	2025-07-01	2025-12-31	30000.0	5.0	18.0	https://lobbying.wi.gov/Who/PrincipalInformation/2025REG/Information/11721
WI-principal-11722-expenditure-2025-H1	11722	WI	expenditure_report	client	2025-01-01	2025-06-30	36000.0	35.75	62.75	https://lobbying.wi.gov/Who/PrincipalInformation/2025REG/Information/11722
WI-principal-11722-expenditure-2025-H2	11722	WI	expenditure_report	client	2025-07-01	2025-12-31	42165.12	19.0	63.0	https://lobbying.wi.gov/Who/PrincipalInformation/2025REG/Information/11722
WI-principal-11724-expenditure-2025-H1	11724	WI	expenditure_report	client	2025-01-01	2025-06-30	5871.85	12.75	50.75	https://lobbying.wi.gov/Who/PrincipalInformation/2025REG/Information/11724
WI-principal-11724-expenditure-2025-H2	11724	WI	expenditure_report	client	2025-07-01	2025-12-31	6935.0	15.5	59.5	https://lobbying.wi.gov/Who/PrincipalInformation/2025REG/Information/11724
WI-principal-11725-expenditure-2025-H1	11725	WI	expenditure_report	client	2025-01-01	2025-06-30	0.0	0.0	0.0	https://lobbying.wi.gov/Who/PrincipalInformation/2025REG/Information/11725
WI-principal-11725-expenditure-2025-H2	11725	WI	expenditure_report	client	2025-07-01	2025-12-31	0.0	0.0	0.0	https://lobbying.wi.gov/Who/PrincipalInformation/2025REG/Information/11725
WI-principal-11726-expenditure-2025-H1	11726	WI	expenditure_report	client	2025-01-01	2025-06-30	18925.0	0.5	15.75	https://lobbying.wi.gov/Who/PrincipalInformation/2025REG/Information/11726
WI-principal-11726-expenditure-2025-H2	11726	WI	expenditure_report	client	2025-07-01	2025-12-31	0.0	0.0	0.0	https://lobbying.wi.gov/Who/PrincipalInformation/2025REG/Information/11726
WI-principal-11727-expenditure-2025-H1	11727	WI	expenditure_report	client	2025-01-01	2025-06-30	30925.0	10.5	42.25	https://lobbying.wi.gov/Who/PrincipalInformation/2025REG/Information/11727
WI-principal-11727-expenditure-2025-H2	11727	WI	expenditure_report	client	2025-07-01	2025-12-31	0.0	0.0	0.0	https://lobbying.wi.gov/Who/PrincipalInformation/2025REG/Information/11727
WI-principal-11728-expenditure-2025-H1	11728	WI	expenditure_report	client	2025-01-01	2025-06-30	45925.0	1.25	44.75	https://lobbying.wi.gov/Who/PrincipalInformation/2025REG/Information/11728
WI-principal-11728-expenditure-2025-H2	11728	WI	expenditure_report	client	2025-07-01	2025-12-31	45000.0	4.5	73.5	https://lobbying.wi.gov/Who/PrincipalInformation/2025REG/Information/11728
WI-principal-11729-expenditure-2025-H1	11729	WI	expenditure_report	client	2025-01-01	2025-06-30	30000.0	50.0	85.0	https://lobbying.wi.gov/Who/PrincipalInformation/2025REG/Information/11729
WI-principal-11729-expenditure-2025-H2	11729	WI	expenditure_report	client	2025-07-01	2025-12-31	30000.0	37.0	63.0	https://lobbying.wi.gov/Who/PrincipalInformation/2025REG/Information/11729
WI-principal-11730-expenditure-2025-H1	11730	WI	expenditure_report	client	2025-01-01	2025-06-30	36000.0	12.0	49.0	https://lobbying.wi.gov/Who/PrincipalInformation/2025REG/Information/11730
WI-principal-11730-expenditure-2025-H2	11730	WI	expenditure_report	client	2025-07-01	2025-12-31	30000.0	15.15	72.75	https://lobbying.wi.gov/Who/PrincipalInformation/2025REG/Information/11730
WI-principal-11731-expenditure-2025-H1	11731	WI	expenditure_report	client	2025-01-01	2025-06-30	41100.0	73.5	162.5	https://lobbying.wi.gov/Who/PrincipalInformation/2025REG/Information/11731
WI-principal-11731-expenditure-2025-H2	11731	WI	expenditure_report	client	2025-07-01	2025-12-31	12000.0	28.5	43.5	https://lobbying.wi.gov/Who/PrincipalInformation/2025REG/Information/11731
WI-principal-11733-expenditure-2025-H1	11733	WI	expenditure_report	client	2025-01-01	2025-06-30	2500.0	17.0	26.0	https://lobbying.wi.gov/Who/PrincipalInformation/2025REG/Information/11733
WI-principal-11733-expenditure-2025-H2	11733	WI	expenditure_report	client	2025-07-01	2025-12-31	4594.46	73.0	115.5	https://lobbying.wi.gov/Who/PrincipalInformation/2025REG/Information/11733
WI-principal-11734-expenditure-2025-H1	11734	WI	expenditure_report	client	2025-01-01	2025-06-30	31936.6	33.5	123.25	https://lobbying.wi.gov/Who/PrincipalInformation/2025REG/Information/11734
WI-principal-11734-expenditure-2025-H2	11734	WI	expenditure_report	client	2025-07-01	2025-12-31	30500.0	31.25	81.75	https://lobbying.wi.gov/Who/PrincipalInformation/2025REG/Information/11734
WI-principal-11735-expenditure-2025-H1	11735	WI	expenditure_report	client	2025-01-01	2025-06-30	30000.0	0.0	44.0	https://lobbying.wi.gov/Who/PrincipalInformation/2025REG/Information/11735
WI-principal-11735-expenditure-2025-H2	11735	WI	expenditure_report	client	2025-07-01	2025-12-31	30000.0	3.0	45.25	https://lobbying.wi.gov/Who/PrincipalInformation/2025REG/Information/11735
WI-principal-11736-expenditure-2025-H1	11736	WI	expenditure_report	client	2025-01-01	2025-06-30	30925.0	14.9	64.7	https://lobbying.wi.gov/Who/PrincipalInformation/2025REG/Information/11736
WI-principal-11736-expenditure-2025-H2	11736	WI	expenditure_report	client	2025-07-01	2025-12-31	24000.0	16.25	50.25	https://lobbying.wi.gov/Who/PrincipalInformation/2025REG/Information/11736
WI-principal-11737-expenditure-2025-H1	11737	WI	expenditure_report	client	2025-01-01	2025-06-30	6000.0	1.5	21.5	https://lobbying.wi.gov/Who/PrincipalInformation/2025REG/Information/11737
WI-principal-11737-expenditure-2025-H2	11737	WI	expenditure_report	client	2025-07-01	2025-12-31	6000.0	2.0	14.0	https://lobbying.wi.gov/Who/PrincipalInformation/2025REG/Information/11737
WI-principal-11738-expenditure-2025-H1	11738	WI	expenditure_report	client	2025-01-01	2025-06-30	18787.36	39.0	82.75	https://lobbying.wi.gov/Who/PrincipalInformation/2025REG/Information/11738
WI-principal-11738-expenditure-2025-H2	11738	WI	expenditure_report	client	2025-07-01	2025-12-31	30454.31	4.5	36.0	https://lobbying.wi.gov/Who/PrincipalInformation/2025REG/Information/11738
WI-principal-11739-expenditure-2025-H1	11739	WI	expenditure_report	client	2025-01-01	2025-06-30	25000.0	50.0	50.0	https://lobbying.wi.gov/Who/PrincipalInformation/2025REG/Information/11739
WI-principal-11739-expenditure-2025-H2	11739	WI	expenditure_report	client	2025-07-01	2025-12-31	15500.0	4.0	58.0	https://lobbying.wi.gov/Who/PrincipalInformation/2025REG/Information/11739
WI-principal-11740-expenditure-2025-H1	11740	WI	expenditure_report	client	2025-01-01	2025-06-30	30925.0	11.75	78.0	https://lobbying.wi.gov/Who/PrincipalInformation/2025REG/Information/11740
WI-principal-11740-expenditure-2025-H2	11740	WI	expenditure_report	client	2025-07-01	2025-12-31	30000.0	10.15	74.0	https://lobbying.wi.gov/Who/PrincipalInformation/2025REG/Information/11740
WI-principal-11749-expenditure-2025-H1	11749	WI	expenditure_report	client	2025-01-01	2025-06-30	1130.16	13.45	25.75	https://lobbying.wi.gov/Who/PrincipalInformation/2025REG/Information/11749
WI-principal-11749-expenditure-2025-H2	11749	WI	expenditure_report	client	2025-07-01	2025-12-31	1919.02	25.7	30.25	https://lobbying.wi.gov/Who/PrincipalInformation/2025REG/Information/11749
WI-principal-11753-expenditure-2025-H1	11753	WI	expenditure_report	client	2025-01-01	2025-06-30	6000.0	13.25	23.0	https://lobbying.wi.gov/Who/PrincipalInformation/2025REG/Information/11753
WI-principal-11753-expenditure-2025-H2	11753	WI	expenditure_report	client	2025-07-01	2025-12-31	6000.0	11.25	19.0	https://lobbying.wi.gov/Who/PrincipalInformation/2025REG/Information/11753
WI-principal-11754-expenditure-2025-H1	11754	WI	expenditure_report	client	2025-01-01	2025-06-30	46283.33	54.0	58.5	https://lobbying.wi.gov/Who/PrincipalInformation/2025REG/Information/11754
WI-principal-11754-expenditure-2025-H2	11754	WI	expenditure_report	client	2025-07-01	2025-12-31	46816.24	33.5	39.0	https://lobbying.wi.gov/Who/PrincipalInformation/2025REG/Information/11754
WI-principal-11755-expenditure-2025-H1	11755	WI	expenditure_report	client	2025-01-01	2025-06-30	30000.0	0.0	36.0	https://lobbying.wi.gov/Who/PrincipalInformation/2025REG/Information/11755
WI-principal-11755-expenditure-2025-H2	11755	WI	expenditure_report	client	2025-07-01	2025-12-31	30670.19	5.0	36.0	https://lobbying.wi.gov/Who/PrincipalInformation/2025REG/Information/11755
WI-principal-11756-expenditure-2025-H1	11756	WI	expenditure_report	client	2025-01-01	2025-06-30	17838.32	46.0	248.5	https://lobbying.wi.gov/Who/PrincipalInformation/2025REG/Information/11756
WI-principal-11756-expenditure-2025-H2	11756	WI	expenditure_report	client	2025-07-01	2025-12-31	28784.61	51.0	32.5	https://lobbying.wi.gov/Who/PrincipalInformation/2025REG/Information/11756
WI-principal-11758-expenditure-2025-H1	11758	WI	expenditure_report	client	2025-01-01	2025-06-30	250.0	1.0	1.0	https://lobbying.wi.gov/Who/PrincipalInformation/2025REG/Information/11758
WI-principal-11758-expenditure-2025-H2	11758	WI	expenditure_report	client	2025-07-01	2025-12-31	0.0	0.0	0.0	https://lobbying.wi.gov/Who/PrincipalInformation/2025REG/Information/11758
WI-principal-11759-expenditure-2025-H1	11759	WI	expenditure_report	client	2025-01-01	2025-06-30	1437.87	21.0	2.25	https://lobbying.wi.gov/Who/PrincipalInformation/2025REG/Information/11759
WI-principal-11759-expenditure-2025-H2	11759	WI	expenditure_report	client	2025-07-01	2025-12-31	227.54	3.25	0.0	https://lobbying.wi.gov/Who/PrincipalInformation/2025REG/Information/11759
WI-principal-11761-expenditure-2025-H1	11761	WI	expenditure_report	client	2025-01-01	2025-06-30	228.48	3.0	5.0	https://lobbying.wi.gov/Who/PrincipalInformation/2025REG/Information/11761
WI-principal-11761-expenditure-2025-H2	11761	WI	expenditure_report	client	2025-07-01	2025-12-31	57.12	0.5	1.5	https://lobbying.wi.gov/Who/PrincipalInformation/2025REG/Information/11761
WI-principal-11762-expenditure-2025-H1	11762	WI	expenditure_report	client	2025-01-01	2025-06-30	36000.0	17.5	17.5	https://lobbying.wi.gov/Who/PrincipalInformation/2025REG/Information/11762
WI-principal-11762-expenditure-2025-H2	11762	WI	expenditure_report	client	2025-07-01	2025-12-31	36000.0	25.0	24.25	https://lobbying.wi.gov/Who/PrincipalInformation/2025REG/Information/11762
WI-principal-11763-expenditure-2025-H1	11763	WI	expenditure_report	client	2025-01-01	2025-06-30	30000.0	44.5	101.0	https://lobbying.wi.gov/Who/PrincipalInformation/2025REG/Information/11763
WI-principal-11763-expenditure-2025-H2	11763	WI	expenditure_report	client	2025-07-01	2025-12-31	30000.0	21.5	112.0	https://lobbying.wi.gov/Who/PrincipalInformation/2025REG/Information/11763
WI-principal-11764-expenditure-2025-H1	11764	WI	expenditure_report	client	2025-01-01	2025-06-30	0.0	2.6	0.15	https://lobbying.wi.gov/Who/PrincipalInformation/2025REG/Information/11764
WI-principal-11764-expenditure-2025-H2	11764	WI	expenditure_report	client	2025-07-01	2025-12-31	53798.51	0.9	35.75	https://lobbying.wi.gov/Who/PrincipalInformation/2025REG/Information/11764
WI-principal-11765-expenditure-2025-H1	11765	WI	expenditure_report	client	2025-01-01	2025-06-30	30881.73	25.5	65.0	https://lobbying.wi.gov/Who/PrincipalInformation/2025REG/Information/11765
WI-principal-11765-expenditure-2025-H2	11765	WI	expenditure_report	client	2025-07-01	2025-12-31	20925.78	6.5	24.0	https://lobbying.wi.gov/Who/PrincipalInformation/2025REG/Information/11765
WI-principal-11766-expenditure-2025-H1	11766	WI	expenditure_report	client	2025-01-01	2025-06-30	20000.0	20.0	22.75	https://lobbying.wi.gov/Who/PrincipalInformation/2025REG/Information/11766
WI-principal-11766-expenditure-2025-H2	11766	WI	expenditure_report	client	2025-07-01	2025-12-31	24000.0	19.0	21.25	https://lobbying.wi.gov/Who/PrincipalInformation/2025REG/Information/11766
WI-principal-11767-expenditure-2025-H1	11767	WI	expenditure_report	client	2025-01-01	2025-06-30	34125.0	33.25	125.0	https://lobbying.wi.gov/Who/PrincipalInformation/2025REG/Information/11767
WI-principal-11767-expenditure-2025-H2	11767	WI	expenditure_report	client	2025-07-01	2025-12-31	32682.5	43.0	124.0	https://lobbying.wi.gov/Who/PrincipalInformation/2025REG/Information/11767
WI-principal-11768-expenditure-2025-H1	11768	WI	expenditure_report	client	2025-01-01	2025-06-30	0.0	2.0	14.0	https://lobbying.wi.gov/Who/PrincipalInformation/2025REG/Information/11768
WI-principal-11768-expenditure-2025-H2	11768	WI	expenditure_report	client	2025-07-01	2025-12-31	0.0	3.0	12.0	https://lobbying.wi.gov/Who/PrincipalInformation/2025REG/Information/11768
WI-principal-12767-expenditure-2025-H1	12767	WI	expenditure_report	client	2025-01-01	2025-06-30	17000.0	0.75	75.5	https://lobbying.wi.gov/Who/PrincipalInformation/2025REG/Information/12767
WI-principal-12767-expenditure-2025-H2	12767	WI	expenditure_report	client	2025-07-01	2025-12-31	15200.0	2.0	58.0	https://lobbying.wi.gov/Who/PrincipalInformation/2025REG/Information/12767
WI-principal-12768-expenditure-2025-H1	12768	WI	expenditure_report	client	2025-01-01	2025-06-30	23956.37	90.25	375.5	https://lobbying.wi.gov/Who/PrincipalInformation/2025REG/Information/12768
WI-principal-12768-expenditure-2025-H2	12768	WI	expenditure_report	client	2025-07-01	2025-12-31	16578.97	44.5	274.0	https://lobbying.wi.gov/Who/PrincipalInformation/2025REG/Information/12768
WI-principal-12769-expenditure-2025-H1	12769	WI	expenditure_report	client	2025-01-01	2025-06-30	34260.36	26.0	38.0	https://lobbying.wi.gov/Who/PrincipalInformation/2025REG/Information/12769
WI-principal-12769-expenditure-2025-H2	12769	WI	expenditure_report	client	2025-07-01	2025-12-31	34260.36	2.0	56.0	https://lobbying.wi.gov/Who/PrincipalInformation/2025REG/Information/12769
WI-principal-12770-expenditure-2025-H1	12770	WI	expenditure_report	client	2025-01-01	2025-06-30	18000.0	26.0	28.0	https://lobbying.wi.gov/Who/PrincipalInformation/2025REG/Information/12770
WI-principal-12770-expenditure-2025-H2	12770	WI	expenditure_report	client	2025-07-01	2025-12-31	18000.0	0.0	32.0	https://lobbying.wi.gov/Who/PrincipalInformation/2025REG/Information/12770
WI-principal-12771-expenditure-2025-H1	12771	WI	expenditure_report	client	2025-01-01	2025-06-30	36000.0	0.0	12.0	https://lobbying.wi.gov/Who/PrincipalInformation/2025REG/Information/12771
WI-principal-12771-expenditure-2025-H2	12771	WI	expenditure_report	client	2025-07-01	2025-12-31	32000.0	0.0	18.0	https://lobbying.wi.gov/Who/PrincipalInformation/2025REG/Information/12771
WI-principal-12772-expenditure-2025-H1	12772	WI	expenditure_report	client	2025-01-01	2025-06-30	24000.0	0.0	18.0	https://lobbying.wi.gov/Who/PrincipalInformation/2025REG/Information/12772
WI-principal-12772-expenditure-2025-H2	12772	WI	expenditure_report	client	2025-07-01	2025-12-31	24000.0	0.0	18.0	https://lobbying.wi.gov/Who/PrincipalInformation/2025REG/Information/12772
WI-principal-12773-expenditure-2025-H1	12773	WI	expenditure_report	client	2025-01-01	2025-06-30	24000.0	4.0	24.0	https://lobbying.wi.gov/Who/PrincipalInformation/2025REG/Information/12773
WI-principal-12773-expenditure-2025-H2	12773	WI	expenditure_report	client	2025-07-01	2025-12-31	24000.0	28.0	26.0	https://lobbying.wi.gov/Who/PrincipalInformation/2025REG/Information/12773
WI-principal-12774-expenditure-2025-H1	12774	WI	expenditure_report	client	2025-01-01	2025-06-30	15000.0	0.0	24.0	https://lobbying.wi.gov/Who/PrincipalInformation/2025REG/Information/12774
WI-principal-12774-expenditure-2025-H2	12774	WI	expenditure_report	client	2025-07-01	2025-12-31	15000.0	4.0	28.0	https://lobbying.wi.gov/Who/PrincipalInformation/2025REG/Information/12774
WI-principal-12775-expenditure-2025-H1	12775	WI	expenditure_report	client	2025-01-01	2025-06-30	39000.0	8.0	18.0	https://lobbying.wi.gov/Who/PrincipalInformation/2025REG/Information/12775
WI-principal-12775-expenditure-2025-H2	12775	WI	expenditure_report	client	2025-07-01	2025-12-31	39000.0	0.0	24.0	https://lobbying.wi.gov/Who/PrincipalInformation/2025REG/Information/12775
WI-principal-12776-expenditure-2025-H1	12776	WI	expenditure_report	client	2025-01-01	2025-06-30	42000.0	0.0	36.0	https://lobbying.wi.gov/Who/PrincipalInformation/2025REG/Information/12776
WI-principal-12776-expenditure-2025-H2	12776	WI	expenditure_report	client	2025-07-01	2025-12-31	42000.0	12.0	24.0	https://lobbying.wi.gov/Who/PrincipalInformation/2025REG/Information/12776
WI-principal-12777-expenditure-2025-H1	12777	WI	expenditure_report	client	2025-01-01	2025-06-30	32750.0	2.5	18.5	https://lobbying.wi.gov/Who/PrincipalInformation/2025REG/Information/12777
WI-principal-12777-expenditure-2025-H2	12777	WI	expenditure_report	client	2025-07-01	2025-12-31	21287.0	1.5	15.0	https://lobbying.wi.gov/Who/PrincipalInformation/2025REG/Information/12777
WI-principal-12778-expenditure-2025-H1	12778	WI	expenditure_report	client	2025-01-01	2025-06-30	14750.0	7.5	51.5	https://lobbying.wi.gov/Who/PrincipalInformation/2025REG/Information/12778
WI-principal-12778-expenditure-2025-H2	12778	WI	expenditure_report	client	2025-07-01	2025-12-31	12604.0	2.0	49.5	https://lobbying.wi.gov/Who/PrincipalInformation/2025REG/Information/12778
WI-principal-12780-expenditure-2025-H1	12780	WI	expenditure_report	client	2025-01-01	2025-06-30	45000.0	1.75	73.75	https://lobbying.wi.gov/Who/PrincipalInformation/2025REG/Information/12780
WI-principal-12780-expenditure-2025-H2	12780	WI	expenditure_report	client	2025-07-01	2025-12-31	45000.0	0.5	90.5	https://lobbying.wi.gov/Who/PrincipalInformation/2025REG/Information/12780
WI-principal-12781-expenditure-2025-H1	12781	WI	expenditure_report	client	2025-01-01	2025-06-30	37689.0	19.5	57.75	https://lobbying.wi.gov/Who/PrincipalInformation/2025REG/Information/12781
WI-principal-12781-expenditure-2025-H2	12781	WI	expenditure_report	client	2025-07-01	2025-12-31	34405.0	9.5	45.75	https://lobbying.wi.gov/Who/PrincipalInformation/2025REG/Information/12781
WI-principal-12782-expenditure-2025-H1	12782	WI	expenditure_report	client	2025-01-01	2025-06-30	91789.62	35.25	138.5	https://lobbying.wi.gov/Who/PrincipalInformation/2025REG/Information/12782
WI-principal-12782-expenditure-2025-H2	12782	WI	expenditure_report	client	2025-07-01	2025-12-31	92197.8	21.5	166.5	https://lobbying.wi.gov/Who/PrincipalInformation/2025REG/Information/12782
WI-principal-12783-expenditure-2025-H1	12783	WI	expenditure_report	client	2025-01-01	2025-06-30	9800.0	33.0	53.5	https://lobbying.wi.gov/Who/PrincipalInformation/2025REG/Information/12783
WI-principal-12783-expenditure-2025-H2	12783	WI	expenditure_report	client	2025-07-01	2025-12-31	4600.0	15.5	22.5	https://lobbying.wi.gov/Who/PrincipalInformation/2025REG/Information/12783
WI-principal-12784-expenditure-2025-H1	12784	WI	expenditure_report	client	2025-01-01	2025-06-30	24000.0	4.5	38.5	https://lobbying.wi.gov/Who/PrincipalInformation/2025REG/Information/12784
WI-principal-12784-expenditure-2025-H2	12784	WI	expenditure_report	client	2025-07-01	2025-12-31	24000.0	16.0	45.5	https://lobbying.wi.gov/Who/PrincipalInformation/2025REG/Information/12784
WI-principal-12788-expenditure-2025-H1	12788	WI	expenditure_report	client	2025-01-01	2025-06-30	60000.0	60.0	98.0	https://lobbying.wi.gov/Who/PrincipalInformation/2025REG/Information/12788
WI-principal-12788-expenditure-2025-H2	12788	WI	expenditure_report	client	2025-07-01	2025-12-31	0.0	36.0	38.0	https://lobbying.wi.gov/Who/PrincipalInformation/2025REG/Information/12788
WI-principal-12791-expenditure-2025-H1	12791	WI	expenditure_report	client	2025-01-01	2025-06-30	2617.54	20.0	13.25	https://lobbying.wi.gov/Who/PrincipalInformation/2025REG/Information/12791
WI-principal-12791-expenditure-2025-H2	12791	WI	expenditure_report	client	2025-07-01	2025-12-31	1961.01	15.0	12.5	https://lobbying.wi.gov/Who/PrincipalInformation/2025REG/Information/12791
WI-principal-12792-expenditure-2025-H1	12792	WI	expenditure_report	client	2025-01-01	2025-06-30	45000.0	0.5	6.75	https://lobbying.wi.gov/Who/PrincipalInformation/2025REG/Information/12792
WI-principal-12792-expenditure-2025-H2	12792	WI	expenditure_report	client	2025-07-01	2025-12-31	48000.0	0.0	9.0	https://lobbying.wi.gov/Who/PrincipalInformation/2025REG/Information/12792
WI-principal-12794-expenditure-2025-H1	12794	WI	expenditure_report	client	2025-01-01	2025-06-30	2224.28	21.2	8.5	https://lobbying.wi.gov/Who/PrincipalInformation/2025REG/Information/12794
WI-principal-12794-expenditure-2025-H2	12794	WI	expenditure_report	client	2025-07-01	2025-12-31	320.76	4.0	2.5	https://lobbying.wi.gov/Who/PrincipalInformation/2025REG/Information/12794
WI-principal-12795-expenditure-2025-H1	12795	WI	expenditure_report	client	2025-01-01	2025-06-30	28163.9	38.0	148.75	https://lobbying.wi.gov/Who/PrincipalInformation/2025REG/Information/12795
WI-principal-12795-expenditure-2025-H2	12795	WI	expenditure_report	client	2025-07-01	2025-12-31	8700.0	0.0	0.0	https://lobbying.wi.gov/Who/PrincipalInformation/2025REG/Information/12795
WI-principal-12796-expenditure-2025-H1	12796	WI	expenditure_report	client	2025-01-01	2025-06-30	0.0	0.0	0.0	https://lobbying.wi.gov/Who/PrincipalInformation/2025REG/Information/12796
WI-principal-12796-expenditure-2025-H2	12796	WI	expenditure_report	client	2025-07-01	2025-12-31	660.0	1.0	1.2	https://lobbying.wi.gov/Who/PrincipalInformation/2025REG/Information/12796
WI-principal-12797-expenditure-2025-H1	12797	WI	expenditure_report	client	2025-01-01	2025-06-30	9000.0	22.0	112.75	https://lobbying.wi.gov/Who/PrincipalInformation/2025REG/Information/12797
WI-principal-12797-expenditure-2025-H2	12797	WI	expenditure_report	client	2025-07-01	2025-12-31	0.0	0.0	0.0	https://lobbying.wi.gov/Who/PrincipalInformation/2025REG/Information/12797
WI-principal-12798-expenditure-2025-H1	12798	WI	expenditure_report	client	2025-01-01	2025-06-30	830.0	8.0	13.0	https://lobbying.wi.gov/Who/PrincipalInformation/2025REG/Information/12798
WI-principal-12798-expenditure-2025-H2	12798	WI	expenditure_report	client	2025-07-01	2025-12-31	725.0	0.0	0.0	https://lobbying.wi.gov/Who/PrincipalInformation/2025REG/Information/12798
WI-principal-12799-expenditure-2025-H1	12799	WI	expenditure_report	client	2025-01-01	2025-06-30	0.0	0.0	0.0	https://lobbying.wi.gov/Who/PrincipalInformation/2025REG/Information/12799
WI-principal-12799-expenditure-2025-H2	12799	WI	expenditure_report	client	2025-07-01	2025-12-31	0.0	0.0	0.0	https://lobbying.wi.gov/Who/PrincipalInformation/2025REG/Information/12799
WI-principal-12802-expenditure-2025-H1	12802	WI	expenditure_report	client	2025-01-01	2025-06-30	48855.93	25.75	100.0	https://lobbying.wi.gov/Who/PrincipalInformation/2025REG/Information/12802
WI-principal-12802-expenditure-2025-H2	12802	WI	expenditure_report	client	2025-07-01	2025-12-31	44048.09	26.5	67.0	https://lobbying.wi.gov/Who/PrincipalInformation/2025REG/Information/12802
WI-principal-12803-expenditure-2025-H1	12803	WI	expenditure_report	client	2025-01-01	2025-06-30	36655.0	12.0	90.5	https://lobbying.wi.gov/Who/PrincipalInformation/2025REG/Information/12803
WI-principal-12803-expenditure-2025-H2	12803	WI	expenditure_report	client	2025-07-01	2025-12-31	36000.0	24.25	111.75	https://lobbying.wi.gov/Who/PrincipalInformation/2025REG/Information/12803
WI-principal-12804-expenditure-2025-H1	12804	WI	expenditure_report	client	2025-01-01	2025-06-30	24952.0	9.65	20.15	https://lobbying.wi.gov/Who/PrincipalInformation/2025REG/Information/12804
WI-principal-12804-expenditure-2025-H2	12804	WI	expenditure_report	client	2025-07-01	2025-12-31	24000.0	1.75	14.1	https://lobbying.wi.gov/Who/PrincipalInformation/2025REG/Information/12804
WI-principal-12805-expenditure-2025-H1	12805	WI	expenditure_report	client	2025-01-01	2025-06-30	26515.02	55.5	82.0	https://lobbying.wi.gov/Who/PrincipalInformation/2025REG/Information/12805
WI-principal-12805-expenditure-2025-H2	12805	WI	expenditure_report	client	2025-07-01	2025-12-31	20553.82	59.1	60.5	https://lobbying.wi.gov/Who/PrincipalInformation/2025REG/Information/12805
WI-principal-12808-expenditure-2025-H1	12808	WI	expenditure_report	client	2025-01-01	2025-06-30	30000.0	7.0	26.5	https://lobbying.wi.gov/Who/PrincipalInformation/2025REG/Information/12808
WI-principal-12808-expenditure-2025-H2	12808	WI	expenditure_report	client	2025-07-01	2025-12-31	30000.0	2.0	15.0	https://lobbying.wi.gov/Who/PrincipalInformation/2025REG/Information/12808
WI-principal-12809-expenditure-2025-H1	12809	WI	expenditure_report	client	2025-01-01	2025-06-30	0.0	1.0	0.5	https://lobbying.wi.gov/Who/PrincipalInformation/2025REG/Information/12809
WI-principal-12810-expenditure-2025-H1	12810	WI	expenditure_report	client	2025-01-01	2025-06-30	10500.0	33.5	0.0	https://lobbying.wi.gov/Who/PrincipalInformation/2025REG/Information/12810
WI-principal-12810-expenditure-2025-H2	12810	WI	expenditure_report	client	2025-07-01	2025-12-31	5700.0	4.0	15.0	https://lobbying.wi.gov/Who/PrincipalInformation/2025REG/Information/12810
WI-principal-12811-expenditure-2025-H1	12811	WI	expenditure_report	client	2025-01-01	2025-06-30	13200.0	42.0	0.0	https://lobbying.wi.gov/Who/PrincipalInformation/2025REG/Information/12811
WI-principal-12811-expenditure-2025-H2	12811	WI	expenditure_report	client	2025-07-01	2025-12-31	2250.0	3.5	4.0	https://lobbying.wi.gov/Who/PrincipalInformation/2025REG/Information/12811
WI-principal-12812-expenditure-2025-H1	12812	WI	expenditure_report	client	2025-01-01	2025-06-30	4650.0	15.5	0.0	https://lobbying.wi.gov/Who/PrincipalInformation/2025REG/Information/12812
WI-principal-12812-expenditure-2025-H2	12812	WI	expenditure_report	client	2025-07-01	2025-12-31	3900.0	2.5	10.5	https://lobbying.wi.gov/Who/PrincipalInformation/2025REG/Information/12812
WI-principal-12813-expenditure-2025-H1	12813	WI	expenditure_report	client	2025-01-01	2025-06-30	12000.0	4.5	22.5	https://lobbying.wi.gov/Who/PrincipalInformation/2025REG/Information/12813
WI-principal-12813-expenditure-2025-H2	12813	WI	expenditure_report	client	2025-07-01	2025-12-31	12000.0	21.5	25.5	https://lobbying.wi.gov/Who/PrincipalInformation/2025REG/Information/12813
WI-principal-12815-expenditure-2025-H1	12815	WI	expenditure_report	client	2025-01-01	2025-06-30	0.0	9.5	86.0	https://lobbying.wi.gov/Who/PrincipalInformation/2025REG/Information/12815
WI-principal-12815-expenditure-2025-H2	12815	WI	expenditure_report	client	2025-07-01	2025-12-31	13500.0	7.5	123.5	https://lobbying.wi.gov/Who/PrincipalInformation/2025REG/Information/12815
WI-principal-12817-expenditure-2025-H1	12817	WI	expenditure_report	client	2025-01-01	2025-06-30	15750.0	2.5	106.75	https://lobbying.wi.gov/Who/PrincipalInformation/2025REG/Information/12817
WI-principal-12817-expenditure-2025-H2	12817	WI	expenditure_report	client	2025-07-01	2025-12-31	27000.0	2.75	84.0	https://lobbying.wi.gov/Who/PrincipalInformation/2025REG/Information/12817
WI-principal-12818-expenditure-2025-H1	12818	WI	expenditure_report	client	2025-01-01	2025-06-30	0.0	0.0	0.0	https://lobbying.wi.gov/Who/PrincipalInformation/2025REG/Information/12818
WI-principal-12818-expenditure-2025-H2	12818	WI	expenditure_report	client	2025-07-01	2025-12-31	0.0	0.0	0.0	https://lobbying.wi.gov/Who/PrincipalInformation/2025REG/Information/12818
WI-principal-12819-expenditure-2025-H1	12819	WI	expenditure_report	client	2025-01-01	2025-06-30	3493.93	6.0	22.0	https://lobbying.wi.gov/Who/PrincipalInformation/2025REG/Information/12819
WI-principal-12819-expenditure-2025-H2	12819	WI	expenditure_report	client	2025-07-01	2025-12-31	3620.96	8.0	6.0	https://lobbying.wi.gov/Who/PrincipalInformation/2025REG/Information/12819
WI-principal-12820-expenditure-2025-H1	12820	WI	expenditure_report	client	2025-01-01	2025-06-30	66001.53	134.75	360.5	https://lobbying.wi.gov/Who/PrincipalInformation/2025REG/Information/12820
WI-principal-12820-expenditure-2025-H2	12820	WI	expenditure_report	client	2025-07-01	2025-12-31	67150.0	31.0	33.75	https://lobbying.wi.gov/Who/PrincipalInformation/2025REG/Information/12820
WI-principal-12821-expenditure-2025-H1	12821	WI	expenditure_report	client	2025-01-01	2025-06-30	30000.0	6.25	17.0	https://lobbying.wi.gov/Who/PrincipalInformation/2025REG/Information/12821
WI-principal-12821-expenditure-2025-H2	12821	WI	expenditure_report	client	2025-07-01	2025-12-31	30000.0	5.25	20.5	https://lobbying.wi.gov/Who/PrincipalInformation/2025REG/Information/12821
WI-principal-12822-expenditure-2025-H1	12822	WI	expenditure_report	client	2025-01-01	2025-06-30	116427.0	20.75	90.75	https://lobbying.wi.gov/Who/PrincipalInformation/2025REG/Information/12822
WI-principal-12822-expenditure-2025-H2	12822	WI	expenditure_report	client	2025-07-01	2025-12-31	107472.0	38.25	96.25	https://lobbying.wi.gov/Who/PrincipalInformation/2025REG/Information/12822
WI-principal-12823-expenditure-2025-H1	12823	WI	expenditure_report	client	2025-01-01	2025-06-30	252618.73	2098.3	868.5	https://lobbying.wi.gov/Who/PrincipalInformation/2025REG/Information/12823
WI-principal-12823-expenditure-2025-H2	12823	WI	expenditure_report	client	2025-07-01	2025-12-31	255613.1	2034.19	1021.75	https://lobbying.wi.gov/Who/PrincipalInformation/2025REG/Information/12823
WI-principal-12825-expenditure-2025-H1	12825	WI	expenditure_report	client	2025-01-01	2025-06-30	4300.0	8.75	29.0	https://lobbying.wi.gov/Who/PrincipalInformation/2025REG/Information/12825
WI-principal-12825-expenditure-2025-H2	12825	WI	expenditure_report	client	2025-07-01	2025-12-31	3350.0	0.0	6.5	https://lobbying.wi.gov/Who/PrincipalInformation/2025REG/Information/12825
WI-principal-12828-expenditure-2025-H1	12828	WI	expenditure_report	client	2025-01-01	2025-06-30	1595.0	13.75	20.0	https://lobbying.wi.gov/Who/PrincipalInformation/2025REG/Information/12828
WI-principal-12828-expenditure-2025-H2	12828	WI	expenditure_report	client	2025-07-01	2025-12-31	1435.0	7.25	23.75	https://lobbying.wi.gov/Who/PrincipalInformation/2025REG/Information/12828
WI-principal-12830-expenditure-2025-H1	12830	WI	expenditure_report	client	2025-01-01	2025-06-30	620.0	0.0	2.0	https://lobbying.wi.gov/Who/PrincipalInformation/2025REG/Information/12830
WI-principal-12830-expenditure-2025-H2	12830	WI	expenditure_report	client	2025-07-01	2025-12-31	1660.0	0.0	0.0	https://lobbying.wi.gov/Who/PrincipalInformation/2025REG/Information/12830
WI-principal-12831-expenditure-2025-H1	12831	WI	expenditure_report	client	2025-01-01	2025-06-30	0.0	16.75	36.75	https://lobbying.wi.gov/Who/PrincipalInformation/2025REG/Information/12831
WI-principal-12831-expenditure-2025-H2	12831	WI	expenditure_report	client	2025-07-01	2025-12-31	0.0	0.0	0.0	https://lobbying.wi.gov/Who/PrincipalInformation/2025REG/Information/12831
WI-principal-12832-expenditure-2025-H1	12832	WI	expenditure_report	client	2025-01-01	2025-06-30	0.0	0.0	0.0	https://lobbying.wi.gov/Who/PrincipalInformation/2025REG/Information/12832
WI-principal-12832-expenditure-2025-H2	12832	WI	expenditure_report	client	2025-07-01	2025-12-31	0.0	0.0	0.0	https://lobbying.wi.gov/Who/PrincipalInformation/2025REG/Information/12832
WI-principal-12833-expenditure-2025-H1	12833	WI	expenditure_report	client	2025-01-01	2025-06-30	0.0	0.0	0.0	https://lobbying.wi.gov/Who/PrincipalInformation/2025REG/Information/12833
WI-principal-12833-expenditure-2025-H2	12833	WI	expenditure_report	client	2025-07-01	2025-12-31	0.0	0.0	2.1	https://lobbying.wi.gov/Who/PrincipalInformation/2025REG/Information/12833
WI-principal-12836-expenditure-2025-H1	12836	WI	expenditure_report	client	2025-01-01	2025-06-30	19655.0	17.75	77.75	https://lobbying.wi.gov/Who/PrincipalInformation/2025REG/Information/12836
WI-principal-12836-expenditure-2025-H2	12836	WI	expenditure_report	client	2025-07-01	2025-12-31	18000.0	1.25	47.75	https://lobbying.wi.gov/Who/PrincipalInformation/2025REG/Information/12836
WI-principal-12837-expenditure-2025-H1	12837	WI	expenditure_report	client	2025-01-01	2025-06-30	16698.0	27.0	104.6	https://lobbying.wi.gov/Who/PrincipalInformation/2025REG/Information/12837
WI-principal-12837-expenditure-2025-H2	12837	WI	expenditure_report	client	2025-07-01	2025-12-31	8800.0	0.0	77.5	https://lobbying.wi.gov/Who/PrincipalInformation/2025REG/Information/12837
WI-principal-12838-expenditure-2025-H1	12838	WI	expenditure_report	client	2025-01-01	2025-06-30	29482.0	5.5	56.5	https://lobbying.wi.gov/Who/PrincipalInformation/2025REG/Information/12838
WI-principal-12838-expenditure-2025-H2	12838	WI	expenditure_report	client	2025-07-01	2025-12-31	269669.0	0.0	28.0	https://lobbying.wi.gov/Who/PrincipalInformation/2025REG/Information/12838
WI-principal-12839-expenditure-2025-H1	12839	WI	expenditure_report	client	2025-01-01	2025-06-30	0.0	0.0	0.0	https://lobbying.wi.gov/Who/PrincipalInformation/2025REG/Information/12839
WI-principal-12839-expenditure-2025-H2	12839	WI	expenditure_report	client	2025-07-01	2025-12-31	0.0	0.0	0.0	https://lobbying.wi.gov/Who/PrincipalInformation/2025REG/Information/12839
WI-principal-12840-expenditure-2025-H1	12840	WI	expenditure_report	client	2025-01-01	2025-06-30	0.0	0.0	0.0	https://lobbying.wi.gov/Who/PrincipalInformation/2025REG/Information/12840
WI-principal-12840-expenditure-2025-H2	12840	WI	expenditure_report	client	2025-07-01	2025-12-31	0.0	2.5	0.0	https://lobbying.wi.gov/Who/PrincipalInformation/2025REG/Information/12840
WI-principal-12841-expenditure-2025-H1	12841	WI	expenditure_report	client	2025-01-01	2025-06-30	72000.0	49.0	48.0	https://lobbying.wi.gov/Who/PrincipalInformation/2025REG/Information/12841
WI-principal-12841-expenditure-2025-H2	12841	WI	expenditure_report	client	2025-07-01	2025-12-31	72000.0	46.0	22.0	https://lobbying.wi.gov/Who/PrincipalInformation/2025REG/Information/12841
WI-principal-12842-expenditure-2025-H1	12842	WI	expenditure_report	client	2025-01-01	2025-06-30	18000.0	8.0	24.0	https://lobbying.wi.gov/Who/PrincipalInformation/2025REG/Information/12842
WI-principal-12842-expenditure-2025-H2	12842	WI	expenditure_report	client	2025-07-01	2025-12-31	3000.0	0.0	6.0	https://lobbying.wi.gov/Who/PrincipalInformation/2025REG/Information/12842
WI-principal-12843-expenditure-2025-H1	12843	WI	expenditure_report	client	2025-01-01	2025-06-30	9000.0	22.0	24.0	https://lobbying.wi.gov/Who/PrincipalInformation/2025REG/Information/12843
WI-principal-12843-expenditure-2025-H2	12843	WI	expenditure_report	client	2025-07-01	2025-12-31	9000.0	0.0	24.0	https://lobbying.wi.gov/Who/PrincipalInformation/2025REG/Information/12843
WI-principal-12845-expenditure-2025-H1	12845	WI	expenditure_report	client	2025-01-01	2025-06-30	26693.6	20.75	52.75	https://lobbying.wi.gov/Who/PrincipalInformation/2025REG/Information/12845
WI-principal-12845-expenditure-2025-H2	12845	WI	expenditure_report	client	2025-07-01	2025-12-31	27367.0	29.75	61.75	https://lobbying.wi.gov/Who/PrincipalInformation/2025REG/Information/12845
WI-principal-12848-expenditure-2025-H1	12848	WI	expenditure_report	client	2025-01-01	2025-06-30	19735.7	49.1	35.6	https://lobbying.wi.gov/Who/PrincipalInformation/2025REG/Information/12848
WI-principal-12848-expenditure-2025-H2	12848	WI	expenditure_report	client	2025-07-01	2025-12-31	21600.0	0.0	4.3	https://lobbying.wi.gov/Who/PrincipalInformation/2025REG/Information/12848
WI-principal-12850-expenditure-2025-H1	12850	WI	expenditure_report	client	2025-01-01	2025-06-30	2644.4	41.0	0.0	https://lobbying.wi.gov/Who/PrincipalInformation/2025REG/Information/12850
WI-principal-12850-expenditure-2025-H2	12850	WI	expenditure_report	client	2025-07-01	2025-12-31	1200.0	20.0	0.0	https://lobbying.wi.gov/Who/PrincipalInformation/2025REG/Information/12850
WI-principal-12852-expenditure-2025-H1	12852	WI	expenditure_report	client	2025-01-01	2025-06-30	9000.0	22.0	112.75	https://lobbying.wi.gov/Who/PrincipalInformation/2025REG/Information/12852
WI-principal-12852-expenditure-2025-H2	12852	WI	expenditure_report	client	2025-07-01	2025-12-31	0.0	0.0	0.0	https://lobbying.wi.gov/Who/PrincipalInformation/2025REG/Information/12852
WI-principal-12854-expenditure-2025-H1	12854	WI	expenditure_report	client	2025-01-01	2025-06-30	500.0	6.0	0.0	https://lobbying.wi.gov/Who/PrincipalInformation/2025REG/Information/12854
WI-principal-12854-expenditure-2025-H2	12854	WI	expenditure_report	client	2025-07-01	2025-12-31	500.0	5.5	0.0	https://lobbying.wi.gov/Who/PrincipalInformation/2025REG/Information/12854
WI-principal-12855-expenditure-2025-H1	12855	WI	expenditure_report	client	2025-01-01	2025-06-30	37500.0	6.25	19.75	https://lobbying.wi.gov/Who/PrincipalInformation/2025REG/Information/12855
WI-principal-12855-expenditure-2025-H2	12855	WI	expenditure_report	client	2025-07-01	2025-12-31	45000.0	2.75	22.25	https://lobbying.wi.gov/Who/PrincipalInformation/2025REG/Information/12855
WI-principal-12856-expenditure-2025-H1	12856	WI	expenditure_report	client	2025-01-01	2025-06-30	24925.0	9.0	32.75	https://lobbying.wi.gov/Who/PrincipalInformation/2025REG/Information/12856
WI-principal-12856-expenditure-2025-H2	12856	WI	expenditure_report	client	2025-07-01	2025-12-31	0.0	0.0	0.0	https://lobbying.wi.gov/Who/PrincipalInformation/2025REG/Information/12856
WI-principal-12857-expenditure-2025-H1	12857	WI	expenditure_report	client	2025-01-01	2025-06-30	183315.54	39.75	141.75	https://lobbying.wi.gov/Who/PrincipalInformation/2025REG/Information/12857
WI-principal-12857-expenditure-2025-H2	12857	WI	expenditure_report	client	2025-07-01	2025-12-31	213899.54	50.0	41.5	https://lobbying.wi.gov/Who/PrincipalInformation/2025REG/Information/12857
WI-principal-12858-expenditure-2025-H1	12858	WI	expenditure_report	client	2025-01-01	2025-06-30	0.0	0.0	0.0	https://lobbying.wi.gov/Who/PrincipalInformation/2025REG/Information/12858
WI-principal-12860-expenditure-2025-H1	12860	WI	expenditure_report	client	2025-01-01	2025-06-30	11355.98	10.0	41.5	https://lobbying.wi.gov/Who/PrincipalInformation/2025REG/Information/12860
WI-principal-12860-expenditure-2025-H2	12860	WI	expenditure_report	client	2025-07-01	2025-12-31	11338.68	16.0	51.5	https://lobbying.wi.gov/Who/PrincipalInformation/2025REG/Information/12860
WI-principal-12861-expenditure-2025-H1	12861	WI	expenditure_report	client	2025-01-01	2025-06-30	27000.0	10.0	15.0	https://lobbying.wi.gov/Who/PrincipalInformation/2025REG/Information/12861
WI-principal-12861-expenditure-2025-H2	12861	WI	expenditure_report	client	2025-07-01	2025-12-31	0.0	0.0	0.0	https://lobbying.wi.gov/Who/PrincipalInformation/2025REG/Information/12861
WI-principal-12862-expenditure-2025-H1	12862	WI	expenditure_report	client	2025-01-01	2025-06-30	0.0	0.5	0.0	https://lobbying.wi.gov/Who/PrincipalInformation/2025REG/Information/12862
WI-principal-12862-expenditure-2025-H2	12862	WI	expenditure_report	client	2025-07-01	2025-12-31	0.0	0.5	1.0	https://lobbying.wi.gov/Who/PrincipalInformation/2025REG/Information/12862
WI-principal-12867-expenditure-2025-H1	12867	WI	expenditure_report	client	2025-01-01	2025-06-30	28062.0	16.25	54.25	https://lobbying.wi.gov/Who/PrincipalInformation/2025REG/Information/12867
WI-principal-12867-expenditure-2025-H2	12867	WI	expenditure_report	client	2025-07-01	2025-12-31	48093.72	16.75	63.5	https://lobbying.wi.gov/Who/PrincipalInformation/2025REG/Information/12867
WI-principal-12868-expenditure-2025-H1	12868	WI	expenditure_report	client	2025-01-01	2025-06-30	1142.56	11.0	13.0	https://lobbying.wi.gov/Who/PrincipalInformation/2025REG/Information/12868
WI-principal-12868-expenditure-2025-H2	12868	WI	expenditure_report	client	2025-07-01	2025-12-31	1900.5	21.5	14.3	https://lobbying.wi.gov/Who/PrincipalInformation/2025REG/Information/12868
WI-principal-12869-expenditure-2025-H1	12869	WI	expenditure_report	client	2025-01-01	2025-06-30	0.0	0.0	0.0	https://lobbying.wi.gov/Who/PrincipalInformation/2025REG/Information/12869
WI-principal-12869-expenditure-2025-H2	12869	WI	expenditure_report	client	2025-07-01	2025-12-31	0.0	0.0	0.0	https://lobbying.wi.gov/Who/PrincipalInformation/2025REG/Information/12869
WI-principal-12870-expenditure-2025-H1	12870	WI	expenditure_report	client	2025-01-01	2025-06-30	12000.0	5.0	8.0	https://lobbying.wi.gov/Who/PrincipalInformation/2025REG/Information/12870
WI-principal-12870-expenditure-2025-H2	12870	WI	expenditure_report	client	2025-07-01	2025-12-31	0.0	0.0	0.0	https://lobbying.wi.gov/Who/PrincipalInformation/2025REG/Information/12870
WI-principal-12871-expenditure-2025-H1	12871	WI	expenditure_report	client	2025-01-01	2025-06-30	24000.0	1.0	25.3	https://lobbying.wi.gov/Who/PrincipalInformation/2025REG/Information/12871
WI-principal-12871-expenditure-2025-H2	12871	WI	expenditure_report	client	2025-07-01	2025-12-31	24000.0	0.0	27.5	https://lobbying.wi.gov/Who/PrincipalInformation/2025REG/Information/12871
WI-principal-12872-expenditure-2025-H1	12872	WI	expenditure_report	client	2025-01-01	2025-06-30	906.56	5.0	3.0	https://lobbying.wi.gov/Who/PrincipalInformation/2025REG/Information/12872
WI-principal-12872-expenditure-2025-H2	12872	WI	expenditure_report	client	2025-07-01	2025-12-31	0.0	0.0	0.0	https://lobbying.wi.gov/Who/PrincipalInformation/2025REG/Information/12872
WI-principal-12876-expenditure-2025-H1	12876	WI	expenditure_report	client	2025-01-01	2025-06-30	0.0	0.0	0.0	https://lobbying.wi.gov/Who/PrincipalInformation/2025REG/Information/12876
WI-principal-12877-expenditure-2025-H1	12877	WI	expenditure_report	client	2025-01-01	2025-06-30	46000.0	14.75	29.5	https://lobbying.wi.gov/Who/PrincipalInformation/2025REG/Information/12877
WI-principal-12877-expenditure-2025-H2	12877	WI	expenditure_report	client	2025-07-01	2025-12-31	84000.0	35.5	30.5	https://lobbying.wi.gov/Who/PrincipalInformation/2025REG/Information/12877
WI-principal-12878-expenditure-2025-H1	12878	WI	expenditure_report	client	2025-01-01	2025-06-30	36000.0	0.0	36.0	https://lobbying.wi.gov/Who/PrincipalInformation/2025REG/Information/12878
WI-principal-12878-expenditure-2025-H2	12878	WI	expenditure_report	client	2025-07-01	2025-12-31	36000.0	0.0	36.0	https://lobbying.wi.gov/Who/PrincipalInformation/2025REG/Information/12878
WI-principal-12879-expenditure-2025-H1	12879	WI	expenditure_report	client	2025-01-01	2025-06-30	0.0	3.5	9.0	https://lobbying.wi.gov/Who/PrincipalInformation/2025REG/Information/12879
WI-principal-12879-expenditure-2025-H2	12879	WI	expenditure_report	client	2025-07-01	2025-12-31	0.0	8.5	21.5	https://lobbying.wi.gov/Who/PrincipalInformation/2025REG/Information/12879
WI-principal-12880-expenditure-2025-H1	12880	WI	expenditure_report	client	2025-01-01	2025-06-30	8154.0	51.5	79.2	https://lobbying.wi.gov/Who/PrincipalInformation/2025REG/Information/12880
WI-principal-12880-expenditure-2025-H2	12880	WI	expenditure_report	client	2025-07-01	2025-12-31	6610.38	33.5	45.7	https://lobbying.wi.gov/Who/PrincipalInformation/2025REG/Information/12880
WI-principal-12881-expenditure-2025-H1	12881	WI	expenditure_report	client	2025-01-01	2025-06-30	0.0	10.0	1.5	https://lobbying.wi.gov/Who/PrincipalInformation/2025REG/Information/12881
WI-principal-12881-expenditure-2025-H2	12881	WI	expenditure_report	client	2025-07-01	2025-12-31	0.0	3.0	0.0	https://lobbying.wi.gov/Who/PrincipalInformation/2025REG/Information/12881
WI-principal-12882-expenditure-2025-H1	12882	WI	expenditure_report	client	2025-01-01	2025-06-30	26400.0	0.25	46.0	https://lobbying.wi.gov/Who/PrincipalInformation/2025REG/Information/12882
WI-principal-12882-expenditure-2025-H2	12882	WI	expenditure_report	client	2025-07-01	2025-12-31	26400.0	0.0	48.75	https://lobbying.wi.gov/Who/PrincipalInformation/2025REG/Information/12882
WI-principal-12884-expenditure-2025-H1	12884	WI	expenditure_report	client	2025-01-01	2025-06-30	1593.61	10.25	14.25	https://lobbying.wi.gov/Who/PrincipalInformation/2025REG/Information/12884
WI-principal-12884-expenditure-2025-H2	12884	WI	expenditure_report	client	2025-07-01	2025-12-31	936.77	4.0	4.0	https://lobbying.wi.gov/Who/PrincipalInformation/2025REG/Information/12884
WI-principal-12886-expenditure-2025-H1	12886	WI	expenditure_report	client	2025-01-01	2025-06-30	38290.0	35.95	49.75	https://lobbying.wi.gov/Who/PrincipalInformation/2025REG/Information/12886
WI-principal-12886-expenditure-2025-H2	12886	WI	expenditure_report	client	2025-07-01	2025-12-31	30266.0	7.25	15.0	https://lobbying.wi.gov/Who/PrincipalInformation/2025REG/Information/12886
WI-principal-12887-expenditure-2025-H1	12887	WI	expenditure_report	client	2025-01-01	2025-06-30	329.89	0.0	3.5	https://lobbying.wi.gov/Who/PrincipalInformation/2025REG/Information/12887
WI-principal-12887-expenditure-2025-H2	12887	WI	expenditure_report	client	2025-07-01	2025-12-31	178.81	4.5	0.0	https://lobbying.wi.gov/Who/PrincipalInformation/2025REG/Information/12887
WI-principal-12888-expenditure-2025-H1	12888	WI	expenditure_report	client	2025-01-01	2025-06-30	0.0	4.0	2.5	https://lobbying.wi.gov/Who/PrincipalInformation/2025REG/Information/12888
WI-principal-12889-expenditure-2025-H1	12889	WI	expenditure_report	client	2025-01-01	2025-06-30	12918.28	3.5	89.5	https://lobbying.wi.gov/Who/PrincipalInformation/2025REG/Information/12889
WI-principal-12889-expenditure-2025-H2	12889	WI	expenditure_report	client	2025-07-01	2025-12-31	2624.52	1.5	25.5	https://lobbying.wi.gov/Who/PrincipalInformation/2025REG/Information/12889
WI-principal-12890-expenditure-2025-H1	12890	WI	expenditure_report	client	2025-01-01	2025-06-30	1750.0	8.5	9.0	https://lobbying.wi.gov/Who/PrincipalInformation/2025REG/Information/12890
WI-principal-12890-expenditure-2025-H2	12890	WI	expenditure_report	client	2025-07-01	2025-12-31	1000.0	7.0	3.0	https://lobbying.wi.gov/Who/PrincipalInformation/2025REG/Information/12890
WI-principal-12892-expenditure-2025-H1	12892	WI	expenditure_report	client	2025-01-01	2025-06-30	36790.0	13.25	33.5	https://lobbying.wi.gov/Who/PrincipalInformation/2025REG/Information/12892
WI-principal-12892-expenditure-2025-H2	12892	WI	expenditure_report	client	2025-07-01	2025-12-31	36000.0	14.65	47.5	https://lobbying.wi.gov/Who/PrincipalInformation/2025REG/Information/12892
WI-principal-12897-expenditure-2025-H1	12897	WI	expenditure_report	client	2025-01-01	2025-06-30	0.0	43.25	0.0	https://lobbying.wi.gov/Who/PrincipalInformation/2025REG/Information/12897
WI-principal-12897-expenditure-2025-H2	12897	WI	expenditure_report	client	2025-07-01	2025-12-31	0.0	19.0	0.0	https://lobbying.wi.gov/Who/PrincipalInformation/2025REG/Information/12897
WI-principal-12899-expenditure-2025-H1	12899	WI	expenditure_report	client	2025-01-01	2025-06-30	164.92	1.5	24.5	https://lobbying.wi.gov/Who/PrincipalInformation/2025REG/Information/12899
WI-principal-12899-expenditure-2025-H2	12899	WI	expenditure_report	client	2025-07-01	2025-12-31	0.0	0.0	21.25	https://lobbying.wi.gov/Who/PrincipalInformation/2025REG/Information/12899
WI-principal-12900-expenditure-2025-H1	12900	WI	expenditure_report	client	2025-01-01	2025-06-30	285.89	0.0	5.5	https://lobbying.wi.gov/Who/PrincipalInformation/2025REG/Information/12900
WI-principal-12900-expenditure-2025-H2	12900	WI	expenditure_report	client	2025-07-01	2025-12-31	4824.64	20.25	17.0	https://lobbying.wi.gov/Who/PrincipalInformation/2025REG/Information/12900
WI-principal-12902-expenditure-2025-H1	12902	WI	expenditure_report	client	2025-01-01	2025-06-30	1115.0	9.5	16.0	https://lobbying.wi.gov/Who/PrincipalInformation/2025REG/Information/12902
WI-principal-12902-expenditure-2025-H2	12902	WI	expenditure_report	client	2025-07-01	2025-12-31	2055.0	19.25	26.5	https://lobbying.wi.gov/Who/PrincipalInformation/2025REG/Information/12902
WI-principal-12903-expenditure-2025-H1	12903	WI	expenditure_report	client	2025-01-01	2025-06-30	2475.0	15.0	20.5	https://lobbying.wi.gov/Who/PrincipalInformation/2025REG/Information/12903
WI-principal-12903-expenditure-2025-H2	12903	WI	expenditure_report	client	2025-07-01	2025-12-31	2200.0	23.85	30.75	https://lobbying.wi.gov/Who/PrincipalInformation/2025REG/Information/12903
WI-principal-12906-expenditure-2025-H1	12906	WI	expenditure_report	client	2025-01-01	2025-06-30	11828.28	103.0	193.0	https://lobbying.wi.gov/Who/PrincipalInformation/2025REG/Information/12906
WI-principal-12906-expenditure-2025-H2	12906	WI	expenditure_report	client	2025-07-01	2025-12-31	19583.01	105.0	197.0	https://lobbying.wi.gov/Who/PrincipalInformation/2025REG/Information/12906
WI-principal-12907-expenditure-2025-H1	12907	WI	expenditure_report	client	2025-01-01	2025-06-30	42676.12	11.0	54.5	https://lobbying.wi.gov/Who/PrincipalInformation/2025REG/Information/12907
WI-principal-12907-expenditure-2025-H2	12907	WI	expenditure_report	client	2025-07-01	2025-12-31	42055.4	40.75	70.0	https://lobbying.wi.gov/Who/PrincipalInformation/2025REG/Information/12907
WI-principal-12908-expenditure-2025-H1	12908	WI	expenditure_report	client	2025-01-01	2025-06-30	20000.0	10.0	20.0	https://lobbying.wi.gov/Who/PrincipalInformation/2025REG/Information/12908
WI-principal-12908-expenditure-2025-H2	12908	WI	expenditure_report	client	2025-07-01	2025-12-31	4000.0	0.0	6.0	https://lobbying.wi.gov/Who/PrincipalInformation/2025REG/Information/12908
WI-principal-12914-expenditure-2025-H1	12914	WI	expenditure_report	client	2025-01-01	2025-06-30	0.0	23.6	24.5	https://lobbying.wi.gov/Who/PrincipalInformation/2025REG/Information/12914
WI-principal-12914-expenditure-2025-H2	12914	WI	expenditure_report	client	2025-07-01	2025-12-31	0.0	0.0	0.0	https://lobbying.wi.gov/Who/PrincipalInformation/2025REG/Information/12914
WI-principal-12915-expenditure-2025-H1	12915	WI	expenditure_report	client	2025-01-01	2025-06-30	13500.0	12.0	112.25	https://lobbying.wi.gov/Who/PrincipalInformation/2025REG/Information/12915
WI-principal-12915-expenditure-2025-H2	12915	WI	expenditure_report	client	2025-07-01	2025-12-31	16200.0	1.25	126.5	https://lobbying.wi.gov/Who/PrincipalInformation/2025REG/Information/12915
WI-principal-12916-expenditure-2025-H1	12916	WI	expenditure_report	client	2025-01-01	2025-06-30	12628.0	4.5	98.5	https://lobbying.wi.gov/Who/PrincipalInformation/2025REG/Information/12916
WI-principal-12916-expenditure-2025-H2	12916	WI	expenditure_report	client	2025-07-01	2025-12-31	15000.0	0.25	60.5	https://lobbying.wi.gov/Who/PrincipalInformation/2025REG/Information/12916
WI-principal-12917-expenditure-2025-H1	12917	WI	expenditure_report	client	2025-01-01	2025-06-30	961.5	7.0	3.0	https://lobbying.wi.gov/Who/PrincipalInformation/2025REG/Information/12917
WI-principal-12917-expenditure-2025-H2	12917	WI	expenditure_report	client	2025-07-01	2025-12-31	16840.09	19.0	26.0	https://lobbying.wi.gov/Who/PrincipalInformation/2025REG/Information/12917
WI-principal-12920-expenditure-2025-H1	12920	WI	expenditure_report	client	2025-01-01	2025-06-30	0.0	0.0	20.0	https://lobbying.wi.gov/Who/PrincipalInformation/2025REG/Information/12920
WI-principal-12920-expenditure-2025-H2	12920	WI	expenditure_report	client	2025-07-01	2025-12-31	0.0	0.0	0.0	https://lobbying.wi.gov/Who/PrincipalInformation/2025REG/Information/12920
WI-principal-12921-expenditure-2025-H1	12921	WI	expenditure_report	client	2025-01-01	2025-06-30	0.0	44.0	0.0	https://lobbying.wi.gov/Who/PrincipalInformation/2025REG/Information/12921
WI-principal-12921-expenditure-2025-H2	12921	WI	expenditure_report	client	2025-07-01	2025-12-31	0.0	0.0	0.0	https://lobbying.wi.gov/Who/PrincipalInformation/2025REG/Information/12921
WI-principal-12922-expenditure-2025-H1	12922	WI	expenditure_report	client	2025-01-01	2025-06-30	20000.0	26.75	125.5	https://lobbying.wi.gov/Who/PrincipalInformation/2025REG/Information/12922
WI-principal-12922-expenditure-2025-H2	12922	WI	expenditure_report	client	2025-07-01	2025-12-31	0.0	7.25	64.5	https://lobbying.wi.gov/Who/PrincipalInformation/2025REG/Information/12922
WI-principal-12923-expenditure-2025-H1	12923	WI	expenditure_report	client	2025-01-01	2025-06-30	0.0	0.0	0.0	https://lobbying.wi.gov/Who/PrincipalInformation/2025REG/Information/12923
WI-principal-12923-expenditure-2025-H2	12923	WI	expenditure_report	client	2025-07-01	2025-12-31	0.0	0.0	0.0	https://lobbying.wi.gov/Who/PrincipalInformation/2025REG/Information/12923
WI-principal-12924-expenditure-2025-H1	12924	WI	expenditure_report	client	2025-01-01	2025-06-30	21000.0	8.0	24.0	https://lobbying.wi.gov/Who/PrincipalInformation/2025REG/Information/12924
WI-principal-12924-expenditure-2025-H2	12924	WI	expenditure_report	client	2025-07-01	2025-12-31	21000.0	0.0	24.0	https://lobbying.wi.gov/Who/PrincipalInformation/2025REG/Information/12924
WI-principal-12925-expenditure-2025-H1	12925	WI	expenditure_report	client	2025-01-01	2025-06-30	42000.0	0.0	24.0	https://lobbying.wi.gov/Who/PrincipalInformation/2025REG/Information/12925
WI-principal-12925-expenditure-2025-H2	12925	WI	expenditure_report	client	2025-07-01	2025-12-31	42000.0	0.0	36.0	https://lobbying.wi.gov/Who/PrincipalInformation/2025REG/Information/12925
WI-principal-12926-expenditure-2025-H1	12926	WI	expenditure_report	client	2025-01-01	2025-06-30	0.0	0.0	0.0	https://lobbying.wi.gov/Who/PrincipalInformation/2025REG/Information/12926
WI-principal-12926-expenditure-2025-H2	12926	WI	expenditure_report	client	2025-07-01	2025-12-31	0.0	0.0	0.0	https://lobbying.wi.gov/Who/PrincipalInformation/2025REG/Information/12926
WI-principal-12930-expenditure-2025-H1	12930	WI	expenditure_report	client	2025-01-01	2025-06-30	335.25	3.2	1.5	https://lobbying.wi.gov/Who/PrincipalInformation/2025REG/Information/12930
WI-principal-12930-expenditure-2025-H2	12930	WI	expenditure_report	client	2025-07-01	2025-12-31	223.45	4.0	1.0	https://lobbying.wi.gov/Who/PrincipalInformation/2025REG/Information/12930
WI-principal-12931-expenditure-2025-H1	12931	WI	expenditure_report	client	2025-01-01	2025-06-30	25004.67	6.0	12.0	https://lobbying.wi.gov/Who/PrincipalInformation/2025REG/Information/12931
WI-principal-12931-expenditure-2025-H2	12931	WI	expenditure_report	client	2025-07-01	2025-12-31	0.0	0.0	0.0	https://lobbying.wi.gov/Who/PrincipalInformation/2025REG/Information/12931
WI-principal-12932-expenditure-2025-H1	12932	WI	expenditure_report	client	2025-01-01	2025-06-30	30250.0	14.5	25.0	https://lobbying.wi.gov/Who/PrincipalInformation/2025REG/Information/12932
WI-principal-12932-expenditure-2025-H2	12932	WI	expenditure_report	client	2025-07-01	2025-12-31	42000.0	9.0	14.0	https://lobbying.wi.gov/Who/PrincipalInformation/2025REG/Information/12932
WI-principal-12933-expenditure-2025-H1	12933	WI	expenditure_report	client	2025-01-01	2025-06-30	9298.15	25.82	82.0	https://lobbying.wi.gov/Who/PrincipalInformation/2025REG/Information/12933
WI-principal-12933-expenditure-2025-H2	12933	WI	expenditure_report	client	2025-07-01	2025-12-31	0.0	0.0	0.0	https://lobbying.wi.gov/Who/PrincipalInformation/2025REG/Information/12933
WI-principal-12934-expenditure-2025-H1	12934	WI	expenditure_report	client	2025-01-01	2025-06-30	8000.0	28.0	26.5	https://lobbying.wi.gov/Who/PrincipalInformation/2025REG/Information/12934
WI-principal-12934-expenditure-2025-H2	12934	WI	expenditure_report	client	2025-07-01	2025-12-31	2000.0	2.5	7.25	https://lobbying.wi.gov/Who/PrincipalInformation/2025REG/Information/12934
WI-principal-12938-expenditure-2025-H1	12938	WI	expenditure_report	client	2025-01-01	2025-06-30	693.6	13.5	0.0	https://lobbying.wi.gov/Who/PrincipalInformation/2025REG/Information/12938
WI-principal-12938-expenditure-2025-H2	12938	WI	expenditure_report	client	2025-07-01	2025-12-31	602.2	8.0	0.0	https://lobbying.wi.gov/Who/PrincipalInformation/2025REG/Information/12938
WI-principal-12939-expenditure-2025-H1	12939	WI	expenditure_report	client	2025-01-01	2025-06-30	18900.0	10.0	1.0	https://lobbying.wi.gov/Who/PrincipalInformation/2025REG/Information/12939
WI-principal-12939-expenditure-2025-H2	12939	WI	expenditure_report	client	2025-07-01	2025-12-31	0.0	0.0	0.0	https://lobbying.wi.gov/Who/PrincipalInformation/2025REG/Information/12939
WI-principal-12941-expenditure-2025-H1	12941	WI	expenditure_report	client	2025-01-01	2025-06-30	24000.0	23.0	21.0	https://lobbying.wi.gov/Who/PrincipalInformation/2025REG/Information/12941
WI-principal-12941-expenditure-2025-H2	12941	WI	expenditure_report	client	2025-07-01	2025-12-31	0.0	0.0	0.0	https://lobbying.wi.gov/Who/PrincipalInformation/2025REG/Information/12941
WI-principal-12944-expenditure-2025-H1	12944	WI	expenditure_report	client	2025-01-01	2025-06-30	32000.0	12.5	19.75	https://lobbying.wi.gov/Who/PrincipalInformation/2025REG/Information/12944
WI-principal-12944-expenditure-2025-H2	12944	WI	expenditure_report	client	2025-07-01	2025-12-31	48000.0	13.0	28.0	https://lobbying.wi.gov/Who/PrincipalInformation/2025REG/Information/12944
WI-principal-12945-expenditure-2025-H1	12945	WI	expenditure_report	client	2025-01-01	2025-06-30	3800.0	3.5	15.5	https://lobbying.wi.gov/Who/PrincipalInformation/2025REG/Information/12945
WI-principal-12945-expenditure-2025-H2	12945	WI	expenditure_report	client	2025-07-01	2025-12-31	4850.0	4.5	19.75	https://lobbying.wi.gov/Who/PrincipalInformation/2025REG/Information/12945
WI-principal-12946-expenditure-2025-H1	12946	WI	expenditure_report	client	2025-01-01	2025-06-30	22500.0	30.0	53.0	https://lobbying.wi.gov/Who/PrincipalInformation/2025REG/Information/12946
WI-principal-12946-expenditure-2025-H2	12946	WI	expenditure_report	client	2025-07-01	2025-12-31	3000.0	5.0	20.0	https://lobbying.wi.gov/Who/PrincipalInformation/2025REG/Information/12946
WI-principal-12947-expenditure-2025-H1	12947	WI	expenditure_report	client	2025-01-01	2025-06-30	14875.0	24.5	38.0	https://lobbying.wi.gov/Who/PrincipalInformation/2025REG/Information/12947
WI-principal-12947-expenditure-2025-H2	12947	WI	expenditure_report	client	2025-07-01	2025-12-31	21000.0	44.5	60.0	https://lobbying.wi.gov/Who/PrincipalInformation/2025REG/Information/12947
WI-principal-12948-expenditure-2025-H1	12948	WI	expenditure_report	client	2025-01-01	2025-06-30	51.6	1.2	0.0	https://lobbying.wi.gov/Who/PrincipalInformation/2025REG/Information/12948
WI-principal-12948-expenditure-2025-H2	12948	WI	expenditure_report	client	2025-07-01	2025-12-31	32.25	0.75	0.0	https://lobbying.wi.gov/Who/PrincipalInformation/2025REG/Information/12948
WI-principal-12951-expenditure-2025-H1	12951	WI	expenditure_report	client	2025-01-01	2025-06-30	24000.0	16.0	52.0	https://lobbying.wi.gov/Who/PrincipalInformation/2025REG/Information/12951
WI-principal-12951-expenditure-2025-H2	12951	WI	expenditure_report	client	2025-07-01	2025-12-31	36000.0	8.0	24.0	https://lobbying.wi.gov/Who/PrincipalInformation/2025REG/Information/12951
WI-principal-12953-expenditure-2025-H1	12953	WI	expenditure_report	client	2025-01-01	2025-06-30	30000.0	46.0	65.0	https://lobbying.wi.gov/Who/PrincipalInformation/2025REG/Information/12953
WI-principal-12953-expenditure-2025-H2	12953	WI	expenditure_report	client	2025-07-01	2025-12-31	30000.0	73.0	79.0	https://lobbying.wi.gov/Who/PrincipalInformation/2025REG/Information/12953
WI-principal-12954-expenditure-2025-H1	12954	WI	expenditure_report	client	2025-01-01	2025-06-30	2500.0	4.5	10.0	https://lobbying.wi.gov/Who/PrincipalInformation/2025REG/Information/12954
WI-principal-12954-expenditure-2025-H2	12954	WI	expenditure_report	client	2025-07-01	2025-12-31	6500.0	7.75	11.25	https://lobbying.wi.gov/Who/PrincipalInformation/2025REG/Information/12954
WI-principal-12955-expenditure-2025-H1	12955	WI	expenditure_report	client	2025-01-01	2025-06-30	976.0	14.5	16.0	https://lobbying.wi.gov/Who/PrincipalInformation/2025REG/Information/12955
WI-principal-12955-expenditure-2025-H2	12955	WI	expenditure_report	client	2025-07-01	2025-12-31	141.75	0.5	4.0	https://lobbying.wi.gov/Who/PrincipalInformation/2025REG/Information/12955
WI-principal-12958-expenditure-2025-H1	12958	WI	expenditure_report	client	2025-01-01	2025-06-30	32530.4	21.5	18.0	https://lobbying.wi.gov/Who/PrincipalInformation/2025REG/Information/12958
WI-principal-12958-expenditure-2025-H2	12958	WI	expenditure_report	client	2025-07-01	2025-12-31	42000.0	0.5	15.0	https://lobbying.wi.gov/Who/PrincipalInformation/2025REG/Information/12958
WI-principal-12959-expenditure-2025-H1	12959	WI	expenditure_report	client	2025-01-01	2025-06-30	30066.55	33.5	95.75	https://lobbying.wi.gov/Who/PrincipalInformation/2025REG/Information/12959
WI-principal-12959-expenditure-2025-H2	12959	WI	expenditure_report	client	2025-07-01	2025-12-31	26000.0	9.5	50.5	https://lobbying.wi.gov/Who/PrincipalInformation/2025REG/Information/12959
WI-principal-12960-expenditure-2025-H1	12960	WI	expenditure_report	client	2025-01-01	2025-06-30	0.0	0.0	0.0	https://lobbying.wi.gov/Who/PrincipalInformation/2025REG/Information/12960
WI-principal-12960-expenditure-2025-H2	12960	WI	expenditure_report	client	2025-07-01	2025-12-31	35000.0	0.0	0.0	https://lobbying.wi.gov/Who/PrincipalInformation/2025REG/Information/12960
WI-principal-12962-expenditure-2025-H1	12962	WI	expenditure_report	client	2025-01-01	2025-06-30	24812.47	10.0	30.5	https://lobbying.wi.gov/Who/PrincipalInformation/2025REG/Information/12962
WI-principal-12962-expenditure-2025-H2	12962	WI	expenditure_report	client	2025-07-01	2025-12-31	30000.0	15.5	45.0	https://lobbying.wi.gov/Who/PrincipalInformation/2025REG/Information/12962
WI-principal-12963-expenditure-2025-H1	12963	WI	expenditure_report	client	2025-01-01	2025-06-30	30000.0	1.0	2.0	https://lobbying.wi.gov/Who/PrincipalInformation/2025REG/Information/12963
WI-principal-12963-expenditure-2025-H2	12963	WI	expenditure_report	client	2025-07-01	2025-12-31	30800.36	1.0	7.5	https://lobbying.wi.gov/Who/PrincipalInformation/2025REG/Information/12963
WI-principal-12964-expenditure-2025-H1	12964	WI	expenditure_report	client	2025-01-01	2025-06-30	30000.0	31.5	26.5	https://lobbying.wi.gov/Who/PrincipalInformation/2025REG/Information/12964
WI-principal-12964-expenditure-2025-H2	12964	WI	expenditure_report	client	2025-07-01	2025-12-31	45000.0	7.5	15.0	https://lobbying.wi.gov/Who/PrincipalInformation/2025REG/Information/12964
WI-principal-12965-expenditure-2025-H1	12965	WI	expenditure_report	client	2025-01-01	2025-06-30	18000.0	1.0	8.0	https://lobbying.wi.gov/Who/PrincipalInformation/2025REG/Information/12965
WI-principal-12965-expenditure-2025-H2	12965	WI	expenditure_report	client	2025-07-01	2025-12-31	18000.0	1.0	7.0	https://lobbying.wi.gov/Who/PrincipalInformation/2025REG/Information/12965
WI-principal-12966-expenditure-2025-H1	12966	WI	expenditure_report	client	2025-01-01	2025-06-30	1797.64	8.09	27.5	https://lobbying.wi.gov/Who/PrincipalInformation/2025REG/Information/12966
WI-principal-12966-expenditure-2025-H2	12966	WI	expenditure_report	client	2025-07-01	2025-12-31	2514.09	47.62	8.71	https://lobbying.wi.gov/Who/PrincipalInformation/2025REG/Information/12966
WI-principal-12967-expenditure-2025-H1	12967	WI	expenditure_report	client	2025-01-01	2025-06-30	737.0	8.0	3.0	https://lobbying.wi.gov/Who/PrincipalInformation/2025REG/Information/12967
WI-principal-12967-expenditure-2025-H2	12967	WI	expenditure_report	client	2025-07-01	2025-12-31	0.0	14.0	2.0	https://lobbying.wi.gov/Who/PrincipalInformation/2025REG/Information/12967
WI-principal-12969-expenditure-2025-H1	12969	WI	expenditure_report	client	2025-01-01	2025-06-30	11059.0	3.75	43.25	https://lobbying.wi.gov/Who/PrincipalInformation/2025REG/Information/12969
WI-principal-12969-expenditure-2025-H2	12969	WI	expenditure_report	client	2025-07-01	2025-12-31	16600.0	0.75	62.5	https://lobbying.wi.gov/Who/PrincipalInformation/2025REG/Information/12969
WI-principal-12970-expenditure-2025-H1	12970	WI	expenditure_report	client	2025-01-01	2025-06-30	18000.0	0.75	8.25	https://lobbying.wi.gov/Who/PrincipalInformation/2025REG/Information/12970
WI-principal-12970-expenditure-2025-H2	12970	WI	expenditure_report	client	2025-07-01	2025-12-31	18000.0	1.0	6.75	https://lobbying.wi.gov/Who/PrincipalInformation/2025REG/Information/12970
WI-principal-12971-expenditure-2025-H1	12971	WI	expenditure_report	client	2025-01-01	2025-06-30	1636.5	29.75	7.5	https://lobbying.wi.gov/Who/PrincipalInformation/2025REG/Information/12971
WI-principal-12971-expenditure-2025-H2	12971	WI	expenditure_report	client	2025-07-01	2025-12-31	537.0	10.75	0.25	https://lobbying.wi.gov/Who/PrincipalInformation/2025REG/Information/12971
WI-principal-12972-expenditure-2025-H1	12972	WI	expenditure_report	client	2025-01-01	2025-06-30	21600.0	8.5	14.5	https://lobbying.wi.gov/Who/PrincipalInformation/2025REG/Information/12972
WI-principal-12972-expenditure-2025-H2	12972	WI	expenditure_report	client	2025-07-01	2025-12-31	0.0	0.0	0.0	https://lobbying.wi.gov/Who/PrincipalInformation/2025REG/Information/12972
WI-principal-12973-expenditure-2025-H1	12973	WI	expenditure_report	client	2025-01-01	2025-06-30	4500.0	5.0	32.0	https://lobbying.wi.gov/Who/PrincipalInformation/2025REG/Information/12973
WI-principal-12973-expenditure-2025-H2	12973	WI	expenditure_report	client	2025-07-01	2025-12-31	3000.0	0.0	23.0	https://lobbying.wi.gov/Who/PrincipalInformation/2025REG/Information/12973
WI-principal-12974-expenditure-2025-H1	12974	WI	expenditure_report	client	2025-01-01	2025-06-30	44495.41	43.0	44.0	https://lobbying.wi.gov/Who/PrincipalInformation/2025REG/Information/12974
WI-principal-12974-expenditure-2025-H2	12974	WI	expenditure_report	client	2025-07-01	2025-12-31	4800.0	12.0	48.0	https://lobbying.wi.gov/Who/PrincipalInformation/2025REG/Information/12974
WI-principal-12975-expenditure-2025-H1	12975	WI	expenditure_report	client	2025-01-01	2025-06-30	30000.0	5.5	26.0	https://lobbying.wi.gov/Who/PrincipalInformation/2025REG/Information/12975
WI-principal-12975-expenditure-2025-H2	12975	WI	expenditure_report	client	2025-07-01	2025-12-31	0.0	0.0	0.0	https://lobbying.wi.gov/Who/PrincipalInformation/2025REG/Information/12975
WI-principal-12977-expenditure-2025-H1	12977	WI	expenditure_report	client	2025-01-01	2025-06-30	39126.0	1.75	7.0	https://lobbying.wi.gov/Who/PrincipalInformation/2025REG/Information/12977
WI-principal-12977-expenditure-2025-H2	12977	WI	expenditure_report	client	2025-07-01	2025-12-31	39000.0	0.5	3.0	https://lobbying.wi.gov/Who/PrincipalInformation/2025REG/Information/12977
WI-principal-12981-expenditure-2025-H1	12981	WI	expenditure_report	client	2025-01-01	2025-06-30	30000.0	0.0	2.75	https://lobbying.wi.gov/Who/PrincipalInformation/2025REG/Information/12981
WI-principal-12981-expenditure-2025-H2	12981	WI	expenditure_report	client	2025-07-01	2025-12-31	30000.0	0.0	1.75	https://lobbying.wi.gov/Who/PrincipalInformation/2025REG/Information/12981
WI-principal-12982-expenditure-2025-H1	12982	WI	expenditure_report	client	2025-01-01	2025-06-30	11100.0	11.5	136.5	https://lobbying.wi.gov/Who/PrincipalInformation/2025REG/Information/12982
WI-principal-12982-expenditure-2025-H2	12982	WI	expenditure_report	client	2025-07-01	2025-12-31	11250.0	15.0	135.0	https://lobbying.wi.gov/Who/PrincipalInformation/2025REG/Information/12982
WI-principal-12983-expenditure-2025-H1	12983	WI	expenditure_report	client	2025-01-01	2025-06-30	24500.0	10.5	18.5	https://lobbying.wi.gov/Who/PrincipalInformation/2025REG/Information/12983
WI-principal-12983-expenditure-2025-H2	12983	WI	expenditure_report	client	2025-07-01	2025-12-31	42000.0	29.5	22.0	https://lobbying.wi.gov/Who/PrincipalInformation/2025REG/Information/12983
WI-principal-12985-expenditure-2025-H1	12985	WI	expenditure_report	client	2025-01-01	2025-06-30	665.14	9.8	87.3	https://lobbying.wi.gov/Who/PrincipalInformation/2025REG/Information/12985
WI-principal-12985-expenditure-2025-H2	12985	WI	expenditure_report	client	2025-07-01	2025-12-31	4510.94	1.6	50.7	https://lobbying.wi.gov/Who/PrincipalInformation/2025REG/Information/12985
WI-principal-12986-expenditure-2025-H1	12986	WI	expenditure_report	client	2025-01-01	2025-06-30	11170.0	10.0	50.0	https://lobbying.wi.gov/Who/PrincipalInformation/2025REG/Information/12986
WI-principal-12986-expenditure-2025-H2	12986	WI	expenditure_report	client	2025-07-01	2025-12-31	22000.0	22.0	222.5	https://lobbying.wi.gov/Who/PrincipalInformation/2025REG/Information/12986
WI-principal-12988-expenditure-2025-H1	12988	WI	expenditure_report	client	2025-01-01	2025-06-30	12000.0	25.75	57.75	https://lobbying.wi.gov/Who/PrincipalInformation/2025REG/Information/12988
WI-principal-12988-expenditure-2025-H2	12988	WI	expenditure_report	client	2025-07-01	2025-12-31	24000.0	20.0	97.5	https://lobbying.wi.gov/Who/PrincipalInformation/2025REG/Information/12988
WI-principal-12989-expenditure-2025-H1	12989	WI	expenditure_report	client	2025-01-01	2025-06-30	5102.5	13.5	14.0	https://lobbying.wi.gov/Who/PrincipalInformation/2025REG/Information/12989
WI-principal-12989-expenditure-2025-H2	12989	WI	expenditure_report	client	2025-07-01	2025-12-31	14272.67	24.5	54.25	https://lobbying.wi.gov/Who/PrincipalInformation/2025REG/Information/12989
WI-principal-12990-expenditure-2025-H1	12990	WI	expenditure_report	client	2025-01-01	2025-06-30	13500.0	3.0	6.0	https://lobbying.wi.gov/Who/PrincipalInformation/2025REG/Information/12990
WI-principal-12990-expenditure-2025-H2	12990	WI	expenditure_report	client	2025-07-01	2025-12-31	13500.0	4.0	7.0	https://lobbying.wi.gov/Who/PrincipalInformation/2025REG/Information/12990
WI-principal-12991-expenditure-2025-H1	12991	WI	expenditure_report	client	2025-01-01	2025-06-30	0.0	0.0	0.0	https://lobbying.wi.gov/Who/PrincipalInformation/2025REG/Information/12991
WI-principal-12991-expenditure-2025-H2	12991	WI	expenditure_report	client	2025-07-01	2025-12-31	0.0	0.0	0.0	https://lobbying.wi.gov/Who/PrincipalInformation/2025REG/Information/12991
WI-principal-12993-expenditure-2025-H1	12993	WI	expenditure_report	client	2025-01-01	2025-06-30	1400.0	15.0	13.0	https://lobbying.wi.gov/Who/PrincipalInformation/2025REG/Information/12993
WI-principal-12993-expenditure-2025-H2	12993	WI	expenditure_report	client	2025-07-01	2025-12-31	0.0	31.0	21.0	https://lobbying.wi.gov/Who/PrincipalInformation/2025REG/Information/12993
WI-principal-12994-expenditure-2025-H1	12994	WI	expenditure_report	client	2025-01-01	2025-06-30	6350.85	4.1	0.5	https://lobbying.wi.gov/Who/PrincipalInformation/2025REG/Information/12994
WI-principal-12994-expenditure-2025-H2	12994	WI	expenditure_report	client	2025-07-01	2025-12-31	0.0	0.0	0.0	https://lobbying.wi.gov/Who/PrincipalInformation/2025REG/Information/12994
WI-principal-12996-expenditure-2025-H1	12996	WI	expenditure_report	client	2025-01-01	2025-06-30	8000.0	3.5	43.25	https://lobbying.wi.gov/Who/PrincipalInformation/2025REG/Information/12996
WI-principal-12996-expenditure-2025-H2	12996	WI	expenditure_report	client	2025-07-01	2025-12-31	0.0	0.0	0.0	https://lobbying.wi.gov/Who/PrincipalInformation/2025REG/Information/12996
WI-principal-12997-expenditure-2025-H2	12997	WI	expenditure_report	client	2025-07-01	2025-12-31	0.0	0.0	0.0	https://lobbying.wi.gov/Who/PrincipalInformation/2025REG/Information/12997
WI-principal-12999-expenditure-2025-H1	12999	WI	expenditure_report	client	2025-01-01	2025-06-30	10000.0	8.5	15.25	https://lobbying.wi.gov/Who/PrincipalInformation/2025REG/Information/12999
WI-principal-12999-expenditure-2025-H2	12999	WI	expenditure_report	client	2025-07-01	2025-12-31	30000.0	2.5	10.5	https://lobbying.wi.gov/Who/PrincipalInformation/2025REG/Information/12999
WI-principal-13000-expenditure-2025-H1	13000	WI	expenditure_report	client	2025-01-01	2025-06-30	1000.0	11.5	17.0	https://lobbying.wi.gov/Who/PrincipalInformation/2025REG/Information/13000
WI-principal-13000-expenditure-2025-H2	13000	WI	expenditure_report	client	2025-07-01	2025-12-31	5250.0	6.75	46.75	https://lobbying.wi.gov/Who/PrincipalInformation/2025REG/Information/13000
WI-principal-13001-expenditure-2025-H1	13001	WI	expenditure_report	client	2025-01-01	2025-06-30	1083.0	9.5	6.5	https://lobbying.wi.gov/Who/PrincipalInformation/2025REG/Information/13001
WI-principal-13001-expenditure-2025-H2	13001	WI	expenditure_report	client	2025-07-01	2025-12-31	0.0	0.0	0.0	https://lobbying.wi.gov/Who/PrincipalInformation/2025REG/Information/13001
WI-principal-13003-expenditure-2025-H1	13003	WI	expenditure_report	client	2025-01-01	2025-06-30	504.0	3.0	0.0	https://lobbying.wi.gov/Who/PrincipalInformation/2025REG/Information/13003
WI-principal-13003-expenditure-2025-H2	13003	WI	expenditure_report	client	2025-07-01	2025-12-31	1690.0	1.0	0.0	https://lobbying.wi.gov/Who/PrincipalInformation/2025REG/Information/13003
WI-principal-13007-expenditure-2025-H1	13007	WI	expenditure_report	client	2025-01-01	2025-06-30	6000.0	0.0	0.0	https://lobbying.wi.gov/Who/PrincipalInformation/2025REG/Information/13007
WI-principal-13007-expenditure-2025-H2	13007	WI	expenditure_report	client	2025-07-01	2025-12-31	20000.0	2.0	4.25	https://lobbying.wi.gov/Who/PrincipalInformation/2025REG/Information/13007
WI-principal-13009-expenditure-2025-H1	13009	WI	expenditure_report	client	2025-01-01	2025-06-30	989.1	1.0	4.0	https://lobbying.wi.gov/Who/PrincipalInformation/2025REG/Information/13009
WI-principal-13009-expenditure-2025-H2	13009	WI	expenditure_report	client	2025-07-01	2025-12-31	32769.48	11.0	12.0	https://lobbying.wi.gov/Who/PrincipalInformation/2025REG/Information/13009
WI-principal-13010-expenditure-2025-H1	13010	WI	expenditure_report	client	2025-01-01	2025-06-30	0.0	0.0	0.0	https://lobbying.wi.gov/Who/PrincipalInformation/2025REG/Information/13010
WI-principal-13010-expenditure-2025-H2	13010	WI	expenditure_report	client	2025-07-01	2025-12-31	0.0	0.0	0.0	https://lobbying.wi.gov/Who/PrincipalInformation/2025REG/Information/13010
WI-principal-13011-expenditure-2025-H1	13011	WI	expenditure_report	client	2025-01-01	2025-06-30	509.6	14.0	0.0	https://lobbying.wi.gov/Who/PrincipalInformation/2025REG/Information/13011
WI-principal-13011-expenditure-2025-H2	13011	WI	expenditure_report	client	2025-07-01	2025-12-31	837.64	11.3	0.0	https://lobbying.wi.gov/Who/PrincipalInformation/2025REG/Information/13011
WI-principal-13012-expenditure-2025-H1	13012	WI	expenditure_report	client	2025-01-01	2025-06-30	4254.0	9.4	4.0	https://lobbying.wi.gov/Who/PrincipalInformation/2025REG/Information/13012
WI-principal-13012-expenditure-2025-H2	13012	WI	expenditure_report	client	2025-07-01	2025-12-31	17928.9	4.0	0.0	https://lobbying.wi.gov/Who/PrincipalInformation/2025REG/Information/13012
WI-principal-13014-expenditure-2025-H1	13014	WI	expenditure_report	client	2025-01-01	2025-06-30	770.3	10.0	0.0	https://lobbying.wi.gov/Who/PrincipalInformation/2025REG/Information/13014
WI-principal-13014-expenditure-2025-H2	13014	WI	expenditure_report	client	2025-07-01	2025-12-31	770.3	6.0	0.0	https://lobbying.wi.gov/Who/PrincipalInformation/2025REG/Information/13014
WI-principal-13020-expenditure-2025-H1	13020	WI	expenditure_report	client	2025-01-01	2025-06-30	6000.0	11.0	20.5	https://lobbying.wi.gov/Who/PrincipalInformation/2025REG/Information/13020
WI-principal-13020-expenditure-2025-H2	13020	WI	expenditure_report	client	2025-07-01	2025-12-31	32400.0	12.0	23.0	https://lobbying.wi.gov/Who/PrincipalInformation/2025REG/Information/13020
WI-principal-13021-expenditure-2025-H1	13021	WI	expenditure_report	client	2025-01-01	2025-06-30	0.0	0.0	0.0	https://lobbying.wi.gov/Who/PrincipalInformation/2025REG/Information/13021
WI-principal-13021-expenditure-2025-H2	13021	WI	expenditure_report	client	2025-07-01	2025-12-31	0.0	0.0	0.0	https://lobbying.wi.gov/Who/PrincipalInformation/2025REG/Information/13021
WI-principal-13023-expenditure-2025-H1	13023	WI	expenditure_report	client	2025-01-01	2025-06-30	8000.0	22.5	12.5	https://lobbying.wi.gov/Who/PrincipalInformation/2025REG/Information/13023
WI-principal-13023-expenditure-2025-H2	13023	WI	expenditure_report	client	2025-07-01	2025-12-31	24000.0	14.0	19.5	https://lobbying.wi.gov/Who/PrincipalInformation/2025REG/Information/13023
WI-principal-13024-expenditure-2025-H2	13024	WI	expenditure_report	client	2025-07-01	2025-12-31	0.0	0.0	0.0	https://lobbying.wi.gov/Who/PrincipalInformation/2025REG/Information/13024
WI-principal-13025-expenditure-2025-H1	13025	WI	expenditure_report	client	2025-01-01	2025-06-30	31500.0	2.0	18.0	https://lobbying.wi.gov/Who/PrincipalInformation/2025REG/Information/13025
WI-principal-13025-expenditure-2025-H2	13025	WI	expenditure_report	client	2025-07-01	2025-12-31	42000.0	12.0	37.25	https://lobbying.wi.gov/Who/PrincipalInformation/2025REG/Information/13025
WI-principal-13026-expenditure-2025-H1	13026	WI	expenditure_report	client	2025-01-01	2025-06-30	7892.7	2.0	9.0	https://lobbying.wi.gov/Who/PrincipalInformation/2025REG/Information/13026
WI-principal-13026-expenditure-2025-H2	13026	WI	expenditure_report	client	2025-07-01	2025-12-31	0.0	0.0	0.0	https://lobbying.wi.gov/Who/PrincipalInformation/2025REG/Information/13026
WI-principal-13028-expenditure-2025-H1	13028	WI	expenditure_report	client	2025-01-01	2025-06-30	0.0	0.0	0.0	https://lobbying.wi.gov/Who/PrincipalInformation/2025REG/Information/13028
WI-principal-13028-expenditure-2025-H2	13028	WI	expenditure_report	client	2025-07-01	2025-12-31	20000.0	3.8	1.0	https://lobbying.wi.gov/Who/PrincipalInformation/2025REG/Information/13028
WI-principal-13029-expenditure-2025-H1	13029	WI	expenditure_report	client	2025-01-01	2025-06-30	0.0	11.0	4.0	https://lobbying.wi.gov/Who/PrincipalInformation/2025REG/Information/13029
WI-principal-13029-expenditure-2025-H2	13029	WI	expenditure_report	client	2025-07-01	2025-12-31	0.0	4.0	1.0	https://lobbying.wi.gov/Who/PrincipalInformation/2025REG/Information/13029
WI-principal-13030-expenditure-2025-H1	13030	WI	expenditure_report	client	2025-01-01	2025-06-30	1005.0	2.0	9.0	https://lobbying.wi.gov/Who/PrincipalInformation/2025REG/Information/13030
WI-principal-13030-expenditure-2025-H2	13030	WI	expenditure_report	client	2025-07-01	2025-12-31	0.0	0.0	0.0	https://lobbying.wi.gov/Who/PrincipalInformation/2025REG/Information/13030
WI-principal-13031-expenditure-2025-H1	13031	WI	expenditure_report	client	2025-01-01	2025-06-30	5000.0	10.0	4.0	https://lobbying.wi.gov/Who/PrincipalInformation/2025REG/Information/13031
WI-principal-13031-expenditure-2025-H2	13031	WI	expenditure_report	client	2025-07-01	2025-12-31	11200.0	26.0	16.0	https://lobbying.wi.gov/Who/PrincipalInformation/2025REG/Information/13031
WI-principal-13032-expenditure-2025-H1	13032	WI	expenditure_report	client	2025-01-01	2025-06-30	0.0	0.0	0.0	https://lobbying.wi.gov/Who/PrincipalInformation/2025REG/Information/13032
WI-principal-13032-expenditure-2025-H2	13032	WI	expenditure_report	client	2025-07-01	2025-12-31	16500.0	0.0	0.0	https://lobbying.wi.gov/Who/PrincipalInformation/2025REG/Information/13032
WI-principal-13033-expenditure-2025-H1	13033	WI	expenditure_report	client	2025-01-01	2025-06-30	2655.0	0.0	6.0	https://lobbying.wi.gov/Who/PrincipalInformation/2025REG/Information/13033
WI-principal-13033-expenditure-2025-H2	13033	WI	expenditure_report	client	2025-07-01	2025-12-31	30000.0	0.0	51.5	https://lobbying.wi.gov/Who/PrincipalInformation/2025REG/Information/13033
WI-principal-13034-expenditure-2025-H2	13034	WI	expenditure_report	client	2025-07-01	2025-12-31	36000.0	16.15	56.45	https://lobbying.wi.gov/Who/PrincipalInformation/2025REG/Information/13034
WI-principal-13036-expenditure-2025-H2	13036	WI	expenditure_report	client	2025-07-01	2025-12-31	2458.48	32.38	10.44	https://lobbying.wi.gov/Who/PrincipalInformation/2025REG/Information/13036
WI-principal-13037-expenditure-2025-H1	13037	WI	expenditure_report	client	2025-01-01	2025-06-30	0.0	0.0	0.0	https://lobbying.wi.gov/Who/PrincipalInformation/2025REG/Information/13037
WI-principal-13037-expenditure-2025-H2	13037	WI	expenditure_report	client	2025-07-01	2025-12-31	41443.5	48.1	12.0	https://lobbying.wi.gov/Who/PrincipalInformation/2025REG/Information/13037
WI-principal-13038-expenditure-2025-H1	13038	WI	expenditure_report	client	2025-01-01	2025-06-30	0.0	0.0	0.0	https://lobbying.wi.gov/Who/PrincipalInformation/2025REG/Information/13038
WI-principal-13038-expenditure-2025-H2	13038	WI	expenditure_report	client	2025-07-01	2025-12-31	0.0	0.0	0.0	https://lobbying.wi.gov/Who/PrincipalInformation/2025REG/Information/13038
WI-principal-13039-expenditure-2025-H2	13039	WI	expenditure_report	client	2025-07-01	2025-12-31	52500.0	27.25	29.75	https://lobbying.wi.gov/Who/PrincipalInformation/2025REG/Information/13039
WI-principal-13041-expenditure-2025-H1	13041	WI	expenditure_report	client	2025-01-01	2025-06-30	0.0	0.0	0.0	https://lobbying.wi.gov/Who/PrincipalInformation/2025REG/Information/13041
WI-principal-13041-expenditure-2025-H2	13041	WI	expenditure_report	client	2025-07-01	2025-12-31	51000.0	6.0	48.0	https://lobbying.wi.gov/Who/PrincipalInformation/2025REG/Information/13041
WI-principal-13048-expenditure-2025-H2	13048	WI	expenditure_report	client	2025-07-01	2025-12-31	62500.0	16.5	156.25	https://lobbying.wi.gov/Who/PrincipalInformation/2025REG/Information/13048
WI-principal-13049-expenditure-2025-H2	13049	WI	expenditure_report	client	2025-07-01	2025-12-31	14319.73	1.75	12.85	https://lobbying.wi.gov/Who/PrincipalInformation/2025REG/Information/13049
WI-principal-13050-expenditure-2025-H2	13050	WI	expenditure_report	client	2025-07-01	2025-12-31	16250.0	0.0	0.0	https://lobbying.wi.gov/Who/PrincipalInformation/2025REG/Information/13050
WI-principal-13052-expenditure-2025-H2	13052	WI	expenditure_report	client	2025-07-01	2025-12-31	2184.32	37.0	26.0	https://lobbying.wi.gov/Who/PrincipalInformation/2025REG/Information/13052
WI-principal-13053-expenditure-2025-H2	13053	WI	expenditure_report	client	2025-07-01	2025-12-31	7075.0	18.25	25.5	https://lobbying.wi.gov/Who/PrincipalInformation/2025REG/Information/13053
WI-principal-13057-expenditure-2025-H2	13057	WI	expenditure_report	client	2025-07-01	2025-12-31	7500.0	8.0	12.0	https://lobbying.wi.gov/Who/PrincipalInformation/2025REG/Information/13057
WI-principal-13059-expenditure-2025-H2	13059	WI	expenditure_report	client	2025-07-01	2025-12-31	20000.0	2.0	1.25	https://lobbying.wi.gov/Who/PrincipalInformation/2025REG/Information/13059
WI-principal-13062-expenditure-2025-H2	13062	WI	expenditure_report	client	2025-07-01	2025-12-31	0.0	0.0	0.0	https://lobbying.wi.gov/Who/PrincipalInformation/2025REG/Information/13062
WI-principal-13067-expenditure-2025-H2	13067	WI	expenditure_report	client	2025-07-01	2025-12-31	36000.0	18.4	59.25	https://lobbying.wi.gov/Who/PrincipalInformation/2025REG/Information/13067
WI-principal-13068-expenditure-2025-H2	13068	WI	expenditure_report	client	2025-07-01	2025-12-31	17727.27	0.0	0.0	https://lobbying.wi.gov/Who/PrincipalInformation/2025REG/Information/13068
WI-principal-13069-expenditure-2025-H2	13069	WI	expenditure_report	client	2025-07-01	2025-12-31	2138.18	5.0	31.0	https://lobbying.wi.gov/Who/PrincipalInformation/2025REG/Information/13069
WI-principal-13070-expenditure-2025-H2	13070	WI	expenditure_report	client	2025-07-01	2025-12-31	24343.5	21.3	7.8	https://lobbying.wi.gov/Who/PrincipalInformation/2025REG/Information/13070
WI-principal-13072-expenditure-2025-H2	13072	WI	expenditure_report	client	2025-07-01	2025-12-31	15000.0	31.0	18.5	https://lobbying.wi.gov/Who/PrincipalInformation/2025REG/Information/13072
WI-principal-13077-expenditure-2025-H2	13077	WI	expenditure_report	client	2025-07-01	2025-12-31	2023.21	7.2	1.5	https://lobbying.wi.gov/Who/PrincipalInformation/2025REG/Information/13077
WI-principal-13078-expenditure-2025-H2	13078	WI	expenditure_report	client	2025-07-01	2025-12-31	22000.0	4.0	13.0	https://lobbying.wi.gov/Who/PrincipalInformation/2025REG/Information/13078
WI-principal-13079-expenditure-2025-H2	13079	WI	expenditure_report	client	2025-07-01	2025-12-31	12307.26	1.5	9.75	https://lobbying.wi.gov/Who/PrincipalInformation/2025REG/Information/13079
WI-principal-13081-expenditure-2025-H2	13081	WI	expenditure_report	client	2025-07-01	2025-12-31	10040.0	19.0	12.0	https://lobbying.wi.gov/Who/PrincipalInformation/2025REG/Information/13081
WI-principal-13084-expenditure-2025-H2	13084	WI	expenditure_report	client	2025-07-01	2025-12-31	45000.0	17.15	36.4	https://lobbying.wi.gov/Who/PrincipalInformation/2025REG/Information/13084
WI-principal-13085-expenditure-2025-H2	13085	WI	expenditure_report	client	2025-07-01	2025-12-31	22390.0	9.05	39.5	https://lobbying.wi.gov/Who/PrincipalInformation/2025REG/Information/13085
WI-principal-13086-expenditure-2025-H2	13086	WI	expenditure_report	client	2025-07-01	2025-12-31	0.0	28.0	24.0	https://lobbying.wi.gov/Who/PrincipalInformation/2025REG/Information/13086
WI-principal-13088-expenditure-2025-H2	13088	WI	expenditure_report	client	2025-07-01	2025-12-31	9000.0	9.5	12.5	https://lobbying.wi.gov/Who/PrincipalInformation/2025REG/Information/13088
WI-principal-13090-expenditure-2025-H2	13090	WI	expenditure_report	client	2025-07-01	2025-12-31	1070.0	4.0	0.0	https://lobbying.wi.gov/Who/PrincipalInformation/2025REG/Information/13090
WI-principal-13093-expenditure-2025-H2	13093	WI	expenditure_report	client	2025-07-01	2025-12-31	0.0	15.5	1.0	https://lobbying.wi.gov/Who/PrincipalInformation/2025REG/Information/13093
WI-principal-13095-expenditure-2025-H2	13095	WI	expenditure_report	client	2025-07-01	2025-12-31	5000.0	3.5	8.0	https://lobbying.wi.gov/Who/PrincipalInformation/2025REG/Information/13095
WI-principal-13096-expenditure-2025-H2	13096	WI	expenditure_report	client	2025-07-01	2025-12-31	7500.0	27.75	29.75	https://lobbying.wi.gov/Who/PrincipalInformation/2025REG/Information/13096
WI-principal-13098-expenditure-2025-H2	13098	WI	expenditure_report	client	2025-07-01	2025-12-31	12000.0	4.5	7.5	https://lobbying.wi.gov/Who/PrincipalInformation/2025REG/Information/13098
WI-principal-13102-expenditure-2025-H2	13102	WI	expenditure_report	client	2025-07-01	2025-12-31	0.0	0.0	0.0	https://lobbying.wi.gov/Who/PrincipalInformation/2025REG/Information/13102
WI-principal-13104-expenditure-2025-H2	13104	WI	expenditure_report	client	2025-07-01	2025-12-31	8000.0	10.0	8.0	https://lobbying.wi.gov/Who/PrincipalInformation/2025REG/Information/13104
WI-principal-13105-expenditure-2025-H2	13105	WI	expenditure_report	client	2025-07-01	2025-12-31	262603.04	47.75	80.5	https://lobbying.wi.gov/Who/PrincipalInformation/2025REG/Information/13105
WI-principal-13106-expenditure-2025-H2	13106	WI	expenditure_report	client	2025-07-01	2025-12-31	12790.0	3.0	3.5	https://lobbying.wi.gov/Who/PrincipalInformation/2025REG/Information/13106
WI-principal-13107-expenditure-2025-H2	13107	WI	expenditure_report	client	2025-07-01	2025-12-31	13029.1	2.0	65.75	https://lobbying.wi.gov/Who/PrincipalInformation/2025REG/Information/13107
WI-principal-13109-expenditure-2025-H2	13109	WI	expenditure_report	client	2025-07-01	2025-12-31	975.65	5.5	0.0	https://lobbying.wi.gov/Who/PrincipalInformation/2025REG/Information/13109
WI-principal-13110-expenditure-2025-H2	13110	WI	expenditure_report	client	2025-07-01	2025-12-31	5000.0	38.0	0.0	https://lobbying.wi.gov/Who/PrincipalInformation/2025REG/Information/13110
WI-principal-13111-expenditure-2025-H2	13111	WI	expenditure_report	client	2025-07-01	2025-12-31	6000.0	38.0	0.0	https://lobbying.wi.gov/Who/PrincipalInformation/2025REG/Information/13111
WI-principal-13112-expenditure-2025-H2	13112	WI	expenditure_report	client	2025-07-01	2025-12-31	6000.0	38.0	0.0	https://lobbying.wi.gov/Who/PrincipalInformation/2025REG/Information/13112
WI-principal-13113-expenditure-2025-H2	13113	WI	expenditure_report	client	2025-07-01	2025-12-31	5000.0	38.0	0.0	https://lobbying.wi.gov/Who/PrincipalInformation/2025REG/Information/13113
WI-principal-13114-expenditure-2025-H2	13114	WI	expenditure_report	client	2025-07-01	2025-12-31	6000.0	0.0	1.5	https://lobbying.wi.gov/Who/PrincipalInformation/2025REG/Information/13114
WI-principal-13115-expenditure-2025-H2	13115	WI	expenditure_report	client	2025-07-01	2025-12-31	6250.0	0.0	0.0	https://lobbying.wi.gov/Who/PrincipalInformation/2025REG/Information/13115
WI-principal-13116-expenditure-2025-H2	13116	WI	expenditure_report	client	2025-07-01	2025-12-31	1650.0	0.5	11.0	https://lobbying.wi.gov/Who/PrincipalInformation/2025REG/Information/13116
WI-principal-13118-expenditure-2025-H2	13118	WI	expenditure_report	client	2025-07-01	2025-12-31	32240.0	11.5	3.0	https://lobbying.wi.gov/Who/PrincipalInformation/2025REG/Information/13118
WI-principal-13119-expenditure-2025-H2	13119	WI	expenditure_report	client	2025-07-01	2025-12-31	9000.0	13.5	4.3	https://lobbying.wi.gov/Who/PrincipalInformation/2025REG/Information/13119
WI-principal-13121-expenditure-2025-H2	13121	WI	expenditure_report	client	2025-07-01	2025-12-31	0.0	0.0	0.0	https://lobbying.wi.gov/Who/PrincipalInformation/2025REG/Information/13121
WI-principal-13122-expenditure-2025-H2	13122	WI	expenditure_report	client	2025-07-01	2025-12-31	2517.95	11.0	24.0	https://lobbying.wi.gov/Who/PrincipalInformation/2025REG/Information/13122
WI-principal-13123-expenditure-2025-H2	13123	WI	expenditure_report	client	2025-07-01	2025-12-31	625.0	0.0	6.25	https://lobbying.wi.gov/Who/PrincipalInformation/2025REG/Information/13123
WI-principal-13124-expenditure-2025-H2	13124	WI	expenditure_report	client	2025-07-01	2025-12-31	14655.0	1.0	11.25	https://lobbying.wi.gov/Who/PrincipalInformation/2025REG/Information/13124
WI-principal-13125-expenditure-2025-H2	13125	WI	expenditure_report	client	2025-07-01	2025-12-31	2002.0	10.75	0.0	https://lobbying.wi.gov/Who/PrincipalInformation/2025REG/Information/13125
WI-principal-13130-expenditure-2025-H2	13130	WI	expenditure_report	client	2025-07-01	2025-12-31	249.92	0.0	4.0	https://lobbying.wi.gov/Who/PrincipalInformation/2025REG/Information/13130
WI-principal-13131-expenditure-2025-H2	13131	WI	expenditure_report	client	2025-07-01	2025-12-31	22500.0	5.25	4.0	https://lobbying.wi.gov/Who/PrincipalInformation/2025REG/Information/13131
WI-principal-13132-expenditure-2025-H2	13132	WI	expenditure_report	client	2025-07-01	2025-12-31	1500.0	0.25	6.0	https://lobbying.wi.gov/Who/PrincipalInformation/2025REG/Information/13132
WI-principal-13133-expenditure-2025-H2	13133	WI	expenditure_report	client	2025-07-01	2025-12-31	0.0	0.0	0.0	https://lobbying.wi.gov/Who/PrincipalInformation/2025REG/Information/13133
WI-principal-13134-expenditure-2025-H2	13134	WI	expenditure_report	client	2025-07-01	2025-12-31	0.0	0.5	0.0	https://lobbying.wi.gov/Who/PrincipalInformation/2025REG/Information/13134
WI-principal-13135-expenditure-2025-H2	13135	WI	expenditure_report	client	2025-07-01	2025-12-31	0.0	8.1	8.0	https://lobbying.wi.gov/Who/PrincipalInformation/2025REG/Information/13135
WI-principal-13138-expenditure-2025-H2	13138	WI	expenditure_report	client	2025-07-01	2025-12-31	30000.0	0.0	0.0	https://lobbying.wi.gov/Who/PrincipalInformation/2025REG/Information/13138
