principal_id	id	name	source_state	classification	legal_form	sector	contact_details_json	ceo_name	business_or_interest	lobbying_interests_prose
10936	WI-principal-10936	WEC Energy Group, Inc.	WI				"[{""type"":""address"",""value"":""231 W Michigan St., P421\nMilwaukee, WI 53203"",""note"":""""},{""type"":""phone"",""value"":""(414) 221-4102"",""note"":""""},{""type"":""email"",""value"":""joel.haubrich@wecenergygroup.com"",""note"":""""},{""type"":""website"",""value"":""http://www.wecenergygroup.com/"",""note"":""""}]"	Scott  Lauber	"WEC Energy Group (NYSE: WEC), based in Milwaukee, is one of the nation's premier energy companies, serving 4.6 million customers in Wisconsin, Illinois, Michigan and Minnesota.

The company's principal utilities are We Energies, Wisconsin Public Service, Peoples Gas, North Shore Gas, Michigan Gas Utilities, Minnesota Energy Resources and Upper Michigan Energy Resources. Another major subsidiary, We Power, designs, builds and owns electric generating plants. In addition, WEC Infrastructure LLC owns a growing fleet of renewable generation facilities in the Midwest.

WEC Energy Group (wecenergygroup.com) is a Fortune 500 company and a component of the S&P 500. The company has 38,000 stockholders of record, 7,000 employees and $39 billion of assets."	Any and all legislation and administrative rules affecting operation or governance of the public utility industry and activities related to or in support of the energy or energy related businesses. Any and all legislation and administrative rules affecting any of the businesses owned by WEC Energy Group.
10937	WI-principal-10937	Wisconsin County Forests Association	WI				"[{""type"":""address"",""value"":""801 N Sales Str, Suite 107\nMerrill, WI 54452"",""note"":""""},{""type"":""phone"",""value"":""(715) 539-1097"",""note"":""""},{""type"":""email"",""value"":""rebekah@wisconsincountyforests.com"",""note"":""""},{""type"":""website"",""value"":""http://www.wisconsincountyforests.com"",""note"":""""}]"		Public forest and natural resource management interests of counties with county forest lands enrolled under Wisconsin's County Forest Law.  Engage in state legislative and policy issues related to public land and natural resource management.	Forestry, wildlife, conservation, natural resource management, tourism, and transportation issues that may impact or effect sustainable management of county forests enrolled under Wisconsin's County Forest Law.
10938	WI-principal-10938	Wisconsin Trust Account Foundation, Inc.	WI				"[{""type"":""address"",""value"":""203 S. Paterson St., Ste. 200\nMadison, WI 53703"",""note"":""""},{""type"":""phone"",""value"":""608-257-2841"",""note"":""""},{""type"":""email"",""value"":""rmurray@wistaf.org"",""note"":""""},{""type"":""website"",""value"":""http://wistaf.org"",""note"":""""}]"		WisTAF partners with and receives support from members of Wisconsin's legal profession and banking industry, via the Interest on Lawyers Trust Accounts (IOLTA) program and Public Interest Legal Services Fund (PILSF). WisTAF makes grants to nonprofit law firms and, on occasion, other social service agencies whose missions include increasing access to the civil justice system for low income Wisconsinites. WisTAF is governed by a 15-member board of directors appointed by the Chief Justice of the Wisconsin Supreme Court and/or State Bar of Wisconsin president (3 judges, 9 lawyers, 3 nonlawyers). (WisTAF also receives and administers public funding to support its mission.)	We anticipate educating policymakers on the need for civil legal aid in Wisconsin and requesting appropriate State investment in such services via the biennial budget process.
10939	WI-principal-10939	Wisconsin Hotel and Lodging Association	WI				"[{""type"":""address"",""value"":""125 N. Executive Drive, Ste. 206\nBrookfield, WI 53005"",""note"":""""},{""type"":""phone"",""value"":""(262) 782-2851"",""note"":""""},{""type"":""email"",""value"":""belliott@wisconsinlodging.org"",""note"":""""},{""type"":""website"",""value"":""http://www.wisconsinlodging.org"",""note"":""""}]"	Bill Elliott	Lodging industry throughout Wisconsin.	Any areas affecting the lodging and tourism industries as businesses and employers providing lodging services in Wisconsin to the public.
10940	WI-principal-10940	MACC Fund	WI				"[{""type"":""address"",""value"":""10000 Innovation Drive, Suite 135\nMilwaukee, WI 53226"",""note"":""""},{""type"":""phone"",""value"":""2625105675"",""note"":""""},{""type"":""email"",""value"":""agentry@maccfund.org"",""note"":""""},{""type"":""website"",""value"":""http://maccfund.org"",""note"":""""}]"		We raise funds for childhood cancer research. These funds come from individual donors, memorial gifts, fundraisers, corporate matching, and corporate sponsors.	We are working to introduce and pass a bill that would establish a pediatric cancer research trust fund to be housed in the Department of Health. We will be asking for an appropriation of $10 million. Once the trust fund is established, research institutions and hospitals can apply for grants for childhood cancer research.
10941	WI-principal-10941	Northwestern Mutual	WI				"[{""type"":""address"",""value"":""720 E Wisconsin Ave\nMilwaukee, WI 53202"",""note"":""""},{""type"":""phone"",""value"":""(414) 665-2574"",""note"":""""},{""type"":""email"",""value"":""patrickmcnulty@northwesternmutual.com"",""note"":""""},{""type"":""website"",""value"":""http://www.northwesternmutual.com"",""note"":""""}]"	Timothy Gerend	For more than 165 years, Northwestern Mutual has helped its policyowners and clients achieve financial security. The company offers insurance, investment products and advisory services to help people in the areas of financial protection, wealth accumulation, and estate preservation and distribution. Whether clients seek personal financial security or security for their business or estate, Northwestern Mutual offers an array of solutions, including permanent and term life insurance, disability insurance, long-term care insurance, annuities, trust services, mutual funds and advisory services.	Legislation and regulations regarding our products and services including permanent and term life insurance, disability income insurance, long term care insurance, annuities, trust services, mutual funds and other securities.
10942	WI-principal-10942	Outdoor Advertising Association of Wisconsin	WI				"[{""type"":""address"",""value"":""25 W. Main St., Suite 500\nMadison, WI 53703"",""note"":""""},{""type"":""phone"",""value"":""715-261-7353"",""note"":""""},{""type"":""email"",""value"":""kkilgore@ruderware.com"",""note"":""""},{""type"":""website"",""value"":""http://www.oaaw.org"",""note"":""""}]"	Kathleen Kilgore	The association represents outdoor advertising businesses.	The organization may attempt to influence any legislation or regulation which affects the billboard industry.
10943	WI-principal-10943	Academic Staff Professionals Representation Organization (ASPRO)	WI				"[{""type"":""address"",""value"":""25 W. Main St., Suite 500\nMadison, WI 53703"",""note"":""""},{""type"":""phone"",""value"":""715-261-7353"",""note"":""""},{""type"":""email"",""value"":""kkilgore@ruderware.com"",""note"":""""},{""type"":""website"",""value"":""http://www.aspro.net"",""note"":""""}]"	Kathleen Kilgore	Academic Staff employed throughout the University of Wisconsin System	ASPRO is primarily interested in legislation that affects higher education in the University of Wisconsin system and the academic staff members within the system.
10944	WI-principal-10944	Wisconsin Association of Free and Charitable Clinics	WI				"[{""type"":""address"",""value"":""1256 Capitol Drive, Suite 700, #210\nPewaukee, WI 53072"",""note"":""""},{""type"":""phone"",""value"":""(414) 308-6839 x_____"",""note"":""""},{""type"":""email"",""value"":""Dennis.Skrajewski@wafcclinics.org"",""note"":""""},{""type"":""website"",""value"":""http://wafcclinics.org"",""note"":""""}]"	Dennis Skrajewski	WAFCC represents Wisconsin's free and charitable clinics. Free and Charitable Clinics are safety-net health care organizations that utilize a volunteer/staff model to provide a range of medical, dental, pharmacy, vision and/or behavioral health services to economically disadvantaged individuals. Such clinics are 501(c)(3) tax-exempt organizations, or operate as a program component or affiliate of a 501(c)(3) organization. Entities that otherwise meet the above definition, but charge a nominal/sliding fee to patients, may still be considered Free or Charitable Clinics provided essential services are delivered regardless of the patient's ability to pay.  Free or charitable clinics restrict eligibility for their services to individuals who are uninsured, underinsured and/or have limited or no access to primary, specialty or prescription health care.	Volunteer Health Care Provider (VHCP) legislation, Insurance/Medicaid reimbursement and coverage, Pharmacy/Dispensary laws & rules; Public health policies, Mental/Behavioral health policies, Dental health policies, Primary care policies, Insurance policies, policies that will impact the uninsured, policies that will impact free and charitable clinics, policies that will impact free and charitable clinic patients, Fundraising polices, Tax policies that will impact charitable giving or clinics.
10945	WI-principal-10945	Wisconsin Medical Society	WI				"[{""type"":""address"",""value"":""P.O. Box 1109\nMadison, WI 53701"",""note"":""""},{""type"":""phone"",""value"":""608.442.3800"",""note"":""""},{""type"":""email"",""value"":""mark.grapentine@wismed.org"",""note"":""""},{""type"":""website"",""value"":""http://www.wismed.org"",""note"":""""}]"	Mike Flesher	Improve the health of the people of Wisconsin by supporting and strengthening physicians' ability to practice high-quality patient care in a changing environment.	Government's involvement in health care; improving health care quality, value, and access; physician vitality; medical liability environment; public health and safety.
10948	WI-principal-10948	Professional Insurance Agents of Wisconsin	WI				"[{""type"":""address"",""value"":""725 Heartland Trail, Suite 108\nMadison, WI 53717"",""note"":""""},{""type"":""phone"",""value"":""6082748188"",""note"":""""},{""type"":""email"",""value"":""phanson@piaw.org"",""note"":""""},{""type"":""website"",""value"":""http://www.piaw.org"",""note"":""""}]"	Pete Hanson	Insurance agents	Any function or activity of any branch, department or phase of state or local government that may affect insurance agencies, insurance agents, the insurance industry, small businesses, taxation, regulation or the economy in Wisconsin.
10949	WI-principal-10949	Apex Clean Energy, Inc.	WI				"[{""type"":""address"",""value"":""120 Garrett Street, Suite 700\nCharlottesville, VA 22902"",""note"":""""},{""type"":""phone"",""value"":""(202)849-9002"",""note"":""""},{""type"":""email"",""value"":""apex@vantagelegal.com"",""note"":""""}]"	Ken Young	Issues related to renewable energy production policy.	Issues related to renewable energy production policy.
10952	WI-principal-10952	Wisconsin Paper Council	WI				"[{""type"":""address"",""value"":""44 East Mifflin Street\nMadison, WI 53703"",""note"":""""},{""type"":""phone"",""value"":""6084676025"",""note"":""""},{""type"":""email"",""value"":""suder@wipaper.org"",""note"":""""},{""type"":""website"",""value"":""http://www.wipaper.org "",""note"":""""}]"	Scott Suder	"The Wisconsin Paper Council (WPC) is the member-driven statewide trade association representing Wisconsin’s paper, pulp, packaging and forestry industries. The WPC strategically advocates on behalf of these industries to state and federal policymakers, achieving positive policy outcomes. 
Our team of professionals provides our diverse membership with accurate and timely information essential to their success. 
The WPC provides world class educational forums and networking opportunities for our membership.
The WPC also promotes the positive economic, environmental, and social contributions of our industries throughout our state and nation."	Environmental policy, forestry, transportation, government relations, energy, workforce relations, sustainability, rail, papermaking, recycling and safety.
10953	WI-principal-10953	Wisconsin Housing Alliance	WI				"[{""type"":""address"",""value"":""258 Corporate Drive, Suite 200C\nMadison, WI 53714"",""note"":""""},{""type"":""phone"",""value"":""(608) 255-3131"",""note"":""""},{""type"":""email"",""value"":""amy@housingalliance.us"",""note"":""""},{""type"":""website"",""value"":""http://www.housingalliance.us"",""note"":""""}]"	Amy Bliss	Factory-built housing industry including: modular housing, manufactured housing, manufactured home communities, and industry service/suppliers.	Any matter that may affect manufactured (HUD Code) or modular housing including but not limited to taxation, licensing, transportation and consumer protection.
10954	WI-principal-10954	Milwaukee Metropolitan Sewerage District	WI				"[{""type"":""address"",""value"":""260 W Seeboth St\nMilwaukee, WI 53204"",""note"":""""},{""type"":""phone"",""value"":""(414) 225-2077"",""note"":""""},{""type"":""email"",""value"":""bgraffin@mmsd.com"",""note"":""""},{""type"":""website"",""value"":""http://mmsd.com"",""note"":""""}]"		MMSD is a municipal corporation which provides planning, construction, operations and maintenance of a sewerage treatment system along with flood management services, water quality research, household hazardous waste collection, pharmaceutical collection, industrial waste monitoring, laboratory services, planning and engineering services and production of a fertilizer, Milorganite.	Any matter affecting the Milwaukee Metropolitan Sewerage District in any way by any state agency or the legislature.
10956	WI-principal-10956	Wisconsin Center District	WI				"[{""type"":""address"",""value"":""400 W Wisconsin Ave\nMilwaukee, WI 53203"",""note"":""""},{""type"":""phone"",""value"":""(414) 908-6050"",""note"":""""},{""type"":""email"",""value"":""mbrooks@wcd.org"",""note"":""""},{""type"":""website"",""value"":""https://wcd.org/"",""note"":""""}]"		The Wisconsin Center District is in the hospitality industry, with influences on lodging, tavern, restaurant, rental car, airport, public transportation, and entertainment sectors.	Matters relating to the 2025-26 Biennial Budget Bill. Matters relating to the financial and operational success of the Center District.
10957	WI-principal-10957	Audubon Great Lakes	WI				"[{""type"":""address"",""value"":""125 S. Wacker Drive, Suite 2125\nChicago, IL 60606"",""note"":""""},{""type"":""phone"",""value"":""(312) 453-0230"",""note"":""""},{""type"":""email"",""value"":""AudubonGreatLakes@Audubon.org"",""note"":""""},{""type"":""website"",""value"":""https://gl.audubon.org/"",""note"":""""}]"		Manage conservation and policy work throughout the region to protect and improve habitat critical for birds.	issues that affect birds and their habitats.
10958	WI-principal-10958	Wisconsin Council of Life Insurers	WI				"[{""type"":""address"",""value"":""3639 Heatherstone Ridge\nSun Prairie, WI 53590"",""note"":""""},{""type"":""phone"",""value"":""(608) 225-4695 x_____"",""note"":""""},{""type"":""email"",""value"":""connie@oconnell-law.net"",""note"":""""}]"	Brian Pleva	Life insurance.	WI Stats. 600 - 655 and insurance rules.
10959	WI-principal-10959	GROWMARK, Inc.	WI				"[{""type"":""address"",""value"":""1705 Towanda Avenue\nBloomington, Il 61701"",""note"":""""},{""type"":""phone"",""value"":""309-557-6600"",""note"":""""},{""type"":""email"",""value"":""ckaeb@growmark.com"",""note"":""""},{""type"":""website"",""value"":""http://www.growmark.com"",""note"":""""}]"	Mark Orr	Agriculture and energy supply cooperative	Agriculture; Appropriations, Budget or Revenue; Banking and Financial Services; Coal, Petroleum or Energy; Economic Development; Environment; Food, Nutrition or Food Safety; Health Care; Information or Technology Products or Services; Insurance; Labor; Taxation - State or Local; Transportation
10960	WI-principal-10960	Association of Wisconsin School Administrators	WI				"[{""type"":""address"",""value"":""4797 Hayes Rd  Ste 1\nMadison, WI 53704"",""note"":""""},{""type"":""phone"",""value"":""(608) 241-0300"",""note"":""""},{""type"":""email"",""value"":""jimlynch@awsa.org"",""note"":""""},{""type"":""website"",""value"":""http://www.awsa.org"",""note"":""""}]"	Jim Lynch	Providing professional services to school administrators through inservices, publications, research, and field services.	The Assn will primarily attempt to influence legislation and administrative rules governing public PK-12 education.  They will also attemp to influence legislation and administrative rules involving telecommunications, food and drugs, child welfare, social services, taxation, trust funds, and transportation issues that pertain to PK-12 education.
10961	WI-principal-10961	Wisconsin Transportation Builders Association	WI				"[{""type"":""address"",""value"":""1 E. Main St, Suite 300\nMadison, WI 53703"",""note"":""""},{""type"":""phone"",""value"":""(608) 256-6891"",""note"":""""},{""type"":""email"",""value"":""sbaas@wtba.org"",""note"":""""},{""type"":""website"",""value"":""http://www.wtba.org"",""note"":""""}]"	Steve Baas	Transportation construction contractors, suppliers and consultants.	Transportation legislation, including programs, financing and regulations.  Environmental legislation impacting transportation use and/or construction, including land use, contamination remediation, run-off, air and water quality, etc.  Labor; unemployment compensation and worker compensation issues, such as prevailing wage; and health and safety issues.
10962	WI-principal-10962	Faith in Place Action Fund	WI				"[{""type"":""address"",""value"":""1221 Muirfield Ct\nMiddleton, WI 53562"",""note"":""""},{""type"":""phone"",""value"":""608-215-0112"",""note"":""""},{""type"":""email"",""value"":""laura@faithinplace.org"",""note"":""""},{""type"":""website"",""value"":""https://www.faithinplaceaction.org/"",""note"":""""}]"		Climate Action Campaign, Joyce Foundation, Interfaith Power and Light, Renew Wisconsin Inc. - Energy Foundation	The policy areas our organization may attempt to influence include clean water, climate change, economic justice, environmental health, food access, and voting rights.
10963	WI-principal-10963	Wisconsin Association of School Business Officials	WI				"[{""type"":""address"",""value"":""4797 Hayes Rd, Ste 202\nMadison, WI 53704"",""note"":""""},{""type"":""phone"",""value"":""(608) 249-8588"",""note"":""""},{""type"":""email"",""value"":""mike.barry@wasbo.com"",""note"":""""},{""type"":""website"",""value"":""http://www.wasbo.com"",""note"":""""}]"	Mike Barry	WASBO membership includes those persons who are non-teaching employees and affiliate members who provide goods and services to school districts.	The WASBO will primarily attempt to influence legislation and administrative rules governing K-12 education.  Telecommunications, food and drugs, child welfare, social services, taxation, trust funds and transportation are other areas of interest.
10964	WI-principal-10964	Green Bay Metropolitan Sewerage District	WI				"[{""type"":""address"",""value"":""2231 North Quincy Street\nGreen Bay , WI 54302"",""note"":""""},{""type"":""phone"",""value"":""920-438-1032"",""note"":""""},{""type"":""email"",""value"":""nqualls@newwater.us"",""note"":""""},{""type"":""website"",""value"":""http://www.newwater.us"",""note"":""""}]"		Municipal Wastewater Conveyance and Treatment	Clean Water Fund Loan Program, Wastewater Treatment Plant Effluent and Air Emissions, Emerging Contaminants , Watershed, and any other legislative and regulatory matters that may affect Metropolitan Sewerage District.
10965	WI-principal-10965	Wisconsin Council for Administrators of Special Services	WI				"[{""type"":""address"",""value"":""4075 Vilas Road\nCottage Grove, WI 53527"",""note"":""""},{""type"":""phone"",""value"":""(608) 204-9819"",""note"":""""},{""type"":""email"",""value"":""jim.heiden@wcass.org"",""note"":""""},{""type"":""website"",""value"":""http://www.wcass.org"",""note"":""""}]"	James Heiden	Administrators of Special Education, Pupil Services, Special Services.	The WCASS will primarily attempt to influence legislation and administrative rules governing PK-12 education.  The WCASS will also attempt to influence legislation and administrative rules involving telecommunications, food and drugs, child welfare, social services, taxation, trust funds, and transportation issues that pertain to PK-12 education.
10966	WI-principal-10966	Wisconsin Association of School District Administrators	WI				"[{""type"":""address"",""value"":""4797 Hayes Rd\nMadison, WI 53704"",""note"":""""},{""type"":""phone"",""value"":""(608) 242-1090"",""note"":""""},{""type"":""email"",""value"":""jbales@wasda.org"",""note"":""""},{""type"":""website"",""value"":""http://www.wasda.org"",""note"":""""}]"	Jon Bales	Chief school district administrators in Wisconsin's public schools.	Education, food and drugs, insurance, social services, taxation, trust funds, transportation, Dept. of Employee Trust Funds, DPI, VTAE and labor. The above items only as they pertain to K-12 education.
10967	WI-principal-10967	Wisconsin Association of School Personnel Administrators	WI				"[{""type"":""address"",""value"":""4075 Vilas Road\nCottage Grove, WI 53527"",""note"":""""},{""type"":""phone"",""value"":""608-204-9819"",""note"":""""},{""type"":""email"",""value"":""execdirector@waspa.org"",""note"":""""},{""type"":""website"",""value"":""http://www.waspa.org"",""note"":""""}]"	Michelle Golden	WASPA is a non-profit professional association of Wisconsin school district human resource professionals and Wisconsin college and university educational placement officials.	"""Enhancing Wisconsin K-12 public education by connecting colleges, universities and educators to schools and students through human resource best practices."""
10968	WI-principal-10968	Wisconsin Institute of Certified Public Accountants	WI				"[{""type"":""address"",""value"":""W233N2080 Ridgeview Parkway, Suite 201\nWaukesha, WI 53188"",""note"":""""},{""type"":""phone"",""value"":""(262) 785-0445"",""note"":""""},{""type"":""email"",""value"":""tammy@wicpa.org"",""note"":""""},{""type"":""website"",""value"":""http://www.wicpa.org"",""note"":""""}]"	Tammy Hofstede	Voluntary membership association of Certified Public Accountants.	Accounting, taxation, civil liability, business and professional regulation and state government.
10969	WI-principal-10969	The Pew Charitable Trusts	WI				"[{""type"":""address"",""value"":""901 E St NW\nWashington, DC 20004"",""note"":""""},{""type"":""phone"",""value"":""(202) 552-2000"",""note"":""""},{""type"":""email"",""value"":""pewlobbyingcompliance@pewtrusts.org"",""note"":""""},{""type"":""website"",""value"":""http://www.pewtrusts.org"",""note"":""""}]"		Non-profit research and advocacy.	Pew is working with legislative branch officials in Wisconsin to craft recommendations and pursuing policies that support Pew’s Substance Use Prevention and Treatment Initiative.
10970	WI-principal-10970	Wisconsin Motor Carriers Association	WI				"[{""type"":""address"",""value"":""PO Box 44849\nMadison, WI 53744"",""note"":""""},{""type"":""phone"",""value"":""(608) 833-8200 x170"",""note"":""""},{""type"":""email"",""value"":""djohnson@witruck.org"",""note"":""""},{""type"":""website"",""value"":""http://www.witruck.org"",""note"":""""}]"	Dan Johnson	Trade association representing truck, tow, milk hauler, motor coach and moving companies (owners and officers).	Rules governing the administration and operation of the Department of Transportation, including Division of Motor Vehicles; Rules governing taxation in the Dept. of Revenue; Rules governing environmental regulations (clean air, water, stormwater runoff, etc.) within the Dept. of Natural Resources;  Rules governing apprenticeship or other training requirements; workers' compensation & unemployment compensation; Rules governing the transportation of hazardous materials.
10973	WI-principal-10973	Secure Elections Project	WI				"[{""type"":""address"",""value"":""130 Neill Ave Ste E\nHelena, MT 59601"",""note"":""""},{""type"":""phone"",""value"":""(406) 417-0572"",""note"":""""},{""type"":""email"",""value"":""operations@secureelectionsproject.org"",""note"":""""},{""type"":""website"",""value"":""https://www.secureelectionsproject.org/"",""note"":""""}]"		Advocacy group	All matters relating to election reform.
10975	WI-principal-10975	Benedict Center	WI				"[{""type"":""address"",""value"":""1849 N Martin Luther King Drive\nMilwaukee, WI 53212"",""note"":""""},{""type"":""phone"",""value"":""414.347.1774"",""note"":""""},{""type"":""email"",""value"":""jgeraci@benedictcenter.org"",""note"":""""},{""type"":""website"",""value"":""http://www.benedictcenter.org"",""note"":""""}]"		Social service agency providing behavioral health and support services for low-income women impacted by the criminal justice system with a focus on  substance use, mental health and trauma issues.	Victim Services, Behavioral Health Services, Criminal Justice
10976	WI-principal-10976	Great Lakes Credit & Collection Association	WI				"[{""type"":""address"",""value"":""4040 W 70th St\nMinneapolis, MN 55439"",""note"":""""},{""type"":""phone"",""value"":""6082257477"",""note"":""""},{""type"":""email"",""value"":""Schoenberg@acainternational.org"",""note"":""""},{""type"":""website"",""value"":""http://www.glcca.org"",""note"":""""}]"	Tammy Schoenberg	Credit and collection professionals in Illinois, Minnesota and Wisconsin.	Issues that affect debt collection agencies ability to operate and issues that affect the collection industry as a whole.
10977	WI-principal-10977	Water Quality Association of Wisconsin	WI				"[{""type"":""address"",""value"":""P.O. Box 606\nKewaskum, WI 53040"",""note"":""""},{""type"":""phone"",""value"":""(608) 225-7477"",""note"":""""},{""type"":""email"",""value"":""michellekussow@gmail.com"",""note"":""""},{""type"":""website"",""value"":""http://www.wqaw.com"",""note"":""""}]"	Sam Baron	The Water Quality Association of Wisconsin represents manufacturers, suppliers, and  retail distributors of water treatment devices, replacement chemicals, filter cartridges, and bottled water. Manufacture and distribution of water treatment appliances and products. Retail sale and rental of water treatment appliances, including installation and products. Delivery of sale, bottled water and other water treatment chemicals and supplies. Repair and programming of water treatment appliances. Water analysis.	The Water Quality Association of Wisconsin may enter comment on matters of water quality, plumbing code, DNR code, licensing and registrations, marketing rules, transportation rules and fees, and small business regulations.
10978	WI-principal-10978	Milwaukee County War Memorial, Inc.	WI				"[{""type"":""address"",""value"":""750 North Lincoln Memorial Drive, Suite 315\nMilwaukee, WI 53202"",""note"":""""},{""type"":""phone"",""value"":""414.273.5533"",""note"":""""},{""type"":""email"",""value"":""vchappell@warmemorialcenter.org"",""note"":""""},{""type"":""website"",""value"":""https://warmemorialcenter.org/"",""note"":""""}]"		Veteran Service Organization	All matters related to the long-term financial solvency of Milwaukee County War Memorial, Inc.
10979	WI-principal-10979	Wisconsin Right to Life Inc	WI				"[{""type"":""address"",""value"":""5317 N. 118th Ct.\nMilwaukee, WI 53225"",""note"":""""},{""type"":""phone"",""value"":""(414) 778-5780"",""note"":""""},{""type"":""email"",""value"":""hweininger@wrtl.org"",""note"":""""},{""type"":""website"",""value"":""http://www.wrtl.org"",""note"":""""}]"		WRTL is a human rights organization seeking to protect human life from fertilization to natural death.	Legislation dealing with abortion, alternatives to abortion, euthanasia, assisted suicide, infanticide, protection of human embryos, related health care; legislation and issues affecting our organization which includes campaign finance reform.
10980	WI-principal-10980	Disability Service Provider Network	WI				"[{""type"":""address"",""value"":""2418 Crossroads Drive Suite 1600\nMadison, WI 53718"",""note"":""""},{""type"":""phone"",""value"":""6082065206"",""note"":""""},{""type"":""email"",""value"":""ecorning@dspn.org"",""note"":""""},{""type"":""website"",""value"":""http://www.dspn.org"",""note"":""""}]"	Emma Corning	Membership association of service providers providing the full array of support services to people with disabilities.	Interests include disability policy spanning Medicaid Long-Term Care, Division of Vocational Rehabilition, employment, and other issues impacting providers and people with disabilities such as workforce development (caregiver shortage); tax code; workers compensation; and other types of legislation or administrative action impacting long-term care service delivery to people with disabilities.
10984	WI-principal-10984	Wisconsin Fuel & Retail Association (WFRA)	WI				"[{""type"":""address"",""value"":""PO Box 2536\nMadison, WI 53701"",""note"":""""},{""type"":""phone"",""value"":""(608) 256-7555"",""note"":""""},{""type"":""email"",""value"":""hauser@wfra.org"",""note"":""""},{""type"":""website"",""value"":""http://www.wfra.org"",""note"":""""}]"	Matthew Hauser	Fuel wholesaling and retailing, food retailing, truck stops and travel plazas, convenience stores, service stations	The Wisconsin Fuel & Retail Association (WFRA) may attempt to influence legislation and administrative rules in the areas of taxation, environment, commerce, transportation, the lottery, energy regulation and policy, consumer affairs, and any other areas that could impact our industry.
10985	WI-principal-10985	Wisconsin Association of School Boards Inc	WI				"[{""type"":""address"",""value"":""122 W Washington Ave, Ste 400\nMadison, WI 53703"",""note"":""""},{""type"":""phone"",""value"":""608-512-1716"",""note"":""""},{""type"":""email"",""value"":""ckulow@wasb.org"",""note"":""""},{""type"":""website"",""value"":""http://wasb.org"",""note"":""""}]"		Locally elected school board members.	The Wisconsin Association of School Boards seeks to have input on legislation that impacts the educational programs of school districts, and any legislation that would impact  their operation.  With respect to operations, this could include employment, insurance, taxation, election, technology licensing, transportation and other areas of legislation that have not been identified.
10986	WI-principal-10986	Professional Fire Fighters of Wisconsin Inc	WI				"[{""type"":""address"",""value"":""106 E Doty St Suite 210\nMadison, WI 53703"",""note"":""""},{""type"":""phone"",""value"":""(608) 255-0566"",""note"":""""},{""type"":""email"",""value"":""rzelenkove@hwz-gov.com"",""note"":""""},{""type"":""website"",""value"":""http://www.pffw.org"",""note"":""""}]"		We are interested in all issues that affect firefighters and EMS personnel.	Any item that impacts fire fighters and the communities they serve.
10987	WI-principal-10987	Capital Area Regional Planning Commission	WI				"[{""type"":""address"",""value"":""100 State Street\nMadison, WI 53703"",""note"":""""},{""type"":""phone"",""value"":""6083348698"",""note"":""""},{""type"":""email"",""value"":""allisonm@capitalarearpc.org"",""note"":""""},{""type"":""website"",""value"":""http://www.capitalarearpc.org/"",""note"":""""}]"		The Capital Area Regional Planning Commission represents the communities and residents and future residents of the region.	During the 2025-26 legislative session, the Capital Area Regional Planning Commission will lobby around issues of water quality, working to protect freshwater resources.
10989	WI-principal-10989	National Waste & Recycling Association	WI				"[{""type"":""address"",""value"":""1550 Crystal Drive, Suite 804\nArlington, VA 22202"",""note"":""""},{""type"":""phone"",""value"":""(859) 466-1984"",""note"":""""},{""type"":""email"",""value"":""kevans@wasterecycling.com"",""note"":""""},{""type"":""website"",""value"":""http://www.wasterecycling.org"",""note"":""""}]"	Michael Hoffman	Private sector waste and recycling industry.	NWRA advocates on legislative and regulatory initiatives surrounding solid waste collection, transportation, processing, recycling and disposal.  This necessarily involves subset issues on taxation, privatization, competition, facility siting, environmental regulations, among others.
10990	WI-principal-10990	RAI Services Company (formerly Reynolds American Inc.)	WI				"[{""type"":""address"",""value"":""401 North Main Street\nWinston-Salem, NC 27102"",""note"":""""},{""type"":""phone"",""value"":""(336) 741-3372"",""note"":""""},{""type"":""email"",""value"":""cookk4@rjrt.com"",""note"":""""}]"	David Waterfield	Tobacco manufacturer.	"Legislation impacting RAI Services Company; tobacco issues.
Topics: Smoking policies and tax
Tax of tobacco products
Regulation of internet tobacco sales
Statewide smoking policies
Tax Stamp Study
The electronic cigarette

Budget Bill Subjects:
Dept. of Revenue"
10994	WI-principal-10994	Sentry Insurance Company	WI				"[{""type"":""address"",""value"":""25 West Main Street, Suite 500\nMadison, WI 53703"",""note"":""""},{""type"":""phone"",""value"":""608-826-3272"",""note"":""""},{""type"":""email"",""value"":""tony.trenzeluk@sentry.com"",""note"":""""},{""type"":""website"",""value"":""http://www.sentry.com"",""note"":""""}]"	Pete McPartland	Nationwide writer of property and casualty, workers' compensation, and life insurance products.	Matters pertaining to property and casualty insurance, including but not limited to liability law, insurance regulation, insurance taxation, operation of civil justice system, workers' compensation, and life insurance.
10996	WI-principal-10996	WiRSA - Wisconsin Rural Schools Alliance	WI				"[{""type"":""address"",""value"":""725 Crockett Dr.\nHolmen, WI 54636"",""note"":""""},{""type"":""phone"",""value"":""(608) 769-0516"",""note"":""""},{""type"":""email"",""value"":""jeffeide@wirsa.org"",""note"":""""},{""type"":""website"",""value"":""http://wirsa.org"",""note"":""""}]"		Educational Policy	Educational Policy
10997	WI-principal-10997	Wisconsin Coalition Against Sexual Assault	WI				"[{""type"":""address"",""value"":""2801 West Beltline Hwy, Ste 202\nMadison, WI 53713"",""note"":""""},{""type"":""phone"",""value"":""(608) 257-1516"",""note"":""""},{""type"":""email"",""value"":""attorney@wcasa.org"",""note"":""""},{""type"":""website"",""value"":""http://www.wcasa.org"",""note"":""""}]"		Provides technical assistance, policy advocacy and information to local sexual assault service providers.	We are committed to legislative efforts that are proactive and victim/survivor focused (i.e., protect victim privacy).
10998	WI-principal-10998	Wisconsin Insurance Alliance	WI				"[{""type"":""address"",""value"":""44 E Mifflin St, Ste 901\nMadison, WI 53703"",""note"":""""},{""type"":""phone"",""value"":""(608) 255-1749"",""note"":""""},{""type"":""email"",""value"":""afranken@wisinsalliance.com"",""note"":""""},{""type"":""website"",""value"":""http://www.wisinsalliance.com"",""note"":""""}]"	Andrew Franken	Property and casualty insurance companies.	Areas dealing with insurance, liability law, insurance regulation, and other matters affecting the property and casualty insurance industry.
11000	WI-principal-11000	United HealthCare Services, Inc.	WI				"[{""type"":""address"",""value"":""125 South 84th Street, Suite 400\nMilwaukee, WI 53214"",""note"":""""},{""type"":""phone"",""value"":""(414) 507-1357"",""note"":""""},{""type"":""email"",""value"":""karla_ashenhurst@uhg.com"",""note"":""""}]"	Tarrant Jeffrey Putnam	Legislation and Administrative Rules affecting individual, small, and large group health insurance plans, Medicaid and other government-sponsored health care programs.	Legislation and Administrative Rules affecting individual, small, and large group health insurance plans, Medicaid and other government-sponsored health care programs.
11002	WI-principal-11002	Wisconsin Early Childhood Association	WI				"[{""type"":""address"",""value"":""2908 Marketplace Dr Ste 101\nFitchburg, WI 53719"",""note"":""""},{""type"":""phone"",""value"":""6087291042"",""note"":""""},{""type"":""email"",""value"":""ruschmidt@wisconsinearlychildhood.org"",""note"":""""},{""type"":""website"",""value"":""https://wisconsinearlychildhood.org/"",""note"":""""}]"		early childhood care and education	Child care, child care counts, early childhood care and education, state budget, Department of Children and Families, YoungStar, WI Shares Subsidy, child care regulation and licensing. TEACH Scholarships, REWARD Stipends, WI Early Education Shared Services Network, 4K and 4KCA, CCDF and TANF funding, child care workforce, and any other issues impacting early care and education.
11004	WI-principal-11004	Wisconsin Counties Utility Tax Association	WI				"[{""type"":""address"",""value"":""22 E. Mifflin St., Ste. 900\nMadison, WI 53703"",""note"":""""},{""type"":""phone"",""value"":""(608) 628-3275"",""note"":""""},{""type"":""email"",""value"":""shawn@pfaffpublicaffairs.com"",""note"":""""}]"		Association of counties interested in utility tax/utility aid issues	Areas affecting the utility tax revenue and utility aid formula in lieu of property taxes
11007	WI-principal-11007	World Relief Corporation of National Association of Evangelicals	WI				"[{""type"":""address"",""value"":""73 S Lasalle St\nAurora , IL 60505"",""note"":""""},{""type"":""phone"",""value"":""920-428-9534"",""note"":""""},{""type"":""email"",""value"":""msoerens@wr.org"",""note"":""""},{""type"":""website"",""value"":""http://www.wr.org"",""note"":""""}]"		The organization was founded in the aftermath of World War II to respond to the urgent humanitarian needs of war-torn Europe. Since then, for 80 years, across 100 countries, World Relief has partnered with local churches and communities to build a world where families thrive and communities flourish. Today, organizational programming focuses on humanitarian and disaster response, as well as community strengthening and resilience.	Our local staff may seek to meet with legislators on issues related to immigrants, refugee resettlement, and religious freedom to carry out organizational mission
11008	WI-principal-11008	Excellence in Education National, Inc., d/b/a Excellence in Education in Action	WI				"[{""type"":""address"",""value"":""PO Box 10691\nTallahassee, FL 32302"",""note"":""""},{""type"":""phone"",""value"":""850-391-4200"",""note"":""""},{""type"":""email"",""value"":""stateoutreach@excelined.org"",""note"":""""}]"		The organization is a 501(c)(4) social welfare organization that is focused on education issues.	K-12 Education Issues
11010	WI-principal-11010	CFC Action Fund	WI				"[{""type"":""address"",""value"":""700 W Virginia St, Suite 604\nMilwaukee, WI 53204"",""note"":""""},{""type"":""phone"",""value"":""4149885359"",""note"":""""},{""type"":""email"",""value"":""colleston.morgan@cfcactionfund.org"",""note"":""""},{""type"":""website"",""value"":""http://www.cfcactionfund.org"",""note"":""""}]"		Efforts to move Milwaukee forward by eliminating educational inequities and ensuring every child has access to a great school	Statewide and Milwaukee K-12 education issues, school funding, and policies related to improving access to quality education
11011	WI-principal-11011	WM (Formerly Waste Management)	WI				"[{""type"":""address"",""value"":""1901 Ames Drive\nBurnsville, MN 55306"",""note"":""""},{""type"":""phone"",""value"":""651-334-4309"",""note"":""""},{""type"":""email"",""value"":""jketchum@wm.com"",""note"":""""},{""type"":""website"",""value"":""http://www.wm.com"",""note"":""""}]"	James Fish	WM (WM.com) is North America’s leading provider of comprehensive environmental solutions. Previously known as Waste Management and based in Houston, Texas, WM is driven by commitments to put people first and achieve success with integrity. The company, through its subsidiaries, provides collection, recycling, and disposal services to millions of residential, commercial, industrial, and municipal customers throughout the U.S. and Canada. With innovative infrastructure and capabilities in recycling, organics, and renewable energy, WM provides environmental solutions to and collaborates with its customers in helping them achieve their sustainability goals.	We are primarily interested in policies affecting sustainability, environmental regulation, transportation, energy and general business matters.
11013	WI-principal-11013	Vivent Health	WI				"[{""type"":""address"",""value"":""1311 N 16th Street\nMilwaukee, WI 53212"",""note"":""""},{""type"":""phone"",""value"":""(414) 225-1572"",""note"":""""},{""type"":""email"",""value"":""bill.keeton@viventhealth.org"",""note"":""""},{""type"":""website"",""value"":""http://www.viventhealth.org"",""note"":""""}]"		HIV/AIDS prevention, care and treatment services; sexual health, including the screening, diagnosis and treatment of sexually transmitted infections; hepatitis C prevention, care and treatment services.	Areas related to HIV & AIDS,  public health, public health funding, medical assistance/Medicaid reimbursement and eligibility, and sexual health, including sexually transmitted infections.
11014	WI-principal-11014	Wisconsin Utility Tax Association	WI				"[{""type"":""address"",""value"":""5300 86th Place\nPleasant Prarie, WI 53158"",""note"":""""},{""type"":""phone"",""value"":""(262) 945-3616"",""note"":""""},{""type"":""email"",""value"":""jplautz@aol.com"",""note"":""""}]"		Address issues RE: hosting of utility production facilities.	Siting of production facilities, concerns of host communities, networks and transmission corridors, compensation, assessment.  Public Service Commission rules, studies and proposals. utility aid payments
11015	WI-principal-11015	Wisconsin Horse Council	WI				"[{""type"":""address"",""value"":""121 S. Ludington St #1\nColumbus, WI 53925"",""note"":""""},{""type"":""phone"",""value"":""608/513-4488"",""note"":""""},{""type"":""email"",""value"":""equuspo@gmail.com"",""note"":""""}]"	Anne Murphy	Horse industry.	All legislation and rules affecting the horse industry, individual horse owners and breeders.
11016	WI-principal-11016	Wisconsin Fairs	WI				"[{""type"":""address"",""value"":""5320  Hwy  F\nMerrill, WI 54452"",""note"":""""},{""type"":""phone"",""value"":""(715) 536-0246"",""note"":""""},{""type"":""email"",""value"":""wisfairs@mail.com"",""note"":""""},{""type"":""website"",""value"":""http://www.wifairs.com"",""note"":""""}]"	Mary Check	Organization supporting county fairs	All interests related to county fairs.
11017	WI-principal-11017	Indivior Inc	WI				"[{""type"":""address"",""value"":""10710 Midlothian Turnpike\nRichmond, VA 23235"",""note"":""""},{""type"":""phone"",""value"":""8044021297"",""note"":""""},{""type"":""email"",""value"":""frank.purcell@indivior.com"",""note"":""""},{""type"":""website"",""value"":""http://www.indivior.com"",""note"":""""}]"	Mark Crossley	Pharmaceutical Industry	Issues related to substance abuse and healthcare
11018	WI-principal-11018	City of Milwaukee	WI				"[{""type"":""address"",""value"":""City Hall, 200 E Wells ST, Room 606\nMilwaukee , WI 53202"",""note"":""""},{""type"":""phone"",""value"":""414-286-5584"",""note"":""""},{""type"":""email"",""value"":""derjoh@milwaukee.gov"",""note"":""""},{""type"":""website"",""value"":""https://city.milwaukee.gov/doa/IRD"",""note"":""""}]"		Municipality serving approximately 569,330 residents.	Any and all areas that affect a municipal corporation, or its residents, and taxpayers.
11020	WI-principal-11020	Wisconsin Auctioneers Association	WI				"[{""type"":""address"",""value"":""2080 W 9th Avenue # 310\nOshkosh, WI 54904"",""note"":""""},{""type"":""phone"",""value"":""608-228-4880"",""note"":""""},{""type"":""email"",""value"":""info@wisconsinauctioneers.org"",""note"":""""},{""type"":""website"",""value"":""http://www.wisconsinauctioneers.org"",""note"":""""}]"		Auctioneers and the auction method of selling.	"Auctioneer Licensing
Sales and Use Tax
Online Auctions
Farm Auctions"
11021	WI-principal-11021	Hy-Vee, Inc.	WI				"[{""type"":""address"",""value"":""10150 Oak Shore Dr.\nLakeville, MN 55044"",""note"":""""},{""type"":""phone"",""value"":""6124178238"",""note"":""""},{""type"":""email"",""value"":""dwolter@hy-vee.com"",""note"":""""},{""type"":""website"",""value"":""http://www.hy-vee.com"",""note"":""""}]"	Jeremy Gosch	Grocery retailer, pharmacy, liquor retailer, convenience store	Taxes, business regulation, employment law, pharmacy, liquor regulation, food safety, workers compensation, unemployment insurance
11023	WI-principal-11023	The Alliance	WI				"[{""type"":""address"",""value"":""PO Box 44365\nMadison, WI 53744"",""note"":""""},{""type"":""phone"",""value"":""(608) 210-6603"",""note"":""""},{""type"":""email"",""value"":""ckubiak@the-alliance.org"",""note"":""""},{""type"":""website"",""value"":""http://www.the-alliance.org"",""note"":""""}]"	Curt Kubiak	A not-for-profit cooperative of employers moving health care forward by controlling costs, improving quality, and engaging individuals in their health.	Health care, health insurance and employer sponsored health benefits.
11026	WI-principal-11026	Wisconsin & Southern Railroad L.L.C.	WI				"[{""type"":""address"",""value"":""1890 E. Johnson Street\nMadison, WI 53704"",""note"":""""},{""type"":""phone"",""value"":""(608) 620-2040"",""note"":""""},{""type"":""email"",""value"":""klucht@watco.com"",""note"":""""},{""type"":""website"",""value"":""http://www.watco.com"",""note"":""""}]"	Aaron Dean	Freight Railroad Company	Railroad Crossing Safety, Advance Warning Devices, Track & Structure Capital Funding, Freight Railroad Preservation Program, Freight Railroad Infrastructure Improvement Program, Railroad equipment, general railroad safety.
11028	WI-principal-11028	Watco	WI				"[{""type"":""address"",""value"":""1890 E. Johnson Street\nMadison, WI 53704"",""note"":""""},{""type"":""phone"",""value"":""414 750-6402"",""note"":""""},{""type"":""email"",""value"":""klucht@watco.com"",""note"":""""},{""type"":""website"",""value"":""http://www.watco.com"",""note"":""""}]"	Dan Smith	Freight Rail Operations	Freight railroad safety, funding programs, state budget items.
11030	WI-principal-11030	Gathering Waters: Wisconsin's Alliance for Land Trusts	WI				"[{""type"":""address"",""value"":""211 S Paterson St Ste 270\nMadison, WI 53703"",""note"":""""},{""type"":""phone"",""value"":""(608) 251-9131"",""note"":""""},{""type"":""email"",""value"":""carlson@gatheringwaters.org"",""note"":""""},{""type"":""website"",""value"":""http://www.gatheringwaters.org"",""note"":""""}]"		"Non-profit conservation organizations.

Conservation and acquisition of land for public benefit, including natural areas, parks, trails, wildlife habitat 
and watersheds by non-profit conservation organizations."	Conservation and acquisition of land for public benefit, including natural areas, parks, trails, wildlife habitat and watersheds by non-profit conservation organizations.
11031	WI-principal-11031	Wisconsin State AFL-CIO	WI				"[{""type"":""address"",""value"":""6333 W Bluemound Rd\nMilwaukee, WI 53213"",""note"":""""},{""type"":""phone"",""value"":""(414) 771-0700"",""note"":""""},{""type"":""email"",""value"":""sbloomingdale@wisaflcio.org"",""note"":""""},{""type"":""website"",""value"":""http://www.wisaflcio.org"",""note"":""""}]"	Stephanie Bloomingdale	We serve members of unions affiliated with the AFL-CIO.	All issues that relate to the rights, protections, benefits, and economic security of Wisconsin workers and their families.
11036	WI-principal-11036	Town of Middleton	WI				"[{""type"":""address"",""value"":""7555 West Old Sauk Road\nVerona, WI 53593"",""note"":""""},{""type"":""phone"",""value"":""(608) 833-5887"",""note"":""""},{""type"":""email"",""value"":""townchair@town.middleton.wi.us"",""note"":""""},{""type"":""website"",""value"":""https://town.middleton.wi.us/"",""note"":""""}]"		The Town of Middleton represents over 7,000 residents of the Town in relation to the provision of Town government services and in connection with the relationship between the Town and other governmental bodies, including neighboring cities and towns.	Town/municipal boundaries, annexation, town incorporation, including petitions for annexation and special legislation, revenue sharing, land use and aviation issues
11037	WI-principal-11037	State Privacy and Security Coalition, Inc.	WI				"[{""type"":""address"",""value"":""1550 Wilson Blvd.\nArlington, VA 22209"",""note"":""""},{""type"":""phone"",""value"":""802-229-4900"",""note"":""""},{""type"":""email"",""value"":""alexis.caswell@stateandfed.com"",""note"":""""}]"		The State Privacy & Security Coalition is a multi-industry group that provides issue matter expertise to policymakers who are working to strengthen their state privacy and security laws.	The State Privacy & Security Coalition provides issue matter expertise to policymakers who are working to strengthen their state privacy and security laws.
11038	WI-principal-11038	Mechanical Contractors Association of Wisconsin	WI				"[{""type"":""address"",""value"":""3315 N Ballard Rd, Ste D\nAppleton, WI 54911"",""note"":""""},{""type"":""phone"",""value"":""(920) 734-3148"",""note"":""""},{""type"":""email"",""value"":""jeff@omswi.com"",""note"":""""}]"	Jeff  Gaecke	Construction industry trade association	Legislative and regulatory matters affecting contractors
11039	WI-principal-11039	Plumbing and Mechanical Contractors Association of Milwaukee and Southeastern Wisconsin, Inc.	WI				"[{""type"":""address"",""value"":""11001 W. Plank Court\nWauwatosa, WI 53226"",""note"":""""},{""type"":""phone"",""value"":""(414) 543-7622 x253"",""note"":""""},{""type"":""email"",""value"":""jonathan@pmsmca.com"",""note"":""""},{""type"":""website"",""value"":""http://www.pmsmca.com"",""note"":""""}]"	Jonathan Kowalski	The Plumbing and Mechanical Contractors Association of Milwaukee and Southeastern Wisconsin (PMC) represents the needs of contractors engaged in construction, service, and maintenance of piping, plumbing, air conditioning, heating, ventilation, refrigeration, and related systems. It is part of a network of chapters of a national trade association, the Mechanical Contractors Association of America (MCAA), which represents the leading voices in the mechanical contracting industry.	PMC's primary goal is to promote legislation that furthers the business interests of its members, who are construction subcontractors in the plumbing and mechanical industry. Those issues may include legislation related to workers compensation, prevailing wage, lien rights, retainage on construction projects, as well as more general business interests such as taxation and other economic issues.
11040	WI-principal-11040	Sheet Metal and Air Conditioning Contractors’ Association of Milwaukee	WI				"[{""type"":""address"",""value"":""11001 W. Plank Court\nWauwatosa, WI 53226"",""note"":""""},{""type"":""phone"",""value"":""(414) 543-7622 x253"",""note"":""""},{""type"":""email"",""value"":""jonathan@pmsmca.com"",""note"":""""},{""type"":""website"",""value"":""http://www.pmsmca.com"",""note"":""""}]"	Jonathan Kowalski	The Sheet Metal and Air Conditioning Contractors’ Association of Milwaukee (SMACCA)) represents the needs of contractors engaged in construction, service, and maintenance of sheet metal applications, air conditioning, heating, ventilation, and related systems. SMACCA is part of a network of chapters of a national trade association—the Sheet Metal and Air Conditioning Contractors' National Association (SMACNA)—which represents the leading voices in the sheet metal and air conditioning industries.	SMACCA's main goal is to further the interest of its members, who are subcontractors in the sheet metal and air conditioning industry. The legislative issues it may attempt to influence include workers compensation, prevailing wage, lien rights, retainage on construction projects, as well as more general business interests including taxation and other economic issues.
11041	WI-principal-11041	Skiing Wisconsin	WI				"[{""type"":""address"",""value"":""8355 Prospect Drive\nKewaskum, WI 53040"",""note"":""""},{""type"":""phone"",""value"":""(608) 772-0661"",""note"":""""},{""type"":""email"",""value"":""jim@snopros.net"",""note"":""""},{""type"":""website"",""value"":""http://www.skiingwisconsin.com"",""note"":""""}]"	Jim Engel	All matters relating to skiing, tourism, taxation of ski hills	All matters relating to taxation, liability, and items affecting the ability of ski hill owners to operate profitably.
11042	WI-principal-11042	Waterford Institute	WI				"[{""type"":""address"",""value"":""4246 Riverboat Road\nTaylorsville, UT 84123"",""note"":""""},{""type"":""phone"",""value"":""(917) 763-6999"",""note"":""""},{""type"":""email"",""value"":""mattheworlins@waterford.org"",""note"":""""}]"		education	pre-school education program
11044	WI-principal-11044	United Migrant Opportunity Services/UMOS Inc	WI				"[{""type"":""address"",""value"":""2701 South Chase Avenue\nMilwaukee, WI 53207"",""note"":""""},{""type"":""phone"",""value"":""414-389-6019"",""note"":""""},{""type"":""email"",""value"":""margaret.fischbach@umos.org"",""note"":""""},{""type"":""website"",""value"":""http://www.umos.org"",""note"":""""}]"		To provide educational opportunities and social services to migrant farmworkers and low income individuals.	Issues related to the legislation or state programs affecting benefits or services to low income individuals and minorities.
11045	WI-principal-11045	Pharmacy Society of Wisconsin	WI				"[{""type"":""address"",""value"":""701 Heartland Trail\nMadison, WI 53717"",""note"":""""},{""type"":""phone"",""value"":""(608) 827-9200"",""note"":""""},{""type"":""email"",""value"":""dwomack@pswi.org"",""note"":""""},{""type"":""website"",""value"":""http://www.pswi.org"",""note"":""""}]"	Sarah Sorum	Pharmacy, pharmacists, pharmacy technician, student pharmacists, schools of pharmacy, pharmaceuticals, healthcare	Issues affecting pharmacists, pharmacy technicians, pharmacy students, pharmacy residents, pharmacy businesses, medication usage, medication costs, prescription drug use, medication use and abuse, and the practice of pharmacy.
11046	WI-principal-11046	TDS Telecommunications Corporation	WI				"[{""type"":""address"",""value"":""525 Junction Road\nMadison, WI 53717"",""note"":""""},{""type"":""phone"",""value"":""(608) 664-4428"",""note"":""""},{""type"":""email"",""value"":""kit.beyer@tdstelecom.com"",""note"":""""},{""type"":""website"",""value"":""http://www.tdstelecom.com"",""note"":""""}]"	Jim  Butman	Telecommunications service	Legislation dealing with telecommunications, broadband deployment, administrative rules of the Public Service Commission, General Business issues, and efforts to impact taxes.
11047	WI-principal-11047	Association of Wisconsin Tourism Attractions	WI				"[{""type"":""address"",""value"":""560 WI Dells Pkwy\nWisconsin Dells, WI 53965"",""note"":""""},{""type"":""phone"",""value"":""(608) 254-2525"",""note"":""""},{""type"":""email"",""value"":""jcdiehl@tommybartlett.com"",""note"":""""},{""type"":""website"",""value"":""http://wiattraction.com"",""note"":""""}]"	Jill Diehl	Tourism attractions.	All matters affecting Tourism Attractions, especially related to tourism promotion funding and the school opening date. Room tax.
11048	WI-principal-11048	TAPCO (Traffic & Parking Control Co., Inc	WI				"[{""type"":""address"",""value"":""5100 W Brown Deer Road\nBrown Deer , WI , WI 53593"",""note"":""""},{""type"":""phone"",""value"":""2628147000"",""note"":""""},{""type"":""email"",""value"":""andrew@tapconet.com"",""note"":""""},{""type"":""website"",""value"":""http://www.tapconet.com"",""note"":""""}]"	Andrew Bergholz	Transportation	Matters relating to Transportation
11049	WI-principal-11049	Greater Whitewater Committee, Inc.	WI				"[{""type"":""address"",""value"":""405 Panther Ct.\nWhitewater, WI 531901570"",""note"":""""},{""type"":""phone"",""value"":""(920) 728-0662"",""note"":""""},{""type"":""email"",""value"":""jpk@knightpublicaffairs.com"",""note"":""""},{""type"":""website"",""value"":""http://www.greaterwhitewatercommittee.com"",""note"":""""}]"		Regional business and civic leaders.	The organization will be working on subjects related to the 2021-22 Biennial Budget. Personal Property Tax, UW System Policies, Building Commission and Highway Policies.
11050	WI-principal-11050	T-Mobile USA, Inc.	WI				"[{""type"":""address"",""value"":""1400 Opus Place\nDowners Grove, IL 60515"",""note"":""""},{""type"":""phone"",""value"":""2604504518"",""note"":""""},{""type"":""email"",""value"":""compliance_wi_tmobile@multistate.us"",""note"":""""},{""type"":""website"",""value"":""http://www.t-mobile.com"",""note"":""""}]"	Mike Sievert	Telecommunications, tax issues, 911 emergency services, small cell	Telecommunications legislation/rules; taxation; public safety; technology issues. All matters related to 911 Emergency Services, small cell
11052	WI-principal-11052	National Mentor Holdings, LLC (REM Wisconsin)	WI				"[{""type"":""address"",""value"":""6600 France Avenue South, Suite 250\nEdina, MN 55435"",""note"":""""},{""type"":""phone"",""value"":""8636080505"",""note"":""""},{""type"":""email"",""value"":""Yadira.Holmes@sevitahealth.com"",""note"":""""},{""type"":""website"",""value"":""https://www.remwisconsin.com/"",""note"":""""}]"	Lori Wright	Matters pertaining to providers of developmental disabilities waiver services.	Matters pertaining to providers of developmental disabilities waiver services
11053	WI-principal-11053	Wisconsin Society of Land Surveyors	WI				"[{""type"":""address"",""value"":""2 E Mifflin Street, Suite 804\nMadison, WI 53703"",""note"":""""},{""type"":""phone"",""value"":""6088190150"",""note"":""""},{""type"":""email"",""value"":""info@wsls.org"",""note"":""""},{""type"":""website"",""value"":""http://www.wsls.org"",""note"":""""}]"	Jim Sehloff	The Association represents the interest of land surveying and land surveyors in Wisconsin.	Legislation involving licensing issues, water laws, land law, condominiums, land records, electronic recording of land records, subdivisions and liability issues impacting land surveying and land surveyors.
11054	WI-principal-11054	Wisconsin Startup Coalition	WI				"[{""type"":""address"",""value"":""2 E Mifflin Street, Suite 804\nMADISON, WI 53703"",""note"":""""},{""type"":""phone"",""value"":""(608) 819-0150"",""note"":""""},{""type"":""email"",""value"":""peter@thewelchgroup.org"",""note"":""""},{""type"":""website"",""value"":""https://www.wistartup.org/"",""note"":""""}]"		NA	"1. All issues related to the interests of entrepreneurs and business startups including funding, workforce, and tech transfer
2. 2023-2025 State Budget"
11055	WI-principal-11055	Wisconsin State Cranberry Growers Association	WI				"[{""type"":""address"",""value"":""3980 8th Street South, Suite 104\nWisconsin Rapids, WI 54494"",""note"":""""},{""type"":""phone"",""value"":""(715) 423-2070"",""note"":""""},{""type"":""email"",""value"":""wiscran@wiscran.org"",""note"":""""}]"	Grant Holley	Individuals and businesses involved in the cultivation of cranberries.	Any function or activity of any branch, department or phase of state or local government, agriculture, environment, taxation, regulation or business, finance or insurance or other topics pertaining to the general public health or welfare.
11056	WI-principal-11056	Bank of America Corporation	WI				"[{""type"":""address"",""value"":""2951 Centerville Road, Suite 300, DE9-295-03-02\nWilmington, DE 19808"",""note"":""""},{""type"":""phone"",""value"":""(302) 432-0956"",""note"":""""},{""type"":""email"",""value"":""wendy.jamison@bofa.com"",""note"":""""},{""type"":""website"",""value"":""http://www.bankofamerica.com"",""note"":""""}]"	Brian Moynihan	Banking and financial services.	Matters affecting the banking and financial services industry.
11059	WI-principal-11059	Wisconsin Propane Gas Association Inc	WI				"[{""type"":""address"",""value"":""P.O. Box 436\nPoynette, WI 53955"",""note"":""""},{""type"":""phone"",""value"":""6088448477"",""note"":""""},{""type"":""email"",""value"":""cheryl@wipga.org"",""note"":""""},{""type"":""website"",""value"":""http://www.wipga.org"",""note"":""""}]"	Cheryl Lytle	Wisconsin propane retailers, wholesalers and their vendors.	Legislation and rules affecting propane specifically and businesses operating in Wisconsin in general.
11060	WI-principal-11060	Wisconsin Association of Meat Processors	WI				"[{""type"":""address"",""value"":""PO Box 25\nPearl City, IL 61062"",""note"":""""},{""type"":""phone"",""value"":""608-636-0639"",""note"":""""},{""type"":""email"",""value"":""dianne@wi-amp.com"",""note"":""""},{""type"":""website"",""value"":""https://wi-amp.com/"",""note"":""""}]"	Dianne Handsaker	The Wisconsin Association of Meat Processors (WAMP) has the sole purpose of working for the benefit of meat processing firms throughout Wisconsin, as well as, the businesses that provide goods or services to the meat processing sector.	issues affecting the meat processing industry.
11061	WI-principal-11061	Schneider National Inc	WI				"[{""type"":""address"",""value"":""PO Box 2545\nGreen Bay, WI 54306"",""note"":""""},{""type"":""phone"",""value"":""(920) 592-5600"",""note"":""""},{""type"":""email"",""value"":""JacksonT18@schneider.com"",""note"":""""},{""type"":""website"",""value"":""https://schneider.com/ "",""note"":""""}]"	Mark  Rourke	Common and contract interstate and intrastate motor carrier transportation and logistics services.	reduction of business taxes; improvement of transportation infrastructure; transportation finance; engine emissions/idling; driver training, highway safety; tort reform; truck idling; shipper indemnification; FMLA; workers compensation system
11062	WI-principal-11062	Wisconsin Association for the Treatment of Opioid Dependence, Inc.	WI				"[{""type"":""address"",""value"":""9532 East 16 Frontage Road\nOnalaska, WI 54650"",""note"":""""},{""type"":""phone"",""value"":""(608) 783-0506"",""note"":""""},{""type"":""email"",""value"":""srogers@addictionmedical.net"",""note"":""""}]"	Sharel Rogers	The Corporation facilitates communication of issues, developments and challenges related to opioid dependence and the treatment thereof including implementing programs to make the public aware of opioid dependency and the treatment thereof.	Education, administration, prevention, treatment and research of opioid dependency
11063	WI-principal-11063	Foremost Farms USA, Cooperative	WI				"[{""type"":""address"",""value"":""8401 Greenway Blvd.\nMiddleton, WI 53562"",""note"":""""},{""type"":""phone"",""value"":""6082257477"",""note"":""""},{""type"":""email"",""value"":""michellekussow@gmail.com"",""note"":""""},{""type"":""website"",""value"":""http://www.foremostfarms.com"",""note"":""""}]"	Greg Schlafer	We’re a milk solids processing business owned by the dairy farm families who supply our milk. That’s what it means to be a cooperative – and it’s why our farmer-members have a vested interest in providing the highest-quality milk possible. They own Foremost Farms.	agriculture, business & cooperative issues
11064	WI-principal-11064	Altria Client Services LLC	WI				"[{""type"":""address"",""value"":""101 Constitution Avenue NW Suite 400W\nWashington, DC 20001"",""note"":""""},{""type"":""phone"",""value"":""202-354-1500"",""note"":""""},{""type"":""email"",""value"":""ALCS_PL_Lobbyist@altria.com"",""note"":""""},{""type"":""website"",""value"":""http://www.altria.com"",""note"":""""}]"	Sal  Mancuso	Tobacco-related issues for Altria Client Services LLC and its Affiliates -- Philip Morris USA Inc., John Middleton Co., U.S. Smokeless Tobacco Co.,Helix Innovations LL, and NJOY,LLC.	All matters affecting the manufacturer, processing, packaging, distribution, sales, use and taxation of tobacco products. Tobacco-related issues for Altria Client Services LLC and its Affiliates -- Philip Morris USA Inc., John Middleton Co., U.S. Smokeless Tobacco Co., Helix Innovations LL, and NJOY,LLC.
11066	WI-principal-11066	Wisconsin Institute for Healthy Aging	WI				"[{""type"":""address"",""value"":""1414 Mac Arthur Rd, Suite B\nMadison, WI 53714"",""note"":""""},{""type"":""phone"",""value"":""715-340-4866"",""note"":""""},{""type"":""email"",""value"":""jill.renken@wihealthyaging.org"",""note"":""""}]"		WIHA's board of directors and partners include members of Wisconsin's aging network, public health, healthcare, university, and other community based organizations interested in aging and health education.	Issues affecting our aging population and services, specific to community health needs.
11067	WI-principal-11067	Wisconsin Public Transportation Association	WI				"[{""type"":""address"",""value"":""530 Doty St\nFond du Lac, WI 54935"",""note"":""""},{""type"":""phone"",""value"":""(715) 839-5111"",""note"":""""},{""type"":""email"",""value"":""Tom.Wagener@eauclairewi.gov"",""note"":""""}]"	Tom  Wagener	A professional association of Wisconsin urban and rural public transportation providers, including managers, planners, maintenance supervisors, security and safety personnel, and industry suppliers.	All areas of administrative or legislative affairs which may affect the administration or operation of a municipal or county transit system. Wisconsin Department of Transportation, local transportation aids and operating assistance.
11068	WI-principal-11068	Independent Insurance Agents of Wisconsin	WI				"[{""type"":""address"",""value"":""725 John Nolen Dr\nMadison, WI 53713"",""note"":""""},{""type"":""phone"",""value"":""(608) 256-4429"",""note"":""""},{""type"":""email"",""value"":""matt@iiaw.com"",""note"":""""},{""type"":""website"",""value"":""http://www.iiaw.com"",""note"":""""}]"	Matt Banaszynski	Licensed independent insurance agents and brokers	All matters pertaining to Property and Casualty, Life and Health, Worker's Compensation insurance and the regulation of licensed independent insurance agents and brokers.
11070	WI-principal-11070	Construction Business Group	WI				"[{""type"":""address"",""value"":""4702 S. Biltmore Lane\nMadison, WI 53718"",""note"":""""},{""type"":""phone"",""value"":""(608) 310-8341"",""note"":""""},{""type"":""email"",""value"":""c.buchko@cbgwi.com"",""note"":""""},{""type"":""website"",""value"":""https://www.cbgwi.com/about-us/"",""note"":""""}]"	Robb Kahl	A joint Labor-Management organization to enhance business opportunities and quality of life by ensuring fairness, equity and standards of excellence in the Wisconsin construction industry.	Transportation, broadband, solar and other infrastructure investment, construction regulations, apprenticeship programs, and labor and employment matters.
11071	WI-principal-11071	Wisconsin Technical College District Boards Association Inc	WI				"[{""type"":""address"",""value"":""104 King Street #202\nMadison, WI 53703"",""note"":""""},{""type"":""phone"",""value"":""6145790691"",""note"":""""},{""type"":""email"",""value"":""ajleavy@districtboards.org"",""note"":""""},{""type"":""website"",""value"":""http://www.districtboards.org"",""note"":""""}]"	Vacant Vacant	Promoting education, advocacy, cooperation and collaboration among and on behalf of technical college district board members and their colleges and stakeholders.	Technical colleges, technical career and adult education, higher education, K-12, job training, workforce and economic development, professional regulation and licensing, taxation, local governments, boards and public officials.
11072	WI-principal-11072	Apartment Association of South Central Wisconsin	WI				"[{""type"":""address"",""value"":""2909 Landmark Place, Suite 202\nMadison, WI 53717"",""note"":""""},{""type"":""phone"",""value"":""(608) 826-6226"",""note"":""""},{""type"":""email"",""value"":""victoria@aascw.org"",""note"":""""},{""type"":""website"",""value"":""http://aascw.org"",""note"":""""}]"	Victoria LaBrosse	Multi-family housing, rental housing property, owners, managers, residents & developers of rental housing.	Landlord & tenant issues, rental housing, property taxation, tax base-municipal issues, property owner rights, land use & housing policy related to rental housing.
11073	WI-principal-11073	Concordia University, Inc.	WI				"[{""type"":""address"",""value"":""12800 N. Lake Shore Drive\nMequon, WI 53097"",""note"":""""},{""type"":""phone"",""value"":""(262) 243-4392"",""note"":""""},{""type"":""email"",""value"":""steve.taylor@cuw.edu"",""note"":""""},{""type"":""website"",""value"":""https://www.cuw.edu/"",""note"":""""}]"		Concordia University, Inc.	"Across our six academic schools (Health Professions, Nursing, Pharmacy, Business, Education, Arts and Sciences) we have a vested interest in a wide range of policy issues effecting:
-Health Care Regulation
-K-12 Education
-Economic Development
-Student Financial Aid
-Higher Education regulation"
11074	WI-principal-11074	Family Connect of Wisconsin	WI				"[{""type"":""address"",""value"":""6737 Holly Dr.\nRhinelander, WI 54501"",""note"":""""},{""type"":""phone"",""value"":""7154991320"",""note"":""""},{""type"":""email"",""value"":""mike@familyconnectwi.org"",""note"":""""},{""type"":""website"",""value"":""http://www.familyconnectwi.org"",""note"":""""}]"		Non-profit churches, camps, foundations.	Department of Children and Families policy guidance and funding to county agencies.
11075	WI-principal-11075	Fox Valley Riparian Rights Association	WI				"[{""type"":""address"",""value"":""2 E Mifflin Street, Suite 804\nMadison, WI 53703"",""note"":""""},{""type"":""phone"",""value"":""(608) 819-0150"",""note"":""""},{""type"":""email"",""value"":""info@thewelchgroup.org"",""note"":""""}]"		Riparian owners and those who do work for them	Statutes and DNR regulations that affect the ability of riparian owners to enjoy the benefits of their property
11076	WI-principal-11076	RELX Inc.	WI				"[{""type"":""address"",""value"":""1000 Alderman Drive\nAlpharetta, GA 30005"",""note"":""""},{""type"":""phone"",""value"":""(202) 857-8235"",""note"":""""},{""type"":""email"",""value"":""jon.burton@relx.com"",""note"":""""},{""type"":""website"",""value"":""http://www.relx.com"",""note"":""""}]"	Erik Engstrom	RELX is a leading provider of professional information and online workflow solutions.	Issues of interest to RELX Inc. businesses, including data security and data privacy.
11078	WI-principal-11078	ACT Education Corp	WI				"[{""type"":""address"",""value"":""500 ACT Dr.\nIowa City, IA 52243"",""note"":""""},{""type"":""phone"",""value"":""319-337-1268"",""note"":""""},{""type"":""email"",""value"":""act@politicomlaw.com"",""note"":""""},{""type"":""website"",""value"":""https://www.act.org/"",""note"":""""}]"		Not-for-profit organization providing education and workforce development.	Education
11079	WI-principal-11079	Merck Sharp & Dohme LLC	WI				"[{""type"":""address"",""value"":""Nielsen Merksamer et al., 2350 Kerner Blvd., Suite 250\nSan Rafael, CA 94901"",""note"":""""},{""type"":""phone"",""value"":""(415) 389-6800"",""note"":""""},{""type"":""email"",""value"":""merck@nmgovlaw.com"",""note"":""""},{""type"":""website"",""value"":""http://www.merck.com"",""note"":""""}]"	Robert Davis	Pharmaceutical and Health Care	General issues such as health care, Medicaid, and insurance, but more specifically, including but not limited to, access to prescription drugs, vaccines, health care professional licenses, Medicaid formularies, and statutory relationships between prescription manufacturers, health care providers and third party payers.
11080	WI-principal-11080	PMI US Corporate Services Inc. and Affiliates	WI				"[{""type"":""address"",""value"":""c/o 2350 Kerner Blvd., Ste. 250\nSan Rafael, CA 94901"",""note"":""""},{""type"":""phone"",""value"":""4153896800"",""note"":""""},{""type"":""email"",""value"":""pmi@nmgovlaw.com"",""note"":""""},{""type"":""website"",""value"":""https://www.pmi.com/"",""note"":""""}]"	Stacey Kennedy	Heated tobacco and nicotine products.	Matters related to heated tobacco and nicotine products.
11083	WI-principal-11083	Robert W Baird and Company Inc	WI				"[{""type"":""address"",""value"":""P.O. Box 672\nMilwaukee, WI 53201"",""note"":""""},{""type"":""phone"",""value"":""4147653964"",""note"":""""},{""type"":""email"",""value"":""rsalmon@rwbaird.com"",""note"":""""},{""type"":""website"",""value"":""http://www.rwbaird.com"",""note"":""""}]"	Steve Booth	Wealth Management, Capital Markets Asset Management and Private Equity	Economic development, financial institutions, and securities
11088	WI-principal-11088	Forest County Potawatomi Community	WI				"[{""type"":""address"",""value"":""3136 W. Kilbourn Ave.\nMilwaukee, WI 53208"",""note"":""""},{""type"":""phone"",""value"":""(414) 847-7741"",""note"":""""},{""type"":""email"",""value"":""jeffrey.crawford@FCPotawatomi-NSN.gov"",""note"":""""},{""type"":""website"",""value"":""http://www.fcpotawatomi.com"",""note"":""""}]"		Promote the general welfare and justice for tribal members and their descendants.	All matters affecting the economic and political welfare of the Forest County Potawatomi Community and its members and businesses.
11090	WI-principal-11090	Midwest Environmental Advocates	WI				"[{""type"":""address"",""value"":""634 W. Main St, Ste 201\nMadison, WI 53703"",""note"":""""},{""type"":""phone"",""value"":""(608) 251-5047 x2"",""note"":""""},{""type"":""email"",""value"":""rcarpenter@midwestadvocates.org"",""note"":""""},{""type"":""website"",""value"":""http://midwestadvocates.org"",""note"":""""}]"		Individuals and organizations advocating for public rights in the environment	Legislative matters and Administrative rule-makings that affect public rights in the environment
11091	WI-principal-11091	DoorDash, Inc.	WI				"[{""type"":""address"",""value"":""28 Liberty Ship Way, Suite 2815\nSausalito, CA 94965"",""note"":""""},{""type"":""phone"",""value"":""(415) 903-2800"",""note"":""""},{""type"":""email"",""value"":""doordash@politicomlaw.com"",""note"":""""}]"	Tony Xu	App based delivery service	Matters affecting app based delivery services.
11092	WI-principal-11092	Google LLC and its Affiliates	WI				"[{""type"":""address"",""value"":""28 Liberty Ship Way, Suite 2815\nSausalito, CA 94965"",""note"":""""},{""type"":""phone"",""value"":""(415) 903-2800"",""note"":""""},{""type"":""email"",""value"":""google@politicomlaw.com"",""note"":""""}]"	Sundar Pichai	Technology	Matters affecting Internet products and services
11093	WI-principal-11093	Unite 2 Fight Paralysis	WI				"[{""type"":""address"",""value"":""528 Hennepin Ave, Suite 606\nMinneapolis, MN 55403"",""note"":""""},{""type"":""phone"",""value"":""612-834-5472"",""note"":""""},{""type"":""email"",""value"":""matthewrodreick@unite2fightparalysis.org"",""note"":""""},{""type"":""website"",""value"":""https://u2fp.org/"",""note"":""""}]"		We represent individuals across the country living with spinal cord injury and their family members. We use our voice to advocate for the funding and guiding of research into new and innovative treatments for the functional improvement of people with spinal cord injuries. Our primary constituents are these same individuals from the spinal cord injury community, and our financial support is primarily derived from individual donations, our annual races in Chicago and Minneapolis, and corporate and institutional sponsorship of our annual scientific meeting.	We focus our advocacy efforts on the Department of Higher Education and or the Department of Health Services to align the Wisconsin biomedical research ecosystem with the needs of the Wisconsin spinal cord injury community, specifically the WI Spinal Cord Injury Research Grants and Symposia Bill (2024 AB19/SB27) and the program in the governor's budget
11094	WI-principal-11094	Wisconsin Education Association Council	WI				"[{""type"":""address"",""value"":""33 Nob Hill Road\nMadison, WI 53713"",""note"":""""},{""type"":""phone"",""value"":""(608) 957-9122"",""note"":""""},{""type"":""email"",""value"":""baxterr@weac.org"",""note"":""""},{""type"":""website"",""value"":""http://www.weac.org"",""note"":""""}]"		The Wisconsin Education Association Council (WEAC) is committed to making a difference for the common good through advocacy, collaboration, professionalism, social justice and economic security.	WEAC will address through its lobbying efforts all matters that affect public education, including but not limited to the economic well being of our members, the learning conditions for all public school students and appropriate resources that support the development of student learning into advancing our society.
11095	WI-principal-11095	EF Johnson Technologies	WI				"[{""type"":""address"",""value"":""1440 Corporate Drive\nIrving, TX 75038"",""note"":""""},{""type"":""phone"",""value"":""(972) 819-2336"",""note"":""""},{""type"":""email"",""value"":""tjackson@efji.com"",""note"":""""}]"	Duane Anderson	Providing systems and radios for professional communication, especially for the public safety market.	"Budget issues revolving around funding of public safety systems and radios
Management and funding of WISCOM"
11097	WI-principal-11097	Code.org	WI				"[{""type"":""address"",""value"":""801 5th Avenue STE 2100\nSeattle, WA 98104"",""note"":""""},{""type"":""phone"",""value"":""240-688-9674"",""note"":""""},{""type"":""email"",""value"":""julia.wynn@code.org"",""note"":""""}]"		Computer science education	Computer science education
11099	WI-principal-11099	Community Associations Institute of Wisconsin	WI				"[{""type"":""address"",""value"":""111 E. Kilbourn Avenue, Suite 1700\nMilwaukee, WI 53202"",""note"":""""},{""type"":""phone"",""value"":""414-300-6156"",""note"":""""},{""type"":""email"",""value"":""apeterselli@kamancus.com"",""note"":""""},{""type"":""website"",""value"":""https://cai-wi.org/"",""note"":""""}]"	Amy Peterselli	CAI-Wisconsin provides information, education and resources to the homeowner volunteers who govern communities and the professionals who support them. CAI-WI members include association board members and other homeowner leaders, community managers, association management firms and other professionals who provide products and services to associations. We believe homeowner and condominium associations should strive to exceed the expectations of their residents.	Regulation of and issues impacting all types of association-governed communities, such as condominium and homeowner associations, cooperatives, and planned communities of all sizes; individual homeowners; community managers and management firms; builders and developers; accountants, attorneys, lenders, insurance providers, reserve specialists, and other providers of professional services; public officials; and product and service suppliers—all working together to create more livable communities.
11100	WI-principal-11100	International Union of Operating Engineers Local #139	WI				"[{""type"":""address"",""value"":""PO Box 130\nPewaukee, WI 53072"",""note"":""""},{""type"":""phone"",""value"":""(262) 896-0139"",""note"":""""},{""type"":""email"",""value"":""tmcgowan@iuoe139.org"",""note"":""""},{""type"":""website"",""value"":""http://iuoe139.org"",""note"":""""}]"		Protection of our members' health, welfare and economic well being.	Any legislation or budget issues that impact road or building construction.  Any issues affecting labor/management relations.
11101	WI-principal-11101	SI Group Client Services	WI				"[{""type"":""address"",""value"":""459 E 16th St\nJacksonville, FL 32206"",""note"":""""},{""type"":""phone"",""value"":""(904) 353-4311"",""note"":""""},{""type"":""email"",""value"":""MMorrow@swisher.com"",""note"":""""}]"	Chris Howard	Sale of tobacco and other products	All issues surrounding the regulation or taxation of tobacco products
11102	WI-principal-11102	Stride, Inc.	WI				"[{""type"":""address"",""value"":""2300 Corporate Park Drive, Ste 200\nHerndon, VA 20171"",""note"":""""},{""type"":""phone"",""value"":""7034837135"",""note"":""""},{""type"":""email"",""value"":""bflood@k12.com"",""note"":""""},{""type"":""website"",""value"":""http://www.k12.com"",""note"":""""}]"	James Rhyu	Stride, Inc is a company that develops curriculum for elementary and secondary education and provides school management services to charter and other schools.	Any matters related to school choice, public school funding, virtual learning, open enrollment, student transfers, special education, standard and accountability, charter schools, and technology
11103	WI-principal-11103	Wisconsin Bear Hunters Association	WI				"[{""type"":""address"",""value"":""2 E Mifflin Street, Suite 804\nMadison, WI 53703"",""note"":""""},{""type"":""phone"",""value"":""608 819 0150"",""note"":""""},{""type"":""email"",""value"":""bob@thewelchgroup.org"",""note"":""""}]"		None	Any issues/regulations dealing with hunting, dogs, firearms, conservation, and land use.
11107	WI-principal-11107	Wisconsin REALTORS Association	WI				"[{""type"":""address"",""value"":""4801 Forest Run Road\nMadison, WI 53704"",""note"":""""},{""type"":""phone"",""value"":""608-241-2047"",""note"":""""},{""type"":""email"",""value"":""tlarson@wra.org"",""note"":""""}]"	Thomas Larson	Real Estate	The WRA lobbies on issues that impact the residential and commercial real estate industry, the real estate transaction, real estate brokerage services, private property rights, and other issues such as landlord/tenant issues, license law, land use, environment, commercial/industrial and transportation, campaign and political issues, education, and tax policy.
11108	WI-principal-11108	Leaders Igniting Transformation Action Fund, Inc.	WI				"[{""type"":""address"",""value"":""2201 N Dr. Martin Luther King Dr\nMilwaukee, WI 53212"",""note"":""""},{""type"":""phone"",""value"":""414-310-9859"",""note"":""""},{""type"":""email"",""value"":""amanda@litmke.org"",""note"":""""}]"		Electoral organizing, public policy advocacy, and leadership development.	Education, University System Funding and Policies, State Budget, Voting Laws, Democracy Reform, and Criminal Justice.
11109	WI-principal-11109	Wisconsin Builders Association	WI				"[{""type"":""address"",""value"":""660 John Nolen Drive, #320\nMadison, WI 53713"",""note"":""""},{""type"":""phone"",""value"":""(608) 242-5151"",""note"":""""},{""type"":""email"",""value"":""bboycks@wisbuild.org"",""note"":""""},{""type"":""website"",""value"":""http://www.wisbuild.org"",""note"":""""}]"	Brad Boycks	Single family, multifamily, and commercial building, remodeling, and land development.	New construction, remodeling, tax issues, review of all building codes, and regulatory issues
11110	WI-principal-11110	One City Schools, Inc.	WI				"[{""type"":""address"",""value"":""1707 W Broadway\nMonona, WI 53713"",""note"":""""},{""type"":""phone"",""value"":""608-416-0410"",""note"":""""},{""type"":""email"",""value"":""champton@onecityschools.org"",""note"":""""},{""type"":""website"",""value"":""http://onecityschools.org"",""note"":""""}]"		One City Schools operates within the early childhood and K-12 education industries. We also have partnerships with higher education to support teacher development, recruitment and training.	We will lobby for additional funding for early childhood education, and for additional per pupil and categorical funding for public charter schools. Additionally, we will lobby for increased funding for reading initiatives, teacher recruitment, retention and development, and STEM education.
11111	WI-principal-11111	Wisconsin Association of Health Plans	WI				"[{""type"":""address"",""value"":""10 E Doty St, Ste. 503\nMadison, WI 53703"",""note"":""""},{""type"":""phone"",""value"":""6082558599"",""note"":""""},{""type"":""email"",""value"":""kyle@wihealthplans.org"",""note"":""""},{""type"":""website"",""value"":""http://wihealthplans.org"",""note"":""""}]"	John Nygren	The Wisconsin Association of Health Plans represents community-based health plans on state legislative and regulatory matters.	The Wisconsin Association of Health Plans represents community-based health plans on issues relating to: health insurance legislation and regulation; health care access and cost; State Health Plan competition, benefits, choice and cost; Medical Assistance benefits, eligibility and funding; taxation; health care coverage mandates; and, any other matters relating to health insurance and health care. The Association works to preserve the advantages of a competitive health insurance marketplace.
11112	WI-principal-11112	JPMorgan Chase Holdings LLC	WI				"[{""type"":""address"",""value"":""383 Madison Avenue\nNew York, NY 10179"",""note"":""""},{""type"":""phone"",""value"":""(312) 954-3232"",""note"":""""},{""type"":""email"",""value"":""rebecca.novak@jpmchase.com"",""note"":""""}]"	Jamie Dimon	Financial Services	Issue and matters related to fees on credit and debit card transactions. Issues and matters related to the regulation of banking and trust services. Issues and matters related to providing financial services. Issues and matters related to taxation and state tax policy. Issues and matters related to foreclosure policy.
11113	WI-principal-11113	American Resort Development Association	WI				"[{""type"":""address"",""value"":""4901 Vineland Road, Suite 635\nOrlando, FL 32811"",""note"":""""},{""type"":""phone"",""value"":""(407) 245-7601"",""note"":""""},{""type"":""email"",""value"":""CStewart@arda.org"",""note"":""""},{""type"":""website"",""value"":""http://www.arda.org"",""note"":""""}]"	Howard Nusbaum	Trade association representing the vacation ownership and resort development industries.	All issues related to the development or regulation of timeshares in Wisconsin.
11114	WI-principal-11114	Augusta Enterprises, LLC	WI				"[{""type"":""address"",""value"":""4015 80th Street\nKenosha, WI 53142"",""note"":""""},{""type"":""phone"",""value"":""(262) 694-2327"",""note"":""""},{""type"":""email"",""value"":""smills@beardevelopment.com"",""note"":""""}]"	Stephen R.  Mills	Development of commercial and residential property	All matters related to property development including environmental regulation.
11115	WI-principal-11115	Association of Wisconsin Snowmobile Clubs, Inc.	WI				"[{""type"":""address"",""value"":""529 Trail Side Dr., Ste 200\nDeForest, WI 53532"",""note"":""""},{""type"":""phone"",""value"":""(608) 846-5530"",""note"":""""},{""type"":""email"",""value"":""awsc@awsc.org"",""note"":""""},{""type"":""website"",""value"":""https://www.awsc.org/"",""note"":""""}]"	Lori  Heideman	Preservation and promotion of snowmobiling in Wisconsin	All matters affecting snowmobiling including but not limited to: snowmobile operation, safety programs, permitting and registration requirements, trail maintenance, and snowmobile recreation council matters.
11116	WI-principal-11116	Betty Brinn Children's Museum	WI				"[{""type"":""address"",""value"":""929 E. Wisconsin Avenue\nMilwaukee, WI 53202"",""note"":""""},{""type"":""phone"",""value"":""414-207-8923 ext. 440"",""note"":""""},{""type"":""email"",""value"":""tquealy@bbcmkids.org"",""note"":""""},{""type"":""website"",""value"":""https://bbcmkids.org"",""note"":""""}]"		N/A	Matters related to public funding for cultural institutions.
11117	WI-principal-11117	Community Medical Services	WI				"[{""type"":""address"",""value"":""8444 N 90th Street, Suite 100\nScottsdale, AZ 85258"",""note"":""""},{""type"":""phone"",""value"":""608-258-4257"",""note"":""""},{""type"":""email"",""value"":""lesley.wimmer@cmsgiveshope.com"",""note"":""""}]"	Nick  Stavros	Community Medical Services is an opioid treatment program operating in Wisconsin and 12 additional states providing medications, counseling, and recovery support services for individuals with opioid use disorder.	Matters related to opioid settlement funds.
11119	WI-principal-11119	Johnsonville, LLC	WI				"[{""type"":""address"",""value"":""PO Box 906\nSheboygan Falls, WI 53085"",""note"":""""},{""type"":""phone"",""value"":""(920) 453-6900"",""note"":""""},{""type"":""email"",""value"":""NGanfield@johnsonville.com"",""note"":""""},{""type"":""website"",""value"":""https://www.johnsonville.com"",""note"":""""}]"	Nick  Meriggioli	Production and marketing of food products	Matters related to the production and marketing of food products
11120	WI-principal-11120	Kimberly-Clark Corporation	WI				"[{""type"":""address"",""value"":""1400 Holcomb Bridge Road\nRoswell, GA 30076"",""note"":""""},{""type"":""phone"",""value"":""6789380748"",""note"":""""},{""type"":""email"",""value"":""branch.sinkule@kcc.com"",""note"":""""},{""type"":""website"",""value"":""http://www.kcc.com"",""note"":""""}]"	Michael Hsu	Kimberly-Clark Corporation is a U.S. headquartered multinational manufacturer of consumer products.	The manufacturing, transporting, use or taxation of personal care products and paper-based consumer products, as well as other policies that may affect the manufacturing or sales of products or services by Kimberly-Clark Corporation, including its subsidiaries and affiliates.
11121	WI-principal-11121	Literacy Lab Inc.	WI				"[{""type"":""address"",""value"":""1400 16th St., NW, #410\nWashington D.C. , DC 20036"",""note"":""""},{""type"":""phone"",""value"":""(202) 567-7082"",""note"":""""},{""type"":""email"",""value"":""morlins@theliteracylab.org"",""note"":""""},{""type"":""website"",""value"":""https://theliteracylab.org/"",""note"":""""}]"		Matters related to funding of literacy and educator recruitment programs.	Matters related to funding of literacy and educator recruitment programs.
11122	WI-principal-11122	The Marcus Corporation	WI				"[{""type"":""address"",""value"":""100 E. Wisconsin Avenue, Suite 1900\nMilwaukee, WI 53202"",""note"":""""},{""type"":""phone"",""value"":""(414) 905-1216"",""note"":""""},{""type"":""email"",""value"":""stevebartelt@marcuscorp.com"",""note"":""""},{""type"":""website"",""value"":""http://www.marcuscorp.com"",""note"":""""}]"	Greg Marcus	Ownership and operation of hotels and theaters.	Matters related to regulation and support of business during the COVID pandemic.
11123	WI-principal-11123	MDFEST, INC.	WI				"[{""type"":""address"",""value"":""1724 Lawrence Drive\nDe Pere, WI 54115"",""note"":""""},{""type"":""phone"",""value"":""(920) 964-9125"",""note"":""""},{""type"":""email"",""value"":""Sroubal@festfoods.com"",""note"":""""}]"	Mark  Skogen	Grocery retail	All matters affecting the retail industry
11124	WI-principal-11124	Midwest Association of Independent Camps	WI				"[{""type"":""address"",""value"":""10523 N Pine Tree Circle\nMequon, WI 53092"",""note"":""""},{""type"":""phone"",""value"":""(262) 238-1263"",""note"":""""},{""type"":""email"",""value"":""gabe@birchtrail.com"",""note"":""""}]"	Gabe Chernov	MAIC is a group of camp professionals who are dedicated to promoting high quality standards in organized camping, while offering children and their parents the best possible camp experience.	All legislation and rulemaking that impacts private camps including DNR regulation, permitting, employment issues and more.
11125	WI-principal-11125	MTM	WI				"[{""type"":""address"",""value"":""1443 Wellington Way\nEagan , MN 55122"",""note"":""""},{""type"":""phone"",""value"":""(612) 616-2445"",""note"":""""},{""type"":""email"",""value"":""pstalboerger@mtm-inc.net"",""note"":""""}]"	Alaina Macia	Non-emergency medical transport	Matters related to the funding and structure of state support for non-emergency medical transport.
11126	WI-principal-11126	Peninsula Fiber Network	WI				"[{""type"":""address"",""value"":""1901 West Ridge Street, Suite 2\nMarquette, MI 49855"",""note"":""""},{""type"":""phone"",""value"":""906-226-2010"",""note"":""""},{""type"":""email"",""value"":""jgreenburg@pfnllc.net"",""note"":""""}]"	Scott Randall	Peninsula Fiber Network is a telecommunications carrier that provides telecommunications, transport and broadband services for governments, businesses, and other telecommunications companies.  We are also proud to partner with the public safety community to provide Next Generation 911 services (NG911) in Michigan and Wisconsin.  Our secure, redundant fiber network extends through Michigan, Northern Wisconsin, into Canada, and in conjunction with our Indatel Network Consortium partners, PFN provides network access points across much of the United States.	Matters related to broadband, funding for Next Generation 911 and other emergency services, and telecommunications policy and regulation.
11127	WI-principal-11127	Sargento	WI				"[{""type"":""address"",""value"":""One Persnickety Pl.\nPlymouth, WI 53073"",""note"":""""},{""type"":""phone"",""value"":""(920) 892-3550"",""note"":""""},{""type"":""email"",""value"":""chad.hamilton@sargento.com"",""note"":""""}]"	Louis Gentine	Wisconsin based, family owned cheese and food packaging company.	Rules and legislation relating to dairy, agricultural and food processing.
11128	WI-principal-11128	Shatterproof	WI				"[{""type"":""address"",""value"":""135 West 41st Street, 6th Floor\nNew York, NY 10036"",""note"":""""},{""type"":""phone"",""value"":""(800) 597-2557"",""note"":""""},{""type"":""email"",""value"":""kroy@shatterproof.org"",""note"":""""}]"		The organization is supported by those wishing to end the evils of addiction.	All matters related to the prevention and treatment of addiction.
11129	WI-principal-11129	The Greentree Group	WI				"[{""type"":""address"",""value"":""1360 Technology Court, Suite 100\nBeavercreek, OH 45430"",""note"":""""},{""type"":""phone"",""value"":""937-490-5500"",""note"":""""},{""type"":""email"",""value"":""jshaefer@greentreegroup.com"",""note"":""""}]"	Travis Greenwood	Provide management and technology consulting to State agencies and Municipalities to assist in implementation, transformation, and modernization efforts.	Matters related to the procurement of state IT and change management consulting.
11130	WI-principal-11130	U.S. Venture, Inc.	WI				"[{""type"":""address"",""value"":""425 Better Way\nAppleton, WI 54915"",""note"":""""},{""type"":""phone"",""value"":""(920) 470-6702"",""note"":""""},{""type"":""email"",""value"":""BCasey@usventure.com"",""note"":""""},{""type"":""website"",""value"":""http://www.usventure.com"",""note"":""""}]"	Eric Kessenich	Provider of transportation products, sustainability solutions, and insight driving the world forward.	Energy and transportation issues including, but not limited to, refined products distribution and renewable energy.
11131	WI-principal-11131	Wisconsin Alliance of YMCAs	WI				"[{""type"":""address"",""value"":""90 W. 2nd Street\nFond du Lac, WI 54935"",""note"":""""},{""type"":""phone"",""value"":""(610) 322-4913"",""note"":""""},{""type"":""email"",""value"":""jagnew@ymcafoxcities.org"",""note"":""""}]"		Taxation and tax-exempt status; and regulation of fees, licensing, etc.	The two major areas we have focused on are tax (taxation & tax-exempt status) and regulation (fees, licensing, etc.) of our YMCAs.
11132	WI-principal-11132	Aurora Health Care	WI				"[{""type"":""address"",""value"":""PO Box 341880\nMilwaukee, WI 53215"",""note"":""""},{""type"":""phone"",""value"":""815-474-3973"",""note"":""""},{""type"":""email"",""value"":""benjamin.vanpelt@aah.org"",""note"":""""}]"		Issues impacting health care financing and delivery, and community health initiatives.	Issues impacting health care financing and delivery, and community health initiatives.
11133	WI-principal-11133	Boys & Girls Clubs of Wisconsin	WI				"[{""type"":""address"",""value"":""5542 Riverview Drive\nMadison, WI 53597"",""note"":""""},{""type"":""phone"",""value"":""(608) 213-8585"",""note"":""""},{""type"":""email"",""value"":""agussert@bgcdc.org"",""note"":""""},{""type"":""website"",""value"":""http://www.bgcwisconsin.org/"",""note"":""""}]"		We serve over 134,000 youth at 158 sites in 57 cities across Wisconsin, more than any organization outside of our public school system. With two thirds of our kids living outside of Madison and Milwaukee, we support programs and funding that allow all of Wisconsin Clubs to continue to offer unique programs that promote the positive development of young people.	We focus on programs that result in measurable outcomes for youth in academic achievement, career skill building, positive mental health,  juvenile crime reduction, prevention of opioid abuse, and constructive civic engagement. We support and track legislation and budget matters that impact school age youth statewide, including stimulus funding, child care licensing, and after school program funding.
11134	WI-principal-11134	L3Harris Technologies	WI				"[{""type"":""address"",""value"":""600 Maryland Ave., SW\nWashington D.C., DC 20024"",""note"":""""},{""type"":""phone"",""value"":""(703) 245-4320"",""note"":""""},{""type"":""email"",""value"":""jayne.leighton@l3harris.com"",""note"":""""}]"	William Brown	Radio Sales	Matters related to purchase and operations of radio systems
11135	WI-principal-11135	Versiti, Inc.	WI				"[{""type"":""address"",""value"":""638 N. 18th Street\nMilwaukee, WI 53233"",""note"":""""},{""type"":""phone"",""value"":""(414) 937-6418"",""note"":""""},{""type"":""email"",""value"":""breuter@versiti.org"",""note"":""""}]"		Blood donation and research	Matters related to incentives for blood donation and blood research
11136	WI-principal-11136	Alibaba	WI				"[{""type"":""address"",""value"":""325 7th St NW Suite 700\nWashington DC, DC 20004"",""note"":""""},{""type"":""phone"",""value"":""7734258515"",""note"":""""},{""type"":""email"",""value"":""colleen.daley@alibaba-inc.com"",""note"":""""}]"	Eddie Wu	Issues that impact the Alibaba ecosystem including ecommerce, technology, and privacy.	Ecommerce and technology
11137	WI-principal-11137	American Lung Association, dba American Lung Association in Wisconsin	WI				"[{""type"":""address"",""value"":""13100 W Lisbon Rd. Suite 700\nBrookfield, WI 53005"",""note"":""""},{""type"":""phone"",""value"":""(262) 395-1700"",""note"":""""},{""type"":""email"",""value"":""molly.collins@Lung.org"",""note"":""""},{""type"":""website"",""value"":""http://www.lung.org"",""note"":""""}]"		Individual, corporate, foundation, government grants and  donations; special events.	The American Lung Association in Wisconsin supports legislative initiatives to enhance awareness and compliance with federal, state and local tobacco control policies, clean air standards and public health measures.  Specific activities include raising the state taxes on tobacco and nicotine products, funding the state tobacco prevention program at CDC recommended level, improving patient access to  affordable quality health care and reducing air pollution, indoors and outdoors.
11138	WI-principal-11138	Milwaukee Public Schools	WI				"[{""type"":""address"",""value"":""P.O. Box 2181\nMilwaukee, WI 53208"",""note"":""""},{""type"":""phone"",""value"":""(414) 475-8190"",""note"":""""},{""type"":""email"",""value"":""thielcj@milwaukee.k12.wi.us"",""note"":""""},{""type"":""website"",""value"":""http://www.milwaukee.k12.wi.us."",""note"":""""}]"		K-12 Education. Public Education. School district.	Policies that govern K-12 education or influence K-12 education including funding.
11139	WI-principal-11139	Association of State Prosecutors	WI				"[{""type"":""address"",""value"":""949 N. 9th Street\nMilwaukee, WI 532331422"",""note"":""""},{""type"":""phone"",""value"":""414-278-4653"",""note"":""""},{""type"":""email"",""value"":""dan.flaherty@da.wi.gov"",""note"":""""},{""type"":""website"",""value"":""http://www.wiasp.com"",""note"":""""}]"	Dan Flaherty	Association representing the interests of Wisconsin Assistant District Attorneys.	Legislation and administrative rules relating to Wisconsin's criminal code and affecting Assistant District Attorneys.
11140	WI-principal-11140	BioForward Inc.	WI				"[{""type"":""address"",""value"":""440 Science Drive, Ste. 403\nMadison, WI 53711"",""note"":""""},{""type"":""phone"",""value"":""608-515-5432"",""note"":""""},{""type"":""email"",""value"":""ljohnson@bioforward.org"",""note"":""""},{""type"":""website"",""value"":""http://bioforward.org"",""note"":""""}]"	Lisa Johnson	Trade association of Wisconsin biotechnology companies.	All human, plant and animal biotechnology issues such as stem cell research, cloning and drug therapy development.
11141	WI-principal-11141	Feeding Wisconsin	WI				"[{""type"":""address"",""value"":""2850 Dairy Drive\nMadison, WI 53718"",""note"":""""},{""type"":""phone"",""value"":""(608) 478-2882"",""note"":""""},{""type"":""email"",""value"":""janderson@feedingwi.org"",""note"":""""},{""type"":""website"",""value"":""http://www.feedingwi.org"",""note"":""""}]"		Food banks, emergency food organizations, grocery and food manufacturing, and agriculture	We support, advocate for, and educate elected, administration, and agency officials on state legislative and regulatory policies that will 1) increase access to fresh, nutritious food for Wisconsin families, 2) ensure a strong, accessible, and effective safety net and 3) improve the health of Wisconsin families with low-incomes. This may include, but are not limited to, issues such as agriculture, state budget, FoodShare, school breakfast and lunch, WIC, food safety, transportation, local food systems, and other human services related issues.
11142	WI-principal-11142	GFL Everglades Holdings, LLC	WI				"[{""type"":""address"",""value"":""3301 Benson Drive, Suite 601\nRaleigh, NC 27609"",""note"":""""},{""type"":""phone"",""value"":""(352) 317-0679"",""note"":""""},{""type"":""email"",""value"":""mbachhuber@glfenv.com"",""note"":""""},{""type"":""website"",""value"":""http://gflenv.com"",""note"":""""}]"	Patrick Dovigi	Solid waste collection, recycling and disposal, including biofuels and electric power generation and distribution.	Sold waste and recycling services and related issues, including biofuels and electric power generation and distribution
11143	WI-principal-11143	American Association for Marriage and Family Therapy	WI				"[{""type"":""address"",""value"":""N893 Red Tail Lane\nMerrill, WI 54452"",""note"":""""},{""type"":""phone"",""value"":""(920) 252-2818"",""note"":""""},{""type"":""email"",""value"":""amandaanderson@omftc.com"",""note"":""""}]"	Amanda Anderson	We represent Marriage and Family Therapists of Wisconsin	Matters that would increase the understanding,research and education of Marriage and Family Therapy.  Regulation of our members and areas related to mental health.
11144	WI-principal-11144	Wisconsin Auto Collision Technicians Assn. Ltd.	WI				"[{""type"":""address"",""value"":""W2548 Voilet Lane\nMerrill, WI 54452"",""note"":""""},{""type"":""phone"",""value"":""(715) 571-9482"",""note"":""""},{""type"":""email"",""value"":""info@wactal.com"",""note"":""""}]"	Andy Grundman	Collision repair	Consumer choice, insurance regulations and other issues that will affet the collision repair industry or small business.
11145	WI-principal-11145	Funeral Service & Cremation Alliance of Wisconsin	WI				"[{""type"":""address"",""value"":""PO Box 67\nMadison, WI 53701"",""note"":""""},{""type"":""phone"",""value"":""(608) 444-6214"",""note"":""""},{""type"":""email"",""value"":""erinlongmireconsulting@gmail.com"",""note"":""""},{""type"":""website"",""value"":""http://www.fsawisconsin.org"",""note"":""""}]"	Erin Longmire	Funeral service in Wisconsin.	Funeral service and related industries, such as funeral insurance, crematories.
11146	WI-principal-11146	Wisconsin Association of Professional Agricultural Consultants	WI				"[{""type"":""address"",""value"":""8426 Borgwardt Lane\nManitowoc, WI 54220"",""note"":""""},{""type"":""phone"",""value"":""(920) 758-2988"",""note"":""""},{""type"":""email"",""value"":""wapac1987@gmail.com"",""note"":""""},{""type"":""website"",""value"":""http://www.wapac.info/"",""note"":""""}]"	Michelle Hoffman	The Wisconsin Association of Professional Agricultural Consultants (WAPAC) was formed in 1987 to provide a unified voice for professionals advising farmers in Wisconsin. WAPAC's diverse membership includes crop consultants, animal nutritionists, veterinarians, farm managers, educators and other farm industry advisors, giving the Association many sources of experience from which to tap for problem solving. WAPAC's goal is to promote  the profession of agricultural consulting, contribute to the industry and state through public service and to elevate the public's perception of the role of consultants in agriculture.	Issues affecting Wisconsin agriculture and agribusiness.
11147	WI-principal-11147	Wisconsin Cattlemen's Association	WI				"[{""type"":""address"",""value"":""957 Liberty Drive, Suite 201\nVerona, WI 53593"",""note"":""""},{""type"":""phone"",""value"":""608-228-1457"",""note"":""""},{""type"":""email"",""value"":""info@wisconsincattlemen.com"",""note"":""""}]"	Tressa Lacy	Wisconsin livestock, cattle, farming.	Any legislation which impacts the production of animals, food or the lives of the people of rural Wisconsin.
11148	WI-principal-11148	Wisconsin Farm Credit Services	WI				"[{""type"":""address"",""value"":""21088 Keswick Loop\nLakeville, MN 55044"",""note"":""""},{""type"":""phone"",""value"":""(612) 202-4925"",""note"":""""},{""type"":""email"",""value"":""perry.aasness@compeer.com"",""note"":""""}]"	Perry Aasness	Provide lending and other financial services to farmers and other agribusinesses	Business climate issues impacting Wisconsin agriculture and agribusiness. Issues affecting the financial services industry in Wisconsin.
11149	WI-principal-11149	Wisconsin Pork Association	WI				"[{""type"":""address"",""value"":""PO Box 327\nLancaster, WI 53813"",""note"":""""},{""type"":""phone"",""value"":""(608) 723-7551"",""note"":""""},{""type"":""email"",""value"":""kretallick@wppa.org"",""note"":""""},{""type"":""website"",""value"":""http://www.wppa.org"",""note"":""""}]"	Keri Retallick	Pork producers.	Any function or activity of any branch, department or phase of state or local government; agriculture; environment; taxation; regulation or business, finance or insurance, or other topics pertaining to the general public health or welfare
11150	WI-principal-11150	Madison Area Technical College	WI				"[{""type"":""address"",""value"":""1701 Wright Street\nMadison, WI 53704"",""note"":""""},{""type"":""phone"",""value"":""(608) 246-6033"",""note"":""""},{""type"":""email"",""value"":""tcasper@madisoncollege.edu"",""note"":""""},{""type"":""website"",""value"":""http://www.madisoncollege.edu"",""note"":""""}]"		Community and Technical Higher Education:  Vocational; technical; and adult education; workforce and economic development; K-12 and higher education.	All matters affecting the technical college system.
11151	WI-principal-11151	Wisconsin Potato and Vegetable Growers Association	WI				"[{""type"":""address"",""value"":""P.O. Box 327\nAntigo, WI 54409"",""note"":""""},{""type"":""phone"",""value"":""715-623-7683"",""note"":""""},{""type"":""email"",""value"":""thoulihan@wisconsinpotatoes.com"",""note"":""""},{""type"":""website"",""value"":""http://www.wisconsinpotatoes.com"",""note"":""""}]"	Tamas Houlihan	Promotion of potatoes and vegetables.	All matters affecting field crop production agriculture including but not limited to: fertilizer; pesticide application; water use; real estate tax; right to farm.
11152	WI-principal-11152	Wisconsin Soybean Association	WI				"[{""type"":""address"",""value"":""PO Box 2035\nMadison, WI 53701"",""note"":""""},{""type"":""phone"",""value"":""(608) 274-7522"",""note"":""""},{""type"":""email"",""value"":""akask@wisoybean.org"",""note"":""""},{""type"":""website"",""value"":""http://www.wisoybean.org"",""note"":""""}]"	Adam Kask	The association is engaged in bringing together all persons interested in the production, marketing, distribution and utilization of soybeans and soybean products.	The association is interested in legislation and administrative rules related to biodiesel, alternative fuels, agricultural and environmental issues, and any other issues affecting Wisconsin agricultural producers and related industry.
11153	WI-principal-11153	Wisconsin Veterinary Medical Association	WI				"[{""type"":""address"",""value"":""4610 S. Biltmore Lane    Suite 107\nMadison, WI 53718"",""note"":""""},{""type"":""phone"",""value"":""(608) 257-3665"",""note"":""""},{""type"":""email"",""value"":""jcarson@wvma.org"",""note"":""""},{""type"":""website"",""value"":""http://www.wvma.org"",""note"":""""}]"	Jo-ell Carson	Veterinary medicine.	"animal health and welfare
licensing
the practice of veterinary medicine 
public health/One Health"
11154	WI-principal-11154	Toccata Gaming International	WI				"[{""type"":""address"",""value"":""904 Bethel Circle\nWaunekee, WI 53597"",""note"":""""},{""type"":""phone"",""value"":""608/239-8646"",""note"":""""},{""type"":""email"",""value"":""Toddstimac@yahoo.com"",""note"":""""}]"	Todd Stimac	Manufacturing and developing gaming machines and software	elimination of illegal software and gaming machines     copyright infractions
11155	WI-principal-11155	Wisconsin Bankers Association	WI				"[{""type"":""address"",""value"":""4721 S. Biltmore Lane\nMadison, WI 53718"",""note"":""""},{""type"":""phone"",""value"":""(608) 441-1200"",""note"":""""},{""type"":""email"",""value"":""tfoti@wisbank.com"",""note"":""""},{""type"":""website"",""value"":""http://www.wisbank.com"",""note"":""""}]"	Rose Oswald Poels	Wisconsin's state and nationally chartered commercial banks.	The Wisconsin Bankers Association represents the interests of Wisconsin banks and their customers on government relations matters involving banking, agricultural, economic development, environmental, taxation, real estate, consumer, insurance, and other financially related issues.
11156	WI-principal-11156	Wisconsin Health Care Association Inc.	WI				"[{""type"":""address"",""value"":""3902 Milwaukee Street, #7235\nMadison, WI 53714"",""note"":""""},{""type"":""phone"",""value"":""516-241-2879"",""note"":""""},{""type"":""email"",""value"":""rick@whcawical.org"",""note"":""""},{""type"":""website"",""value"":""http://www.whcawical.org"",""note"":""""}]"	Rick Abrams	The Wisconsin Health Care Association (WHCA) is a non-profit organization dedicated to representing, protecting and advancing the interests of Wisconsin’s long-term and post-acute care provider community and the residents they serve. The Wisconsin Center for Assisted Living (WiCAL) is a division of WHCA that advocates for assisted living facilities by helping our members provide the highest quality services to the Badger State’s frail and elderly citizens. WHCA/WiCAL represents skilled nursing facilities, assisted living facilities, Community Based Residential Facilities, Residential Care Apartment Complexes, and home health agencies.	Medical assistance reimbursement to skilled nursing and assisted living facilities. Regulation of nursing homes and assisted living facilities by the Department of Health Services and other relevant state agencies.
11157	WI-principal-11157	Wisconsin Farm Bureau Federation	WI				"[{""type"":""address"",""value"":""PO Box 5550\nMadison, WI 53705"",""note"":""""},{""type"":""phone"",""value"":""(608) 828-5720"",""note"":""""},{""type"":""email"",""value"":""fbvfareporting@wfbf.com"",""note"":""""},{""type"":""website"",""value"":""http://www.wfbf.com"",""note"":""""}]"		Farmers and Agri Businesses	All areas affecting agriculture, farming and agri businesses
11158	WI-principal-11158	Wisconsin Agri-Business Association	WI				"[{""type"":""address"",""value"":""2801 International Lane, Suite 105\nMadison, WI 53704"",""note"":""""},{""type"":""phone"",""value"":""6082231111"",""note"":""""},{""type"":""email"",""value"":""grace@wiagribusiness.org"",""note"":""""},{""type"":""website"",""value"":""http://www.wiagribusiness.org"",""note"":""""}]"	Grace Howe	Agribusiness industry	rural roads & bridges, rural broadband, water quality, topics concerning grain, animal feed, fertilizer, agricultural pesticides, business taxes, workforce development, agricultural regulation, environmental regulation pertaining to agriculture.
11162	WI-principal-11162	Alliant Energy	WI				"[{""type"":""address"",""value"":""4902 North Biltmore Lane\nMadison, WI 53718"",""note"":""""},{""type"":""phone"",""value"":""(202) 255-9574"",""note"":""""},{""type"":""email"",""value"":""ZacharyHill@alliantenergy.com"",""note"":""""},{""type"":""website"",""value"":""http://www.alliantenergy.com"",""note"":""""}]"	Lisa Barton	Utility company (gas, water, electric - regulated by PSCW and other state agencies) with all energy-related interests.	Legislation dealing with energy, environment, transportation, business, tax, economic development, employer/employee issues as well as agency rules affecting these same areas.
11164	WI-principal-11164	Northern States Power d/b/a Xcel Energy	WI				"[{""type"":""address"",""value"":""10 E Doty St, Suite 511\nMadison, WI 53703"",""note"":""""},{""type"":""phone"",""value"":""(608) 280-7333"",""note"":""""},{""type"":""email"",""value"":""Matthew.E.Pagel@xcelenergy.com"",""note"":""""},{""type"":""website"",""value"":""http://www.xcelenergy.com"",""note"":""""}]"	Karl Hoesly	Electric and natural gas utility.	All legislation and rules affecting existing or proposed operations of electric and/or natural gas utilities.
11165	WI-principal-11165	Wisconsin Real Estate Investors	WI				"[{""type"":""address"",""value"":""1990 Walter Court\nOshkosh, WI 54914"",""note"":""""},{""type"":""phone"",""value"":""9202796104"",""note"":""""},{""type"":""email"",""value"":""Chris@cjmassociates.org"",""note"":""""},{""type"":""website"",""value"":""http://WAAonline.org"",""note"":""""}]"	Corina Eufinger	Residential, commercial, self-storage, short- term, mobile homes rental property and the practice there of.	Any statutes, administrative rules, and legal cases concerning the rental industry.
11166	WI-principal-11166	Wisconsin Conservation Voters	WI				"[{""type"":""address"",""value"":""133 S. Butler St. Suite 320\nMadison, WI 53703"",""note"":""""},{""type"":""phone"",""value"":""(608) 208-1130"",""note"":""""},{""type"":""email"",""value"":""jennifer@conservationvoters.org"",""note"":""""},{""type"":""website"",""value"":""http://www.conservationvoters.org"",""note"":""""}]"		Natural resource concerns in the state budget, energy policy, water quality and quantity, air quality, open spaces, other conservation concerns, election protection and campaign finance reform.	We advocate for safe drinking water by reducing PFAS, lead, and agricultural pollution.  We support efforts to expand clean energy options at the state and local level.  We support efforts to implement statewide climate change solutions.  We support efforts to have fair maps adopted and make voting safe, fair, and easy for all people.
11169	WI-principal-11169	Wisconsin Railroad Association	WI				"[{""type"":""address"",""value"":""220 S Hamilton Street\nMadison, WI 53703"",""note"":""""},{""type"":""phone"",""value"":""(608) 512-1280"",""note"":""""},{""type"":""email"",""value"":""pk@thekammergroup.com"",""note"":""""}]"	Peter Kammer	Freight rail transportation	Rail freight transportation, industrial & economic development, grade crossing safety, environmental regulations applicable to rail operations.
11170	WI-principal-11170	Wisconsin BioFuels Association	WI				"[{""type"":""address"",""value"":""2 E Mifflin Street, Suite 804\nMadison, WI 53703"",""note"":""""},{""type"":""phone"",""value"":""(608) 819-0150"",""note"":""""},{""type"":""email"",""value"":""peter@thewelchgroup.org"",""note"":""""},{""type"":""website"",""value"":""http://wibiofuels.org"",""note"":""""}]"	Erik Huschitt	Producers of Ethanol and other biofuels	"Policies and regulations affecting biofuels plant operation
Policies and regulation affecting the sales and distribution of biodiesel, ethanol, distillers grain and other co-products
Policies and regulation affecting corn production"
11171	WI-principal-11171	Wisconsin Biomass Energy Coalition	WI				"[{""type"":""address"",""value"":""2 E Mifflin Street, Suite 804\nMadison, WI 53703"",""note"":""""},{""type"":""phone"",""value"":""(608) 819-0150"",""note"":""""},{""type"":""email"",""value"":""info@thewelchgroup.org"",""note"":""""}]"	Jessica Niekrasz	A statewide organization dedicated to advancing Wisconsin's renewable natural gas industry through advocacy, public-private collaberation, and water stewardship	Advocacy for the renewable natural gas industry and related issues surrounding clean water, renewable fuels, and the agricultural economy
11172	WI-principal-11172	Wisconsin Biomedical Research Coalition	WI				"[{""type"":""address"",""value"":""2 E. Mifflin St, Suite 804\nMadison, WI 53703"",""note"":""""},{""type"":""phone"",""value"":""608-819-0150"",""note"":""""},{""type"":""email"",""value"":""peter@thewelchgroup.org"",""note"":""""}]"		All issues related to biomedical research	All issues related to biomedical research
11173	WI-principal-11173	Wisconsin Corn Growers Association	WI				"[{""type"":""address"",""value"":""672 Johnson St\nWatertown, WI 53094"",""note"":""""},{""type"":""phone"",""value"":""262-372-3289"",""note"":""""},{""type"":""email"",""value"":""brenda@wicorn.org"",""note"":""""},{""type"":""website"",""value"":""http://wicorn.org"",""note"":""""}]"	Brenda Gudex	Membership association for corn farmers.	Address regulatory, tax, and legal issues affecting corn growing, corn and corn product promotion and general agriculture
11174	WI-principal-11174	The Travelers Companies, Inc. and Subsidiaries	WI				"[{""type"":""address"",""value"":""385 Washington Street\nSt. Paul, MN 55102"",""note"":""""},{""type"":""phone"",""value"":""262-825-9137"",""note"":""""},{""type"":""email"",""value"":""jalanis2@travelers.com"",""note"":""""},{""type"":""website"",""value"":""https://www.travelers.com/"",""note"":""""}]"	Alan Schnitzer	Insurance	The Travelers Companies, Inc. and Subsidiaries is monitoring legislation involving insurance and financial services.  This includes, but is not limited to, matters affecting the property and casualty industry, areas dealing with insurance, liability law, and insurance regulation.
11175	WI-principal-11175	Everytown for Gun Safety Action Fund	WI				"[{""type"":""address"",""value"":""P.O. Box 4184\nNew York, NY 10163"",""note"":""""},{""type"":""phone"",""value"":""(646) 324-8250"",""note"":""""},{""type"":""email"",""value"":""lobbyreg@everytown.org"",""note"":""""},{""type"":""website"",""value"":""http://www.everytown.org"",""note"":""""}]"		Public advocacy and education	Issues related to the prevention of gun violence
11177	WI-principal-11177	Everlight Solar	WI				"[{""type"":""address"",""value"":""1155 Clarity St, Suite 203\nVerona, WI 53593"",""note"":""""},{""type"":""phone"",""value"":""6088190150"",""note"":""""},{""type"":""email"",""value"":""peter@thewelchgroup.org"",""note"":""""},{""type"":""website"",""value"":""https://everlightsolar.com/"",""note"":""""}]"	Casey Creech	Rooftop solar and household energy storage	Legislation and regulation related to solar energy, with a specific focus on rooftop solar.
11178	WI-principal-11178	Dental Professionals of Wisconsin	WI				"[{""type"":""address"",""value"":""3520 W. Oklahoma Avenue\nMilwaukee, WI 53215"",""note"":""""},{""type"":""phone"",""value"":""(414) 389-9880"",""note"":""""},{""type"":""email"",""value"":""lcensky@mydentalpro.net"",""note"":""""},{""type"":""website"",""value"":""http://www.mydentalpro.net/"",""note"":""""}]"	Randy Ciepluch	Dental Professionals of Wisconsin is a dental service organization locally owned and managed by local dentists.	The dental delivery model for Medicaid enrollees in Milwaukee, Waukesha, Racine,  Kenosha, Ozaukee, and Washington counties.
11179	WI-principal-11179	Wisconsin Association of Home Inspectors, Inc.	WI				"[{""type"":""address"",""value"":""4590 South Raven Lane\nNew Berlin, WI 53151"",""note"":""""},{""type"":""phone"",""value"":""(414) 299-9766"",""note"":""""},{""type"":""email"",""value"":""julie@wahigroup.com"",""note"":""""},{""type"":""website"",""value"":""http://www.wahigroup.com"",""note"":""""}]"	Julie Arnstein	Home Inspectors	Legislation impacting home inspectors and the home inspection industry
11180	WI-principal-11180	MedServe	WI				"[{""type"":""address"",""value"":""2 E. Mifflin Street, Suite 804\nMadison, WI 53703"",""note"":""""},{""type"":""phone"",""value"":""608-819-0150"",""note"":""""},{""type"":""email"",""value"":""peter@thewelchgroup.org"",""note"":""""},{""type"":""website"",""value"":""https://medserverx.com/"",""note"":""""}]"	Alex Yampolsky	Medical Equipment and Services	Support for strategies and resources to address opioid crisis, drug diversion, and public safety.
11181	WI-principal-11181	Habitat for Humanity of Wisconsin	WI				"[{""type"":""address"",""value"":""601 Schoenhaar Dr A\nWest Bend, WI 53090"",""note"":""""},{""type"":""phone"",""value"":""6087701033"",""note"":""""},{""type"":""email"",""value"":""brooke@sgrwi.com"",""note"":""""},{""type"":""website"",""value"":""https://www.habitatwisconsin.org/"",""note"":""""}]"		Non-profit	Our organization may attempt to influence the following policy areas: housing, workforce development, economic development.
11182	WI-principal-11182	Wisconsin Association of Textile Services	WI				"[{""type"":""address"",""value"":""1800 Diagonal Road, Suite 200\nAlexandria, VA 22314"",""note"":""""},{""type"":""phone"",""value"":""703-519-0029"",""note"":""""},{""type"":""email"",""value"":""kschwalb@trsa.org"",""note"":""""},{""type"":""website"",""value"":""https://wislaundries.com/"",""note"":""""}]"	Kevin Schwalb	Advocate for and promote the interests of the Commercial Linen, Uniform and Facility Services Industry in Wisconsin.	Advocate for and promote the interests of the Commercial Linen, Uniform and Facility Services Industry in Wisconsin. As an industry, we are interested in promoting sensible legislation and regulation in water use and wastewater rules, hauling of soiled textile products, and the use of chemical supplies.
11183	WI-principal-11183	Wisconsin Health Information Organization	WI				"[{""type"":""address"",""value"":""2920 Marketplace Drive, Suite 103\nFitchburg, WI 53719"",""note"":""""},{""type"":""phone"",""value"":""(608) 442-3877"",""note"":""""},{""type"":""email"",""value"":""dana.richardson@whio.org"",""note"":""""},{""type"":""website"",""value"":""http://whio.org"",""note"":""""}]"		WHIO makes high quality, reliable, integrated data  and information available to all stakeholders seeking to transform healthcare.	"1. Legislation and regulatory proposals related to health care providers, health insurance companies and health data organizations. 
2. 2023-2025 State Budget"
11184	WI-principal-11184	Wisconsin Independent Pharmacy Association, Inc.	WI				"[{""type"":""address"",""value"":""2 E Mifflin Street, Suite 804\nMadison, WI 53703"",""note"":""""},{""type"":""phone"",""value"":""608-819-0150"",""note"":""""},{""type"":""email"",""value"":""peter@thewelchgroup.org"",""note"":""""}]"	Paul  Langer	Advocating for the interests of Wisconsin's Independent Pharmacies and the patients they serve.	Issues related to access to care, pharmacy benefits management companies (PBMs), prescription drug pricing, cost transparency, and the affordability of health care to employers and individuals.
11185	WI-principal-11185	Wisconsin Naturopathic Doctors Association	WI				"[{""type"":""address"",""value"":""1832 Charles St.\nDe Pere, WI 54115"",""note"":""""},{""type"":""phone"",""value"":""608-819-0150"",""note"":""""},{""type"":""email"",""value"":""peter@thewelchgroup.org"",""note"":""""},{""type"":""website"",""value"":""https://wisconsin-nd.org/"",""note"":""""}]"	Sara Norris	The WNDA represents doctors who have graduated from medical schools of naturopathy sanctioned by the Dept of Education and we seek to improve the quality  of our patients lives  within our scope of practice as well as working with the newly created DSPS Board to implement rules related to passage of 2022 Act 130.	Anything that might affect the licensed practice of naturopathic doctors as defined in Act 130 and implementation of DSPS rules.
11186	WI-principal-11186	Wisconsin Association of Independent Colleges and Universities	WI				"[{""type"":""address"",""value"":""122 W Washington Ave, Ste 700\nMadison , WI 53703"",""note"":""""},{""type"":""phone"",""value"":""(608) 204-5234"",""note"":""""},{""type"":""email"",""value"":""rebecca.larson@waicu.org"",""note"":""""},{""type"":""website"",""value"":""http://www.waicu.org"",""note"":""""}]"		Representing the 23 private, nonprofit colleges and universities in Wisconsin.	The primary interest of WAICU is in access to quality higher education for all students.  For this reason, our principal governmental focus is on financial aid for students, particularly need-based financial aid.  Regulatory, taxation, and information technology, insofar as they affect students' access to higher education is also a concern.
11187	WI-principal-11187	M3 Insurance Solutions, Inc.	WI				"[{""type"":""address"",""value"":""828 John Nolan Drive\nMadison , WI 53713"",""note"":""""},{""type"":""phone"",""value"":""(800) 272-2443"",""note"":""""},{""type"":""email"",""value"":""Rich.Twietmeyer@m3ins.com"",""note"":""""},{""type"":""website"",""value"":""https://www.m3ins.com "",""note"":""""}]"	Michael  Victorson	All matters affecting the insurance industry in Wisconsin.	Policy surrounding healthcare insurance, healthcare delivery.
11188	WI-principal-11188	AARP	WI				"[{""type"":""address"",""value"":""222 W Washington Ave, Ste 600\nMadison, WI 53703"",""note"":""""},{""type"":""phone"",""value"":""866-448-3611"",""note"":""""},{""type"":""email"",""value"":""compliance_WI_AARP@multistate.us"",""note"":""""},{""type"":""website"",""value"":""http://www.aarp.org/wi"",""note"":""""}]"		General population over 50	Health and Human Services, Housing, Consumer Protection, Public Utilities, Access to Transportation
11189	WI-principal-11189	Dexcom, Inc.	WI				"[{""type"":""address"",""value"":""5375 Mira Sorrento Place\nSan Diego, CA 92121"",""note"":""""},{""type"":""phone"",""value"":""(619) 540-4793"",""note"":""""},{""type"":""email"",""value"":""tommy.wright@stateandfed.com"",""note"":""""},{""type"":""website"",""value"":""https://www.dexcom.com/"",""note"":""""}]"	Kevin Sayer	Develops, manufactures, and distributes continuous glucose monitoring systems for diabetes management	All matters affecting glucose monitoring and diabetes management
11190	WI-principal-11190	LKQ Corporation	WI				"[{""type"":""address"",""value"":""500 West Madison Street, Suite 2800\nChicago, IL 60661"",""note"":""""},{""type"":""phone"",""value"":""(616) 984-6209"",""note"":""""},{""type"":""email"",""value"":""kxfisk@lkqcorp.com"",""note"":""""},{""type"":""website"",""value"":""http://www.lkqcorp.com/"",""note"":""""}]"	Robert Wagman	To provide the auto/truck repair industries with affordable repair options by offering alternative parts solutions nationwide.	Issues relating to the auto/truck, salvage and recycling industries.
11192	WI-principal-11192	HNTB Corporation	WI				"[{""type"":""address"",""value"":""c/o 28 Liberty Ship Way, Suite 2815\nSausalito, CA 94965"",""note"":""""},{""type"":""phone"",""value"":""(415) 903-2800"",""note"":""""},{""type"":""email"",""value"":""hntb@politicomlaw.com"",""note"":""""},{""type"":""website"",""value"":""http://www.hntb.com"",""note"":""""}]"	Rob Slimp	HNTB Corporation is an infrastructure solutions firm serving public and private owners and contractors.	All issues and regulations affecting transportation & transportation engineering.
11194	WI-principal-11194	Waukesha County Business Alliance Inc	WI				"[{""type"":""address"",""value"":""2717 N Grandview Blvd Ste 300\nWaukesha, WI 53188"",""note"":""""},{""type"":""phone"",""value"":""2625424249"",""note"":""""},{""type"":""email"",""value"":""apayne@waukesha.org"",""note"":""""},{""type"":""website"",""value"":""http://www.waukesha.org"",""note"":""""}]"		The Waukesha County Business Alliance is a Chamber of Commerce supporting businesses of any size and industry in Waukesha County and the region.	Economic development, education, infrastructure, environment, workforce development, business taxes and regulations, government efficiency, collaboration and transparency.  And any other issues affecting the business climate in Waukesha County and the region.
11197	WI-principal-11197	Wisconsin Broadcasters Association	WI				"[{""type"":""address"",""value"":""44 E Mifflin St, Suite 900\nMadison, WI 53703"",""note"":""""},{""type"":""phone"",""value"":""(608) 255-2600"",""note"":""""},{""type"":""email"",""value"":""mvetterkind@wi-broadcasters.org"",""note"":""""},{""type"":""website"",""value"":""http://www.wi-broadcasters.org"",""note"":""""}]"	Michelle Vetterkind	Radio and television broadcasters.	Open meetings, open records, taxation policy, broadcast tower regulations, small business concerns, campaign finance issues, information technology, advertising related issues, sales and use tax, ad tax, Artificial Intelligence
11198	WI-principal-11198	TruGreen	WI				"[{""type"":""address"",""value"":""4250 N. Fairfax Drive, Ste 600\nArlington, VA 22203"",""note"":""""},{""type"":""phone"",""value"":""(202) 716-1236"",""note"":""""},{""type"":""email"",""value"":""JeffFedochak@trugreenmail.com"",""note"":""""},{""type"":""website"",""value"":""https://landing.trugreen.com/ppc/b?infinity=ict2~n"",""note"":""""}]"	John Cowles	Professional lawn and land care	Issues related to fertilizer, pesticides, water use/water quality, professional licensing, consumer contracts, sales tax on services, consumer privacy.
11199	WI-principal-11199	Wisconsin Association of Nurse Anesthetists	WI				"[{""type"":""address"",""value"":""11801 West Silver Spring Drive Suite 200\nMIlwaukee , WI 53225"",""note"":""""},{""type"":""phone"",""value"":""(414) 755-3362"",""note"":""""},{""type"":""email"",""value"":""president@wiana.com"",""note"":""""},{""type"":""website"",""value"":""http://www.wiana.com"",""note"":""""}]"	Christine  Roth	CRNA's are advanced-practice nurses certified to administer anesthesia.	CRNA's are advanced-practice nurses certified to administer anesthesia in settings ranging from medical offices to hospital surgical units.  In Wisconsin we also have authority to independently prescribe medication used within the scope of our practice.  We believe the practice of anesthesia is a recognized specialty within both the nursing and medical professions.  As a group we are interested in maintaining this setting by Wisconsin rules and regulations in health and health financing, along with insurance and tort reform.
11200	WI-principal-11200	Dane County Cities & Villages Association	WI				"[{""type"":""address"",""value"":""P.O. Box 5057\nMadison, WI 53705"",""note"":""""},{""type"":""phone"",""value"":""(608) 255-0029"",""note"":""""},{""type"":""email"",""value"":""forbes@wis-gps.com"",""note"":""""},{""type"":""website"",""value"":""http://www.dccva.org"",""note"":""""}]"		Represent the interests of cities and villages in the Dane County region.	Policy and budget issues impacting cities and villages.
11201	WI-principal-11201	Action Wisconsin! \ Imagine MKE	WI				"[{""type"":""address"",""value"":""229 E. Wisconsin Ave. Suite 404\nMilwaukee, WI 53202"",""note"":""""},{""type"":""phone"",""value"":""(262) 378-9354"",""note"":""""},{""type"":""email"",""value"":""chojnacki@imaginemke.org"",""note"":""""},{""type"":""website"",""value"":""https://www.actionwi.org"",""note"":""""}]"		Network of arts, civic, and business leaders united to advance arts and culture as the catalyst for social and economic vitality.	Funding of the arts; Creation of a state production office and promote production incentives to attract economic development into the State of Wisconsin.
11202	WI-principal-11202	Ottawa IP Holdings (Intellectual Property)	WI				"[{""type"":""address"",""value"":""3090 Wright Street\nMarquette , MI 49855"",""note"":""""},{""type"":""phone"",""value"":""906-370-8676"",""note"":""""},{""type"":""email"",""value"":""joni.moore@ottawainnovations.com"",""note"":""""}]"	Steven  Eckley	Vertically integrated cannabis manufacturer and retailer	All matters related to cannabis regulation.
11203	WI-principal-11203	American Property Casualty Insurance Association	WI				"[{""type"":""address"",""value"":""8700 W Bryn Mawr Ave, Suite 1200S\nChicago, IL 60631"",""note"":""""},{""type"":""phone"",""value"":""(847) 553-3614"",""note"":""""},{""type"":""email"",""value"":""compliance@apci.org"",""note"":""""},{""type"":""website"",""value"":""https://www.apci.org/"",""note"":""""}]"	David Sampson	Insurance	Any and all matters pertaining to property & casualty insurance, tort, workers compensation, privacy, tax, transportation, and local government property insurance fund
11204	WI-principal-11204	Cinema United Wisconsin & Upper Michigan (formerly National Association of Theatre Owners)	WI				"[{""type"":""address"",""value"":""N64 W24801 Main Street – Suite 104\nSussex, WI 53089"",""note"":""""},{""type"":""phone"",""value"":""(262) 532-0017"",""note"":""""},{""type"":""email"",""value"":""Carol@natoofwiup.org"",""note"":""""},{""type"":""website"",""value"":""http://www.natoofwiup.org"",""note"":""""}]"	John Scaletta	Owners \ operators of movie theatres.	Regulatory and policies affecting movie theatre operation such as ticket sales, taxes, food & beverage, equipment, alcohol licenses, film production, and First Amendment.
11205	WI-principal-11205	Oneida Nation	WI				"[{""type"":""address"",""value"":""PO Box 365\nOneida, WI 54155"",""note"":""""},{""type"":""phone"",""value"":""(920) 869-4022"",""note"":""""},{""type"":""email"",""value"":""mdanforj@oneidanation.org"",""note"":""""},{""type"":""website"",""value"":""http://oneidanation.org"",""note"":""""}]"		To oversee the governmental affairs for Oneida Nation.	All areas of government that will or can have an effect on the Oneida Nation.
11206	WI-principal-11206	Polaris Industries	WI				"[{""type"":""address"",""value"":""2100 Highway 55\nMedina, MN 55340"",""note"":""""},{""type"":""phone"",""value"":""(763) 417-8660"",""note"":""""},{""type"":""email"",""value"":""jr.burke@polaris.com"",""note"":""""},{""type"":""website"",""value"":""http://www.polaris.com"",""note"":""""}]"	Michael Speetzen	Designs, manufactures, and markets snowmobiles, all-terrain vehicles, and motorcycles, and utility vehicles.	Matters affecting manufacturing and sale of snowmobiles, ATVs, UTVs, motorcycles and autocycles and use of these vehicles.
11207	WI-principal-11207	Wisconsin Assisted Living Association	WI				"[{""type"":""address"",""value"":""5325 Wall Street Suite 2305\nMadison, WI 53718"",""note"":""""},{""type"":""phone"",""value"":""(608) 288-0246"",""note"":""""},{""type"":""email"",""value"":""mpochowski@ewala.org"",""note"":""""},{""type"":""website"",""value"":""http://www.ewala.org"",""note"":""""}]"	Michael Pochowski	Providers of assisted living - and related businesses.	Legislation and administrative rules related to community-based residential facilities and other forms of assisted living; registration, certification and licensing of assisted living providers and related businesses; healthcare funding issues and other healthcare related issues such as those related to seniors' housing.
11208	WI-principal-11208	Lundbeck Pharmaceuticals LLC	WI				"[{""type"":""address"",""value"":""6 Parkway North\nDeerfield, IL 60015"",""note"":""""},{""type"":""phone"",""value"":""202-412-1563"",""note"":""""},{""type"":""email"",""value"":""hrst@lundbeck.com"",""note"":""""}]"	Charl  van Zyl	Pharmaceuticals	Healthcare, Pharmaceuticals
11209	WI-principal-11209	Wisconsin EMS Association	WI				"[{""type"":""address"",""value"":""26422 Oakridge Drive\nWind Lake, WI 53185"",""note"":""""},{""type"":""phone"",""value"":""(414) 431-8193"",""note"":""""},{""type"":""email"",""value"":""Alan@WisconsinEMS.com"",""note"":""""},{""type"":""website"",""value"":""https://www.wisconsinems.com/"",""note"":""""}]"	Alan DeYoung	Emergency Medical Services	Any and all rules and legislation relating to emergency medical services including regulations, scope of practice, compensation, education, ambulances, community care, volunteers and others.
11211	WI-principal-11211	Wisconsin Retired Educators Association	WI				"[{""type"":""address"",""value"":""6405 Century Avenue, Suite 201\nMiddleton, WI 53562"",""note"":""""},{""type"":""phone"",""value"":""(608) 831-5115"",""note"":""""},{""type"":""email"",""value"":""dwilcenski@wrea.net"",""note"":""""},{""type"":""website"",""value"":""http://www.wrea.net"",""note"":""""}]"		Retired educators of Wisconsin.	Wisconsin Retirement System and pension issues, promotion of public education, school funding restructuring, affordable health insurance, campaign finance reform, tax reform.  Fraud and identity theft prevention.
11212	WI-principal-11212	Walgreen Co	WI				"[{""type"":""address"",""value"":""108 Wilmot Road #1844\nDeerfield, IL 60015"",""note"":""""},{""type"":""phone"",""value"":""2483765720"",""note"":""""},{""type"":""email"",""value"":""amy.drumm@walgreens.com"",""note"":""""},{""type"":""website"",""value"":""http://walgreens.com"",""note"":""""}]"	Gregory Wasson	As the nation's largest drugstore chain, Walgreens vision is to be the first choice in health and daily living for everyone in America, and beyond. Each day, Walgreens provides more than 6 million customers the most convenient, multichannel access to consumer goods and services and trusted, cost-effective pharmacy, health and wellness services and advice in communities across America. Walgreens scope of pharmacy services includes retail, specialty, infusion, medical facility and mail service, along with respiratory services. These services improve health outcomes and lower costs for payers including employers, managed care organizations, health systems, pharmacy benefit managers and the public sector. The company operates 8,131 drugstores in all 50 states, the District of Columbia, Puerto Rico and the U.S. Virgin Islands.	Matters affecting pharmacy and retail services.
11213	WI-principal-11213	General Motors, LLC	WI				"[{""type"":""address"",""value"":""25 Massachusetts Avenue, Suite 400\nWashington, DC 20001"",""note"":""""},{""type"":""phone"",""value"":""617-794-3335"",""note"":""""},{""type"":""email"",""value"":""Jennifer.beaudet@stateandfed.com"",""note"":""""},{""type"":""website"",""value"":""http://www.gm.com"",""note"":""""}]"	Mary Barra	Automobile manufacturer	All matters relating to the manufacturing, distribution, sale or financing of vehicles.
11214	WI-principal-11214	United Way Greater Milwaukee & Waukesha County	WI				"[{""type"":""address"",""value"":""225 West Vine Street\nMilwaukee, wi 53212"",""note"":""""},{""type"":""phone"",""value"":""4142638153"",""note"":""""},{""type"":""email"",""value"":""jsimon@unitedwaygmwc.org"",""note"":""""}]"		community-based philanthropy, health and human service nonprofit agencies	Temporary Aid for Needy Families; poverty reduction; housing; homelessness and housing insecurity; broadband internet, digital device access, digital skills, workforce barriers, mental health care and wellness
11215	WI-principal-11215	Transfr	WI				"[{""type"":""address"",""value"":""2196 Third Avenue, PMB 20026\nNew York, NY 10035"",""note"":""""},{""type"":""phone"",""value"":""330-242-3712"",""note"":""""},{""type"":""email"",""value"":""drisko@transfrvr.com"",""note"":""""},{""type"":""website"",""value"":""https://transfrinc.com"",""note"":""""}]"	Bharani Rajakumar	Transfr provides job training virtual reality software	Transfr's software is provided to K-12 private and public schools, community colleges, trade schools, and universities. Our employees often work directly with elected officials, workforce development boards and government education, technology, and procurement agencies.
11216	WI-principal-11216	Brightspeed	WI				"[{""type"":""address"",""value"":""PO Box 1330\nFayetteville, NC 283021330"",""note"":""""},{""type"":""phone"",""value"":""704-314-2611"",""note"":""""},{""type"":""email"",""value"":""kelly.shipley@brightspeed.com"",""note"":""""}]"	Bill  Hanchey	Brightspeed provides broadband and telecommunications services through a network platform capable of serving more than 6.5 million homes and businesses. Brightspeed’s vision is to promote a world where people and businesses have access to the connectivity they need to accomplish what is important. Our nearly 4,000 employees are committed to bridging the digital divide by deploying a state-of-the-art fiber network and a customer experience that makes staying connected simple and seamless.	Telecommunication Services; including broadband expansion
11217	WI-principal-11217	Tyler Technologies (formerly NIC-Wisconsin)	WI				"[{""type"":""address"",""value"":""1 South Pickney Street, Suite 300\nMadison, WI 53703"",""note"":""""},{""type"":""phone"",""value"":""(608) 258-7386"",""note"":""""},{""type"":""email"",""value"":""chad.zadrazil@egov.com"",""note"":""""}]"	Harry Herington	NIC Inc. is a provider of official government websites, online services, and secure payment processing solutions.	NIC will lobby on matters relating to and affecting Wisconsin eGovernment services, including government websites, online services, secure payment processing solutions, and the State of Wisconsin web portal.
11218	WI-principal-11218	TC Energy	WI				"[{""type"":""address"",""value"":""700 Louisiana St\nHouston, TX 77002"",""note"":""""},{""type"":""phone"",""value"":""(608) 896-6891"",""note"":""""},{""type"":""email"",""value"":""Craig_Summerfield@TCEnergy.com"",""note"":""""},{""type"":""website"",""value"":""https://www.tcenergy.com/"",""note"":""""}]"	Patrick Muttart	TC Energy is a leader in the responsible development and reliable operation of North American energy infrastructure.  Its network of more than 36,500 miles of pipeline taps into virtually all major gas supply basins in North America.  TC Energy is one of the continent's largest providers of gas storage and related services with approximately 360 billion cubic feet of storage capacity.	Legislation and administrative rules affecting interstate natural gas pipelines.
11219	WI-principal-11219	State Bar of Wisconsin	WI				"[{""type"":""address"",""value"":""PO Box 7158\nMadison, WI 53707"",""note"":""""},{""type"":""phone"",""value"":""(608) 250-6128"",""note"":""""},{""type"":""email"",""value"":""lroys@wisbar.org"",""note"":""""},{""type"":""website"",""value"":""http://www.wisbar.org"",""note"":""""}]"	Larry Martin	All lawyers licensed to practice law in the State of Wisconsin	Activities related to the delivery of legal services, the administration of justice, and the purposes set forth in SCR 10.02(2).
11220	WI-principal-11220	Destinations Wisconsin	WI				"[{""type"":""address"",""value"":""P.O. Box 393\nSun Prairie, WI 53590"",""note"":""""},{""type"":""phone"",""value"":""(608) 837-6693"",""note"":""""},{""type"":""email"",""value"":""jhertel@escapetowisconsin.com"",""note"":""""},{""type"":""website"",""value"":""https://www.destinationswisconsin.com"",""note"":""""}]"	Julia Hertel	Tourism and hospitality.	Legislation and rules relating to tourism promotional expenditures, Department of Tourism, room tax, economic development, outdoor recreation and transportation.
11221	WI-principal-11221	American Family Insurance Group	WI				"[{""type"":""address"",""value"":""6000 American Pkwy\nMadison, WI 53783"",""note"":""""},{""type"":""phone"",""value"":""(608) 242-4100 Ext. 30627"",""note"":""""},{""type"":""email"",""value"":""mgroves@amfam.com"",""note"":""""},{""type"":""website"",""value"":""http://www.amfam.com"",""note"":""""}]"	William Westrate	Insurance:  Property, casualty, life and financial services.	Insurance legislation and regulation: property/casualty/life insurance issues, taxes, drones, home automation and employer related issues.
11222	WI-principal-11222	Amplify Education, Inc.	WI				"[{""type"":""address"",""value"":""55 Washington Street, Suite 800\nBrooklyn, NY 11201"",""note"":""""},{""type"":""phone"",""value"":""6306398330"",""note"":""""},{""type"":""email"",""value"":""msouthard@amplify.com"",""note"":""""},{""type"":""website"",""value"":""https://amplify.com/"",""note"":""""}]"	Larry Berger	Literacy and parents' rights as it pertains to curriculum policy.	Literacy and parents' rights as it pertains to curriculum policy.
11223	WI-principal-11223	Neurocrine Biosciences, Inc.	WI				"[{""type"":""address"",""value"":""555 12th Street, NW, Suite 660 North\nWashington, DC 20004"",""note"":""""},{""type"":""phone"",""value"":""(202) 848-1709"",""note"":""""},{""type"":""email"",""value"":""neurocrine@politicomlaw.com"",""note"":""""},{""type"":""website"",""value"":""https://www.neurocrine.com/"",""note"":""""}]"	Kevin Gorman	Healthcare and Pharmaceuticals	All matters related to healthcare and pharmaceuticals.
11224	WI-principal-11224	Wisconsin Chiropractic Association	WI				"[{""type"":""address"",""value"":""2401 American Lane\nMadison, WI 53704"",""note"":""""},{""type"":""phone"",""value"":""(608) 256-7023"",""note"":""""},{""type"":""email"",""value"":""jmurray@wichiro.org"",""note"":""""},{""type"":""website"",""value"":""http://www.wichiro.org"",""note"":""""}]"	John Murray	Professional association for chiropractors.	All legislation and rules which affect health care, licensing of chiropractors, health insurance, or other types of insurance which provide a health care benefit.
11225	WI-principal-11225	Aspirus Health	WI				"[{""type"":""address"",""value"":""2200 Westwood Dr.\nWausau, WI 54401"",""note"":""""},{""type"":""phone"",""value"":""218.249.5546"",""note"":""""},{""type"":""email"",""value"":""jessica.stauber@aspirus.org"",""note"":""""},{""type"":""website"",""value"":""https://www.aspirus.org"",""note"":""""}]"		Healthcare provider operations of hospitals, home health/hospice, medical group, outpatient facilities and clinics.	Legislation and administrative rules related to healthcare provider operations of hospitals, home health/hospice, medical group, outpatient facilities and clinics.
11226	WI-principal-11226	The Wisconsin Partnership	WI				"[{""type"":""address"",""value"":""2153 N Dr. MLK Jr. Drive, Suite 4000\nMilwaukee, WI, WI 53212"",""note"":""""},{""type"":""phone"",""value"":""414-272-5805"",""note"":""""},{""type"":""email"",""value"":""dcelata@milwaukeesucceeds.org"",""note"":""""},{""type"":""website"",""value"":""http://www.wisconsinpartnership.org"",""note"":""""}]"		"The Wisconsin Partnership is a collaboration of four local collective impact organizations in the state:  Achieve Brown County, Building Our Future in Kenosha County, Higher Expectations for Racine County, and Milwaukee Succeeds.  
The collaboration is funded by grants administered by the Greater Milwaukee Foundation."	All policy and budget matters related to early childhood care, development, education, and well-being.
11227	WI-principal-11227	Heritage Action for America	WI				"[{""type"":""address"",""value"":""214 Massachusetts Ave NE, Suite 400\nWashington, DC 20002"",""note"":""""},{""type"":""phone"",""value"":""202-548-5280"",""note"":""""},{""type"":""email"",""value"":""matthew.crouch@stateandfed.com"",""note"":""""}]"		Heritage Action for America promotes policies which it believes benefits the American people as a whole, not any particular industry, trade or profession.	Legislation to increase election security by prohibiting outside money funding election administration, requiring more information verification to request an absentee ballot, and improving voter ID requirements.
11228	WI-principal-11228	Wisconsin Literacy Inc	WI				"[{""type"":""address"",""value"":""211 S Paterson St, Suite 170\nMadison, WI 53703"",""note"":""""},{""type"":""phone"",""value"":""(608) 257-1655"",""note"":""""},{""type"":""email"",""value"":""Jake@wisconsinliteracy.org"",""note"":""""},{""type"":""website"",""value"":""http://www.wisconsinliteracy.org"",""note"":""""}]"		Wisconsin Literacy provides support, training, and advocacy to adult and family literacy programs.	Funding to support adult and family literacy, including health literacy and workforce literacy efforts in Wisconsin.  Policy related to readability standards for public documents.
11229	WI-principal-11229	Distilled Spirits Council of the United States	WI				"[{""type"":""address"",""value"":""101 Constitution Ave NW, Washington, DC, Suite 350 West\nWashington, DC 20001"",""note"":""""},{""type"":""phone"",""value"":""2026828806"",""note"":""""},{""type"":""email"",""value"":""andy.deloney@DistilledSpirits.org"",""note"":""""}]"	Chris Swonger	DISCUS is the national trade association representing leading producers and marketers of distilled spirits products in the United States. Over the years, DISCUS has served as the distillers’ voice on policy and legislative issues in our nation’s capital, state capitals and foreign capitals worldwide.	Alcohol Regulation and Taxes. Related environmental regulations/ initiatives.
11230	WI-principal-11230	Bellin Gundersen Health System, Inc.	WI				"[{""type"":""address"",""value"":""1836 South Ave\nLa Crosse, WI 54601"",""note"":""""},{""type"":""phone"",""value"":""(608) 775-1400"",""note"":""""},{""type"":""email"",""value"":""nsfrankl@gundersenhealth.org"",""note"":""""},{""type"":""website"",""value"":""http://www.gundersenhealth.org"",""note"":""""}]"		Integrated healthcare delivery systems	Policy, legislation, state budget items, and administrative processes related to healthcare delivery, patient care, and the practice of medicine. This includes issues related (but not limited) to: healthcare delivery, patient care, behavioral health, prescription drugs, reimbursement, Medicaid, healthcare providers’ education, health insurance, healthcare finance, taxation, rural and economic development, public health, technology, transportation, credentialing, and renewable energy/sustainability.
11231	WI-principal-11231	American Heart Association	WI				"[{""type"":""address"",""value"":""2850 Dairy Dr, Suite 130\nMadison, WI 53718"",""note"":""""},{""type"":""phone"",""value"":""(608) 225-4042"",""note"":""""},{""type"":""email"",""value"":""nicole.hudzinski@heart.org"",""note"":""""},{""type"":""website"",""value"":""http://www.heart.org"",""note"":""""}]"		Heart disease and stroke survivors and loved ones; health care providers and systems, including hospitals, and other business.	nutrition, physical activity, tobacco control, CPR, 911, EMS, healthcare, health insurance, and systems of care for stroke, STEMI and sudden cardiac arrest patients. Also focus on policies that address social determinants of health as well as policies around local government preemption.
11232	WI-principal-11232	Badger Institute	WI				"[{""type"":""address"",""value"":""700 W Virginia St, Suite 301\nMilwaukee, WI 53204"",""note"":""""},{""type"":""phone"",""value"":""(262) 442-5208"",""note"":""""},{""type"":""email"",""value"":""mike@badgerinstitute.org"",""note"":""""},{""type"":""website"",""value"":""http://www.badgerinstitute.org"",""note"":""""}]"		The institute’s work focuses on such issue arenas as state and local government tax policy and spending, including related program accountability, consequences and effectiveness. It also focuses on federalism, criminal justice and corrections, transportation and workforce development; occupational licensing, welfare and social services; and other issues that have or could have a significant impact on the quality of life and future of the state.	State and local government tax policy and spending, including related program accountability, consequences and effectiveness. We also focus on school choice; federalism; criminal justice and corrections; transportation and economic workforce development; occupational licensing; health care; welfare and social services; and other issues that have or could have a significant impact on the quality of life and future of the state.
11233	WI-principal-11233	Beyond Vision	WI				"[{""type"":""address"",""value"":""1540 S 180th St\nWest Allis, WI 53214"",""note"":""""},{""type"":""phone"",""value"":""(414) 778-5800"",""note"":""""},{""type"":""email"",""value"":""rbuettner@beyondvision.com"",""note"":""""},{""type"":""website"",""value"":""http://beyondvision.com"",""note"":""""}]"		Receives income from products and services produced by those vision impaired persons employed by the entity. Also receives donations. The agency will work with the Division of Vocational Rehabilitation, the Department of Workforce Development and all other agencies that may deal with employment of persons with disabilities.	Capital Budget matters and any issues of legislative or administrative actions affecting our mission of providing meaningful work experience for individuals who have significant vision loss or blindness.
11234	WI-principal-11234	Dimension RE LLC	WI				"[{""type"":""address"",""value"":""3280 Peachtree Rd NE, 7th Floor\nAtlanta, GA 30305"",""note"":""""},{""type"":""phone"",""value"":""(978) 869-6845"",""note"":""""},{""type"":""email"",""value"":""brandon.smithwood@gmail.com"",""note"":""""}]"	Rafael Dobrzynski	Development of Community Solar Projects	Any proposals dealing with Community Solar or other energy projects
11236	WI-principal-11236	Fox Cities Chamber of Commerce & Industry	WI				"[{""type"":""address"",""value"":""125 N Superior St\nAppleton, WI 54911"",""note"":""""},{""type"":""phone"",""value"":""(920) 734-7101"",""note"":""""},{""type"":""email"",""value"":""bbartoszek@foxcitieschamber.com"",""note"":""""},{""type"":""website"",""value"":""http://www.foxcitieschamber.com"",""note"":""""}]"	Becky Bartoszek	The Fox Cities Chamber promotes prosperity and growth in our region by leveraging relationships between members, employers, government, and educational partners.	Our attention is focused on policies that build infrastructure, promote a skilled workforce, and enhance the business climate  in our state and region.
11238	WI-principal-11238	Green Bay Packers, Inc.	WI				"[{""type"":""address"",""value"":""1265 Lombardi Ave\nGreen Bay, WI 54304"",""note"":""""},{""type"":""phone"",""value"":""920-569-7500"",""note"":""""},{""type"":""email"",""value"":""PopkeyA@packers.com"",""note"":""""},{""type"":""website"",""value"":""http://www.packers.com"",""note"":""""}]"	Mark Murphy	Professional football team	The organization is interested in stadium district issues as well as issues that affect economic developement
11239	WI-principal-11239	Open Road Foundation	WI				"[{""type"":""address"",""value"":""P.O. Box 4794\nIncline Village, NV 89450"",""note"":""""},{""type"":""phone"",""value"":""+1 (530) 908-3859"",""note"":""""},{""type"":""email"",""value"":""elw@stateside.com"",""note"":""""}]"	Ethan Wilson	an organization representing the peer-to-peer car sharing industry	all issues associated with the regulation of the peer-to-peer car sharing industry
11240	WI-principal-11240	Protect Democracy United	WI				"[{""type"":""address"",""value"":""2 E. Mifflin Street, Suite 804\nMadison, WI 53703"",""note"":""""},{""type"":""phone"",""value"":""920-427-2477"",""note"":""""},{""type"":""email"",""value"":""jim@thewelchgroup.org"",""note"":""""},{""type"":""website"",""value"":""http://protectdemocracy.org"",""note"":""""}]"		Protect Democracy is a cross-ideological non-profit group dedicated to defeating the authoritarian threat, building more resilient democratic institutions, and protecting our freedom and liberal democracy.	Any election law changes, revisions and/or updates
11241	WI-principal-11241	Wisconsin Firearm Owners, Inc	WI				"[{""type"":""address"",""value"":""2 E. Mifflin Street, Suite 804\nMadison, WI 53703"",""note"":""""},{""type"":""phone"",""value"":""(608) 819-0150"",""note"":""""},{""type"":""email"",""value"":""info@thewelchgroup.org"",""note"":""""}]"		Advocate for all issues related to firearm ownership and shooting sports.	All issues related to firearm ownership and shooting sports.
11242	WI-principal-11242	Clean Wisconsin Inc	WI				"[{""type"":""address"",""value"":""634 W Main Street, Suite 300\nMadison, WI 53703"",""note"":""""},{""type"":""phone"",""value"":""(608) 251-7020 x316"",""note"":""""},{""type"":""email"",""value"":""dtipson@cleanwisconsin.org"",""note"":""""},{""type"":""website"",""value"":""http://www.cleanwisconsin.org"",""note"":""""}]"		Protect the environment and preserve the quality of life in Wisconsin.	Energy issues, clean air and water, environmental, climate change.
11243	WI-principal-11243	The Learning Experience	WI				"[{""type"":""address"",""value"":""2 E. Mifflin Street, Suite 804\nMadison, WI 53703"",""note"":""""},{""type"":""phone"",""value"":""608-819-0150"",""note"":""""},{""type"":""email"",""value"":""jim@thewelchgroup.org"",""note"":""""}]"	Richard  Weissman	Childcare	Topics related to the regulation licensing and funding of childcare centers
11244	WI-principal-11244	Wisconsin Land Title Association	WI				"[{""type"":""address"",""value"":""2 E. Mifflin Street, Suite 804\nMADISON, WI 53703"",""note"":""""},{""type"":""phone"",""value"":""(608) 819-0150"",""note"":""""},{""type"":""email"",""value"":""peter@thewelchgroup.org"",""note"":""""},{""type"":""website"",""value"":""http://wlta.org"",""note"":""""}]"	Laura Kocum	Land title industry - abstractors, title agents, title underwriters.	All matters affecting real estate and title to real estate.
11245	WI-principal-11245	Association of Dental Support Organizations	WI				"[{""type"":""address"",""value"":""1800 M St. NW 400S\nWashington, DC 20036"",""note"":""""},{""type"":""phone"",""value"":""(703) 940-3860"",""note"":""""},{""type"":""email"",""value"":""gray.mcginnis@stateandfed.com"",""note"":""""},{""type"":""website"",""value"":""http://www.theadso.org"",""note"":""""}]"	Andrew Smith	A trade association that supports dentists with non-clinical services.	Healthcare
11246	WI-principal-11246	National Rifle Association of America	WI				"[{""type"":""address"",""value"":""c/o Office of General Counsel, 11250 Waples Mill Road\nFairfax, VA 22030"",""note"":""""},{""type"":""phone"",""value"":""703-267-1250"",""note"":""""},{""type"":""email"",""value"":""gcounsel@nrahq.org"",""note"":""""},{""type"":""website"",""value"":""http://www.nra-ila.org"",""note"":""""}]"		N/A	All subject matters pertaining to the Second Amendment and the right to keep and bear arms.
11247	WI-principal-11247	Fincantieri Marine Group	WI				"[{""type"":""address"",""value"":""1600 Ely Street\nMarinette, WI 54143"",""note"":""""},{""type"":""phone"",""value"":""(920) 746-6740"",""note"":""""},{""type"":""email"",""value"":""Jan.Allman@us.fincantieri.com"",""note"":""""},{""type"":""website"",""value"":""https://fincantierimarinegroup.com"",""note"":""""}]"	Jan Allman	All areas dealing with the construction, repair and servicing of commercial and military vessels, maritime and naval products and services, economic development, workforce training, transportation infrastructure, and other matters affecting the manufacturing and defense sector.	All areas dealing with the construction, repair and servicing of commercial and military vessels, maritime and naval products and services, economic development, workforce training, and other matters affecting the manufacturing and defense industry.
11248	WI-principal-11248	Midwest Hardware Association Inc	WI				"[{""type"":""address"",""value"":""201 Frontenac Ave\nStevens Point, WI 54481"",""note"":""""},{""type"":""phone"",""value"":""(608) 219-0574"",""note"":""""},{""type"":""email"",""value"":""misha@leegovernmentrelations.com"",""note"":""""},{""type"":""website"",""value"":""http://www.midwesthardware.com"",""note"":""""}]"	Jody Kohl	A not-for-profit, statewide, trade association representing independently owned and operated hardware, lumber, and building material retailers.	Taxes, Trade Regulations, Mainstreet Crime, Health Care, Environmental, Insurance, Employment Laws and Regulations and more.
11250	WI-principal-11250	Plumbing Heating Cooling Contractors - Wisconsin	WI				"[{""type"":""address"",""value"":""P.O. Box 833\nGermantown, WI 54952"",""note"":""""},{""type"":""phone"",""value"":""(888) 782-6815"",""note"":""""},{""type"":""email"",""value"":""mail@phcc-wi.org"",""note"":""""},{""type"":""website"",""value"":""http://www.phcc-wi.org"",""note"":""""}]"	Jeffrey Beiriger	Plumbing, heating, cooling industry in Wisconsin.	Matters affecting plumbing-heating-cooling, construction, apprenticeship, licensing, codes, building, water, natural resources, water conservation, geothermal heating & cooling, consumer contracts, and construction contracts.
11251	WI-principal-11251	Francis Energy	WI				"[{""type"":""address"",""value"":""15 East 5th Street, Suit 821\nTulsa, OK 74103"",""note"":""""},{""type"":""phone"",""value"":""918-236-1785"",""note"":""""},{""type"":""email"",""value"":""mcharles@francisenergy.com"",""note"":""""},{""type"":""website"",""value"":""https://francisenergy.com/"",""note"":""""}]"	David Jankowsky	Francis Energy is dedicated to expanding our EV charging network across the country	Transportation and Energy infrastructure
11252	WI-principal-11252	Superior Air-Ground Ambulance Service	WI				"[{""type"":""address"",""value"":""395 W Lake Street\nElmhurst, IL 60126"",""note"":""""},{""type"":""phone"",""value"":""6308322000"",""note"":""""},{""type"":""email"",""value"":""vbruggeman@superiorambulance.com"",""note"":""""},{""type"":""website"",""value"":""https://www.superiorambulance.com/wisconsin/"",""note"":""""}]"	David Hill	Our mission is to make a positive difference in people’s lives through professional, competent, compassionate patient care and transportation with a commitment to safety and efficiency in the EMS transport industry.	Issues impacting the EMS transport industry
11253	WI-principal-11253	Wisconsin Gun Owners, Inc.	WI				"[{""type"":""address"",""value"":""PO Box 329\nWaupaca, WI 54981"",""note"":""""},{""type"":""phone"",""value"":""(888) 202-1645"",""note"":""""},{""type"":""email"",""value"":""corey.graff@wisconsingunowners.org"",""note"":""""},{""type"":""website"",""value"":""https://wisconsingunowners.org/"",""note"":""""}]"		Gun ownership, gun owner rights, Second Amendment, concealed carry, self-defense	Wisconsin Gun Owners, Inc. may attempt to influence right to keep and bear arms, hunting and sporting issues related to gun ownership, concealed carry, range protection, and firearm safety issues.
11254	WI-principal-11254	Wisconsin Autism Providers Association	WI				"[{""type"":""address"",""value"":""2 East Mifflin, Suite 801\nMadison, WI 53703"",""note"":""""},{""type"":""phone"",""value"":""414-737-5910"",""note"":""""},{""type"":""email"",""value"":""rebecca.thompson@learnbehavioral.com"",""note"":""""},{""type"":""website"",""value"":""https://www.wisconsinautismproviders.com/"",""note"":""""}]"	Rebecca Thompson	The Wisconsin Autism Providers Association (WAPA) is an industry association of providers of autism treatment serving over 1,200 children in Wisconsin annually. Our mission is to provide access to quality treatment to ALL Wisconsin families impacted by autism.	Relating to access and quality treatment to all Wisconsin families impacted by autism.
11256	WI-principal-11256	Tesla, Inc.	WI				"[{""type"":""address"",""value"":""1 Tesla Road\nAustin, TX 78725"",""note"":""""},{""type"":""phone"",""value"":""512-689-3107"",""note"":""""},{""type"":""email"",""value"":""ksteakley@stateandfed.com"",""note"":""""},{""type"":""website"",""value"":""https://www.tesla.com"",""note"":""""}]"	Elon Musk	Car manufacturer	All matters related to transportation finance and all matters related to regulation of autonomous vehicles.
11257	WI-principal-11257	Kwik Trip Inc.	WI				"[{""type"":""address"",""value"":""1626 Oak St\nLa Crosse, WI 54602"",""note"":""""},{""type"":""phone"",""value"":""608-781-8988"",""note"":""""},{""type"":""email"",""value"":""jmchugh@kwiktrip.com"",""note"":""""},{""type"":""website"",""value"":""https://www.kwiktrip.com/"",""note"":""""}]"	Scott Zietlow	Legislation and rules relating to motor fuel, transportation, taxation, consumer affairs and other areas of interest relating to convenience stores.	All legislation and rulemaking that impacts the manufacture, sale or taxation of petroleum, groceries, prepared food, natural gas, tobacco or alcohol.
11258	WI-principal-11258	Ducks Unlimited	WI				"[{""type"":""address"",""value"":""7322 Newman Blvd., Building 1\nDexter, MI 48130"",""note"":""""},{""type"":""phone"",""value"":""(734) 623-2000"",""note"":""""},{""type"":""email"",""value"":""krorah@ducks.org"",""note"":""""},{""type"":""website"",""value"":""http://www.ducks.org"",""note"":""""}]"		Ducks Unlimited's interest is to conserve wetlands sufficient to fill the skies with waterfowl today, tomorrow and forever. DU will achieve our vision through diverse public and private partnerships to address the full range of factors that contribute to the creation of more waterfowl habitat across North America.	Ducks Unlimited plans to engage in lobbying activities when proposed legislation has a direct impact to the conservation and management of Wisconsin's wetland habitats or that impacts the ability for people to hunt waterfowl. The organization will also engage in lobbying if legislation is proposed that impacts charitable gaming laws in a way that will affect the organization's fundraising methods.
11259	WI-principal-11259	Molina Healthcare, Inc.	WI				"[{""type"":""address"",""value"":""601 13th Street NW\nWashington , DC 20005"",""note"":""""},{""type"":""phone"",""value"":""(614) 400-9884"",""note"":""""},{""type"":""email"",""value"":""Kevin.silard@molinahealthcare.com"",""note"":""""},{""type"":""website"",""value"":""http://www.molinahealthcare.com"",""note"":""""}]"	Kevin  Silard	Molina Healthcare, Inc. provides managed healthcare.	All matters affecting health plans; health care; health insurance; medicaid and managed care issues.
11260	WI-principal-11260	National Federation of Independent Business	WI				"[{""type"":""address"",""value"":""10 E Doty St, Suite 519\nMadison, WI 53703"",""note"":""""},{""type"":""phone"",""value"":""(608) 255-6083"",""note"":""""},{""type"":""email"",""value"":""luke.bacher@nfib.org"",""note"":""""},{""type"":""website"",""value"":""http://www.NFIB.com/WI"",""note"":""""}]"	Brad Close	"All labor-related issued impacting on small business.  
All legal-reform issues impacting on small business.  
All regulatory issues impacting on small business.  
All tax-related issues impacting on small business.  
All competition-related issues impacting on small business."	All legislative or administrative action relating to small and/or independent business including taxation, industry, legal reform, environment, trade and commerce, health, insurance, state government, labor, education, tort reform.
11261	WI-principal-11261	River Alliance of Wisconsin	WI				"[{""type"":""address"",""value"":""612 W. Main Street, STE 200\nMadison, WI 53703"",""note"":""""},{""type"":""phone"",""value"":""6082572424"",""note"":""""},{""type"":""email"",""value"":""awerner@wisconsinrivers.org"",""note"":""""},{""type"":""website"",""value"":""http://www.wisconsinrivers.org"",""note"":""""}]"		We represent anglers, paddlers, recreation-oriented businesses, Wisconsin citizens. Financial support comes from state and foundation grants as well as individual support.	State legislation and administrative rules relative to the use, management and protection of Wisconsin's fresh water resources.
11264	WI-principal-11264	NAIFA-Wisconsin, Inc	WI				"[{""type"":""address"",""value"":""600 State St, Ste A\nCedar Falls, IA 50613"",""note"":""""},{""type"":""phone"",""value"":""(855) 360-3395 x8420"",""note"":""""},{""type"":""email"",""value"":""info@naifawisconsin.org"",""note"":""""},{""type"":""website"",""value"":""http://www.naifawisconsin.org"",""note"":""""}]"	Julie Phillips	Insurance Agents and Financial Advisors registered in the state of Wisconsin.	Legislation & regulations affecting Insurance and Financial Services industries, as well as, those affecting insurance agents and financial advisors, as well as their clients.  This may include budget/tax areas relating to these industries.  Long-term care, health insurance and retirement planning are additional issues that would be of interest to us.
11265	WI-principal-11265	Wisconsin Family Action Inc	WI				"[{""type"":""address"",""value"":""PO Box 7486\nMadison, WI 53707"",""note"":""""},{""type"":""phone"",""value"":""(608) 268-5074"",""note"":""""},{""type"":""email"",""value"":""ddegner@wifamilyaction.org"",""note"":""""},{""type"":""website"",""value"":""http://wifamilyaction.org"",""note"":""""}]"		Representing a conservative perspective on social issues that include but are not limited to: marriage, family, life, religious freedom, and school choice in Wisconsin	Any matters that directly impact Wisconsin's families - marriage, divorce, education issues and school choice, parental rights, drugs, gambling, religious freedom and individual conscience rights, abstinence, taxes, pro-life issues (abortion, assisted suicide, etc.), issues that impact churches
11266	WI-principal-11266	Wisconsin Troopers Association Inc	WI				"[{""type"":""address"",""value"":""4230 East Towne Blvd #322\nMadison, WI 53704"",""note"":""""},{""type"":""phone"",""value"":""(877) 894-8777"",""note"":""""},{""type"":""email"",""value"":""auggie211@gmail.com"",""note"":""""}]"	Matt  Johnson	Promote law enforcement, public safety and good of the community.	All matters affecting transportation, highway safety, and working conditions, law enforcement and criminal justice.
11267	WI-principal-11267	Milwaukee Police Association	WI				"[{""type"":""address"",""value"":""6310 West Bluemound Rd\nMilwaukee, WI 53213"",""note"":""""},{""type"":""phone"",""value"":""414-778-0740"",""note"":""""},{""type"":""email"",""value"":""sturma@milwaukeecops.org"",""note"":""""},{""type"":""website"",""value"":""http://www.milwaukeepoliceassoc.com"",""note"":""""}]"		Sole bargaining agent for the City of Milwaukee Police Officers regarding hours, wages, and working conditions.	Any and all matters that may affect the Milwaukee Police Association and its members pursuant to its described business and interests.
11268	WI-principal-11268	Wisconsin Pipe Trades Association	WI				"[{""type"":""address"",""value"":""11175 W Parkland Ave\nMilwaukee, WI 53224"",""note"":""""},{""type"":""phone"",""value"":""(262) 707-2055"",""note"":""""},{""type"":""email"",""value"":""cgall@uanet.org"",""note"":""""},{""type"":""website"",""value"":""http://www.wipipetrades.org"",""note"":""""}]"	Corey Gall	Serve the interests of all members by advocating for matters affecting the plumbing, pipefitting, steamfitting and sprinkler fitting industries in Wisconsin.	All bills and rules affecting the piping industry in Wisconsin and the licensing of persons installing, servicing and working with piping, plumbing and HVAC-R systems.
11269	WI-principal-11269	American Physical Therapy Association (APTA) Wisconsin	WI				"[{""type"":""address"",""value"":""3510 E Washington Avenue\nMadison, WI 53704"",""note"":""""},{""type"":""phone"",""value"":""(608) 221-9191"",""note"":""""},{""type"":""email"",""value"":""aptawi@aptawi.org"",""note"":""""}]"	Amy Reiter	Representing physical therapists & physical therapy assistants.	All areas affecting physical therapy, including the licensing and regulation of physical therapists, physical therapist assistants and students of physical therapy.
11270	WI-principal-11270	Wisconsin Council of Religious and Independent Schools	WI				"[{""type"":""address"",""value"":""110  E Main Street, Suite 802\nMadison, WI 53703"",""note"":""""},{""type"":""phone"",""value"":""(608) 287-1224"",""note"":""""},{""type"":""email"",""value"":""katiescott@wcris.org"",""note"":""""},{""type"":""website"",""value"":""http://www.wcris.org"",""note"":""""}]"		The Wisconsin Council of Religious and Independent Schools (WCRIS)  is a nonprofit, nonpartisan membership organization of Wisconsin's private schools since 1974.	All policies that affect our preK-12 private schools, their students, staff, parents, leadership councils, and sponsoring entities. Issues include, but are not limited to: school issues, student transportation, school safety, education funding, teacher licensure, private school governance, government mandates, government regulations, and higher education.
11271	WI-principal-11271	Verra Mobility	WI				"[{""type"":""address"",""value"":""1150 North Alma School Road\nMesa, AZ 85201"",""note"":""""},{""type"":""phone"",""value"":""206-428-8284"",""note"":""""},{""type"":""email"",""value"":""kathleen.conway@stateandfed.com"",""note"":""""}]"	David Roberts	Verra Mobility is a global leader in smart mobility technology that makes transportation safer, smarter and more connected.	"Enabling smarter roadways by providing integrated technology to manage tolls, violations and vehicle registrations. Installing leading photo enforcement technology to positively impact driver behavior and enhance road safety, including red light, speed, school bus stop arm, and bus lane cameras.

As cities become smarter and mobility becomes more complex, connected and automated, Verra Mobility makes life safer and easier on the road ahead."
11274	WI-principal-11274	American Diabetes Association	WI				"[{""type"":""address"",""value"":""168 Stonington Way\nFolsom, CA 95630"",""note"":""""},{""type"":""phone"",""value"":""916-834-9442"",""note"":""""},{""type"":""email"",""value"":""lmurdock@diabetes.org"",""note"":""""},{""type"":""website"",""value"":""http://www.diabetes.org"",""note"":""""}]"		"We lead the fight against the deadly consequences of diabetes and fight for those affected by diabetes.

We fund research to prevent, cure and manage diabetes.
We deliver services to hundreds of communities.
We provide objective and credible information.
We give voice to those denied their rights because of diabetes."	Matters related to persons with diabetes, generally in the areas of research and programs, health care, prevention, discrimination, health disparities, and treatments and technology
11275	WI-principal-11275	Families and Schools Together, Inc.	WI				"[{""type"":""address"",""value"":""340 7th Street\nMineral Point, WI 53565"",""note"":""""},{""type"":""phone"",""value"":""6082204708"",""note"":""""},{""type"":""email"",""value"":""nicole.lopez125@gmail.com"",""note"":""""},{""type"":""website"",""value"":""http://www.familiesandschools.org"",""note"":""""}]"		Educational Services	"Education
Family Engagement"
11277	WI-principal-11277	Wisconsin Wetlands Association	WI				"[{""type"":""address"",""value"":""214 N. Hamilton St, Ste 201\nMadison, WI 53703"",""note"":""""},{""type"":""phone"",""value"":""608-250-9971"",""note"":""""},{""type"":""email"",""value"":""tracy.hames@wisconsinwetlands.org"",""note"":""""},{""type"":""website"",""value"":""http://www.wisconsinwetlands.org"",""note"":""""}]"		Wisconsin citizens interested in the protection, restoration, and management of wetland resources.	Legislation and administrative rules that pertain to issues that directly or indirectly impact wetland resources in Wisconsin.  Wetlands conservation. Natural resources policy and state budgets.
11279	WI-principal-11279	Wisconsin Independent Businesses, Inc.	WI				"[{""type"":""address"",""value"":""P.O. Box 2135\nMadison, WI 53701"",""note"":""""},{""type"":""phone"",""value"":""(608) 310-2012"",""note"":""""},{""type"":""email"",""value"":""bdake@wibiz.org"",""note"":""""},{""type"":""website"",""value"":""http://www.wibiz.org"",""note"":""""}]"	Brian Dake	WIB represents small, independent businesses. On their behalf, we advocate for state government policies and actions which help them grow and prosper.	State taxation and regulation of small, independent businesses as well as state government activities and actions which impact their operations.
11280	WI-principal-11280	Miron Construction Co., Inc.	WI				"[{""type"":""address"",""value"":""P. O. Box 509\nNeenah, WI 54957"",""note"":""""},{""type"":""phone"",""value"":""(920) 969-7068"",""note"":""""},{""type"":""email"",""value"":""dean.basten@miron-construction.com"",""note"":""""},{""type"":""website"",""value"":""http://www.miron-construction.com"",""note"":""""}]"	Dan Voss	general construction	Matters that affect building, construction and unions
11281	WI-principal-11281	Wisconsin Construction Group	WI				"[{""type"":""address"",""value"":""P.O. Box 10773\nGreen Bay, WI 54307"",""note"":""""},{""type"":""phone"",""value"":""(920) 860-6780"",""note"":""""},{""type"":""email"",""value"":""info@wisconsinconstructiongroup.org"",""note"":""""}]"	John Gard	Public construction.	School construction and school referendums.
11284	WI-principal-11284	Thrivent Financial for Lutherans	WI				"[{""type"":""address"",""value"":""4321 N Ballard Rd\nAppleton, WI 54919"",""note"":""""},{""type"":""phone"",""value"":""(920) 628-3759"",""note"":""""},{""type"":""email"",""value"":""sharon.brosnan@thrivent.com"",""note"":""""},{""type"":""website"",""value"":""http://www.thrivent.com"",""note"":""""}]"	Teresa  Rasmussen	Thrivent Financial is a fraternal benefit society.  Our purpose is to serve our members and society by guiding both to be wise with money and live generously.	Any legislative or administrative activity which would impact Thrivent or its subsidiaries, including but not limited to volunteer and community outreach, and financial product regulation.
11288	WI-principal-11288	Wisconsin Chapter of American College of Cardiology	WI				"[{""type"":""address"",""value"":""2400 N St NW\nWashington, DC 200037"",""note"":""""},{""type"":""phone"",""value"":""2629492190"",""note"":""""},{""type"":""email"",""value"":""ebailey@acc.org"",""note"":""""},{""type"":""website"",""value"":""https://wcacc.org/"",""note"":""""}]"	Chantel  Isenhart	The Wisconsin Chapter is an affiliate of the national American College of Cardiology. The Chapter represents the cardiovascular team, including cardiologists, nurses, technologists, and administrators.	We will work on any health policy that will affect our members in cardiology or the cardiovascular care of patients. These issues include but are not limited to, non-compete agreements, cardiac response in communities, House of Medicine issues, Medicaid, prior authorization reform, and mandating coverage for coronary artery scores.
11289	WI-principal-11289	Medical College of Wisconsin	WI				"[{""type"":""address"",""value"":""8701 Watertown Plank Rd\nMilwaukee, WI 53226"",""note"":""""},{""type"":""phone"",""value"":""(414) 955-8217"",""note"":""""},{""type"":""email"",""value"":""NBerken@mcw.edu"",""note"":""""},{""type"":""website"",""value"":""http://www.mcw.edu"",""note"":""""}]"		Medical Education, Research & Healthcare.	Healthcare reform, Insurance, Employment law, Business development, Medicaid, Medical College of Wisconsin appropriations, and legislation and administrative rules pertaining to health care, education, and research.
11290	WI-principal-11290	Children's Hospital of Wisconsin	WI				"[{""type"":""address"",""value"":""PO Box 1997\nMilwaukee, WI 53201"",""note"":""""},{""type"":""phone"",""value"":""608-217-9508"",""note"":""""},{""type"":""email"",""value"":""jbloch@childrenswi.org"",""note"":""""},{""type"":""website"",""value"":""http://www.childrenswi.org"",""note"":""""}]"	Gil Peri	Children's hospital, primary care and specialty care clinics, Medicaid and federal exchange health plans, child welfare and family supports, children's health education, injury prevention and pediatric research.	We may attempt to influence any state agency or the legislature in any matter affecting health care, children, and research.
11291	WI-principal-11291	Special Olympics Wisconsin	WI				"[{""type"":""address"",""value"":""6582 Ronald Reagan Avenue\nMadison, WI 53704"",""note"":""""},{""type"":""phone"",""value"":""(608) 442-5680"",""note"":""""},{""type"":""email"",""value"":""Chershner@specialolympicswisconsin.org"",""note"":""""},{""type"":""website"",""value"":""http://www.specialolympicswisconsin.org"",""note"":""""}]"		Any legislation or funding affecting the well being and interests of children and adults with intellectual disabilities	Any legislation or funding affecting the well being and interests of children and adults with intellectual disabilities
11292	WI-principal-11292	Safelite Group, Inc.	WI				"[{""type"":""address"",""value"":""7400 Safelite Way\nColumbus, OH 43235"",""note"":""""},{""type"":""phone"",""value"":""614-798-2684"",""note"":""""},{""type"":""email"",""value"":""tom.tucker@stateandfed.com"",""note"":""""},{""type"":""website"",""value"":""http://www.safelite.com"",""note"":""""}]"	Renee Cacchillo	Manufacture, repair & installation of auto glass; administer insurance claims for auto glass.	Legislation affecting the handling of motor vehicle insurance claims, particularly those dealing with auto glass.
11293	WI-principal-11293	Sellers Dorsey & Associates, LLC	WI				"[{""type"":""address"",""value"":""Seven Penn Center, 1635 Market Street, Suite 301\nPhiladelphia, PA 19103"",""note"":""""},{""type"":""phone"",""value"":""(215) 279-9746"",""note"":""""},{""type"":""email"",""value"":""christopher.labonte@stateandfed.com"",""note"":""""},{""type"":""website"",""value"":""https://www.sellersdorsey.com/"",""note"":""""}]"	Kevin Seabaugh	Health care consulting	All matters affecting health care and Medicaid
11294	WI-principal-11294	Wisconsin Dermatological Society	WI				"[{""type"":""address"",""value"":""6737 West Washington Street, Suite 4210\nMilwaukee, WI 53214"",""note"":""""},{""type"":""phone"",""value"":""414-488-3929"",""note"":""""},{""type"":""email"",""value"":""marie@widermsociety.org"",""note"":""""},{""type"":""website"",""value"":""http://www.widermsociety.org"",""note"":""""}]"	Marie Odden	The Wisconsin Dermatological Society is a non-profit association of dermatologists throughout the state of Wisconsin.	The WDS is interested in issues related to the delivery of quality dermatological medical care and the treatment of diseases that impact the skin, hair, and nails. The society is also interested in matters related to patient safety, the general practice of medicine, and health insurance issues.
11295	WI-principal-11295	Wisconsin Institute for Law & Liberty	WI				"[{""type"":""address"",""value"":""1241 N Franklin Pl\nMilwaukee, WI 53202"",""note"":""""},{""type"":""phone"",""value"":""(414)727-94554"",""note"":""""},{""type"":""email"",""value"":""kyle@will-law.org"",""note"":""""},{""type"":""website"",""value"":""http://www.will-law.org"",""note"":""""}]"		Individuals and organizations that are dedicated to the promotion of free markets, limited government, individual liberty, and a robust civil society.	The Wisconsin Institute for Law & Liberty may lobby on the following issues: education funding, school choice, K-12 accountability, general K-12 reform, parental rights, taxation, open government, regulation, healthcare price transparency, various administrative rules, election administration, issues that effect the cost of living, separation of powers, equality under the law, and occupational licensing.
11296	WI-principal-11296	Association of Surgical Technologists	WI				"[{""type"":""address"",""value"":""6 West Dry Creek Circle #200\nLittleton, CO 80120"",""note"":""""},{""type"":""phone"",""value"":""800.637.7433"",""note"":""""},{""type"":""email"",""value"":""josephine.colacci@ast.org"",""note"":""""},{""type"":""website"",""value"":""https://www.ast.org"",""note"":""""}]"	William Teutsch	The Association of Surgical Technologists is a national organization representing more than 80,000 surgical technologists whose primary purpose is to ensure that surgical technologists have the knowledge and skills to administer patient care of the highest quality.	Matters impacting the certification and training of surgical technologists
11297	WI-principal-11297	Water Sports Industry Association	WI				"[{""type"":""address"",""value"":""2750 Taylor Ave, Suite A18\nOrlando, FL 32806"",""note"":""""},{""type"":""phone"",""value"":""9312670673"",""note"":""""},{""type"":""email"",""value"":""naomi@wsia.net"",""note"":""""}]"	Robert Oswell	All aspects of the towed water sports segment of the recreational boating industry	All matters related to policy impacting the towed water sports segment of the recreational boating industry.
11298	WI-principal-11298	Wisconsin Economic Development Association	WI				"[{""type"":""address"",""value"":""563 Carter Court, Suite B\nKimberly , WI 54136"",""note"":""""},{""type"":""phone"",""value"":""(262) 620-3169"",""note"":""""},{""type"":""email"",""value"":""president@weda.org"",""note"":""""},{""type"":""website"",""value"":""http://www.weda.org"",""note"":""""}]"	Melissa Hunt	Statewide association of economic development professionals, organizations and business interested in promoting economic development in Wisconsin.	All matters relating to economic development and fostering a healthy economic climate including matters relating to economic development incentives; taxation; transportation; environment; energy; and workforce.
11299	WI-principal-11299	Forward Service Corporation	WI				"[{""type"":""address"",""value"":""4600 American Parkway\nMadison, WI 53718"",""note"":""""},{""type"":""phone"",""value"":""608-268-2254"",""note"":""""},{""type"":""email"",""value"":""MSzabrowicz@fsc-corp.org"",""note"":""""},{""type"":""website"",""value"":""http://www.fsc-corp.org"",""note"":""""}]"		Jobs For America’s Graduates (JAG-WI) – seeking an appropriation for Jobs For America’s Graduates – Wisconsin.  Forward Service Corporation is Wisconsin’s national affiliate of Jobs For America’s Graduates.  The mission of JAG is to help young people of truly great promise succeed both in school and on the job, leading to a productive and rewarding career that provides financial stability.  Forward Service Corporation is seeking to expand our JAG services to middle and high-schools throughout Wisconsin.	Jobs For America’s Graduates (JAG-WI) – seeking an appropriation for Jobs For America’s Graduates – Wisconsin.  Forward Service Corporation is Wisconsin’s national affiliate of Jobs For America’s Graduates.  The mission of JAG is to help young people of truly great promise succeed both in school and on the job, leading to a productive and rewarding career that provides financial stability.  Forward Service Corporation is seeking to expand our JAG services to middle and high-schools throughout Wisconsin.
11300	WI-principal-11300	Data Recognition Corporation	WI				"[{""type"":""address"",""value"":""13490 Bass Lake Road\nMaple Grove, MN 55311"",""note"":""""},{""type"":""phone"",""value"":""(763) 268-1971"",""note"":""""},{""type"":""email"",""value"":""kkrueger@datarecognitioncorp.com"",""note"":""""},{""type"":""website"",""value"":""http://www.datarecognitioncorp.com"",""note"":""""}]"	Susan Engeleiter	Education	Matters regarding student assessment
11305	WI-principal-11305	Access to Independence	WI				"[{""type"":""address"",""value"":""3810 MILWAUKEE ST\nMADISON, WI 53714"",""note"":""""},{""type"":""phone"",""value"":""(608) 716-7266"",""note"":""""},{""type"":""email"",""value"":""jasonb@accesstoind.org"",""note"":""""}]"		The organization is an Independent Living Center, and is a member of the Wisconsin Coalition of Independent Living Centers.	Funding related to independent living centers, voting legislation, bills and policy relating to people with disabilities, directly or indirectly.
11306	WI-principal-11306	Advanced Energy United (AEU)	WI				"[{""type"":""address"",""value"":""1801 Pennsylvania Ave. NW, Suite 410\nWashington, DC 20006"",""note"":""""},{""type"":""phone"",""value"":""(703) 684-1110"",""note"":""""},{""type"":""email"",""value"":""compliance_wi_aeu_1@multistate.us"",""note"":""""}]"	Heather  O'Neil	Clean energy, technology, and energy efficiency	Clean energy policy, electricity generation, energy efficiency, electric transportation, and utility regulatory policy
11307	WI-principal-11307	Wisconsin Infrastructure Investment Now, Inc.	WI				"[{""type"":""address"",""value"":""4230 East Town Blvd. #245\nMadison, WI 53704"",""note"":""""},{""type"":""phone"",""value"":""(920) 860-6780"",""note"":""""},{""type"":""email"",""value"":""john@gardbusinessgroup.com"",""note"":""""},{""type"":""website"",""value"":""http://www.wisconsininfrastructure.com"",""note"":""""}]"		"Construction contractors, businesses in the utility, telecommunications and mining industries, and employees or employee 
groups that work in construction or the listed industries."	Transportation facilities, renewable and traditional energy projects, mining and other infrastructure projects and to promote governmental policies that support such infrastructure investment and expansion.
11308	WI-principal-11308	Alzheimer's Association	WI				"[{""type"":""address"",""value"":""4600 American Parkway, Suite 103\nMadison, WI 53718"",""note"":""""},{""type"":""phone"",""value"":""(608) 318-4057"",""note"":""""},{""type"":""email"",""value"":""vlkent@alz.org"",""note"":""""},{""type"":""website"",""value"":""http://www.alz.org"",""note"":""""}]"		The Alzheimer’s Association derives its membership and financial support primarily from individuals, families, and caregivers affected by Alzheimer’s disease and related dementias. The organization also receives contributions from philanthropic individuals and foundations committed to advancing dementia research, care, and support.	We will focus on policies impacting individuals living with Alzheimer’s disease and related dementias, as well as their caregivers, to improve care quality, accessibility, and support. Key priorities include advocating for funding to support caregiver programs, enhancing standards for memory care facilities, promoting dementia risk reduction in public health initiatives, and securing appropriations for community-based support services.
11309	WI-principal-11309	Apple Inc.	WI				"[{""type"":""address"",""value"":""c/o Politicom Law LLP, 28 Liberty Ship Way, Suite 2815\nSausalito, CA 94965"",""note"":""""},{""type"":""phone"",""value"":""(415) 903-2800"",""note"":""""},{""type"":""email"",""value"":""apple@politicomlaw.com"",""note"":""""},{""type"":""website"",""value"":""http://www.Apple.com"",""note"":""""}]"	Tim Cook	Computer Utilization in Education	Any legislation or rules affecting education, training and information technology.
11310	WI-principal-11310	CoreCivic, Inc.	WI				"[{""type"":""address"",""value"":""5501 Virginia Way\nBrentwood, TN 37027"",""note"":""""},{""type"":""phone"",""value"":""(615) 263-3056"",""note"":""""},{""type"":""email"",""value"":""Jamie.Bishop@corecivic.com"",""note"":""""},{""type"":""website"",""value"":""http://www.corecivic.com/"",""note"":""""}]"	Damon Hininger	A Diversified Government-Solutions Company	Corrections, property interests, state finances, and re-entry.
11311	WI-principal-11311	Meta Platforms, Inc.	WI				"[{""type"":""address"",""value"":""c/o 28 Liberty Ship Way, Suite 2815\nSausalito, CA 94965"",""note"":""""},{""type"":""phone"",""value"":""(415) 903-2800"",""note"":""""},{""type"":""email"",""value"":""meta@politicomlaw.com"",""note"":""""},{""type"":""website"",""value"":""http://www.facebook.com"",""note"":""""}]"	Mark Zuckerberg	Online social media	All areas affecting the internet.
11312	WI-principal-11312	Association of Equipment Manufacturers	WI				"[{""type"":""address"",""value"":""1300 I Street NW, Suite 520W\nWashington, DC 20005"",""note"":""""},{""type"":""phone"",""value"":""2242174586"",""note"":""""},{""type"":""email"",""value"":""compliance_wi_aem@multistate.us"",""note"":""""}]"	Megan Tanel	Equipment manufacturing	agriculture, transportation, taxes, infrastructure, precision agriculture, broadband, lemon law, right to repair, dairy grants, environment, PFAS
11313	WI-principal-11313	Wisconsin Towns Association	WI				"[{""type"":""address"",""value"":""W7686 Cty Rd MMM\nShawano, WI 54166"",""note"":""""},{""type"":""phone"",""value"":""(715) 526-3157"",""note"":""""},{""type"":""email"",""value"":""mike.koles@wisctowns.com"",""note"":""""},{""type"":""website"",""value"":""http://www.wisctowns.com"",""note"":""""}]"		Town and Village Government	Transportation, Agriculture, Local Government, Broadband, Fire/EMS, Fiscal Policy, Assessment, Land Use, Natural Resources
11314	WI-principal-11314	DreamCorps	WI				"[{""type"":""address"",""value"":""1630 San Pablo Avenue, 4th Floor\nOakland, CA 94612"",""note"":""""},{""type"":""phone"",""value"":""(510) 663-6500"",""note"":""""},{""type"":""email"",""value"":""compliance_wi_dream@multistate.us"",""note"":""""},{""type"":""website"",""value"":""https://dream.org/"",""note"":""""}]"		we engage people who are directly impacted by the criminal justice system	criminal justice reforms
11316	WI-principal-11316	Elevance Health, and its affiliates dba Anthem Blue Cross Blue Shield	WI				"[{""type"":""address"",""value"":""25 West Main Street, Suite 500\nMadison, WI 53703"",""note"":""""},{""type"":""phone"",""value"":""(920) 471-8150"",""note"":""""},{""type"":""email"",""value"":""Elisabeth.Portz@ElevanceHealth.com"",""note"":""""},{""type"":""website"",""value"":""https://www.elevancehealth.com/"",""note"":""""}]"	Gail Boudreaux	Health insurance, life insurance, dental insurance, Medicaid managed care	Legislation and regulations affecting the commercial health, life and dental insurance markets and legislation and regulation affecting Medicaid managed care.
11317	WI-principal-11317	Wisconsin Counties Association	WI				"[{""type"":""address"",""value"":""22 E Mifflin St, Ste 900\nMadison, WI 53703"",""note"":""""},{""type"":""phone"",""value"":""(608) 663-7188"",""note"":""""},{""type"":""email"",""value"":""OConnell@wicounties.org"",""note"":""""},{""type"":""website"",""value"":""http://www.wicounties.org"",""note"":""""}]"		Furtherance of better county government and protection of county interests.	County organization and personnel, environment and land use, health and human services, judicial and public safety, taxation and finance, transportation and public works, agriculture.
11318	WI-principal-11318	Acadia Healthcare	WI				"[{""type"":""address"",""value"":""6100 Tower Circle, Suite 1000\nFranklin, TN 37067"",""note"":""""},{""type"":""phone"",""value"":""614.370.1546"",""note"":""""},{""type"":""email"",""value"":""Cassi.Baker@acadiahealthcare.com"",""note"":""""},{""type"":""website"",""value"":""https://www.acadiahealthcare.com/"",""note"":""""}]"	Chris Hunter	Acadia Healthcare is a leader in behavioral health care. Acadia Healthcare’s behavioral health treatment facilities specialize in helping children, teenagers, and adults who are suffering from mental health disorders and/or alcohol and drug addiction.	Acadia Healthcare, as a provider of behavioral healthcare services, will work with government agencies and lawmakers on regulatory and legislative issues directly and indirectly related to patient access to behavioral health and substance use disorder treatment.
11319	WI-principal-11319	Wisconsin Hospital Association	WI				"[{""type"":""address"",""value"":""5510 Research Park Drive\nFitchburg, WI 53711"",""note"":""""},{""type"":""phone"",""value"":""(608) 274-1820"",""note"":""""},{""type"":""email"",""value"":""mstanford@wha.org"",""note"":""""},{""type"":""website"",""value"":""http://www.wha.org"",""note"":""""}]"	Kyle O'Brien	Hospitals and health care	WHA may attempt to influence legislation and rules affecting hospitals and other health care providers as well as community health in general.
11320	WI-principal-11320	AFAR Inc. dba The Ability Center	WI				"[{""type"":""address"",""value"":""10300 W. Wisconsin Ave\nWauwatosa, WI 53226"",""note"":""""},{""type"":""phone"",""value"":""262-385-5738"",""note"":""""},{""type"":""email"",""value"":""damian@tacwi.org"",""note"":""""}]"		The Ability Center is a 501(c)3 nonprofit focused on human services specific to people impacted by disabilities.	Seeking state funding to make one Milwaukee County Park entirely accessible for people with disabilities.
11321	WI-principal-11321	Clean Grid Alliance dba Powering Wisconsin	WI				"[{""type"":""address"",""value"":""570 Asbury St., Suite 201\nSt. Paul, MN 55104"",""note"":""""},{""type"":""phone"",""value"":""(651) 644-3400"",""note"":""""},{""type"":""email"",""value"":""pmewis@cleangridalliance.org"",""note"":""""}]"	Beth Soholt	Advocates for Renewable Energy and Battery Storage Development in the Midwest	Promotion of policies that create stable markets for renewables including wind and solar development.
11322	WI-principal-11322	Dairyland Power Cooperative	WI				"[{""type"":""address"",""value"":""P O Box 817\nLa Crosse, WI 54602"",""note"":""""},{""type"":""phone"",""value"":""(608) 615-2056"",""note"":""""},{""type"":""email"",""value"":""Joyce.Peppin@DairylandPower.com"",""note"":""""},{""type"":""website"",""value"":""http://www.dairylandpower.com"",""note"":""""}]"	Brent Ridge	Electric Cooperative, Generation and Transmission	All areas in any manner related to or affecting utilities and electric cooperatives, to include Electric Vehicles, Economic and Rural development, Energy and Environmental matters, Renewables, and Energy Generation and Transmission.
11323	WI-principal-11323	Axcess Financial Services Inc.	WI				"[{""type"":""address"",""value"":""7755 Montgomery Rd. Suite 500\nCinncinnati, OH 45236"",""note"":""""},{""type"":""phone"",""value"":""(513) 229-6481"",""note"":""""},{""type"":""email"",""value"":""cmottier@cng.com"",""note"":""""},{""type"":""website"",""value"":""https://www.axcess-financial.com"",""note"":""""}]"	Ken Judd	Financial Services	Legislative issues relating to financial and consumer services and related areas.
11324	WI-principal-11324	Earnin	WI				"[{""type"":""address"",""value"":""200 Portage Avenue\nPalo Alto, CA 94306"",""note"":""""},{""type"":""phone"",""value"":""(310) 428-5953"",""note"":""""},{""type"":""email"",""value"":""ben.larocco@earnin.com"",""note"":""""}]"	Ram Palaniappan	Earnin lets you get paid for the hours you've already worked without waiting for payday.  Your pay is sent to your bank account whenever you need it.	Clarifying regulation regarding online financial services
11325	WI-principal-11325	Molson Coors Beverage Company USA LLC	WI				"[{""type"":""address"",""value"":""320 S. Canal Street\nChicago, IL 60606"",""note"":""""},{""type"":""phone"",""value"":""(414) 931-3129"",""note"":""""},{""type"":""email"",""value"":""compliance_wi_mc@multistate.us"",""note"":""""}]"	Rahul Goyal	Alcoholic and non-alcoholic beverages.	Revenue, Three Tier Issues, Taxes, Hemp, Alcohol, Water, Budget, Alcohol, Non-alc Beverages. All matters relating to the manufacture, sale, distribution, marketing, consumption, packaging, and regulation of alcoholic beverages and non-alcoholic beverages.
11326	WI-principal-11326	Marquette University	WI				"[{""type"":""address"",""value"":""PO Box 1881\nMilwaukee, WI 53201"",""note"":""""},{""type"":""phone"",""value"":""(414) 288-3969"",""note"":""""},{""type"":""email"",""value"":""Mary.Czech@Marquette.edu"",""note"":""""},{""type"":""website"",""value"":""http://www.mu.edu"",""note"":""""}]"		Higher education, research and public service.	Within legislation and specifically the budget bill, we seek adequate funding for higher education student aid programs such as the Wisconsin Grant-Private Non-Profit  and also programs affecting dental education. These include capitation support for Wisconsin resident DDS students and program support for dental clinic operations, as well as dental regulatory issues. The University may take positions regarding transportation, non-profit organizations, and economic and neighborhood development issues.
11327	WI-principal-11327	Aggregate Producers of Wisconsin Inc	WI				"[{""type"":""address"",""value"":""PO Box 2157\nMadison, WI 53701"",""note"":""""},{""type"":""phone"",""value"":""(608) 283-2595"",""note"":""""},{""type"":""email"",""value"":""erinlongmireconsulting@gmail.com"",""note"":""""},{""type"":""website"",""value"":""http://www.aggregateproducers.org"",""note"":""""}]"	Bob Bingen	Nonmetallic mining industry.	Legislation and rules dealing with mineral extraction or transportation, or permitting of nonmetallic mining operations, as well as any other agency rules or legislation that may affect the aggregate industry.
11328	WI-principal-11328	National Association of Mutual Insurance Companies (NAMIC)	WI				"[{""type"":""address"",""value"":""3601 Vincennes Rd\nIndianapolis, IN 46268"",""note"":""""},{""type"":""phone"",""value"":""(317) 875-5250"",""note"":""""},{""type"":""email"",""value"":""compliance_wi_namic@multistate.us"",""note"":""""}]"	Neil Alldredge	Property/Casualty Insurance Companies in the United States	Property/Casualty insurance related legislation and regulation, with emphasis on risk-based pricing and underwriting freedom.
11329	WI-principal-11329	Geronimo Power, LLC	WI				"[{""type"":""address"",""value"":""8400 Normandale Lake Boulevard, Suite 1200\nBloomington, MN 55437"",""note"":""""},{""type"":""phone"",""value"":""(952) 358-5672"",""note"":""""},{""type"":""email"",""value"":""compliance_WI_geronimo@multistate.us"",""note"":""""}]"	Blake Nixon	Energy	Legislative activities affecting the development, construction and operation of utility-scale renewable energy projects. Activities may include legislation related to energy policies, labor policies, tax treatment of facilities, and on-going facility compliance.
11330	WI-principal-11330	Vanguard Renewables	WI				"[{""type"":""address"",""value"":""133 Boston Post Rd Building 15\nWeston, MA 02493"",""note"":""""},{""type"":""phone"",""value"":""7812327597"",""note"":""""},{""type"":""email"",""value"":""vanguardrenewablesreporting@venable.com"",""note"":""""},{""type"":""website"",""value"":""https://www.vanguardrenewables.com/"",""note"":""""}]"	Michael O'Laughlin	Vanguard Renewables provides sustainable waste management and clean energy solutions.	Issues related to sustainable waste management and clean energy solutions.
11331	WI-principal-11331	National Marine Manufacturers Association	WI				"[{""type"":""address"",""value"":""601 Pennsylvania Avenue NW, #320\nWashington, DC 20004"",""note"":""""},{""type"":""phone"",""value"":""(229) 507-6702"",""note"":""""},{""type"":""email"",""value"":""compliance_wi_nmma@multistate.us"",""note"":""""}]"	Frank Hugelmeyer	Marine Manufacturing / Boats	Wakesurfing and towed water sport issues. All matters relating to regulation or limitation of any towed water sports activities.
11332	WI-principal-11332	Otsuka America Pharmaceutical, Inc.	WI				"[{""type"":""address"",""value"":""508 Carnegie Center Drive\nPrinceton, NJ 08540"",""note"":""""},{""type"":""phone"",""value"":""(703) 684-1110"",""note"":""""},{""type"":""email"",""value"":""compliance_WI_otsuka@multistate.us"",""note"":""""},{""type"":""website"",""value"":""http://www.otsuka-us.com"",""note"":""""}]"	Tarek  Rabah	Healthcare company driven by our purpose and defined by our beliefs. Working with key state stakeholders to make access to healthcare more accessible for patients in our disease states including neuroscience and nephrology.	Healthcare, Rare Disease, Access to healthcare, Prescription drugs, Behavioral Health
11333	WI-principal-11333	Pharmaceutical Care Management Association (PCMA)	WI				"[{""type"":""address"",""value"":""505 9th Street NW, Suite 1000\nWashington, DC 20004"",""note"":""""},{""type"":""phone"",""value"":""2027565747"",""note"":""""},{""type"":""email"",""value"":""sstephenson@pcmanet.org"",""note"":""""},{""type"":""website"",""value"":""http://www.pcmanet.org"",""note"":""""}]"	JC Scott	Pharmacy Benefits Management	Primarily pharmacy benefits management, including health care, insurance, pharmaceuticals and state budget matters as they relate to PBMs
11334	WI-principal-11334	Rape, Abuse & Incest National Network (RAINN)	WI				"[{""type"":""address"",""value"":""1220 L Street NW, Suite 500\nWashington, DC 20005"",""note"":""""},{""type"":""phone"",""value"":""(404) 406-9639"",""note"":""""},{""type"":""email"",""value"":""stefant@rainn.org"",""note"":""""}]"		Anti-sexual abuse and violence.	Any and all legislation relating to anti-sexual abuse and violence legislation.
11335	WI-principal-11335	The College Entrance Examination Board	WI				"[{""type"":""address"",""value"":""250 Vesey Street\nNew York, NY 10281"",""note"":""""},{""type"":""phone"",""value"":""602-284-7611"",""note"":""""},{""type"":""email"",""value"":""compliance_WI_cb@multistate.us"",""note"":""""}]"		K12 and Higher education institutions, both public and private, state education agencies	Education funding and education curriculum issues, especially related to Advanced Placement and college and Career Readiness assessments, Data privacy issues that impact K12 and higher education, Career and technical education and dual enrollment, higher education entrance, placement and scholarship requirements, general budget issues that effect K12 and Higher education
11336	WI-principal-11336	CareSource Wisconsin dba Common Ground Healthcare Cooperative	WI				"[{""type"":""address"",""value"":""300 N Executive Drive, Suite 300\nBrookfield, WI 53005"",""note"":""""},{""type"":""phone"",""value"":""6083340624"",""note"":""""},{""type"":""email"",""value"":""mduffy@dcstrategies.org"",""note"":""""},{""type"":""website"",""value"":""https://www.caresource.com/"",""note"":""""}]"	Cathy Mahaffey	CareSource is an industry-leading, multi-state, multi-plan, government-sponsored health care organization that’s reimagining health care. As a mission-driven nonprofit organization, CareSource is transforming health care with innovative programs that address the social determinants of health, health equity, prevention and access to care.	CareSource advocates for policy changes we believe will have a positive impact on the cost, quality or accessibility of health insurance coverage or health care for consumers.
11337	WI-principal-11337	Badger State Sheriffs' Association	WI				"[{""type"":""address"",""value"":""PO Box 763\nBaraboo, WI 53913"",""note"":""""},{""type"":""phone"",""value"":""920-465-0359"",""note"":""""},{""type"":""email"",""value"":""jrgossage139@gmail.com"",""note"":""""},{""type"":""website"",""value"":""http://www.badgersheriff.com"",""note"":""""}]"	John Gossage	The Badger State Sheriffs' Association is made up of the 72 Wisconsin Sheriffs.  The BSSA promotes state-wide law enforcement and public safety initiatives that assist The Office of Sheriff with providing professional, prepared, and up-to-date services to the citizens of each County and the State of Wisconsin.	The BSSA will work with local, State, and Federal officials on public safety, law enforcement, emergency management, corrections, court, civil process and other crime prevention programs and services.
11338	WI-principal-11338	Wisconsin Sheriffs and Deputy Sheriffs Association	WI				"[{""type"":""address"",""value"":""6737 W Washington St, Suite 4210\nMilwaukee, WI 53214"",""note"":""""},{""type"":""phone"",""value"":""414-488-3906"",""note"":""""},{""type"":""email"",""value"":""sandy@wsdsa.org"",""note"":""""},{""type"":""website"",""value"":""http://www.wsdsa.org"",""note"":""""}]"	Mark Patterson	Wisconsin sheriffs and deputy sheriffs.	All matters affecting sheriffs, deputy sheriffs and their service to Wisconsin public.
11339	WI-principal-11339	Wisconsin Rural Water Association	WI				"[{""type"":""address"",""value"":""350 Water Way\nPlover, WI 54467"",""note"":""""},{""type"":""phone"",""value"":""(715) 344-7778"",""note"":""""},{""type"":""email"",""value"":""CGroh@wrwa.org"",""note"":""""},{""type"":""website"",""value"":""http://www.wrwa.org"",""note"":""""}]"	Chris Groh	Provide training/technical assistance and advocacy for small water and wastewater public systems.	Represent the interests of public water supply and wastewater utilities on issues such as water quality regulations, operation and maintenance requirements, funding sources, source water protection, billing and water rate setting.  Involved in seeking state funding from state budget through state agencies.
11340	WI-principal-11340	Ascension Wisconsin	WI				"[{""type"":""address"",""value"":""400 W. River Woods Pkwy\nGlendale, WI 53212"",""note"":""""},{""type"":""phone"",""value"":""414-412-3139"",""note"":""""},{""type"":""email"",""value"":""alec.knutson@ascension.org"",""note"":""""},{""type"":""website"",""value"":""https://healthcare.ascension.org/Sites-of-Care/Asc"",""note"":""""}]"		Healthcare service providers including hospitals, physician services and other services.	Ascension Wisconsin will be interested in policy issues that relate to the delivery of health care services including but not limited to: Medicaid (including but not limited to eligibility, reimbursement and covered services), health care facilities, hospitals, physicians and other healthcare professionals, health system management, reimbursement, telehealth, regulation  and personnel. Additionally, areas that relate to the ability to carry out our mission as a Catholic organization and preservation of tax-exempt status for not-for-profit health care providers.
11341	WI-principal-11341	Wisconsin Park and Recreation Association	WI				"[{""type"":""address"",""value"":""6737 W. Washington Street, Suite 4210\nMilwaukee, WI 53214"",""note"":""""},{""type"":""phone"",""value"":""(414) 423-1210"",""note"":""""},{""type"":""email"",""value"":""sandy@wpraweb.org"",""note"":""""},{""type"":""website"",""value"":""http://www.wpraweb.org"",""note"":""""}]"	Sandy Schueller	Wisconsin Park and Recreation Association is a statewide voluntary organization dedicated to enriching the professional and educational opportunities available to leisure service personnel in parks, recreation, therapeutic recreation and related fields, so that they may better service the needs of their communities and or participants, and to advocate and promote the benefits of parks and leisure services to the general public.	Legislation and administrative policies as they relate to public issues of concern and impact on parks, recreation, aquatic, therapeutic recreation and natural resource related professionals.
11342	WI-principal-11342	Nurse-Family Partnership	WI				"[{""type"":""address"",""value"":""1900 Grant Street, Suite 400\nDenver, CO 80203"",""note"":""""},{""type"":""phone"",""value"":""360-764-0991"",""note"":""""},{""type"":""email"",""value"":""matthew.richardson@changent.org"",""note"":""""},{""type"":""website"",""value"":""http://www.nursefamilypartnership.org"",""note"":""""}]"		maternal-child health	appropriations for home visiting, programs funding home visiting
11343	WI-principal-11343	Novartis Services, Inc.	WI				"[{""type"":""address"",""value"":""801 Pennsylvania Ave. N.W., Suite 700\nWashington, DC 20004"",""note"":""""},{""type"":""phone"",""value"":""651-775-0296"",""note"":""""},{""type"":""email"",""value"":""julie.idelkope@novartis.com"",""note"":""""},{""type"":""website"",""value"":""http://www.novartis.com"",""note"":""""}]"	Vas Narasimhan	All matters affecting pharmaceutical manufacturing and health care.	Mental health issues; drug pricing issues; health care reform; access; coverage; budgets.
11344	WI-principal-11344	Chevron U.S.A. Inc. and Affiliates	WI				"[{""type"":""address"",""value"":""2350 Kerner Blvd., STe 250\nSan Rafael, CA 94901"",""note"":""""},{""type"":""phone"",""value"":""4153896800"",""note"":""""},{""type"":""email"",""value"":""Chevron1@nmgovlaw.com"",""note"":""""},{""type"":""website"",""value"":""https://www.chevron.com"",""note"":""""}]"	Michael Wirth	Oil, gas, exploration, production, refining	Matters related to oil and gas
11345	WI-principal-11345	Genentech, Inc., A Member of the Roche Group	WI				"[{""type"":""address"",""value"":""2350 Kerner Blvd., Suite 250\nSan Rafael, CA 94901"",""note"":""""},{""type"":""phone"",""value"":""4153896800"",""note"":""""},{""type"":""email"",""value"":""genentech@nmgovlaw.com"",""note"":""""},{""type"":""website"",""value"":""https://www.gene.com/"",""note"":""""}]"	Ashley  Magargee	Biotechnology and Pharmaceuticals	Matters related to biotechnology and pharmaceuticals
11346	WI-principal-11346	Marathon Petroleum Corporation and Subsidiaries	WI				"[{""type"":""address"",""value"":""2350 Kerner Blvd., Ste 250\nSan Rafael, CA 94901"",""note"":""""},{""type"":""phone"",""value"":""(415) 389-6800"",""note"":""""},{""type"":""email"",""value"":""marathon@nmgovlaw.com"",""note"":""""},{""type"":""website"",""value"":""http://www.marathonpetroleum.com"",""note"":""""}]"	Maryann  Mannen	Petroleum and Refineries	Matters concerning petroleum and refineries
11347	WI-principal-11347	Energy Action Fund	WI				"[{""type"":""address"",""value"":""c/o 2350 Kerner Boulevard, Suite 250\nSan Rafael, CA 94901"",""note"":""""},{""type"":""phone"",""value"":""4153896800"",""note"":""""},{""type"":""email"",""value"":""energyactionfund@nmgovlaw.com"",""note"":""""},{""type"":""website"",""value"":""https://energyactionfund.org/"",""note"":""""}]"	Ryan Werder	Matters related to Clean Energy Solutions	Clean Energy Initiatives
11348	WI-principal-11348	Lexia Learning	WI				"[{""type"":""address"",""value"":""300 Baker Ave, Suite 320\nConcord, MA 01742"",""note"":""""},{""type"":""phone"",""value"":""415-389-6800"",""note"":""""},{""type"":""email"",""value"":""Lexia@nmgovlaw.com"",""note"":""""},{""type"":""website"",""value"":""https://www.lexialearning.com/"",""note"":""""}]"	Nick Gaehde	Lexia Learning provides instructional, assessment, and professional learning programs for K-12 students.	Matters related to literacy, reading and early childhood education.
11350	WI-principal-11350	Rural Wisconsin Health Cooperative	WI				"[{""type"":""address"",""value"":""880 Independence Ln\nSauk City, WI 53583"",""note"":""""},{""type"":""phone"",""value"":""(608) 643-2343"",""note"":""""},{""type"":""email"",""value"":""jeremylevin@rwhc.com"",""note"":""""},{""type"":""website"",""value"":""http://www.rwhc.com"",""note"":""""}]"	Tim Size	A cooperative of 40 rural non-profit hospitals for shared services and advocacy.	Our focus is on rural health which tends to include issues regarding healthcare finance, workforce, education, public health, Medicaid, health insurance, healthcare law and regulation.
11353	WI-principal-11353	Wisconsin Association of Family & Children's Agencies	WI				"[{""type"":""address"",""value"":""PO Box 14663\nMadison, WI 53708"",""note"":""""},{""type"":""phone"",""value"":""(608) 257-5939"",""note"":""""},{""type"":""email"",""value"":""kmarkeland@wafca.org"",""note"":""""},{""type"":""website"",""value"":""http://www.wafca.org"",""note"":""""}]"	Kathy Markeland	WAFCA is a member association that works to improve the lives of families and children in Wisconsin. Our member agencies provide a wide array of prevention and supportive services such as home visiting, foster care, counseling, and mental health and substance use treatment. WAFCA represents over 50 child and family serving agencies and leaders in the field and advocates for the more than 200,000 individuals and families that they serve each year.	Health and human services and educational policy and funding issues affecting the delivery of mental health, child welfare and support services to individuals, children and families.
11355	WI-principal-11355	Invenergy LLC	WI				"[{""type"":""address"",""value"":""One South Wacker Drive, Suite 1800\nChicago, IL 60606"",""note"":""""},{""type"":""phone"",""value"":""(312) 638-2888"",""note"":""""},{""type"":""email"",""value"":""kmulligan@invenergy.com"",""note"":""""}]"	Michael Polsky	Regulations and reforms relating to energy policy	Reforms and regulations relating to energy policy
11356	WI-principal-11356	Koch Government Affairs LLC, and Affiliates	WI				"[{""type"":""address"",""value"":""33 E. Main St., Suite 420\nMadison, WI 53711"",""note"":""""},{""type"":""phone"",""value"":""(608) 257-1775"",""note"":""""},{""type"":""email"",""value"":""jeff.schoepke@kochga.com"",""note"":""""}]"	Ray Geoffroy	Represents the various Koch Industries, Inc. companies on public affairs matters, including Flint Hills Resources, LP, an energy purchaser and petroleum refiner and Georgia-Pacific, LLC a manufacturer of paper, wood products and building materials.	Legislation and rules relating to the environment, energy, taxation, business, policy and other areas affecting Koch Industries, Inc. companies.
11357	WI-principal-11357	TikTok Inc.	WI				"[{""type"":""address"",""value"":""5800 Bristol City Parkway\nCulver City, CA 90230"",""note"":""""},{""type"":""phone"",""value"":""(213) 634-7972"",""note"":""""},{""type"":""email"",""value"":""compliance_wi_tiktok_1@multistate.us"",""note"":""""}]"	Shou Chew	Entertainment platform	Social media policy, artificial intelligence policy, and general tech policy to be determined. Work with policymakers on issues of data protection, privacy, safety and security, intellectual property, e-governance, content policy, and other technology-relevant public policy concerns.
11358	WI-principal-11358	Wisconsin Society of Architects	WI				"[{""type"":""address"",""value"":""321 S Hamilton St\nMadison, WI 53703"",""note"":""""},{""type"":""phone"",""value"":""16082207478"",""note"":""""},{""type"":""email"",""value"":""Slyons@thesjlgroup.com"",""note"":""""},{""type"":""website"",""value"":""http://www.aiaw.org"",""note"":""""}]"	Dawn  Latham	Architects, members of the American Institute of Architects.	Legislation and rules affecting the profession and practice of architecture and the design and construction industry in Wisconsin, including taxation, liability, building codes, regulation and licensing, public buildings and related issues.
11359	WI-principal-11359	Uber Technologies Inc.	WI				"[{""type"":""address"",""value"":""1725 3rd Street\nSan Francisco, CA 94158"",""note"":""""},{""type"":""phone"",""value"":""202-794-7387"",""note"":""""},{""type"":""email"",""value"":""compliance_WI_Uber@multistate.us"",""note"":""""},{""type"":""website"",""value"":""https://www.uber.com/"",""note"":""""}]"	Dara Khosrowshahi	Software application that connects users with third party transportation providers.	Transportation policy issues.
11361	WI-principal-11361	American Express Company	WI				"[{""type"":""address"",""value"":""801 Pennsylvania Avenue, N.W., Ste. 650\nWashington, DC 20004"",""note"":""""},{""type"":""phone"",""value"":""202-434-0155"",""note"":""""},{""type"":""email"",""value"":""joseph.s.testa@aexp.com"",""note"":""""}]"	Les Goldberg	Charge card and credit card service.	All matters possibly related to the regulation of charge cards, credit cards or bank cards.
11362	WI-principal-11362	Alliance for Health Information Operations and Standards (AHIOS)	WI				"[{""type"":""address"",""value"":""1000 Wilson Blvd, Suite 1800\nArlington, VA 22209"",""note"":""""},{""type"":""phone"",""value"":""5715472638 x. 3"",""note"":""""},{""type"":""email"",""value"":""compliance_WI_MSA_AHIOS@multistate.us"",""note"":""""}]"	Marty McKenna	Regulations on health information and release of information services	Regulations on health information and release of information services
11363	WI-principal-11363	Wisconsin Technology Council	WI				"[{""type"":""address"",""value"":""455 Science Drive Su 240\nMadison, WI 53711"",""note"":""""},{""type"":""phone"",""value"":""16086985711"",""note"":""""},{""type"":""email"",""value"":""maggie@wisconsintechnologycouncil.com"",""note"":""""},{""type"":""website"",""value"":""https://wisconsintechnologycouncil.com/"",""note"":""""}]"		Science and technology development in Wisconsin.	Science and technology issues, including development opportunities within Wisconsin's tech-based economy.
11365	WI-principal-11365	New Glarus Brewing Company	WI				"[{""type"":""address"",""value"":""2400 State Hwy 69\nNew Glarus, WI 53547"",""note"":""""},{""type"":""phone"",""value"":""(608) 527-5850"",""note"":""""},{""type"":""email"",""value"":""deborahcarey@newglarusbrewing.com"",""note"":""""},{""type"":""website"",""value"":""https://newglarusbrewing.com/"",""note"":""""}]"	Deborah Carey	Primarily the manufacture of craft beer.	All matters relating to the regulation of beer, including but not limited to the manufacture, distribution and sale of beer.
11366	WI-principal-11366	Foth & Van Dyke, LLC	WI				"[{""type"":""address"",""value"":""2121 Innovation Court, Suite 100\nDe Pere, WI 54115"",""note"":""""},{""type"":""phone"",""value"":""(920) 497-2500"",""note"":""""},{""type"":""email"",""value"":""susan.davis@foth.com"",""note"":""""},{""type"":""website"",""value"":""http://www.foth.com"",""note"":""""}]"	Randall Homel	engineering, scientific and construction services for public entities and private industrial clients	Wisconsin non-ferrous mining law reform; the operation of and the funding for the Wisconsin Department of Transportation; the operation of, and the funding for Wisconsin's Harbor Assistance Grant program; and the regulation and licensing of professional engineers.
11367	WI-principal-11367	Bayer U.S. LLC	WI				"[{""type"":""address"",""value"":""100 Bayer Boulevard\nWhippany, NJ 07981"",""note"":""""},{""type"":""phone"",""value"":""(703) 684-1110"",""note"":""""},{""type"":""email"",""value"":""compliance_WI_bayer@multistate.us"",""note"":""""}]"	Bill  Anderson	Agriculture, Pharmaceuticals, Consumer Health products	Legislative and regulatory issues impacting agricultural biotechnology, agricultural seed, agricultural crop protection products, and, solutions that strengthen health and nutrition. Agriculture, crop protection, healthcare, consumer health
11369	WI-principal-11369	CTIA - The Wireless Assocation	WI				"[{""type"":""address"",""value"":""1400 16th Street NW, Suite 600\nWashington, DC 20036"",""note"":""""},{""type"":""phone"",""value"":""(202) 736-3228"",""note"":""""},{""type"":""email"",""value"":""compliance_wi_ctia@multistate.us"",""note"":""""}]"	Meredith Attwell Baker	Wireless telecommunication	Any and all matters relating to wireless telecommunications.
11370	WI-principal-11370	Diageo North America Inc.	WI				"[{""type"":""address"",""value"":""3 World Trade Center\nNew York, NY 10006"",""note"":""""},{""type"":""phone"",""value"":""(202) 701-4066"",""note"":""""},{""type"":""email"",""value"":""compliance_wi_diageo@multistate.us"",""note"":""""},{""type"":""website"",""value"":""http://Diageo.com"",""note"":""""}]"	Debra  Crew	Alcohol Beverage industry, manufacturer, supplier	Lobbying on matters pertaining to alcohol beverages and the regulation of these products, marketing, selling, placement, three-tier, distribution etc.
11371	WI-principal-11371	Gainwell Holding Corp.	WI				"[{""type"":""address"",""value"":""225 E. John Carpenter Ste. 500\nIrving, TX 75062"",""note"":""""},{""type"":""phone"",""value"":""(844) 235-2387"",""note"":""""},{""type"":""email"",""value"":""compliance_WI_Gainwell@multistate.us"",""note"":""""},{""type"":""website"",""value"":""https://gainwelltechnologies.com/"",""note"":""""}]"	Mark  Knickrehm	A provider of digital and cloud-enabled services and solutions vital to the administration and operations of health and human services programs.	The entity may choose to engage in policy matters, including but not limited to, information technology, health and human services, automated intelligence, and procurement.
11372	WI-principal-11372	Healthcare Distribution Alliance	WI				"[{""type"":""address"",""value"":""1000 Wilson Boulevard, Suite 1800\nArlington, VA 22209"",""note"":""""},{""type"":""phone"",""value"":""(703) 684-1110"",""note"":""""},{""type"":""email"",""value"":""compliance_wi_hda@multistate.us"",""note"":""""}]"	Chester Davis	Healthcare	Issues related to Healthcare and the biennial budget.
11373	WI-principal-11373	HP Inc.	WI				"[{""type"":""address"",""value"":""1299 Pennsylvania Avenue NW\nWashington, DC 20004"",""note"":""""},{""type"":""phone"",""value"":""(202) 713-2474"",""note"":""""},{""type"":""email"",""value"":""compliance_WI_HPI@multistate.us"",""note"":""""}]"	Enrique Lores	Manufacturing	Policies pertaining to tax, AI, technology, sustainability, and procurement. Information on HP product and services capabilities. Information Technology.
11374	WI-principal-11374	IGT Global Solutions and Its Affiliates	WI				"[{""type"":""address"",""value"":""10 Memorial Blvd\nProvidence, RI 02903"",""note"":""""},{""type"":""phone"",""value"":""(703) 684-1110"",""note"":""""},{""type"":""email"",""value"":""compliance_WI_IGT@multistate.us"",""note"":""""},{""type"":""website"",""value"":""http://igt.com"",""note"":""""}]"	Vince Sandusky	IGT and Its Affiliates creates and manages networked marketplaces for lottery, gaming, and commercial customers.	Matters relating to the state lottery
11376	WI-principal-11376	American College of Obstetricians and Gynecologists - WI Section	WI				"[{""type"":""address"",""value"":""563 Carter Court, Suite B\nKimberly, WI 54316"",""note"":""""},{""type"":""phone"",""value"":""(608) 255-0566"",""note"":""""},{""type"":""email"",""value"":""rzelenkova@hwz-gov.com"",""note"":""""},{""type"":""website"",""value"":""http://www.acog.org"",""note"":""""}]"		Legislative proposals related to women's health, physician workforce, patient-physician relationship and Medicaid.	Legislative proposals related to women's health, physician workforce, patient-physician relationship and Medicaid.
11378	WI-principal-11378	Big Brothers Big Sisters of Wisconsin Inc.	WI				"[{""type"":""address"",""value"":""520 N Broadway Street, Suite 220\nGreen Bay , WI 54303"",""note"":""""},{""type"":""phone"",""value"":""(920)498-2227"",""note"":""""},{""type"":""email"",""value"":""ctaylor@hwz-gov.com"",""note"":""""}]"		"The nation’s largest donor- and volunteer-supported mentoring network, Big Brothers Big Sisters makes meaningful, monitored matches between adult volunteers (""Bigs"") and children (""Littles""), ages 5 through young adulthood in communities across Wisconsin and nationwide."	Access to funding to support BBBS programming
11379	WI-principal-11379	Concerned Auto Recyclers of Wisconsin	WI				"[{""type"":""address"",""value"":""W227S2698 E Racine Ave\nWaukesha, WI 53186"",""note"":""""},{""type"":""phone"",""value"":""6082550566"",""note"":""""},{""type"":""email"",""value"":""ghubbard@hwz-gov.com"",""note"":""""}]"	Pat Dowd	Automotive recycling.	Any matter affecting the Association in any way by any state agency, department, or the legislature.
11380	WI-principal-11380	County Materials Corp	WI				"[{""type"":""address"",""value"":""205 North St\nMarathon, WI 54448"",""note"":""""},{""type"":""phone"",""value"":""(715) 316-2272"",""note"":""""},{""type"":""email"",""value"":""steve.hoesing@countymaterials.com"",""note"":""""},{""type"":""website"",""value"":""http://www.CountyMaterials.com"",""note"":""""}]"	Brad Schmidgall	Construction Materials	Anything related to the specification or allowance of reinforced concrete pipe or other alternative pipe products on projects bid by the State of Wisconsin.
11381	WI-principal-11381	Wisconsin Association of Distributors Inc	WI				"[{""type"":""address"",""value"":""22 E Mifflin St. Ste 302\nMadison, WI 53703"",""note"":""""},{""type"":""phone"",""value"":""(608) 256-5223"",""note"":""""},{""type"":""email"",""value"":""chad@chambers-owen.com"",""note"":""""}]"	Chad Owen	Tobacco and sundry wholesalers.	Legislation and administrative rules affecting the sale and regulation at wholesale in Wisconsin.
11382	WI-principal-11382	Associated General Contractors of Wisconsin Inc	WI				"[{""type"":""address"",""value"":""4814 E Broadway\nMadison, WI 53716"",""note"":""""},{""type"":""phone"",""value"":""(608) 221-3821"",""note"":""""},{""type"":""email"",""value"":""bob.barker@agcwi.org"",""note"":""""},{""type"":""website"",""value"":""http://www.agcwi.org"",""note"":""""}]"	Robert Barker	General contractors in Wisconsin.  Commercial construction.	Any legislation or rule affecting commercial contractors such as taxes, trade licensing, building codes, bidding, lien law, prevailing wage, environmental, and contracts.
11383	WI-principal-11383	Select Management Resources, LLC	WI				"[{""type"":""address"",""value"":""3440 Preston Ridge Rd, Ste 500\nAlpharetta, GA 30005"",""note"":""""},{""type"":""phone"",""value"":""(678) 823-4668"",""note"":""""},{""type"":""email"",""value"":""osjha@selectmgmt.com"",""note"":""""}]"	Roderick Aycox	Small consumer loans	Areas concerning consumer finance and regulation
11384	WI-principal-11384	Public Finance Authority	WI				"[{""type"":""address"",""value"":""800 S. Broadway Suite 470\nWalnut Creek, CA 94596"",""note"":""""},{""type"":""phone"",""value"":""(925) 478-4912"",""note"":""""},{""type"":""email"",""value"":""scarper@pfauthority.org"",""note"":""""},{""type"":""website"",""value"":""http://www.pfauthority.org"",""note"":""""}]"		Expanding access to capital markets through the issuance of tax-exempt bonds.	Activities related to the issuance, availability, and efficacy of tax-exempt bond financing.
11385	WI-principal-11385	Motion Picture Association, Inc.	WI				"[{""type"":""address"",""value"":""1600 I Street NW\nWashington, DC 20006"",""note"":""""},{""type"":""phone"",""value"":""818-325-9467"",""note"":""""},{""type"":""email"",""value"":""Kathy_Banuelos@motionpictures.org"",""note"":""""},{""type"":""website"",""value"":""http://www.mpaa.org"",""note"":""""}]"	Charles  Rivkin	Trade association for motion picture and television industry	Tax, First Amendment, Business Practices
11386	WI-principal-11386	Wisconsin Wine and Spirit Institute	WI				"[{""type"":""address"",""value"":""P.O. Box 620710\nMiddleton, WI 53562"",""note"":""""},{""type"":""phone"",""value"":""(608) 836-6000"",""note"":""""},{""type"":""email"",""value"":""joelfrank@frankliquor.com"",""note"":""""}]"	Joel Frank	Wine and spirit wholesalers.	Legislation and administrative rules affecting the sale of wine and spirits in Wisconsin.
11387	WI-principal-11387	Milwaukee Brewers Baseball Club	WI				"[{""type"":""address"",""value"":""1 Brewers Way\nMilwaukee, WI 53214"",""note"":""""},{""type"":""phone"",""value"":""(414) 902-4402"",""note"":""""},{""type"":""email"",""value"":""rick.schlesinger@brewers.com"",""note"":""""}]"	Richard Schlesinger	Major League Baseball franchise operating in Milwaukee, WI	American Family Field issues
11388	WI-principal-11388	Entrepreneurial Advisory Service, LLC	WI				"[{""type"":""address"",""value"":""PO Box 275\nWaunakee, WI 53597"",""note"":""""},{""type"":""phone"",""value"":""608-347-8700"",""note"":""""},{""type"":""email"",""value"":""btwiegand@gmail.com"",""note"":""""}]"	Brian Wiegand	EAS (Entrepreneurial Advisory Service) is helping startups in Wisconsin be successful in planning, execution and capital raising	Looking to encourage the state of wisconsin to provide more capital funding resources to startups across the entire state to help them survive and scale on a global level from Wisconsin
11389	WI-principal-11389	Associated General Contractors of Greater Milwaukee Inc	WI				"[{""type"":""address"",""value"":""1243 N. 10th Street\nMilwaukee, WI 53205"",""note"":""""},{""type"":""phone"",""value"":""(414) 778-4100"",""note"":""""},{""type"":""email"",""value"":""mkessenich@agc-gm.org"",""note"":""""},{""type"":""website"",""value"":""http://www.agc-gm.org"",""note"":""""}]"	Mark Kessenich	Commercial Trade Association	Any and all laws and regulations affecting commercial construction industry.
11390	WI-principal-11390	United States Cellular Corporation	WI				"[{""type"":""address"",""value"":""8410 W Bryn Mawr Ste 800\nChicago, IL 60631"",""note"":""""},{""type"":""phone"",""value"":""(773) 399-4280"",""note"":""""},{""type"":""email"",""value"":""Stephanie.Cassioppi@uscellular.com"",""note"":""""},{""type"":""website"",""value"":""https://www.uscellular.com/"",""note"":""""}]"	Laurent Therivel	Cellular telecommunications services.	Any and all issues affecting wireless carriers or that may impact telecommunications, including but not limited to:  Universal Service; Enhanced 911; Rights-of-Way; Tower/Antenna Siting or Zoning; taxation of telecommunications; reselling of telecommunications services.
11391	WI-principal-11391	EDP Renewables	WI				"[{""type"":""address"",""value"":""850 Massachusetts Avenue\nIndianapolis, In 46210"",""note"":""""},{""type"":""phone"",""value"":""317-418-4786"",""note"":""""},{""type"":""email"",""value"":""Trena.roudebush@EDP.com"",""note"":""""}]"	Sandhya Ganapathy	Renewable energy and wind development	Promotion of policies that create stable markets for wind and solar development.
11392	WI-principal-11392	NextEra Energy Resources	WI				"[{""type"":""address"",""value"":""700 Universe Boulevard\nJuno Beach, FL 33408"",""note"":""""},{""type"":""phone"",""value"":""(262) 814-2639"",""note"":""""},{""type"":""email"",""value"":""Julie.Voeck@nexteraenergy.com"",""note"":""""},{""type"":""website"",""value"":""http://nexteraenergyresources.com"",""note"":""""}]"	Rebecca  Kujawa	Energy related products and services.	All legislation and regulatory matters related to the energy industry.
11395	WI-principal-11395	Wisconsin Alliance of Cemeteries	WI				"[{""type"":""address"",""value"":""702 South High point Rd\nMadison, WI 53719"",""note"":""""},{""type"":""phone"",""value"":""608-821-3055"",""note"":""""},{""type"":""email"",""value"":""Damian.lenshek@madisondiocese.org"",""note"":""""}]"	Damian  Lenshek	Cemetery and Cremation Industry	Any and all areas affecting cemetery and cremation industry, including but not limited to: Cemetery regulation, professional licensing, Burial Aids program.
11397	WI-principal-11397	Wisconsin Association for Home Health Care, Inc	WI				"[{""type"":""address"",""value"":""563 Carter Court, Suite B\nKimberly, WI 54136"",""note"":""""},{""type"":""phone"",""value"":""(920) 560-5632"",""note"":""""},{""type"":""email"",""value"":""WiAHC@badgerbay.co"",""note"":""""},{""type"":""website"",""value"":""https://www.wiahc.org"",""note"":""""}]"	Eric Ostermann	The Wisconsin Association for Home Health Care, Inc represents the home health care industry, home health care agencies, and home health care agency staff in the State of Wisconsin.	Legislative proposals and administrative rulemaking relating to the regulation of home health care services in the State of Wisconsin.
11398	WI-principal-11398	International Brotherhood of Electrical Workers Utility Local Unions	WI				"[{""type"":""address"",""value"":""2206 Highland Avenue\nEau Claire, WI 54701"",""note"":""""},{""type"":""phone"",""value"":""(715) 450-3237"",""note"":""""},{""type"":""email"",""value"":""nickw@ibew953.org"",""note"":""""}]"		Matters relating to operation or governance of the utility industry, construction of electric and natural gas infrastructure, labor standards, worker rights, rural economic development, natural resources, labor/management relations, unemployment insurance, apprenticeship and training, safety standards, and issues relating to broadband construction and maintenance.	The International Brotherhood of Electrical Workers Local Utility Unions participates in the state legislative and rules process on any issues relating to operation or governance of the utility industry, construction of electric and natural gas infrastructure, labor standards, worker rights, rural economic development, natural resources, labor/management relations, unemployment insurance, apprenticeship and training, safety standards, and issues relating to broadband construction and maintenance.
11399	WI-principal-11399	Wisconsin Association for Hospice and Palliative Care	WI				"[{""type"":""address"",""value"":""563 Carter Court, Suite B\nKimberly, WI 54136"",""note"":""""},{""type"":""phone"",""value"":""(920) 750-7726"",""note"":""""},{""type"":""email"",""value"":""wihpca@badgerbay.co"",""note"":""""},{""type"":""website"",""value"":""http://www.wihpca.org"",""note"":""""}]"	Eric Ostermann	Hospice and palliative care agencies and professionals.	Committed to ensuring optimal outcomes and growing access to care for individuals facing life-limiting illness.
11400	WI-principal-11400	Wisconsin Academy of Family Physicians	WI				"[{""type"":""address"",""value"":""210 Green Bay Road\nThiensville, WI 53092"",""note"":""""},{""type"":""phone"",""value"":""(262) 512-0606"",""note"":""""},{""type"":""email"",""value"":""brandon@wafp.org"",""note"":""""},{""type"":""website"",""value"":""http://www.wafp.org"",""note"":""""}]"	Brandon  Wimmer	Doctors of medicine/specifically family physicians.	Rules, regulations or statutes pending in the legislature which would impact on the practice of family medicine in the state of Wisconsin.
11401	WI-principal-11401	Wisconsin Academy of Nutrition and Dietetics	WI				"[{""type"":""address"",""value"":""563 Carter Court, Suite B\nKimberly, WI 54136"",""note"":""""},{""type"":""phone"",""value"":""(920) 560-5619"",""note"":""""},{""type"":""email"",""value"":""eric@badgerbay.co"",""note"":""""},{""type"":""website"",""value"":""http://www.eatrightwisc.org"",""note"":""""}]"	Eric Ostermann	State association representing food and nutrition professionals.	Issues that improve health and advance the profession of dietetics.
11402	WI-principal-11402	School Nutrition Association of Wisconsin, The	WI				"[{""type"":""address"",""value"":""563 Carter Court, Suite B\nKimberly, WI 54136"",""note"":""""},{""type"":""phone"",""value"":""(920) 560-5610"",""note"":""""},{""type"":""email"",""value"":""eric@badgerbay.co"",""note"":""""},{""type"":""website"",""value"":""http://www.sna-wi.org"",""note"":""""}]"	Eric Ostermann	Wisconsin's School Nutrition Professionals.	DPI catagorical aids for child nutrition programs and policies to enhance the roll of nutrition in developing the full potential of Wisconsin children.
11403	WI-principal-11403	M.A. Mortenson Company	WI				"[{""type"":""address"",""value"":""115 S 84th street\nMilwaukee, WI 53214"",""note"":""""},{""type"":""phone"",""value"":""(262) 879-2550"",""note"":""""},{""type"":""email"",""value"":""Kurt.Theune@mortenson.com"",""note"":""""},{""type"":""website"",""value"":""http://www.mortenson.com"",""note"":""""}]"	Dan Johnson	Commercial, Institutional, Industrial Construction and Construction Management.	Any legislation or administrative rule affecting general contractors and the construction industry.
11404	WI-principal-11404	Sanofi US Services Inc.	WI				"[{""type"":""address"",""value"":""1122 E. Pike Street, #1002\nSeattle, WA 98122"",""note"":""""},{""type"":""phone"",""value"":""(651) 341-3444"",""note"":""""},{""type"":""email"",""value"":""compliance_wi_sanofi@multistate.us"",""note"":""""}]"	Paul  Hudson	Prescription drug manufacturing	prescription drug issues, health care, health insurance
11405	WI-principal-11405	Kohler Co.	WI				"[{""type"":""address"",""value"":""444 Highland Drive\nKohler, WI 53044"",""note"":""""},{""type"":""phone"",""value"":""(920) 457-4441"",""note"":""""},{""type"":""email"",""value"":""Steven.Westphal@kohler.com"",""note"":""""},{""type"":""website"",""value"":""http://www.corporate.kohler.com"",""note"":""""}]"	K. David  Kohler	Manufacturing and hospitality	Matters relating to workforce, manufacturing, commerce, business, environment, hospitality, and taxation.
11406	WI-principal-11406	The ALS Association	WI				"[{""type"":""address"",""value"":""1300 Wilson Boulevard, Suite 600\nArlington, VA 22209"",""note"":""""},{""type"":""phone"",""value"":""(703) 684-1110"",""note"":""""},{""type"":""email"",""value"":""compliance_WI_als@multistate.us"",""note"":""""}]"		Health Care, Clinical Practitioners, Researchers, Occupational Therapists, Physical Therapists	Health Care Access and Affordability, Prior Authorization Reform, Prescription Drug Coverage and Affordability, State Appropriations for ALS Clinics and Programs
11407	WI-principal-11407	Lutheran Social Services of Wisconsin & Upper Michigan Inc	WI				"[{""type"":""address"",""value"":""6737 W. Washington St. Ste 2275\nMilwaukee, WI 53214"",""note"":""""},{""type"":""phone"",""value"":""(414) 246-2300"",""note"":""""},{""type"":""email"",""value"":""melissa.lietha@lsswis.org"",""note"":""""},{""type"":""website"",""value"":""http://www.lsswis.org"",""note"":""""}]"		Human services.	Human services.
11408	WI-principal-11408	Petland, Inc	WI				"[{""type"":""address"",""value"":""250 Riverside Street\nChillicothe, OH 45601"",""note"":""""},{""type"":""phone"",""value"":""740-775-2464"",""note"":""""},{""type"":""email"",""value"":""elizabeth.kunzelman@petlandinc.com"",""note"":""""}]"	Joe Watson	Regulations around the sale of animals	Regulations around the sale of animals
11409	WI-principal-11409	Peregrine Technologies	WI				"[{""type"":""address"",""value"":""71 Stevenson Street, Suite 700\nSan Francisco, CA 94105"",""note"":""""},{""type"":""phone"",""value"":""740-591-9287"",""note"":""""},{""type"":""email"",""value"":""aaron.nichol@peregrine.io"",""note"":""""},{""type"":""website"",""value"":""https://www.peregrine.io/"",""note"":""""}]"	Nick Noone	Peregrine provides a real-time decision and operations management platform that integrates data of any type or scale, and empowers users with intuitive tools to work with their data in one place.	To provide a real-time decision and operations management platform that integrates data of any type or scale, and empowers users with intuitive tools to work with their data in one place.
11410	WI-principal-11410	Coalition for Community Solar Access	WI				"[{""type"":""address"",""value"":""1380 Monroe Street NW, 721\nWASHINGTON, DC 20010"",""note"":""""},{""type"":""phone"",""value"":""(303) 949-5939"",""note"":""""},{""type"":""email"",""value"":""accounting@communitysolaraccess.org"",""note"":""""},{""type"":""website"",""value"":""http://www.communitysolaraccess.org"",""note"":""""}]"	Jeff Cramer	Issues affecting renewable energy and related subjects such as community solar energy.	Issues affecting renewable energy such as community solar energy.
11411	WI-principal-11411	Wine Institute	WI				"[{""type"":""address"",""value"":""3974 Windy Heights Dr\nOkemos, MI 48864"",""note"":""""},{""type"":""phone"",""value"":""5178983269"",""note"":""""},{""type"":""email"",""value"":""glasher@wineinstitute.org"",""note"":""""}]"	Robert P. Koch	Trade association of California wineries	Wine Institute is a trade association representing over 1,000 California wineries and as their representative we are interested in all legislation pertaining to wine whether it be at the state level or Liquor Commission level.  Both of these areas would be important to us.  Matters of concern would be taxation, environmental questions, label requirements, bottle label requirements and any matters pertaining to wine.
11412	WI-principal-11412	Wisconsin Chiefs of Police Association Inc	WI				"[{""type"":""address"",""value"":""3028 South Poplar River Road\nPoplar, WI 54864"",""note"":""""},{""type"":""phone"",""value"":""2183485911"",""note"":""""},{""type"":""email"",""value"":""ppeters@wichiefs.org"",""note"":""""},{""type"":""website"",""value"":""http://wichiefs.org"",""note"":""""}]"	Pete  Peters	Law enforcement. Public safety	Any areas affecting law enforcement: civil liberties, firearms, government operations, judiciary, law enforcement training, public safety,duty death benefits, PTSD insurance coverage for law enforcement officers and retirement benefits.
11413	WI-principal-11413	Wisconsin Alumni Research Foundation	WI				"[{""type"":""address"",""value"":""614 Walnut Street, 13th Floor\nMadison, WI 53726"",""note"":""""},{""type"":""phone"",""value"":""(608) 890-1491"",""note"":""""},{""type"":""email"",""value"":""jyasirimoe@warf.org"",""note"":""""},{""type"":""website"",""value"":""http://www.warf.org"",""note"":""""}]"		Patent and licensing organization for the University of Wisconsin-Madison	Research, innovation, entrepreneurship, technology transfer and intellectual property
11414	WI-principal-11414	American Massage Therapy Association, Wisconsin Chapter	WI				"[{""type"":""address"",""value"":""PO Box 1944\nmilwaukee, WI 53201"",""note"":""""},{""type"":""phone"",""value"":""(414) 793-4828"",""note"":""""},{""type"":""email"",""value"":""jeffamtawi@gmail.com"",""note"":""""},{""type"":""website"",""value"":""http://www.amtawi.org"",""note"":""""}]"	Jeffrey  Montoya	Massage Therapy	Updating Wisconsin law regarding the regulation and licensing of massage therapists and bodyworkers.
11415	WI-principal-11415	Wisconsin Reading Corps	WI				"[{""type"":""address"",""value"":""1100 S 5th Street\nMilwaukee, WI 53204"",""note"":""""},{""type"":""phone"",""value"":""(414) 269-2554"",""note"":""""},{""type"":""email"",""value"":""eric.hoffman@servetogrow.org"",""note"":""""}]"		Work with schools to help students catch up from the COVID slide through online and in-person tutoring	Early literacy and numeracy tutoring prevention
11416	WI-principal-11416	WISHIN	WI				"[{""type"":""address"",""value"":""5510 Research Park Drive\nFitchburg, WI 53711"",""note"":""""},{""type"":""phone"",""value"":""(608) 268-1844"",""note"":""""},{""type"":""email"",""value"":""srottmann@wishin.org"",""note"":""""},{""type"":""website"",""value"":""http://www.wishin.org"",""note"":""""}]"		Health care information technology	Medicaid, public health, information-technology policies
11417	WI-principal-11417	First Choice Dental Group	WI				"[{""type"":""address"",""value"":""440 Science Drive Suite 100\nMadison, WI 53711"",""note"":""""},{""type"":""phone"",""value"":""(608)8331100"",""note"":""""},{""type"":""email"",""value"":""kklagos@firstchoicedental.com"",""note"":""""},{""type"":""website"",""value"":""https://www.firstchoicedental.com/"",""note"":""""}]"	Kevin Klagos	Practice of dentistry; safety; public health; responsibilities on unlicensed persons in the area of dentistry; the uninsured; and dental hygiene.	Regulation of the practice of dentistry; safety; public health; oral health, responsibilities on unlicensed persons in the area of dentistry; insurance benefits, the uninsured; and dental hygiene.
11418	WI-principal-11418	Lakes at Stake Wisconsin	WI				"[{""type"":""address"",""value"":""9800 Stonegate Road\nCedarburg , wi 53012"",""note"":""""},{""type"":""phone"",""value"":""4143338227"",""note"":""""},{""type"":""email"",""value"":""joseph.garstecki@gmail.com"",""note"":""""},{""type"":""website"",""value"":""http://lakesatstake.org"",""note"":""""}]"		The statewide association supports the interests of boaters, fisherman, kayakers, swimmers, sailors, property owners, and the tourism industry.	We are seeking the means to regulate devices on boats that can create large, enhanced wakes. Our concern is with the artificial enhancement of a wake through the use of ballast and other mechanical devices.
11419	WI-principal-11419	Wisconsin Industrial Energy Group Inc	WI				"[{""type"":""address"",""value"":""44 E Mifflin Street, Suite 404\nMadison, WI 53703"",""note"":""""},{""type"":""phone"",""value"":""(608) 441-5740"",""note"":""""},{""type"":""email"",""value"":""tstuart@wieg.org"",""note"":""""},{""type"":""website"",""value"":""http://www.wieg.org"",""note"":""""}]"	Marco Gonzalez	Large industrial end users of electricity and natural gas.	Advocacy for large industrial end users of natural gas and electricity.  WIEG lobbies the legislature and intervenes with regulators.
11420	WI-principal-11420	Wisconsin Dairy Alliance	WI				"[{""type"":""address"",""value"":""18814 TWIN BAY LANE\nKIEL, WI 53042"",""note"":""""},{""type"":""phone"",""value"":""(920) 254-3999"",""note"":""""},{""type"":""email"",""value"":""cjetzer@ldsinc.biz"",""note"":""""},{""type"":""website"",""value"":""http://wisconsindairyalliance.org"",""note"":""""}]"	Cynthia Leitner	The financial support is provided by Members and Allied Industry Professionals in the dairy industry.	Environmental regulations and policy and  other policy matters that impact the growth and expansion of the Wisconsin dairy industry.
11421	WI-principal-11421	Venture Dairy Coop	WI				"[{""type"":""address"",""value"":""310 N Division Street\nLoyal, WI 54446"",""note"":""""},{""type"":""phone"",""value"":""(715) 797-7796"",""note"":""""},{""type"":""email"",""value"":""kim@aginspirations.com"",""note"":""""},{""type"":""website"",""value"":""https://www.venturedairycoop.com/"",""note"":""""}]"	Kim Bremmer	Venture Dairy Coop represents dairy farmers and provides advocacy at the State Capitol to improve the bottom line for farmers. Venture Dairy Coop provides milk verification sampling at proprietary milk plants. Venture Dairy Coop represents Wisconsin’s farmers and agricultural industry as a whole including the dairy industry, food processing, and the related environmental, energy, public health, and agricultural banking and insurance sectors.	Legislation and administrative rules affecting agriculture including environmental, energy, and public health standards imposed on farmers.
11422	WI-principal-11422	State Farm Insurance Companies	WI				"[{""type"":""address"",""value"":""1 State Farm Plaza, A-3\nBloomington, IL 61710"",""note"":""""},{""type"":""phone"",""value"":""(309)-660-1988"",""note"":""""},{""type"":""email"",""value"":""courtney.thomas.ux0g@statefarm.com"",""note"":""""},{""type"":""website"",""value"":""http://www.statefarm.com"",""note"":""""}]"	Jon Farney	Insurance and Financial Services	Legislation and rules that pertain to regulation of insurance and financial services, as well as any areas that affect the legal environment.
11423	WI-principal-11423	Wisconsin Association of Hematology and Oncology	WI				"[{""type"":""address"",""value"":""1801 Research Boulevard, Suite 400\nRockville, MD 20850"",""note"":""""},{""type"":""phone"",""value"":""301.984.9496 x 219"",""note"":""""},{""type"":""email"",""value"":""Labankert@accc-cancer.org"",""note"":""""},{""type"":""website"",""value"":""https://www.accc-cancer.org/state-societies/Wiscon"",""note"":""""}]"	Lu Anne  Bankert	The Wisconsin Association of Hematology and Oncology (WAHO) is the largest oncology professional organization in the state. WAHO comprises a powerful community of oncologists, nurse practitioners, physician assistants, pharmacists, and other multidisciplinary care providers involved in the treatment of patients with cancer.	Advocate on state legislative issues impacting patient access to care and best practices in cancer care delivery.
11424	WI-principal-11424	Bell Ambulance, Inc.	WI				"[{""type"":""address"",""value"":""549 E Wilson St\nMilwaukee, WI 53207"",""note"":""""},{""type"":""phone"",""value"":""(414) 486-2000"",""note"":""""},{""type"":""email"",""value"":""WJurecki@264Bell.com"",""note"":""""},{""type"":""website"",""value"":""http://www.264Bell.com"",""note"":""""}]"	R Zehetner	Ambulance services	Healthcare and EMS regulations and reimbursement, particularly Medicaid related.
11425	WI-principal-11425	Professional Ambulance Association of Wisconsin	WI				"[{""type"":""address"",""value"":""13665 Acre View Dr\nBrookfield, WI 53005"",""note"":""""},{""type"":""phone"",""value"":""(414) 349-3732"",""note"":""""},{""type"":""email"",""value"":""canderson@264bell.com"",""note"":""""},{""type"":""website"",""value"":""http://www.paaw.us"",""note"":""""}]"	Christopher Anderson	Emergency and non-emergency delivery of ambulance service.	Assist in development of legislation regarding Emergency Medical Services.
11426	WI-principal-11426	Pfizer Inc.	WI				"[{""type"":""address"",""value"":""c/o Politicom Law LLP, 28 Liberty Ship Way, Suite 2815\nSausalito, CA 94965"",""note"":""""},{""type"":""phone"",""value"":""(415) 903-2800"",""note"":""""},{""type"":""email"",""value"":""jskelton@politicomlaw.com"",""note"":""""},{""type"":""website"",""value"":""http://www.pfizer.com"",""note"":""""}]"	Albert Bourla	Pharmaceutical manufacturing and healthcare.	All matters affecting the pharmaceutical manufacturing and healthcare industries
11427	WI-principal-11427	Johnson Controls Inc	WI				"[{""type"":""address"",""value"":""5757 N. Green Bay Ave.\nMilwaukee, WI 53209"",""note"":""""},{""type"":""phone"",""value"":""(414) 339-4667"",""note"":""""},{""type"":""email"",""value"":""sutton.a.plombon@jci.com"",""note"":""""},{""type"":""website"",""value"":""http://www.johnsoncontrols.com"",""note"":""""}]"	Christopher Osborne	Creating products, services and solutions to optimize energy and operational efficiencies.	Matters related to performance contracting by state and local government and matters related to state energy efficiency goals and financing.
11428	WI-principal-11428	Pediatric Home Respiratory Services, LLC dba Pediatric Home Service	WI				"[{""type"":""address"",""value"":""2800 Cleveland Avenue North\nRoseville, MN 55113"",""note"":""""},{""type"":""phone"",""value"":""(651) 604-5165"",""note"":""""},{""type"":""email"",""value"":""ckzehnder@pediatrichomeservice.com"",""note"":""""},{""type"":""website"",""value"":""http://www.pediatrichomeservice.com"",""note"":""""}]"	Adam  Nielsen	Children’s home health care agency providing comprehensive pediatric home care services.	"Health care issues - Medicaid reimbursements
Business issues"
11429	WI-principal-11429	Critical Response Group	WI				"[{""type"":""address"",""value"":""850 Bear Tavern Road Ste. 303\nEwing , NJ 08628"",""note"":""""},{""type"":""phone"",""value"":""(160) 822-0747 x8"",""note"":""""},{""type"":""email"",""value"":""jhanson@crgplans.com"",""note"":""""},{""type"":""website"",""value"":""http://www.crgplans.com"",""note"":""""}]"	Mike  Rodgers	Innovative technology and training techniques to increase local, state of national security preparedness.	Matters that impact public safety, school safety, first responders and local and state emergency preparedness.
11430	WI-principal-11430	UCB, Inc.	WI				"[{""type"":""address"",""value"":""c/o 28 Liberty Ship Way, Suite 2815\nSausalito, CA 94965"",""note"":""""},{""type"":""phone"",""value"":""(415) 903-2800"",""note"":""""},{""type"":""email"",""value"":""ucb@politicomlaw.com"",""note"":""""},{""type"":""website"",""value"":""http://www.ucb-usa.com"",""note"":""""}]"	Jean-Christophe Tellier	Pharmaceuticals	Matters affecting the pharmaceuticals and health care industries
11431	WI-principal-11431	Deloitte Consulting LLP	WI				"[{""type"":""address"",""value"":""834 E. Washington Avenue, Suite 337\nMadison, WI 53703"",""note"":""""},{""type"":""phone"",""value"":""(608) 283-3030"",""note"":""""},{""type"":""email"",""value"":""DLPOLRPTS4@skadden.com"",""note"":""""},{""type"":""website"",""value"":""http://www.deloitte.com"",""note"":""""}]"	Joe  Ucuzoglu	Consulting	Matters related to public sector consulting.
11432	WI-principal-11432	Domtar Paper Company LLC	WI				"[{""type"":""address"",""value"":""200 North Grand\nRothschild, WI 54474"",""note"":""""},{""type"":""phone"",""value"":""7153556363"",""note"":""""},{""type"":""email"",""value"":""Dave.Faucett@domtar.com"",""note"":""""},{""type"":""website"",""value"":""https://www.domtar.com/"",""note"":""""}]"	Steve Henry	Domtar is a leading, privately held manufacturer of diversified forest products, with a workforce of about 14,000 employees in more than 60 locations across North America.	Issues dealing with the manufacturing of diversified forest products,
11434	WI-principal-11434	All Aboard Wisconsin	WI				"[{""type"":""address"",""value"":""130 Lakewood Blvd.\nMadison, wi 53704"",""note"":""""},{""type"":""phone"",""value"":""(608) 219-5237"",""note"":""""},{""type"":""email"",""value"":""gary.goyke@gmail.com"",""note"":""""}]"	Nona Hill	All Aboard Wisconsin is an alliance of organizations and individuals promoting all connecting transit modes with passenger rail, improving freight rail systems and insuring these systems are a statewide integral part of Wisconsin's and the nations transportation network.	All Aboard Wisconsin will monitor all areas of  state administrative, executive and legislative policies relating to public transportation, passenger rail, and freight rail services.  We will advocate for expanding and improving these critical programs including keeping public transit in the segregated transportation fund, developing a state rail plan, improving the safely and efficiency of our freight rail systems, increasing the frequency of passenger rail service and supporting efforts for the creations and implementation of regional transit authorities.
11435	WI-principal-11435	Kelmann Restoration	WI				"[{""type"":""address"",""value"":""12001 West Dearbourn Avenue\nWauwatosa, WI 53226"",""note"":""""},{""type"":""phone"",""value"":""(414) 727-3623"",""note"":""""},{""type"":""email"",""value"":""tkelly@kelmann.com"",""note"":""""},{""type"":""website"",""value"":""http://kelmann.com"",""note"":""""}]"	Tom Kelly	Provider of fire, water, wind and other disaster property recovery services in Wisconsin.	Business interests dealing with disaster cleanup. This includes, but is not limited to, issues around fire, water, wind and other disaster property recovery issues.
11438	WI-principal-11438	Wisconsin School Bus Association	WI				"[{""type"":""address"",""value"":""3980 River Rd\nWisconsin Dells, WI 53965"",""note"":""""},{""type"":""phone"",""value"":""(608) 514-5470"",""note"":""""},{""type"":""email"",""value"":""cherie@wi-sba.org"",""note"":""""},{""type"":""website"",""value"":""http://www.wi-sba.org"",""note"":""""}]"	Cherie Hime	PROMOTION OF SAFE SCHOOL BUS OPERATIONS FOR SCHOOL BUS COMPANIES, SCHOOL DISTRICTS, AND TRANSPORTATION STAFF THROUGH EDUCATIONAL SEMINARS AND CONVENTIONS.	Education and enforcement associated with illegal passing of a stopped school bus. Commercial drivers license procedures and policies. School bus equipment options and standards. Any proposed bills or policies that may arise affecting business and/or school bus operations.
11439	WI-principal-11439	PROFS	WI				"[{""type"":""address"",""value"":""258 Bascom Hall, 500 Lincoln Drive\nMadison, WI 53706"",""note"":""""},{""type"":""phone"",""value"":""(608) 263-9273"",""note"":""""},{""type"":""email"",""value"":""mfelber@secfac.wisc.edu"",""note"":""""},{""type"":""website"",""value"":""http://www.profs.wisc.edu"",""note"":""""}]"	Michael Bernard-Donals	Lobbying and public relations on matters important to UW Madison faculty.	All matters pertaining to university faculty, higher education, UW System, and UW-Madison.
11440	WI-principal-11440	SchoolHouse Connection	WI				"[{""type"":""address"",""value"":""4401A Connecticut Avenue NW, #145\nWashington, DC 20008"",""note"":""""},{""type"":""phone"",""value"":""202-364-7392"",""note"":""""},{""type"":""email"",""value"":""rodd@schoolhouseconnection.org"",""note"":""""},{""type"":""website"",""value"":""http://schoolhouseconnection.org"",""note"":""""}]"		SchoolHouse Connection is a nonpartisan nonprofit that works to address child, youth and young adult homelessness through education. That work includes pursuing state policy reform that increases access to resources and essential supports that youth experiencing homelessness and their families need to thrive.	In Wisconsin, our state policy team is working to improve access to medical care and other basic needs that youth experiencing homelessness require to maintain their health, safety and well-being.
11441	WI-principal-11441	Wisconsin Car Rental Alliance	WI				"[{""type"":""address"",""value"":""110 East Main Street, Suite 720\nMadison, WI 53703"",""note"":""""},{""type"":""phone"",""value"":""608-444-3727"",""note"":""""},{""type"":""email"",""value"":""jack@omearapublicaffairs.com"",""note"":""""},{""type"":""website"",""value"":""https://www.wicra.us"",""note"":""""}]"	David  Cuene	Independent and franchised operators engaged in short-term auto rentals.	Legislative and regulatory matters affecting the conduct of the car rental business in Wisconsin.
11442	WI-principal-11442	Market & Johnson, Inc.	WI				"[{""type"":""address"",""value"":""P.O. Box 630\nEau Claire, WI 54702"",""note"":""""},{""type"":""phone"",""value"":""715-834-1213"",""note"":""""},{""type"":""email"",""value"":""cellingson@market-johnson.com"",""note"":""""},{""type"":""website"",""value"":""https://market-johnson.com/"",""note"":""""}]"	Kevin Renley	General contracting and construction management.	All matters relating to the construction industry, regulation, and labor.
11444	WI-principal-11444	Central Wisconsin Manufacturing Alliance (CWIMA, Inc.)	WI				"[{""type"":""address"",""value"":""501 First Street, Suite 8000\nWausau, WI 54403"",""note"":""""},{""type"":""phone"",""value"":""715-218-4079"",""note"":""""},{""type"":""email"",""value"":""contact@cwimamfg.com"",""note"":""""},{""type"":""website"",""value"":""http://www.cwimamfg.com"",""note"":""""}]"	Jim Waldron	The Central Wisconsin Manufacturing Alliance (CWIMA, pronounced “swima”) exists to share valuable resources, events, and unified voice to promote manufacturing in Central Wisconsin.	Monitor and engage on matters relating to manufacturing education and curricula, youth apprenticeship programs, and rural workforce development.
11445	WI-principal-11445	Fraser Industries	WI				"[{""type"":""address"",""value"":""1 Clough Avenue\nSuperior, WI 54880"",""note"":""""},{""type"":""phone"",""value"":""7153947787"",""note"":""""},{""type"":""email"",""value"":""pkelly@frasershipyards.com"",""note"":""""},{""type"":""website"",""value"":""https://frasershipyards.com/"",""note"":""""}]"	Patrick Kelly	Shipbuilding, repair, maintenance; maritime terminal operations; engineering.	Monitoring and communicating on matters of taxation and regulation impacting Fraser Industries and its subsidiaries; Fraser Shipyards, Lake Assault Boats, Northern Engineering Co., Fraser Terminal.
11450	WI-principal-11450	Disability Rights Wisconsin	WI				"[{""type"":""address"",""value"":""1502 West Broadway, Suite 201\nMadison, WI 53713"",""note"":""""},{""type"":""phone"",""value"":""(608) 267-0214"",""note"":""""},{""type"":""email"",""value"":""lisah@drwi.org"",""note"":""""},{""type"":""website"",""value"":""http://DRWI.org"",""note"":""""}]"		Persons with disabilities and their families in Wisconsin.	Health, social services, voting, child welfare, education, civil rights, guardianship, commitment, mental health, long-term care, treatment facilities, Criminal justice system and corrections, employment, housing, public accommodations,  transportation, Medicaid, other programs and services related to persons with disabilities, including sensory disabilities, and mental illness.
11451	WI-principal-11451	Microsoft Corporation	WI				"[{""type"":""address"",""value"":""1 Memorial Dr\nCambridge, MA 02142"",""note"":""""},{""type"":""phone"",""value"":""857-453-6225"",""note"":""""},{""type"":""email"",""value"":""brianb@microsoft.com"",""note"":""""}]"	Satya Nadella	Information Technology	Information Technology
11452	WI-principal-11452	Cystic Fibrosis Foundation	WI				"[{""type"":""address"",""value"":""4550 Montgomery Avenue, Suite 1100N\nBethesda, MD 20814"",""note"":""""},{""type"":""phone"",""value"":""(301) 841-2632"",""note"":""""},{""type"":""email"",""value"":""swebster-mellon@cff.org"",""note"":""""}]"		We are a donor-funded, 501(c)(3) nonprofit that is fully accredited by the Better Business Bureau's (BBB) Wise Giving Alliance program.	All matters relating to research, care, and support for people with cystic fibrosis and their families including issues such as Medicaid, Drug Formularies, Chronic Disease Program, Newborn Screening, Insurance, and Organ Donation.
11456	WI-principal-11456	Mayo Clinic Health System	WI				"[{""type"":""address"",""value"":""700 West Ave South\nLa Crosse, WI 54601"",""note"":""""},{""type"":""phone"",""value"":""(608) 392-9710"",""note"":""""},{""type"":""email"",""value"":""Shilling.Jennifer@mayo.edu"",""note"":""""},{""type"":""website"",""value"":""http://www.mayo.edu"",""note"":""""}]"	Gianrico Farrugia, M.D.	Integrated health care delivery system.	Health care reform; Medicaid; BadgerCare Plus; Physician practice; hospitals; workforce development.
11458	WI-principal-11458	Wisconsin Association for Justice	WI				"[{""type"":""address"",""value"":""10 W Mifflin ST #201\nMadison, WI 53703"",""note"":""""},{""type"":""phone"",""value"":""(608) 210-3390"",""note"":""""},{""type"":""email"",""value"":""broessler@wisjustice.org"",""note"":""""},{""type"":""website"",""value"":""http://www.wisjustice.org"",""note"":""""}]"	Al Foeckler	Trial lawyers	Proposals relating to court procedures, insurance and access to the civil justice system.
11459	WI-principal-11459	AAA Wisconsin	WI				"[{""type"":""address"",""value"":""120 N. Washington Square, Suite 802\nLansing, MI 48933"",""note"":""""},{""type"":""phone"",""value"":""(517) 487-5901"",""note"":""""},{""type"":""email"",""value"":""hkdrake@acg.aaa.com"",""note"":""""},{""type"":""website"",""value"":""http://www.aaa.com"",""note"":""""}]"		Users of Wisconsin roads, highways and interstates, including drivers and passengers	Automobile transportation and travel-related matters, with attendant environmental quality and safety standards.  Matters related to the safety, financing, environmental influence and insurance of automobile transportation and other forms of travel.
11460	WI-principal-11460	Enterprise Rent A Car Company of Wisconsin, LLC and its Affiliates DBA Enterprise Mobility	WI				"[{""type"":""address"",""value"":""S17 W22650 Lincoln Ave\nWaukesha, WI 53187"",""note"":""""},{""type"":""phone"",""value"":""(262) 544-8501"",""note"":""""},{""type"":""email"",""value"":""jean.m.stvil@em.com"",""note"":""""},{""type"":""website"",""value"":""http://www.enterprise.com"",""note"":""""}]"	Andrew Taylor	Car and truck rentals, fleet management, car sharing services.	Legislative or regulatory matters affecting the car rental industry in Wisconsin
11461	WI-principal-11461	Novartis Pharmaceuticals Corporation	WI				"[{""type"":""address"",""value"":""One Health Plaza, Bldg. 401-433\nEast Hanover, NJ 07936"",""note"":""""},{""type"":""phone"",""value"":""973-865-9645"",""note"":""""},{""type"":""email"",""value"":""michael.waller@novartis.com"",""note"":""""},{""type"":""website"",""value"":""https://www.novartis.com/"",""note"":""""}]"	Vas  Narasimhan	Pharmaceuticals	Healthcare, Pharmaceuticals
11462	WI-principal-11462	Wisconsin State Telecommunications Association	WI				"[{""type"":""address"",""value"":""1502 W Broadway, Suite 102\nMonona, WI 53713"",""note"":""""},{""type"":""phone"",""value"":""(608) 256-8866 x2451"",""note"":""""},{""type"":""email"",""value"":""bill.esbeck@wsta.info"",""note"":""""},{""type"":""website"",""value"":""http://www.wsta.info"",""note"":""""}]"	William C. Esbeck	Telecommunications-local exchange carriers, wireless and internet and video service providers.	Legislation regarding the taxation or regulation of telecommunications, broadband, video and internet services.
11464	WI-principal-11464	National Insurance Crime Bureau	WI				"[{""type"":""address"",""value"":""1515 West 22nd Street, Suite 1300W\nOak Brook, IL 60523"",""note"":""""},{""type"":""phone"",""value"":""(847) 772-7667"",""note"":""""},{""type"":""email"",""value"":""csepich@nicb.org"",""note"":""""},{""type"":""website"",""value"":""http://www.nicb.org"",""note"":""""}]"		Insurance fraud, insurance crimes, data privacy.	Insurance crimes, insurance fraud, law enforcement issues, data privacy.
11465	WI-principal-11465	Retail Services & Systems, Inc. d/b/a Total Wine & More	WI				"[{""type"":""address"",""value"":""6600 Rockledge Drive, Suite 150\nBethesda, MD 20817"",""note"":""""},{""type"":""phone"",""value"":""7732139155"",""note"":""""},{""type"":""email"",""value"":""mbaker2@totalwine.com"",""note"":""""},{""type"":""website"",""value"":""http://www.totalwine.com"",""note"":""""}]"	Kevin  Peters	Retailer of wine, spirits, fermented malt beverages and cigars.	Legislation related to alcohol beverage retailers and licensing
11467	WI-principal-11467	GlaxoSmithKline Inc	WI				"[{""type"":""address"",""value"":""47 W. Division Street, #234\nChicago, IL 60610"",""note"":""""},{""type"":""phone"",""value"":""(312) 504-4080"",""note"":""""},{""type"":""email"",""value"":""sandra.e.benen@gsk.com"",""note"":""""},{""type"":""website"",""value"":""http://www.gsk.com"",""note"":""""}]"	Emma Wamsly	Pharmaceutical Manufacturer.	Lobby areas of healthcare, wellness, and pharmaceutical issues.
11468	WI-principal-11468	Lake States Lumber Association	WI				"[{""type"":""address"",""value"":""337 Superior Avenue\nCrystal Falls, MI 49920"",""note"":""""},{""type"":""phone"",""value"":""(920)884-0409"",""note"":""""},{""type"":""email"",""value"":""lsla@lsla.com"",""note"":""""},{""type"":""website"",""value"":""http://lsla.com/"",""note"":""""}]"	James Maltese	All areas related to the forest products industry.	All areas relating to the forest  products industry .
11469	WI-principal-11469	Wisconsin Beer Distributors Association Inc	WI				"[{""type"":""address"",""value"":""220 S Hamilton Street\nMadison, WI 53703"",""note"":""""},{""type"":""phone"",""value"":""(608) 512-1280"",""note"":""""},{""type"":""email"",""value"":""nr@thekammergroup.com"",""note"":""""}]"	Nels Rude	Represents Wisconsin-permitted beer distribution companies.	Policies, statutes or regulations affecting the production, distribution, sale and consumption of beverage alcohol, as well as general business issues.
11470	WI-principal-11470	Municipal Electric Utilities of Wisconsin	WI				"[{""type"":""address"",""value"":""725 Lois Dr\nSun Prairie, WI 53590"",""note"":""""},{""type"":""phone"",""value"":""608-837-2263"",""note"":""""},{""type"":""email"",""value"":""theinrich@meuw.org"",""note"":""""}]"	Tim Heinrich	Municipally owned electric utilities	Legislation and administrative rules that affect the operation of municipally owned electric utilities and local governmental operations including but not limited to rules before the Public Service Commission of Wisconsin and the DNR
11471	WI-principal-11471	Vireo Health, Inc.	WI				"[{""type"":""address"",""value"":""207 South 9th Street\nMinneapolis, MN 55402"",""note"":""""},{""type"":""phone"",""value"":""612-999-1606"",""note"":""""},{""type"":""email"",""value"":""andrewrausch@vireohealth.com"",""note"":""""}]"	Kyle Kingsley, MD	Vireo Health, Inc. is a Delaware corporation interested in the pursuit of medical cannabis licenses in the state of Wisconsin.	Regulation of medical cannabis.
11472	WI-principal-11472	Wisconsin Ready Mixed Concrete Association	WI				"[{""type"":""address"",""value"":""220 S Hamilton Street\nMadison, WI 53703"",""note"":""""},{""type"":""phone"",""value"":""(608) 512-1291"",""note"":""""},{""type"":""email"",""value"":""cschwenn@wrmca.com"",""note"":""""},{""type"":""website"",""value"":""http://www.wrmca.com"",""note"":""""}]"	Mike Rivecca	Ready mixed concrete industry in Wisconsin.	The association works with the DNR on permitting and air and water quality issues; with the DOT on transportation and concrete related materials specifications; and with the Dept of Revenue on issues relating to taxation of our members and their products and services.
11473	WI-principal-11473	League of Women Voters of Wisconsin, Inc	WI				"[{""type"":""address"",""value"":""612 W Main Street #200\nMadison, WI 53703"",""note"":""""},{""type"":""phone"",""value"":""(608) 256-0827"",""note"":""""},{""type"":""email"",""value"":""dcronmiller@lwvwi.org"",""note"":""""},{""type"":""website"",""value"":""http://www.lwvwi.org"",""note"":""""}]"		The League of Women Voters is a nonpartisan organization that advocates for participation in government. We advocate for positions that are voted upon by our members after study and consensus.	Voting rights, election administration, redistricting, campaign finance, healthcare policy, social policy, public education, natural resources, administration of justice, corrections, juvenile justice. We advocate for positions that are voted upon by our members after study and consensus. The League advocates for positions that are voted upon by our members after study and consensus.
11478	WI-principal-11478	PearsonNA	WI				"[{""type"":""address"",""value"":""1850 M Street\nWashington, DC 20036"",""note"":""""},{""type"":""phone"",""value"":""7712156529"",""note"":""""},{""type"":""email"",""value"":""bria.riepe@pearson.com"",""note"":""""},{""type"":""website"",""value"":""http://www.pearson.com"",""note"":""""}]"	Omar Abbosh	Education services provider	Education services and policy
11480	WI-principal-11480	WISCONSIN CABLE COMMUNICATIONS ASSOCIATION	WI				"[{""type"":""address"",""value"":""22 EAST MIFFLIN STREET, SUITE 1010\nMADISON, WI 53703"",""note"":""""},{""type"":""phone"",""value"":""(608) 256-1683"",""note"":""""},{""type"":""email"",""value"":""TEMOORE@TMGA.US"",""note"":""""},{""type"":""website"",""value"":""http://WWW.WICABLE.TV"",""note"":""""}]"	THOMAS E MOORE	WISCONSIN Broadband, Video and Voice (Traditional Cable TV providers).	ANY AND ALL LEGISLATION AND ADMINISTRATIVE RULES WHICH MAY AFFECT THE WISCONSIN CABLE TV AND BROADBAND INDUSTRY.
11481	WI-principal-11481	Wisconsin Financial Services Association	WI				"[{""type"":""address"",""value"":""22 East Mifflin Street. Ste. 1010\nMadison, WI 53703"",""note"":""""},{""type"":""phone"",""value"":""(608) 294-1278"",""note"":""""},{""type"":""email"",""value"":""TEMOORE@TMGA.US"",""note"":""""},{""type"":""website"",""value"":""http://fsawi.org"",""note"":""""}]"	Thomas E Moore	Consumer lending.	Any and all legislation and administrative rules which may affect the consumer finance industry.
11482	WI-principal-11482	Alliance for Automotive Innovation	WI				"[{""type"":""address"",""value"":""1050 K Street, NW, Suite 650\nWashington, DC 20001"",""note"":""""},{""type"":""phone"",""value"":""(202) 326-5500"",""note"":""""},{""type"":""email"",""value"":""autosinnovate@politicomlaw.com"",""note"":""""},{""type"":""website"",""value"":""https://www.autosinnovate.org"",""note"":""""}]"	John Bozzella	Automobile manufacturing.	Representing the common interests of its members on a broad range of public policy issues, including motor vehicle safety and drivability, environmental and energy policies, and warranties and financial matters.
11487	WI-principal-11487	Tavern League of Wisconsin	WI				"[{""type"":""address"",""value"":""11801 W Silver Spring Drive, Suite 200\nMilwaukee, WI 53225"",""note"":""""},{""type"":""phone"",""value"":""608-347-7725"",""note"":""""},{""type"":""email"",""value"":""executivedirector@tlw.org"",""note"":""""},{""type"":""website"",""value"":""http://www.tlw.org"",""note"":""""}]"	Mark Jefferson	Trade association that exclusively represents the interests of licensed beverage retailers in Wisconsin.	Issues related to the state’s alcohol laws and the retail alcohol industry.
11488	WI-principal-11488	Teladoc Health, Inc.	WI				"[{""type"":""address"",""value"":""c/o Politicom Law LLP, 28 Liberty Ship Way, Suite 2815\nSausalito, CA 94965"",""note"":""""},{""type"":""phone"",""value"":""(415) 903-2800"",""note"":""""},{""type"":""email"",""value"":""teladoc@politicomlaw.com"",""note"":""""},{""type"":""website"",""value"":""https://www.teladochealth.com/"",""note"":""""}]"	Charles Deivita III	Online social media	Legislative and regulatory initiatives relating to telemedicine.
11489	WI-principal-11489	Graduation Alliance	WI				"[{""type"":""address"",""value"":""310 S Main St 12th Floor\nSalt Lake City, UT 84101"",""note"":""""},{""type"":""phone"",""value"":""(804) 955-9885"",""note"":""""},{""type"":""email"",""value"":""erin.luper@graduationalliance.com"",""note"":""""}]"	Ron Klausner	Graduation Alliance provides versatile pathways to high school graduation for youth and adults, fosters college and career exploration, and connects job creators to skilled and ready workers.	Graduation Alliance provides versatile pathways to high school graduation for youth and adults, fosters college and career exploration, and connects job creators to skilled and ready workers.
11492	WI-principal-11492	Wisconsin Association of School Nurses	WI				"[{""type"":""address"",""value"":""110 East Main Street, Ste 720\nMadison, WI 53703"",""note"":""""},{""type"":""phone"",""value"":""(608) 444-3727"",""note"":""""},{""type"":""email"",""value"":""jack@omearapublicaffairs.com"",""note"":""""},{""type"":""website"",""value"":""http://www.wischoolnurses.org"",""note"":""""}]"	Jamie Trzebiatowski	Nurses working in school settings throughout the state.	WASN promotes the profession of school nursing in Wisconsin. Consistent with this goal, we advocate for the health of students in the school setting so that students are ready to learn and succeed. We also help to make sure other school employees and families are healthy. School nursing is an essential part of the state's public health infrastructure. Some of our advocacy relates to regulatory matters.
11493	WI-principal-11493	Centene Corporation on behalf of its affiliates and subsidiaries	WI				"[{""type"":""address"",""value"":""1150 Connecticut Avenue, Suite 1000\nWashington, DC 20036"",""note"":""""},{""type"":""phone"",""value"":""(703) 684-1110"",""note"":""""},{""type"":""email"",""value"":""compliance_WI_Centene@multistate.us"",""note"":""""}]"	Sarah  London	Healthcare	Health care. Legislation and administrative rules related to the health insurance industry and the Medicaid \ SSI Programs. Monitor and lobby on the Medicaid budget and provider rates.
11494	WI-principal-11494	DISH Network LLC	WI				"[{""type"":""address"",""value"":""1110 Vermont Avenue NW, Suite 450\nWashington, DC 20005"",""note"":""""},{""type"":""phone"",""value"":""(703) 684-1110"",""note"":""""},{""type"":""email"",""value"":""compliance_WI_DISH@multistate.us"",""note"":""""},{""type"":""website"",""value"":""http://www.dishnetwork.com"",""note"":""""}]"	Hamid  Akhavan	Satellite TV, Streaming, Broadband and Wireless Telecom	All issues relating to Satellite TV, Streaming, Broadband and Wireless Telecom.
11495	WI-principal-11495	JUUL Labs, Inc.	WI				"[{""type"":""address"",""value"":""1000 F Street, Suite 800\nWashington, DC 20006"",""note"":""""},{""type"":""phone"",""value"":""7819749022"",""note"":""""},{""type"":""email"",""value"":""compliance_WI_Juul@multistate.us"",""note"":""""},{""type"":""website"",""value"":""http://www.juul.com"",""note"":""""}]"	K.C. Crostwaithe	Nicotine, e-cigarettes, valuing, taxes, tobacco, flavor, electronic cigarettes and in addition to all matters related to the tobacco and nicotine industry.	Nicotine, e-cigarettes, valuing, taxes, tobacco, flavor, electronic cigarettes and in addition to all matters related to the tobacco and nicotine industry.
11496	WI-principal-11496	Maplebear Inc. d/b/a Instacart	WI				"[{""type"":""address"",""value"":""28 Liberty Ship Way, Suite 2815\nSausalito, CA 94965"",""note"":""""},{""type"":""phone"",""value"":""(415) 903-2800"",""note"":""""},{""type"":""email"",""value"":""instacart@politicomlaw.com"",""note"":""""},{""type"":""website"",""value"":""http://www.instacart.com"",""note"":""""}]"	Apoorva Mehta	App based delivery service	Matters affecting app based delivery services
11497	WI-principal-11497	Pharmaceutical Research and Manufacturers of America (PhRMA)	WI				"[{""type"":""address"",""value"":""670 Maine Ave SW, Suite 1000\nWashington, DC 20024"",""note"":""""},{""type"":""phone"",""value"":""(202) 835-3547"",""note"":""""},{""type"":""email"",""value"":""kmckay@phrma.org"",""note"":""""},{""type"":""website"",""value"":""http://www.phrma.org"",""note"":""""}]"	Stephen Ubl	Research and manufacturing pharmaceuticals organizations	All matters affecting the pharmaceuticals and health care industries
11498	WI-principal-11498	The Opportunity Center	WI				"[{""type"":""address"",""value"":""4701 N. Port Washington Rd Suite 101\nGlendale, WI 53212"",""note"":""""},{""type"":""phone"",""value"":""262-385-5738"",""note"":""""},{""type"":""email"",""value"":""Damian@taciwi.org"",""note"":""""},{""type"":""website"",""value"":""https://tocwi.org/"",""note"":""""}]"		None	Lobbying efforts are directed at supporting a funding request to construct the Opportunity Center, a premier, self-sustaining, fully-accessible sports complex.
11499	WI-principal-11499	Charter Communications Operating, LLC	WI				"[{""type"":""address"",""value"":""22 East Mifflin St, Suite 1010\nMadison, WI 53703"",""note"":""""},{""type"":""phone"",""value"":""608-288-6864"",""note"":""""},{""type"":""email"",""value"":""Adam.Raschka@charter.com"",""note"":""""}]"	Chris Winfrey	Cable TV, High Speed Internet and Telephone Communications	Cable TV, Broadband and Telecommunications Legislation, Taxes and the State Budget, Privacy and Consumer Legislation
11501	WI-principal-11501	Hunger Task Force	WI				"[{""type"":""address"",""value"":""5000 W. Electric Ave\nWest Milwaukee, WI 53219"",""note"":""""},{""type"":""phone"",""value"":""(414) 238-6480"",""note"":""""},{""type"":""email"",""value"":""lisa@hungertaskforce.org"",""note"":""""},{""type"":""website"",""value"":""http://www.hungertaskforce.org"",""note"":""""}]"		Anti-hunger organization that works on food security and nutrition issues	Our agency is concerned with issues related to federal and state nutrition programs, including WIC, TEFAP, summer food, school meals, CSFP, Foodshare/SNAP, and CACFP.  In addition, we are concerned with health and safety policies that may impact our network of emergency food providers
11502	WI-principal-11502	Northern Natural Gas Company	WI				"[{""type"":""address"",""value"":""1111 So 103 St.\nOmaha, NE 68124"",""note"":""""},{""type"":""phone"",""value"":""(402) 398-7376"",""note"":""""},{""type"":""email"",""value"":""Kirk.Lavengood@nngo.com"",""note"":""""},{""type"":""website"",""value"":""http://www.northernnaturalgas.com"",""note"":""""}]"	Laura Demman	Interstate Natural Gas Pipeline	Energy policy; eminent domain; interstate utility regulation; pipeline safety; and any issues affecting natural gas.
11503	WI-principal-11503	Create Wisconsin	WI				"[{""type"":""address"",""value"":""Box 1054\nMadison, WI 53701"",""note"":""""},{""type"":""phone"",""value"":""(608) 255-8316"",""note"":""""},{""type"":""email"",""value"":""info@createwisconsin.org"",""note"":""""},{""type"":""website"",""value"":""http://www.createwisconsin.org"",""note"":""""}]"		Wisconsin's creative sector	We will address asset- and community-based cultural development, diversifying Wisconsin's economy through local, regional and state investment in the arts and creative  development, integrating the arts into the educational process for all Wisconsin students, strengthening quality of life and community vitality throughout the state and engaging Wisconsin residents through the arts.
11504	WI-principal-11504	Humane World for Animals	WI				"[{""type"":""address"",""value"":""1255 23rd St., NW, Suite 450\nWashington, DC 20037"",""note"":""""},{""type"":""phone"",""value"":""202-452-1100"",""note"":""""},{""type"":""email"",""value"":""lobbyingreports@humanesociety.org"",""note"":""""},{""type"":""website"",""value"":""https://www.humaneworld.org/"",""note"":""""}]"		Animal protection	Humane treatment of all animals including wildlife, exotic (non-native) species, companion animals and farm animals.
11505	WI-principal-11505	Wisconsin Water Well Association Inc	WI				"[{""type"":""address"",""value"":""6737 W Washington Street\nMilwaukee, WI 53214"",""note"":""""},{""type"":""phone"",""value"":""414-488-3908"",""note"":""""},{""type"":""email"",""value"":""info@wisconsinwaterwell.com"",""note"":""""},{""type"":""website"",""value"":""http://www.wisconsinwaterwell.com"",""note"":""""}]"	Rick Peterson	Well drillers and pump installers and others interested in groundwater issues.	Legislation and rules affecting well construction, high capacity wells, licensing and registration of companies/individuals, groundwater protection, water conservation, geothermal drill holes, construction contracts, and economic development.
11507	WI-principal-11507	Plumbing Heating Cooling Contractors Association - Wisconsin	WI				"[{""type"":""address"",""value"":""PO Box 833\nGermantwon, WI 53022"",""note"":""""},{""type"":""phone"",""value"":""4143312059"",""note"":""""},{""type"":""email"",""value"":""mail@phcc-wi.org"",""note"":""""},{""type"":""website"",""value"":""http://www.phcc-wi.org"",""note"":""""}]"	Jeffrey Beiriger	Association representing plumbing, heating, and cooling contractors in Wisconsin, along with industry manufacturers, suppliers, and other service providers.	All matters related to plumbing and HVAC codes as well as licensing of individuals performing said work and the training of individuals pursuing journey-level status through apprenticeship programs, and continuing education thereafter.
11508	WI-principal-11508	Flock Group, Inc. dba Flock Safety	WI				"[{""type"":""address"",""value"":""28 Liberty Ship Way, Suite 2815\nSausalito, CA 94965"",""note"":""""},{""type"":""phone"",""value"":""415 903-2800"",""note"":""""},{""type"":""email"",""value"":""flock@politicomlaw.com"",""note"":""""}]"	Garrett  Langley	Law enforcement safety platform	Issues impacting the use of law enforcement safety technology
11509	WI-principal-11509	American Coating Association	WI				"[{""type"":""address"",""value"":""901 New York Ave NW Suite 300 West\nWashington DC, DC 20001"",""note"":""""},{""type"":""phone"",""value"":""2027193686"",""note"":""""},{""type"":""email"",""value"":""hmcauliffe@paint.org"",""note"":""""}]"	J. Andrew Doyle	Represents the paint and coating industry	Environmental aspects of consumers returning unused paint and coating products.   Any legislation or rule  related to paint or coating products
11510	WI-principal-11510	American Chemistry Council	WI				"[{""type"":""address"",""value"":""107 E 5th Street, Suite 201\nDes Moines, IA 50309"",""note"":""""},{""type"":""phone"",""value"":""(515) 471-1957"",""note"":""""},{""type"":""email"",""value"":""marcus_brandstad@americanchemistry.com"",""note"":""""},{""type"":""website"",""value"":""http://www.americanchemistry.com/"",""note"":""""}]"	Chris Jahn	Advocacy for chemical/plastics issues state legislation and regulation.	Any legislation which addresses Wisconsin's recycling law and recycling funding issues; manufacturer's responsibility; any plastic-specific legislation, DNR issues, chemical issues, plastics issues. PFAS legislation and agency rules; Building codes
11511	WI-principal-11511	Wisconsin Amusement and Music Operators	WI				"[{""type"":""address"",""value"":""12565 W. Lisbon Rd\nBrookfield, WI 53005"",""note"":""""},{""type"":""phone"",""value"":""262 790 0321"",""note"":""""},{""type"":""email"",""value"":""mike@wisconsinpandp.com"",""note"":""""},{""type"":""website"",""value"":""http://www.wamo.net/"",""note"":""""}]"	Mike Weigel	Education, promotion and protection of the digital and coin-operated recreational industry.	"Matters affecting the music and games sector and customers including regulation and taxes.
Tax credits"
11512	WI-principal-11512	Bowling Centers Association of Wisconsin	WI				"[{""type"":""address"",""value"":""21140 W Capitol Drive #5\nPewaukee, WI 53072"",""note"":""""},{""type"":""phone"",""value"":""(262) 783-4292 x102"",""note"":""""},{""type"":""email"",""value"":""roger.dalkin@bowlwi.com"",""note"":""""},{""type"":""website"",""value"":""http://www.bowlwi.com/"",""note"":""""}]"	Roger Dalkin	Trade group representing the interests of its member bowling centers	Areas of interest include changes in liquor laws, personal property tax and sales tax affecting the business operation of bowling centers.
11513	WI-principal-11513	Wisconsin Podiatric Medical Association (formerly Wisconsin Society of Podiatric Medicine)	WI				"[{""type"":""address"",""value"":""1465 Arcade Street\nSt. Paul, Mn 55106"",""note"":""""},{""type"":""phone"",""value"":""(608) 844 8538"",""note"":""""},{""type"":""email"",""value"":""marit.sivertson@wisconsinpodiatrist.com"",""note"":""""},{""type"":""website"",""value"":""http://www.wisconsinpodiatrists.com/"",""note"":""""}]"	William Yoder	Organization represents doctors of podiatric medicine and surgery.	This organization has interest in matters medical on a legislative and regulatory level with particular emphasis on legislation and administrative rules which directly impact the practice of podiatric medicine, such as the regulations governing the activities of managed care organizations (MCOs) and HMOs, service corporation issues, regulation of the practices of podiatric physicians and their compliance with rules, regulations and disciplinary actions affecting them.
11514	WI-principal-11514	Wisconsin Library Association	WI				"[{""type"":""address"",""value"":""4610 South Biltmore Lane, Suite 100\nMadison, WI 53718"",""note"":""""},{""type"":""phone"",""value"":""515 865 6264"",""note"":""""},{""type"":""email"",""value"":""sauser@wisconsinlibraries.org"",""note"":""""},{""type"":""website"",""value"":""http://www.wla.lib.wi.us"",""note"":""""}]"	Laura Sauser	Improving and promoting library and information services.	"All legislative initiatives as they pertain to library needs and interests.
Budget priorities for library systems"
11515	WI-principal-11515	Wisconsin State Lodge Fraternal Order of Police	WI				"[{""type"":""address"",""value"":""PO Box 206\nWest Bend, WI 53095"",""note"":""""},{""type"":""phone"",""value"":""(920) 217-1793"",""note"":""""},{""type"":""email"",""value"":""windorff@wifop.org"",""note"":""""}]"	Ryan Windorff	WIFOP represents law enforcement officers and is dedicated to improving the conditions of law enforcement officers and the safety of those we serve through education, legislation, community involvement and employee representation.	Public safety, law enforcement and community education
11516	WI-principal-11516	entertainment software association	WI				"[{""type"":""address"",""value"":""601 Massachusetts Ave. NW, Suite 300\nWashington, DC 20001"",""note"":""""},{""type"":""phone"",""value"":""(202) 223-2400"",""note"":""""},{""type"":""email"",""value"":""aoconnor@theesa.com"",""note"":""""},{""type"":""website"",""value"":""http://www.theesa.com"",""note"":""""}]"	Stanley Pierre-Louis	Represent video game industry	"All matters related to the invention, manufacture, distribution, sale and use of video games
Tax credits for video game production within Wisconsin"
11517	WI-principal-11517	Chiropractic Society of Wisconsin	WI				"[{""type"":""address"",""value"":""25 West Main Street Floor 5 Suite 3\nMadison, wi 54411"",""note"":""""},{""type"":""phone"",""value"":""727 421 0407"",""note"":""""},{""type"":""email"",""value"":""steven@conway-consulting.com"",""note"":""""}]"	Steven Conway	Representation of the chiropractic profession including chiropractors, CTs and CRTs	Representation to include policy areas affecting regulation, licensure, insurance coverage and health coverage related to the chiropractic profession.   Continuing education language: any willing provider; pre-authorization; insurance equality
11518	WI-principal-11518	ITC Holdings, Inc.	WI				"[{""type"":""address"",""value"":""100 East Grand Avenue, Suite 300\nDes Moines, Ia 50309"",""note"":""""},{""type"":""phone"",""value"":""5156393333"",""note"":""""},{""type"":""email"",""value"":""bselinger@itctransco.com"",""note"":""""}]"	Dusky Terry	Electrical Transmission lines	Utilities regulation primary focus on electrical transmission lines.  Right of First Refusal (ROFR)
11519	WI-principal-11519	American Family Life Assurance Company (Aflac)	WI				"[{""type"":""address"",""value"":""1932 Wynnton Rd\nColumbus, GA 31999"",""note"":""""},{""type"":""phone"",""value"":""(202) 371-7283"",""note"":""""},{""type"":""email"",""value"":""Liya.Huluka@skadden.com"",""note"":""""},{""type"":""website"",""value"":""http://www.aflac.com"",""note"":""""}]"	Dan Amos	Supplemental Insurance.	Matters involving health insurance, health coverage and overall Wisconsin healthcare.
11520	WI-principal-11520	Wisconsin Beverage Association	WI				"[{""type"":""address"",""value"":""25 W. Main Street, 5th Floor\nMadison, WI 53703"",""note"":""""},{""type"":""phone"",""value"":""6088527555"",""note"":""""},{""type"":""email"",""value"":""kellymmcdowell@gmail.com"",""note"":""""},{""type"":""website"",""value"":""https://wibeverage.com/"",""note"":""""}]"	Kelly McDowell	Wholesale bottlers and manufacturers of non-alcoholic beverage products.	All areas affecting the non-alcoholic beverage industry.
11521	WI-principal-11521	Fair Aid Coalition	WI				"[{""type"":""address"",""value"":""25 W. Main Street, 5th Floor\nMadison, WI 53703"",""note"":""""},{""type"":""phone"",""value"":""6088527555"",""note"":""""},{""type"":""email"",""value"":""kellymmcdowell@gmail.com"",""note"":""""}]"		Coalition membership is comprised mostly of lake area, K-8, Union High School, and suburban school districts that receive little or no general aid support.	K-12 School Finance
11522	WI-principal-11522	Eli Lilly and Company (formerly Lilly USA)	WI				"[{""type"":""address"",""value"":""839 S. Delaware Street\nIndianapolis, IN 46285"",""note"":""""},{""type"":""phone"",""value"":""(920) 219-8367"",""note"":""""},{""type"":""email"",""value"":""christopher.larowe@lilly.com"",""note"":""""},{""type"":""website"",""value"":""http://www.lilly.com"",""note"":""""}]"	Dave Ricks	Manufacturer of pharmaceutical products	Matters related to health care, Medicaid, pharmacy issues, and animal health.
11523	WI-principal-11523	International Brotherhood of Electrical Workers Construction Electrician Local Unions	WI				"[{""type"":""address"",""value"":""701 Watson Ave., Suite 200\nMadison, WI 53713"",""note"":""""},{""type"":""phone"",""value"":""(608) 274-5600"",""note"":""""},{""type"":""email"",""value"":""dg@ibew965.com"",""note"":""""}]"		Construction electricians.	Issues affecting unions, contractors, and construction electricians.
11524	WI-principal-11524	Iron Workers District Council of the North Central States	WI				"[{""type"":""address"",""value"":""20515 Nicholas Circle #7\nElkhorn, NE 53032"",""note"":""""},{""type"":""phone"",""value"":""(402) 289-0569"",""note"":""""},{""type"":""email"",""value"":""mbaker@iwintl.org"",""note"":""""},{""type"":""website"",""value"":""http://www.iwncsdc.org"",""note"":""""}]"	Mike Baker	Represents the interests of iron workers in Wisconsin.	All issue areas related to workers and union members.
11525	WI-principal-11525	Milwaukee Area Technical College	WI				"[{""type"":""address"",""value"":""700 W State St\nMilwaukee, WI 53233"",""note"":""""},{""type"":""phone"",""value"":""(414) 297-6048"",""note"":""""},{""type"":""email"",""value"":""braylm@matc.edu"",""note"":""""}]"		Provides technical college education in Milwaukee area.	Technical college funding and management; all matters affacting education in Wisconsin; Workforce Development issues
11526	WI-principal-11526	Plumbers Local 75	WI				"[{""type"":""address"",""value"":""11175 W Parkland Ave\nMilwaukee, WI 53224"",""note"":""""},{""type"":""phone"",""value"":""(414) 359-1310"",""note"":""""},{""type"":""email"",""value"":""dave@plumbers75.com"",""note"":""""},{""type"":""website"",""value"":""http://www.plumbers75.com"",""note"":""""}]"		Labor union representing working people in the plumbing industry.	Legislative and administrative action relating to working people in the plumbing industry and/or to working people in general.
11527	WI-principal-11527	Sheet Metal Air Rail Transportation Workers Local Union #18	WI				"[{""type"":""address"",""value"":""2201 Springdale Road\nWaukesha, WI 53186"",""note"":""""},{""type"":""phone"",""value"":""(262) 798-1818"",""note"":""""},{""type"":""email"",""value"":""mmooney@smwlu18.org"",""note"":""""},{""type"":""website"",""value"":""http://www.smwlu18.org"",""note"":""""}]"		Labor union representing workers in several skilled crafts including sheet metal work, fabrication, installation, and service of heating, ventilating and air conditioning systems, and rail work	Matters relating to union members, contractors, and workers generally
11528	WI-principal-11528	Southeastern Wisconsin Schools Alliance	WI				"[{""type"":""address"",""value"":""N77W15424 Crossway Drive\nMenomonee Falls, WI 53051"",""note"":""""},{""type"":""phone"",""value"":""(262) 388-9004"",""note"":""""},{""type"":""email"",""value"":""swsaexecdirector5@gmail.com"",""note"":""""},{""type"":""website"",""value"":""http://www.schoolsalliance.com/"",""note"":""""}]"	Cathy  Olig	Alliance of school districts in Southeastern Wisconsin	All matters affecting the operation of public school districts in Wisconsin and all school finance issues.
11529	WI-principal-11529	Sugar Creek Capital	WI				"[{""type"":""address"",""value"":""1819 Peachtree Rd NE, Ste. 230\nAtlanta , GA 30309"",""note"":""""},{""type"":""phone"",""value"":""615-332-4195"",""note"":""""},{""type"":""email"",""value"":""pgilman@sugarcreekcapital.com"",""note"":""""},{""type"":""website"",""value"":""http://www.sugarcreekcapital.com/"",""note"":""""}]"	Christopher  Hite	Sugar Creek Capital is a team of experienced individuals who bring maximum value and financial strength to affordable housing partnerships.	All matters regarding workforce housing and state funding.
11530	WI-principal-11530	[redacted principal 11530]	WI				"[{""type"":""address"",""value"":"","",""note"":""""}]"			
11531	WI-principal-11531	Wisconsin Speech- Language Pathology and Audiology Association	WI				"[{""type"":""address"",""value"":""563 Carter Court, Suite B\nKimberly, WI 54316"",""note"":""""},{""type"":""phone"",""value"":""(920) 560-5642"",""note"":""""},{""type"":""email"",""value"":""eric@badgerbay.com"",""note"":""""},{""type"":""website"",""value"":""http://www.wisha.org"",""note"":""""}]"	Rick McGuire	WSHA serves Wisconsin's audiologists and speech-language pathologists.	WSHA is concerned with issues as they relate to: licensure governing the professions; Medicaid reimbursement; school-based services; education; other areas related to communication disorders.
11532	WI-principal-11532	Wisconsin Laborers District Council	WI				"[{""type"":""address"",""value"":""4633 LIUNA Way, Ste 101\nDeForest, WI 53532"",""note"":""""},{""type"":""phone"",""value"":""(608) 846-8242"",""note"":""""},{""type"":""email"",""value"":""kmiller@liunawisconsin.org"",""note"":""""},{""type"":""website"",""value"":""http://www.wilaborers.org"",""note"":""""}]"		An affiliation of local laborers' unions representing 7,000 construction craft laborers statewide.	Any areas affecting workers as well as issues of mutual benefit and concern to union members and signatory contractors.
11533	WI-principal-11533	Wisconsin Fireworks Association	WI				"[{""type"":""address"",""value"":""105 Dearborn street\nBeloit, WI 53511"",""note"":""""},{""type"":""phone"",""value"":""6083620555"",""note"":""""},{""type"":""email"",""value"":""bradlawver@yahoo.com"",""note"":""""}]"	Larry Corneiller, Sr.	Rules, regulations and statutes effecting the sale of consumer fireworks.	Rules, regulations and statutes effecting the sale of consumer fireworks.
11534	WI-principal-11534	Verizon and its Affiliates (formerly Verizon Wireless)	WI				"[{""type"":""address"",""value"":""1 S. Pinckney Street, Suite 318\nMadison, WI 53703"",""note"":""""},{""type"":""phone"",""value"":""415-389-6800"",""note"":""""},{""type"":""email"",""value"":""verizon@nmgovlaw.com"",""note"":""""},{""type"":""website"",""value"":""http://www.verizonwireless.com"",""note"":""""}]"	Hans Vestburg	Wireless telecommunications.	Lobby the legislature and administration regarding all telecom related issues.
11536	WI-principal-11536	Wisconsin School Psychologists Association	WI				"[{""type"":""address"",""value"":""110 East Main Street, Suite 720\nMadison, WI 53703"",""note"":""""},{""type"":""phone"",""value"":""(608) 444-3727"",""note"":""""},{""type"":""email"",""value"":""jack@omearapublicaffairs.com"",""note"":""""},{""type"":""website"",""value"":""http://www.wspaonline.net/"",""note"":""""}]"	Katie Johnson	School Psychology	School psychology, education, mental health, public education
11537	WI-principal-11537	Wisconsin School Social Workers Association	WI				"[{""type"":""address"",""value"":""110 East Main Street, Ste 720\nMadison, WI 53703"",""note"":""""},{""type"":""phone"",""value"":""(608) 444-3727"",""note"":""""},{""type"":""email"",""value"":""jack@omearapublicaffairs.com"",""note"":""""},{""type"":""website"",""value"":""http://www.wsswa.org"",""note"":""""}]"	Sara Lennertz	WSSWA represents School Social workers across Wisconsin. School Social Workers work to address mental health and other needs of Wisconsin school children and their families.	Policies that will help school School Social Workers empower children and families to be effective participants in the learning process.
11538	WI-principal-11538	Milwaukee Child Care Alliance	WI				"[{""type"":""address"",""value"":""9050 N. Swan Road\nMilwaukee, WI 53224"",""note"":""""},{""type"":""phone"",""value"":""(608) 444-3727"",""note"":""""},{""type"":""email"",""value"":""jack@omearapublicaffairs.com"",""note"":""""},{""type"":""website"",""value"":""http://milwaukeechildcarealliance.org"",""note"":""""}]"	Christine Larson Salerno	The Milwaukee Child Care Alliance is a network of leaders in early care and education, that is committed to strengthening the lives of children and families through advocating to improve the quality of early care and education in the Greater Milwaukee area.	Support high-quality early learning and care initiatives, with a focus on the needs of the Milwaukee area. Advocate for fair treatment and reimbursements for Milwaukee area child care providers when compared with providers in the rest of the state.
11541	WI-principal-11541	ATC Management Inc.	WI				"[{""type"":""address"",""value"":""2485 Rinden Road\nCottage Grove, WI 53527"",""note"":""""},{""type"":""phone"",""value"":""(608) 877-3543"",""note"":""""},{""type"":""email"",""value"":""jgarvin@atcllc.com"",""note"":""""},{""type"":""website"",""value"":""http://www.atcllc.com"",""note"":""""}]"	Teresa Mogensen	Creation, governance and operation of electric transmission company.	Legislation and administrative rules affecting the creation, operation, or governance of electric transmission companies and activities relating to public utility industry in general.
11542	WI-principal-11542	Apartment Association of Southeastern Wisconsin, Inc. n/k/a Rental Property Association of Wisconsin, Inc.	WI				"[{""type"":""address"",""value"":""PO BOX 4125\nMILWAUKEE, WI 53204"",""note"":""""},{""type"":""phone"",""value"":""(414) 236-9519"",""note"":""""},{""type"":""email"",""value"":""admin@rpawi.org"",""note"":""""},{""type"":""website"",""value"":""http://www.rpawi.org"",""note"":""""}]"	Mike Cottrell	Trade organization representing the interests of rental property owners and the rental housing industry of Wisconsin	"Landlord/tenant legislation and administrative rules
Municipal regulation of the rental housing industry
Construction, safety and budget issues affecting rental property owners"
11543	WI-principal-11543	Schools Make Madison Advocates	WI				"[{""type"":""address"",""value"":""2005 West Beltline Highway, Suit 203\nMadison, WI 53713"",""note"":""""},{""type"":""phone"",""value"":""(608) 210-6902"",""note"":""""},{""type"":""email"",""value"":""mheinritz@schoolsmakemadison.org"",""note"":""""},{""type"":""website"",""value"":""https://schoolsmakemadison.org/"",""note"":""""}]"		K12 education industry primarily, though we also represent the interests of businesses who see strong education as an economic asset.	Revenue limits for public school districts have not had an inflation-level adjustment in over a decade. As costs rise, it is essential that our schools have the funding to attract high-quality educators and provide every student with a high-quality education. While communities across Wisconsin overwhelmingly support referenda to raise revenue limits locally, this model is inconsistent, unsustainable, and inefficient. Other education funding metrics, such reimbursements for required special education costs, have experienced a similar stagnation. All the while, federal dollars have been impactful but reliance on one-time conditional disbursements has created a funding cliff in a time when schools are already under exceptional financial strain. Healthy K12 is not just the concern of schools and educators but of all parties with an interest in the long-term health of our state. Businesses in particular have a strong interest in the success of schools. While businesses across the country are reeling from a declining labor pool, that issue is exacerbated in Wisconsin given the consistent trend of more people have moving away than to the state. Now more than ever, a strong workforce begins with strong schools. Beyond attracting and retaining working families, education provides a means to mitigate barriers which may otherwise render individuals unemployed, incarcerated, or on government assistance. With an unprecedented budget surplus projection, there is no better time to invest for success.
11544	WI-principal-11544	Verified Voting Org. Inc.	WI				"[{""type"":""address"",""value"":""1500 Chestnut St., #2320\nPhiladelphia, PA 19102"",""note"":""""},{""type"":""phone"",""value"":""760.804.8683"",""note"":""""},{""type"":""email"",""value"":""ccoles@verifiedvoting.org"",""note"":""""},{""type"":""website"",""value"":""https://verifiedvoting.org/"",""note"":""""}]"		Strengthen democracy for all voters by promoting the responsible use of technology in elections.	Issues affecting democracy and the promotion of responsible technology in elections.
11545	WI-principal-11545	Wisconsin Land Information Association	WI				"[{""type"":""address"",""value"":""PO Box 389\nWild Rose, WI 54984"",""note"":""""},{""type"":""phone"",""value"":""(715) 366-8200"",""note"":""""},{""type"":""email"",""value"":""abarrett@uniontel.net"",""note"":""""},{""type"":""website"",""value"":""http://www.wlia.org"",""note"":""""}]"	Adam Derringer	Education and technical assistance for land information system modernization.	Land records, mapping, land use, soils, groundwater, zoning, planning, real estate, WI land information program.
11546	WI-principal-11546	Customers First! Coalition	WI				"[{""type"":""address"",""value"":""25 W Main St, Suite 500\nMadison, WI 53703"",""note"":""""},{""type"":""phone"",""value"":""(608) 286-0784"",""note"":""""},{""type"":""email"",""value"":""kristin@customersfirst.org"",""note"":""""},{""type"":""website"",""value"":""http://www.customersfirst.org"",""note"":""""}]"		Alliance of consumer organizations, municipal electric utilities, rural electric cooperatives, wholesale electric suppliers, an investor owned utility, renewable energy advocates, and labor organizations.	"The Customers First! Coalition weighs in on matters affecting electricity regulation, with a specific interest in protecting customers from an unstable regulatory environment caused by ""deregulation"" or ""restructuring."" The organization also supports energy assistance programs, cost-effective renewable energy, energy efficiency, electrification and electric vehicles."
11547	WI-principal-11547	Wisconsin Electric Cooperative Association	WI				"[{""type"":""address"",""value"":""6405 Century Avenue, Suite 102\nMiddleton, WI 53562"",""note"":""""},{""type"":""phone"",""value"":""(608) 467-4598"",""note"":""""},{""type"":""email"",""value"":""tim@weca.coop"",""note"":""""},{""type"":""website"",""value"":""http://www.weca.coop"",""note"":""""}]"	Rob Richard	The Wisconsin Electric Cooperative Association is a trade organization that represents all 25 electric cooperatives operating in Wisconsin.  Collectively, Wisconsin’s electric cooperatives provide electricity to more than 500,000 Wisconsin residents.	WECA represents electric cooperatives and works on issues relating to generation, transmission and distribution of electricity. Main areas of interest are topics associated with or affecting energy and utilities, electricity and renewable energy, rural areas, and  the cooperative business model.
11550	WI-principal-11550	Sprinkler Fitters Local 183	WI				"[{""type"":""address"",""value"":""W175 N5700 Technology Drive\nMenomonee Falls, WI 53051"",""note"":""""},{""type"":""phone"",""value"":""262-252-0183"",""note"":""""},{""type"":""email"",""value"":""skobb@sprinklerfitters183.org"",""note"":""""},{""type"":""website"",""value"":""https://sprinklerfitters183.org/"",""note"":""""}]"		Sprinkler Fitters Local 183 is a labor union specializing in inspection, testing, maintenance, repair, alteration, and installation of fire suppression systems.	Updating the existing fire protection codes throughout the state.
11551	WI-principal-11551	Elevator Industry Work Preservation Fund	WI				"[{""type"":""address"",""value"":""7 Village Green\nNorfolk, MA 02056"",""note"":""""},{""type"":""phone"",""value"":""(508) 528-8843"",""note"":""""},{""type"":""email"",""value"":""ksullivan@eiwpf.org"",""note"":""""},{""type"":""website"",""value"":""http://www.eiwpf.org"",""note"":""""}]"	Kevin  Sullivan	Education, training, legislative issues, and rule making concerning construction, inspection, and safety in the elevator and conveyance industry.	Legislation and rules affecting the regulation of elevator works and the installation, inspection, and maintenance of elevators.
11552	WI-principal-11552	Wisconsin Coalition for Consumer Choice	WI				"[{""type"":""address"",""value"":""10 East Doty Street, Suite 523\nMadison, WI 53701"",""note"":""""},{""type"":""phone"",""value"":""(608) 283-2587"",""note"":""""},{""type"":""email"",""value"":""gklaetsch@kpasllc.com"",""note"":""""},{""type"":""website"",""value"":""http://www.wiconsumers.org"",""note"":""""}]"		Any proposals that further regulate consumers and the products that they purchase in ways that would limit and inhibit consumer choice and privacy in Wisconsin.	Any proposals that further regulate consumers and the products that they purchase in ways that would limit and inhibit consumer choice and privacy in Wisconsin.
11553	WI-principal-11553	Wisconsin Liquid Waste Carriers Association	WI				"[{""type"":""address"",""value"":""10 E Doty Street, Suite 523\nMadison, WI 53703"",""note"":""""},{""type"":""phone"",""value"":""(608) 441-1436"",""note"":""""},{""type"":""email"",""value"":""gklaetsch@kpasllc.com"",""note"":""""},{""type"":""website"",""value"":""http://www.wlwca.com"",""note"":""""}]"	Jeffrey Beiriger	Environmental transport, treatment and disposal of liquid waste	Any area of state legislation or administrative rules that affect the environmental transport, treatment and disposal of liquid waste.
11554	WI-principal-11554	Wisconsin Onsite Water Recycling Association	WI				"[{""type"":""address"",""value"":""10 E Doty Street, Suite 523\nMadison, WI 53703"",""note"":""""},{""type"":""phone"",""value"":""(608) 441-1436"",""note"":""""},{""type"":""email"",""value"":""gklaetsch@kpasllc.com"",""note"":""""},{""type"":""website"",""value"":""http://www.wowra.com"",""note"":""""}]"	Jeffrey Beiriger	Certified soil testers, septic system designers and installers.	We are interested in any state legislation or code that pertains to private onsite or large scale septic systems and any agency that deals with state codes.
11555	WI-principal-11555	Wisconsin Precast Concrete Association	WI				"[{""type"":""address"",""value"":""10 E Doty Street, Suite 523\nMadison, WI 53703"",""note"":""""},{""type"":""phone"",""value"":""(608) 441-1436"",""note"":""""},{""type"":""email"",""value"":""gklaetsch@kpasllc.com"",""note"":""""},{""type"":""website"",""value"":""http://wiprecast.org"",""note"":""""}]"	George Klaetsch	Precast concrete septic tanks and other precast concrete products.	Septic standards and other manufacturing and tax regulations.
11556	WI-principal-11556	Wisconsin Society for Respiratory Care	WI				"[{""type"":""address"",""value"":""10 E Doty Street, Suite 523\nMadison, WI 53703"",""note"":""""},{""type"":""phone"",""value"":""608-283-2587"",""note"":""""},{""type"":""email"",""value"":""gklaetsch@kpasllc.com"",""note"":""""},{""type"":""website"",""value"":""http://www.wsrc.online/home.html"",""note"":""""}]"	Theresa  Meinen	A state association of individuals engaged in or associated with advanced practice of respiratory care for those in need and supporting and serving as an advocate for patients.	WSRC may attempt to influence legislation and rules affecting respiratory care therapy and Respiratory Care Practitioners and the credentialing associated with the profession.
11557	WI-principal-11557	Wisconsin State Fire Chiefs Association	WI				"[{""type"":""address"",""value"":""10 East Doty Street, Suite 523\nMadison, WI 53703"",""note"":""""},{""type"":""phone"",""value"":""(608) 283-2587"",""note"":""""},{""type"":""email"",""value"":""gklaetsch@kpasllc.com"",""note"":""""},{""type"":""website"",""value"":""http://www.wsfca.com"",""note"":""""}]"	Aaron  Lipski	Training, Public Safety, Administration, Hazardous Materials, Fire and Emergency Medical Services	Fire training, administration public safety, emergency medical services (EMS), regional hazards materials and code development.
11558	WI-principal-11558	Buc-ee's, Ltd. and Buc-ee's Deforest, LLC	WI				"[{""type"":""address"",""value"":""11200 Broadway Street, Suite 2350\nPearland, TX 77584"",""note"":""""},{""type"":""phone"",""value"":""346-774-2260"",""note"":""""},{""type"":""email"",""value"":""jeff@buc-ees.com"",""note"":""""},{""type"":""website"",""value"":""http://www.buc-ees.com"",""note"":""""}]"	Arch H. Aplin, III	Travel center	Issues related to travel centers, economic development, tourism and transportation infrastructure.
11559	WI-principal-11559	Menominee Indian Tribe of Wisconsin	WI				"[{""type"":""address"",""value"":""PO Box 910\nKeshena, WI 54135"",""note"":""""},{""type"":""phone"",""value"":""(715) 799-5113"",""note"":""""},{""type"":""email"",""value"":""chairman@mitw.org"",""note"":""""}]"		American Indian Tribe	We are interested in areas of public policy dealing with the economic, social, environmental, and health of our tribal members.
11561	WI-principal-11561	Holistic Alternative Recovery Trust (H.A.R.T)	WI				"[{""type"":""address"",""value"":""250 West Main, Suite 2800\nLexington , KY 40507"",""note"":""""},{""type"":""phone"",""value"":""859-244-7596"",""note"":""""},{""type"":""email"",""value"":""brobertson@fbtlaw.com"",""note"":""""},{""type"":""website"",""value"":""http://https:/hartsupporter.com/"",""note"":""""}]"		National advocacy organization focused on addressing the nation's opiod addiction crisis through the use of plant-based compounds.	Issues related to efforts to address the nation's opiod addiction crisis through the use of plant-based compounds.
11562	WI-principal-11562	Wisconsin Recreational Vehicle Dealers Alliance	WI				"[{""type"":""address"",""value"":""258 Corporate Drive, Suite 200C\nMadison, WI 53714"",""note"":""""},{""type"":""phone"",""value"":""(608) 255-3131"",""note"":""""},{""type"":""email"",""value"":""amy@housingalliance.us"",""note"":""""},{""type"":""website"",""value"":""http://rvwisconsin.org"",""note"":""""}]"	Amy Bliss	Representation of recreational vehicle dealers and related entities in Wisconsin.	"Sales tax issues regarding homes sold to out of state buyers.  
Repeal of the Wisconsin Personal Property Tax 
Dealer/Manufacturer Agreements
Fair Dealership Act"
11563	WI-principal-11563	BlueGreen Alliance, Inc.	WI				"[{""type"":""address"",""value"":""2701 University Ave., SE, Suite 209\nMinneapolis, MN 55414"",""note"":""""},{""type"":""phone"",""value"":""651-202-1282"",""note"":""""},{""type"":""email"",""value"":""breeh@bluegreenalliance.org"",""note"":""""},{""type"":""website"",""value"":""http://www.bluegreenalliance.org"",""note"":""""}]"		C4 environmental work	Environmental and labor policy
11564	WI-principal-11564	Marshfield Clinic Health System	WI				"[{""type"":""address"",""value"":""1000 N Oak Ave\nMarshfield, WI 54449"",""note"":""""},{""type"":""phone"",""value"":""608-513-4204"",""note"":""""},{""type"":""email"",""value"":""natzke.ryan@marshfieldclinic.org"",""note"":""""},{""type"":""website"",""value"":""http://www.marshfielclinic.org"",""note"":""""}]"		Marshfield Clinic Health System is interested in issues relating, but not limited to medical care, medical research, health insurance and social determinants of health.	Legislation and administrative rules related to health, health care financing and issues related to them such as education of health care providers, insurance, taxation, state budget, economic development, laboratory services, bio-technology, public health.
11565	WI-principal-11565	Wonderschool, Inc.	WI				"[{""type"":""address"",""value"":""548 Market Street PMB 92922\nSan Francisco, CA 94104"",""note"":""""},{""type"":""phone"",""value"":""202-251-1274"",""note"":""""},{""type"":""email"",""value"":""jonathan.adler@wonderschool.com"",""note"":""""},{""type"":""website"",""value"":""http://wonderschool.com"",""note"":""""}]"	Chris  Bennett	Child care solutions and services, software, technology	All matters affecting child care, including solutions that improve the quality and supply of child care options.
11566	WI-principal-11566	Triple P America	WI				"[{""type"":""address"",""value"":""1201 Lincoln Street Suite 201\nColumbia , SC 29201"",""note"":""""},{""type"":""phone"",""value"":""202-306-4832"",""note"":""""},{""type"":""email"",""value"":""marissa.morabito@triplep.net"",""note"":""""},{""type"":""website"",""value"":""http://www.triplep.net"",""note"":""""}]"	Bradley  Thomas	Evidence based best practice parenting support programs and initiatives	All matters affecting parenting support programs and initiatives
11567	WI-principal-11567	Rogers Behavioral Health	WI				"[{""type"":""address"",""value"":""34700 Valley Road\nOconomowoc , Wi 53066"",""note"":""""},{""type"":""phone"",""value"":""262-303-0580"",""note"":""""},{""type"":""email"",""value"":""Cindy.Meyer@rogersbh.org"",""note"":""""},{""type"":""website"",""value"":""https://rogersbh.org/"",""note"":""""}]"	Cindy  Meyer	"Rogers Behavioral Health operates within the behavioral health care industry, a specialized segment of the broader healthcare sector. This industry focuses on diagnosing, treating, and supporting individuals with mental health conditions, substance use disorders, and co-occurring challenges. Rogers Behavioral Health specifically represents a segment of the industry that prioritizes evidence-based, patient-centered care, offering specialized services such as residential treatment, partial hospitalization, and intensive outpatient programs.

The organization is dedicated to serving individuals across a wide demographic spectrum, addressing conditions including anxiety, depression, eating disorders, obsessive-compulsive disorder (OCD), addiction, and trauma. Rogers stands out within the industry by combining clinical expertise, research-driven practices, and compassionate care to advance mental health and well-being for individuals and communities"	All matters relating to the behavioral health care industry.
11569	WI-principal-11569	BNSF Railway	WI				"[{""type"":""address"",""value"":""525 Park Street, Suite 110\nSt. Paul, MN 55103"",""note"":""""},{""type"":""phone"",""value"":""(651) 253-8237"",""note"":""""},{""type"":""email"",""value"":""Lydia.Underdahl@BNSF.com"",""note"":""""}]"	Carl Ice	BNSF Railway moves freight across the country and through/to Wisconsin.	Issues related to freight railroads in the state of Wisconsin.
11570	WI-principal-11570	St. Coletta of Wisconsin, Inc.	WI				"[{""type"":""address"",""value"":""N4637 County Road Y\nJefferson, WI 53549"",""note"":""""},{""type"":""phone"",""value"":""(920) 674-8237"",""note"":""""},{""type"":""email"",""value"":""rbaker@stcolettawi.org"",""note"":""""},{""type"":""website"",""value"":""http://www.stcolettawi.org"",""note"":""""}]"		Services include: residential housing; vocational day programs; transportation; community employment; intergenerational care center; and, case management.	"Matters relating to Family Care long-term care rate-setting.
Matters relating to market value caregiver wages.
State Budget: Family Care funding, provider reimbursement \ rate increases & Family Care Caregiver Funding Initiative."
11571	WI-principal-11571	Painters & Allied Trades District Council 7	WI				"[{""type"":""address"",""value"":""S68W22665 NATIONAL AVE PO BOX 189\nBIG BEND, WI 53103"",""note"":""""},{""type"":""phone"",""value"":""(920) 602-3688 x_____"",""note"":""""},{""type"":""email"",""value"":""ANDY@IUPATDC7.COM"",""note"":""""},{""type"":""website"",""value"":""http://www.iupatdc7.com"",""note"":""""}]"		"Painters & Allied Trades, District Council No. 7 is an affiliate of the International Union of Painters and Allied Trades (IUPAT), AFL-CIO, chartered on April 25th, 2003 at the State of Wisconsin.

DC 7 represents approximately 2,400 members in the State of Wisconsin and the Upper Peninsula and has over 180 signatory contractors. Our members are employed by PPG Industries, Derse Inc., all of the major glazing, painting & decorating and drywall taping & finishing contractors in the greater Milwaukee, Madison, Kenosha, Racine & Fox Valley areas. In addition, Miller Brewing Company, the Pfister Hotel, Milwaukee Hilton Hotel, Milwaukee Public Museum, the City of Madison & Milwaukee, Counties of Milwaukee & Dane, the State of Wisconsin, Racine Unified School District, Milwaukee Public Schools, and a number of other entities also employ our members."	Workforce Development, Apprenticeship, Worker safety, Unemployment.
11572	WI-principal-11572	Matt Talbot Recovery Services, Inc.	WI				"[{""type"":""address"",""value"":""217 Wisconsin Avenue, Suite 201\nWaukesha, WI 53186"",""note"":""""},{""type"":""phone"",""value"":""414-581-0582"",""note"":""""},{""type"":""email"",""value"":""karl@ghpwi.com"",""note"":""""},{""type"":""website"",""value"":""http://www.mtrcinc.com "",""note"":""""}]"	Karl Rajani	Matt Talbot is a provider of services for Substance Use Disorders (i.e., addiction), principally in State-licensed residential treatment centers.	Issues related to regulations and to Medicaid reimbursement rates pertaining to State-licensed CBRFs (Community-Based Residential Facilities)
11574	WI-principal-11574	Greater Wisconsin Agency on Aging Resources	WI				"[{""type"":""address"",""value"":""1414 MacArthur Rd., Suite A\nMadison, WI 53714"",""note"":""""},{""type"":""phone"",""value"":""(608) 228-8094"",""note"":""""},{""type"":""email"",""value"":""John.Schnabl@gwaar.org"",""note"":""""},{""type"":""website"",""value"":""http://www.gwaar.org"",""note"":""""}]"		GWAAR represents the interests of persons age 60+ in Wisconsin and the network of organizations and agencies providing the services that support older persons living in the community.	Issues around aging, aging programs, funding of aging programs and services, state aging/ADRC programs, long term care, elder abuse, health care and prescription drug costs, Medical Assistance, programs and services for caregivers, funding for caregiver programs and services, economic/retirement security, senior housing programs and services, transportation programs and services, transportation funding, senior nutrition services and funding, health promotion and early intervention services and funding, volunteer protections, and voting rights.
11575	WI-principal-11575	AstraZeneca Pharmaceuticals, LP	WI				"[{""type"":""address"",""value"":""1800 Concord Pike\nWilmington, DE 19850"",""note"":""""},{""type"":""phone"",""value"":""(203) 482-2347"",""note"":""""},{""type"":""email"",""value"":""compliance_WI_az@multistate.us"",""note"":""""},{""type"":""website"",""value"":""https://www.astrazeneca.com/"",""note"":""""}]"	Pascal  Soriot	Research, development and sale of biopharmaceuticals.	Pharma drug pricing and affordability. PBM reform. Cancer and Chronic Disease Screenings. Biomarker testing. Health Equity and Sustainability, PFAS. Matters related to regulation of prescription drugs, health care, health insurance, Medicaid issues, and pharmacy issues.
11576	WI-principal-11576	School Choice Wisconsin Action	WI				"[{""type"":""address"",""value"":""375 Bishops Way, Suite 101\nBrookfield, WI 53005"",""note"":""""},{""type"":""phone"",""value"":""414-319-9160"",""note"":""""},{""type"":""email"",""value"":""shires@parentchoice.org"",""note"":""""},{""type"":""website"",""value"":""https://schoolchoicewiaction.org/"",""note"":""""}]"		K-12 education issues, especially those pertaining to vouchers and charter schools.	K-12 education issues, especially those pertaining to the Parental Choice Programs, Special Needs Scholarship Program, and charter schools.
11578	WI-principal-11578	Cicero Action	WI				"[{""type"":""address"",""value"":""2112 Rio Grande Street\nAustin, TX 78705"",""note"":""""},{""type"":""phone"",""value"":""502-419-4454"",""note"":""""},{""type"":""email"",""value"":""bryan@ciceroinstitute.org"",""note"":""""},{""type"":""website"",""value"":""http://ciceroaction.org"",""note"":""""}]"		Cicero Action in a nonprofit association advocating for policy solutions related to criminal justice, housing, health care, regulation, transportation and education.	Cicero Action may attempt to influence legislation in the policy areas of criminal justice, housing, healthcare, education, transportation and regulation.
11579	WI-principal-11579	Wisconsin Grocers Association	WI				"[{""type"":""address"",""value"":""1 East Main Street, Suite 404\nMadison, WI 53703"",""note"":""""},{""type"":""phone"",""value"":""(608) 244-7150"",""note"":""""},{""type"":""email"",""value"":""msemmann@wisconsingrocers.com"",""note"":""""},{""type"":""website"",""value"":""http://www.wisconsingrocers.com"",""note"":""""}]"	Michael Semmann	Independent grocers and grocery chains, warehouses & brokers, vendors, suppliers and manufacturers.	Taxes, regulations, WIC, food safety, alcohol & tobacco regulations, retail theft & bad checks, health care, workforce, consumer protection, food insecurity, technology, select transportation issues, and general business practices.
11580	WI-principal-11580	Superior Water, Light & Power	WI				"[{""type"":""address"",""value"":""2915 Hill Avenue\nSuperior, WI 54880"",""note"":""""},{""type"":""phone"",""value"":""218-343-8958"",""note"":""""},{""type"":""email"",""value"":""jskandel@swlp.com"",""note"":""""},{""type"":""website"",""value"":""http://www.swlp.com"",""note"":""""}]"	Robert Sandstrom	Superior Water, Light and Power Co., sells electricity, water and natural gas to customers in Superior, Wisconsin, and adjacent areas. We have served the city of Superior and surrounding areas in northwestern Wisconsin since 1889 and have 15,000 electric customers, 13,000 natural gas customers and 10,000 water customers.	Issues, topics, statues and changes affecting the electric, gas, and water utility industry.
11581	WI-principal-11581	Alliance of Health Insurers, U.A.	WI				"[{""type"":""address"",""value"":""10 East Doty Street Suite 500\nMadison, WI 53703"",""note"":""""},{""type"":""phone"",""value"":""(608) 258-9506"",""note"":""""},{""type"":""email"",""value"":""pirlot@hamilton-consulting.com"",""note"":""""},{""type"":""website"",""value"":""http://www.allianceofhealthinsurers.com"",""note"":""""}]"	Anthony Mollica	Organized to represent health insurers and their members.	Legislative and regulatory matters affecting the sale and purchase of health insurance, the funding and operations of the Medical Assistance Program, the cost and delivery of health services, and general health and insurance policy.
11582	WI-principal-11582	Mothers Against Drunk Driving	WI				"[{""type"":""address"",""value"":""511 E. John Carpenter Freeway, Suite 200\nIrving, TX 75062"",""note"":""""},{""type"":""phone"",""value"":""2026881194"",""note"":""""},{""type"":""email"",""value"":""frank.harris@madd.org"",""note"":""""},{""type"":""website"",""value"":""http://www.madd.org"",""note"":""""}]"		The mission of Mothers Against Drunk Driving (MADD) is to end drunk driving, help fight drugged driving, support the victims of these violent crimes, and prevent underage drinking.	drunk driving, impaired driving, underage drinking, transportation, traffic safety, drugged driving
11583	WI-principal-11583	Wisconsin Academy of Audiology	WI				"[{""type"":""address"",""value"":""5727 Pembroke Drive\nFitchburg, Wi 53711"",""note"":""""},{""type"":""phone"",""value"":""608-273-3036"",""note"":""""},{""type"":""email"",""value"":""vheidi@audible-difference.com"",""note"":""""}]"	Veronica Heidi	Wisconsin Audiology Advocates is a professional association of audiologists taking action as an organization in public health and consumer protection for their patients health, safety and wellbeing. The Advocates will work with other Wisconsin medical professionals, regional and national audiology partners in presenting the organizations issues, concerns and solutions into the legislative process, .	Wisconsin Audiology Advocates will communicate with the Governor and members of the Legislature about bills that are pending, will work with the Department of Safety and Professional Services and will connect with research and policy orgaiziantions within and beyond Wisconsin.
11584	WI-principal-11584	3M Company	WI				"[{""type"":""address"",""value"":""3M Center, 220-9E-02\nSt. Paul, MN 55144"",""note"":""""},{""type"":""phone"",""value"":""6089990603"",""note"":""""},{""type"":""email"",""value"":""tclark@mmm.com"",""note"":""""},{""type"":""website"",""value"":""http://www.3m.com"",""note"":""""}]"	Bill Brown	Traffic control and materials. General corporate and business issues.	Matters relating to transportation, law enforcement, safety, registration issues, registration plates, commerce, business, health, environment and taxation.
11585	WI-principal-11585	National Railroad Museum	WI				"[{""type"":""address"",""value"":""2285 South Broadway\nGreen Bay, Wi 54304"",""note"":""""},{""type"":""phone"",""value"":""920-437-7623  x117"",""note"":""""},{""type"":""email"",""value"":""jdfrank@nationalmuseum.org"",""note"":""""},{""type"":""website"",""value"":""http://www.nationalrrmuseum.org "",""note"":""""}]"		The National Railroad Museum is dedicated to preserving the rich history of rail in Wisconsin and indeed throughout the United States. The NRM is the home of many national and international high caliber rail exhibits and collections. The NRM seeks to work with the State of Wisconsin to expand and enhance all it's many and diverse educational opportunities.	The National Railroad Museum seeks to partner with the Wisconsin Department of Administration, the Wisconsin Building Commission and all members of the Wisconsin Legislature to advocate for a proposal to enhance and expand its facilities.
11586	WI-principal-11586	Americans For Prosperity	WI				"[{""type"":""address"",""value"":""44 E Mifflin, Suite 600\nMadison, WI , WI 53703"",""note"":""""},{""type"":""phone"",""value"":""(608) 690-0943"",""note"":""""},{""type"":""email"",""value"":""jponio@afphq.org"",""note"":""""},{""type"":""website"",""value"":""https://afpwisconsin.com/"",""note"":""""}]"		Nonprofit 501(c)(4) organization	All issues pertaining to the size and scope of government, taxation, regulation, licensing, public safety, K-12 education opportunity, free speech, energy reform, and government spending.
11588	WI-principal-11588	League of Wisconsin Municipalities	WI				"[{""type"":""address"",""value"":""316 W Washington\nMadison , WI 53703"",""note"":""""},{""type"":""phone"",""value"":""608-716-8215"",""note"":""""},{""type"":""email"",""value"":""therkert@lwm-info.org"",""note"":""""},{""type"":""website"",""value"":""http://www.lwm-info.org/"",""note"":""""}]"		Our membership is composed of Wisconsin's Cities and Villages	The League focuses its lobbying efforts on issues affecting municipal powers, funding, and organization including legislation and provisions of the 2025-2027 biennial budget including zoning, land use, environmental regulations, transportation, economic development including brownfields, utility administration, housing, election administration, public safety, parks, and levy limits, shared revenue, expenditure restraint and payment of municipal services.
11589	WI-principal-11589	Wisconsin Society of Anesthesiologists	WI				"[{""type"":""address"",""value"":""6737 West Washington Street, Suite 4210\nMilwaukee, WI 53214"",""note"":""""},{""type"":""phone"",""value"":""(414) 389-8616"",""note"":""""},{""type"":""email"",""value"":""marie@thewsa.org"",""note"":""""},{""type"":""website"",""value"":""http://www.thewsa.org"",""note"":""""}]"	Marie Odden	Physicians certified to provide anesthesia services to patients in the state of Wisconsin.	Areas concerning the delivery of anesthesia services by physicians and the regulation of such services.
11590	WI-principal-11590	Dairy Business Association	WI				"[{""type"":""address"",""value"":""2763 Manitowoc Rd\nGreen Bay, WI 54311"",""note"":""""},{""type"":""phone"",""value"":""608-345-6906"",""note"":""""},{""type"":""email"",""value"":""czuleger@dairyforward.com"",""note"":""""},{""type"":""website"",""value"":""http://www.dairyforward.com"",""note"":""""}]"	Tim Trotter	Dairy community	Legislation and regulatory approaches that help the dairy community to be more successful
11591	WI-principal-11591	Wisconsin Restaurant Association	WI				"[{""type"":""address"",""value"":""2801 Fish Hatchery Road\nFitchburg, WI 53713"",""note"":""""},{""type"":""phone"",""value"":""608.216.2875"",""note"":""""},{""type"":""email"",""value"":""squam@wirestaurant.org"",""note"":""""},{""type"":""website"",""value"":""http://www.wirestaurant.org"",""note"":""""}]"	Kristine Hillmer	"Wisconsin Restaurant Association (WRA) is a not-for-profit trade association dedicated to the success of the restaurant and hospitality industry.

The WRA provides representation for the hospitaity industry to create a favorable political and regulatory environment at all levels of government. The WRA represents over 7,000 locations. WRA members include all types of restaurants, from seasonal drive-ins, supper clubs, bars, diners and locally owned franchisees to corporate dining and hotels/resorts. Over 70 percent of WRA members are independent restaurants with alcohol licenses."	The Wisconsin Restaurant Association will work to insure that no new taxes on small businesses are created and maintain equal property tax relief for businesses.  WRA will work to maintain the September 1 school start law and an increase in the state budget for tourism promotion.  WRA is keenly interested in all alcohol laws and their impact on the ever changing restaurant industry.  WRA will work to limit new mandates on employers in the area of employee benefits such as health insurance, and finding a viable solution for more small businesses to offer affordable employee benefits to their employees.  WRA is interested in workplace issues such as minimum wage, workers' compensation, unemployment compensation, and teen labor laws. WRA will work to protect the integrity of the restaurant industry by working for necessary and equitable regulations associated with food safety, workforce/labor, alcohol and energy access.
11592	WI-principal-11592	American Civil Liberties Union of Wisconsin Inc	WI				"[{""type"":""address"",""value"":""207 E Buffalo St Ste 325\nMilwaukee, WI 53202"",""note"":""""},{""type"":""phone"",""value"":""414-272-4032 x201"",""note"":""""},{""type"":""email"",""value"":""mbrennan@aclu-wi.org"",""note"":""""},{""type"":""website"",""value"":""http://www.aclu-wi.org"",""note"":""""}]"		A 501(c)(4) membership group dedicated to defending civil liberties and civil rights of all Wisconsin residents in a non-partisan manner.	The ACLU of Wisconsin lobbies in the areas of constitutional rights including but not limited to voting rights, racial justice, reproductive freedom, police, prisons and criminal legal reform, freedom of speech and association, LGBTQIA rights, youth rights and equal education, immigrants' rights, disability justice, freedom of religion, freedom of religion, privacy, technology, and liberty, and indigenous justice.
11594	WI-principal-11594	National Alliance on Mental Illness Wisconsin	WI				"[{""type"":""address"",""value"":""414 Atlas Avenue\nMadison, WI 53714"",""note"":""""},{""type"":""phone"",""value"":""(608) 268-6000 x_____"",""note"":""""},{""type"":""email"",""value"":""marykay@namiwisconsin.org"",""note"":""""},{""type"":""website"",""value"":""http://www.namiwisconsin.org"",""note"":""""}]"		"The mission of NAMI Wisconsin is to improve the quality of life of people affected by mental illness and to promote recovery. NAMI Wisconsin will accomplish its mission through the following:

   1) Promote public education and understanding of mental illnesses.
    2)  Advocate at all levels of government and throughout the public sector to improve mental health care in Wisconsin.
    3) Support affiliates by providing follow-up advice and counsel; educational and training programs and materials; access to financial resources as appropriate; and by offering conferences, seminars, and presentations.
    4) Establish and strengthen local affiliates to keep with NAMI's principles and guidelines."	NAMI Wisconsin works at the state level to influence the legislature in areas of health and mental health care, criminal justice, youth mental health, education, stigma reduction and other areas affecting the quality of life for people with mental illness and their families. We also have a network of members and non-members who engage in grassroots advocacy throughout the state.
11595	WI-principal-11595	American College of Nurse-Midwives (WI Affiliate)	WI				"[{""type"":""address"",""value"":""N76W15004 Menomonee Manor Drive\nMenomonee Falls, WI 53051"",""note"":""""},{""type"":""phone"",""value"":""(414) 331-5609"",""note"":""""},{""type"":""email"",""value"":""midwifescherer@gmail.com"",""note"":""""},{""type"":""website"",""value"":""http://wisconsin.midwife.org/"",""note"":""""}]"	MaryAnne Scherer	Professional association of nurse midwives in Wisconsin	Legislation and administrative rules affecting the practice of nurse-midwifery in Wisconsin.
11596	WI-principal-11596	Wisconsin Defense Counsel (formerly Civil Trial Counsel of Wisconsin)	WI				"[{""type"":""address"",""value"":""10 E Doty St, Ste 500\nMadison, WI 53703"",""note"":""""},{""type"":""phone"",""value"":""(608) 258-9506"",""note"":""""},{""type"":""email"",""value"":""hogan@hamilton-consulting.com"",""note"":""""},{""type"":""website"",""value"":""http://www.wdc-online.org"",""note"":""""}]"	Heather  Nelson	Trial lawyers primarily engaged in the defense of civil litigation.	Substantive and procedural issues impacting on the civil justice system and litigation related thereto.
11597	WI-principal-11597	Wisconsin Funeral Directors Association	WI				"[{""type"":""address"",""value"":""10 East Doty Street Suite 500\nMadison, WI 53703"",""note"":""""},{""type"":""phone"",""value"":""608-258-9506"",""note"":""""},{""type"":""email"",""value"":""hogan@hamilton-consulting.com"",""note"":""""}]"	Jim Klemmer	The association represents the professional interests of Wisconsin's funeral homes and directors.	Issues related to funeral service, cemeteries, burial trusts, health and family services, medical assistance, vital records.
11598	WI-principal-11598	Wisconsin Democracy Campaign	WI				"[{""type"":""address"",""value"":""203 S Paterson Street Suite 100\nMadison, WI 53703"",""note"":""""},{""type"":""phone"",""value"":""6082554260"",""note"":""""},{""type"":""email"",""value"":""speer@wisdc.org"",""note"":""""},{""type"":""website"",""value"":""https://www.wisdc.org/"",""note"":""""}]"		Wisconsin public interest nonpartisan 501(c)(3) nonprofit building democracy in Wisconsin	campaign finance reform, transparent/open government, voting rights, economic justice, racial equity, redistricting, judicial integrity, media
11599	WI-principal-11599	Secure Democracy USA and its Affiliates	WI				"[{""type"":""address"",""value"":""611 Pennsylvania Ave SE, Suite 201\nWashington, DC 20003"",""note"":""""},{""type"":""phone"",""value"":""(202) 984-1342"",""note"":""""},{""type"":""email"",""value"":""reporting@securedemocracyusa.org"",""note"":""""},{""type"":""website"",""value"":""http://www.securedemocracyusa.org"",""note"":""""}]"		Those interested in issues affecting safe and secure elections and voter rights.	Issues affecting safe and secure elections and voter rights issues.
11600	WI-principal-11600	LeadingAge Wisconsin	WI				"[{""type"":""address"",""value"":""204 S Hamilton St\nMadison, WI 53703"",""note"":""""},{""type"":""phone"",""value"":""(608) 398-8090"",""note"":""""},{""type"":""email"",""value"":""kbattiato@leadingagewi.org"",""note"":""""},{""type"":""website"",""value"":""http://www.LeadingAgeWI.org"",""note"":""""}]"	Position  Vacant	Mission-driven senior living providers, including skilled nursing facilities, assisted living facilities, housing and other health-related facilities and services owned and/or sponsored by religious, fraternal, labor, private and government organizations.	Proposed legislation regarding Skilled Nursing Facilities, CBRFs, Residential Care Apartment Complex (RCAC); Independent Living Facilities; Medicaid; Family Care; and other health care related issues; administrative rules and regulations in DHS, DOR, OCI, DWD, and Reg. & Licensing; Long-Term Care redesign proposals. Biennial State Budget bill; Biennial State Budget Adjustment Bill
11601	WI-principal-11601	MacIver Impact, Inc	WI				"[{""type"":""address"",""value"":""44 E Mifflin Suite 404\nMadison, WI 53703"",""note"":""""},{""type"":""phone"",""value"":""608-630-2093"",""note"":""""},{""type"":""email"",""value"":""aolson@maciverinstitute.com"",""note"":""""}]"		Other non profits with a common mission, and citizens and organizations that are impacted by the policies that we will advocate for.	Policy related to economic, tax, spend, education, healthcare, Constitutional matters.
11602	WI-principal-11602	Wisconsin State Firefighter's Association	WI				"[{""type"":""address"",""value"":""PO Box 267\nMazomanie, WI 53560"",""note"":""""},{""type"":""phone"",""value"":""(608) 401-1650"",""note"":""""},{""type"":""email"",""value"":""wsfa@wistateff.org"",""note"":""""},{""type"":""website"",""value"":""http://www.wistateff.org"",""note"":""""}]"	Christopher Klahn	The Association represents both volunteer and career firefighters in Wisconsin.	Our Association would be interested in FEMA, DNR and Homeland Security legislation.   We would be interested in issues related to firefighter health and safety.
11603	WI-principal-11603	Wisconsin Academy of Ophthalmology	WI				"[{""type"":""address"",""value"":""563 Carter Court, Suite B\nKimberly, WI 54136"",""note"":""""},{""type"":""phone"",""value"":""(920) 560-5645"",""note"":""""},{""type"":""email"",""value"":""eric@badgerbay.co"",""note"":""""},{""type"":""website"",""value"":""http://www.wieyemd.org"",""note"":""""}]"	Eric Ostermann	Ophthalmologists -- medical doctors specializing in eye care.	We are interested in issues related to the availability and quality of medical eye care and vision care and the treatment of eye diseases medically and surgically.  We also are concerned with matters relating to the practice of medicine and health insurance issues.
11604	WI-principal-11604	Wisconsin Psychiatric Association	WI				"[{""type"":""address"",""value"":""563 Carter Court, Suite B\nKimberly, WI 54136"",""note"":""""},{""type"":""phone"",""value"":""(920) 560-5643"",""note"":""""},{""type"":""email"",""value"":""eric@badgerbay.co"",""note"":""""},{""type"":""website"",""value"":""http://www.thewpa.org"",""note"":""""}]"	Eric Ostermann	State association of psychiatrists	Legislation and regulation that affect the practice of psychiatry in the state of Wisconsin.
11605	WI-principal-11605	Wisconsin Chapter of the American College of Emergency Physicians	WI				"[{""type"":""address"",""value"":""563 Carter Court, Suite B\nKimberly, WI 54136"",""note"":""""},{""type"":""phone"",""value"":""(920) 750-7725"",""note"":""""},{""type"":""email"",""value"":""eric@badgerbay.co"",""note"":""""},{""type"":""website"",""value"":""http://www.wisconsinacep.org"",""note"":""""}]"	Eric Ostermann	Represents the interests/practice of emergency physicians.	WACEP is interested in securing access to emergency care to all in need, with as few as possible hindrances/restrictions imposed upon patients by other entities (e.g. government agencies, third party payors).  WACEP supports efforts to insure emergency care is provided by well-trained physicians and support personnel.  WACEP supports public policies to enhance safety, decrease risk of illness/injury in all settings and promote prevention measures.
11606	WI-principal-11606	Association of Wisconsin Surgery Centers, Inc.	WI				"[{""type"":""address"",""value"":""563 Carter Court, Suite B\nKimberly, WI 54136"",""note"":""""},{""type"":""phone"",""value"":""(920) 560-5627"",""note"":""""},{""type"":""email"",""value"":""eric@badgerbay.co"",""note"":""""},{""type"":""website"",""value"":""http://www.wisc-asc.org"",""note"":""""}]"	Eric Ostermann	Professionals engaged in the clinical and administrative management of Wisconsin ambulatory surgery centers.	Ambulatory surgical center regulations and taxes; health care regulations; medical liability issues; health care financing, Medicaid reimbursement
11607	WI-principal-11607	Wisconsin Public Health Association	WI				"[{""type"":""address"",""value"":""563 Carter Court, Suite B\nKimberly, WI 53136"",""note"":""""},{""type"":""phone"",""value"":""(920) 882-3650"",""note"":""""},{""type"":""email"",""value"":""WPHA@badgerbay.co"",""note"":""""},{""type"":""website"",""value"":""http://www.wpha.org"",""note"":""""}]"	Eric Ostermann	Promotion of sound public health policy and education.	WPHA will monitor and actively participate in the review and shaping of proposals relating to public health.
11608	WI-principal-11608	Wisconsin Cheese Makers Association	WI				"[{""type"":""address"",""value"":""5117 West Terrace Drive Suite 402\nMadison, WI 53718"",""note"":""""},{""type"":""phone"",""value"":""(608) 286-1001"",""note"":""""},{""type"":""email"",""value"":""jumhoefer@wischeesemakers.org"",""note"":""""},{""type"":""website"",""value"":""http://www.wischeesemakers.org"",""note"":""""}]"	John Umhoefer	Dairy manufacturers and suppliers.	Policy areas including dairy regulation; environmental policy and regulation; taxation and labor issues; dairy producer related legislation; food safety issues; transportation.
11609	WI-principal-11609	Wisconsin Craft Beverage Coalition	WI				"[{""type"":""address"",""value"":""205 County Road E\nRipon, WI 54971"",""note"":""""},{""type"":""phone"",""value"":""920-342-3332"",""note"":""""},{""type"":""email"",""value"":""ryan@vinesandrushes.com"",""note"":""""}]"	Ryan Prellwitz	A coalition of the Wisconsin Brewers Guild, Wisconsin Winery Association, and Wisconsin Distillers Guild.	All matters affecting alcohol, alcohol enforcement, Chapter 125, and general business operations.
11611	WI-principal-11611	SEIU Wisconsin State Council	WI				"[{""type"":""address"",""value"":""33 Nob Hill Road\nMadison, WI 53713"",""note"":""""},{""type"":""phone"",""value"":""(414) 520-1752"",""note"":""""},{""type"":""email"",""value"":""psickel@seiuwi.org"",""note"":""""}]"		Healthcare, commercial and private office building services, convention services, sport hospitality, security and related vendors and industries	To promote pro-worker positions on: labor policy, income inequality, healthcare policy, climate justice and sustainability.
11612	WI-principal-11612	Associated Builders and Contractors of Wisconsin Inc	WI				"[{""type"":""address"",""value"":""5330 Wall Street\nMadison, WI 53718"",""note"":""""},{""type"":""phone"",""value"":""(608) 244-5883"",""note"":""""},{""type"":""email"",""value"":""jschulze@abcwi.org"",""note"":""""},{""type"":""website"",""value"":""http://www.abcwi.org"",""note"":""""}]"	Kelly Tourdot	Construction industry, commercial, and heavy markets.	The association may attempt to influence issues and rules that deal with employer/employee relations such as training, equal rights, workers and unemployment compensation, wage rates, taxes (payroll).  Also issues which deal with marketplace conditions such as government intervention into the private sector, utility intrusion into private sector, expansion of states infrastructure (highways), and environmentally related regulations.
11613	WI-principal-11613	IRG Action Fund	WI				"[{""type"":""address"",""value"":""PO Box 180291\nDelafield, WI 53018"",""note"":""""},{""type"":""phone"",""value"":""6086984625"",""note"":""""},{""type"":""email"",""value"":""cr@reforminggovernment.org"",""note"":""""},{""type"":""website"",""value"":""http://IRGAction.com"",""note"":""""}]"		Based on the policy reforms generated by IRG and similar think tanks, IRG Action Fund works to turn conservative policy solutions into law.	Tax relief, economic development, health care reform, child welfare, K-12 and higher education, government programs and benefits, state spending reform, administrative rulemaking, and state agency policies and structure.
11614	WI-principal-11614	CropLife America	WI				"[{""type"":""address"",""value"":""4201 Wilson Boulevard\nArlington , VA 22204"",""note"":""""},{""type"":""phone"",""value"":""(202)872-3856"",""note"":""""},{""type"":""email"",""value"":""spizzoferrato@croplifeamerica.org"",""note"":""""},{""type"":""website"",""value"":""http://www.croplifeamerica.org"",""note"":""""}]"	Alexandra  Dunn	CropLife America is a crop protection association that represents the companies that develop, manufacture, formulate and distribute crop protection products and plant science solutions for agriculture and pest management in the United States.	Agricultural chemicals, agricultural biotechnology, land stewardship, pollinator protection, water quality, groundwater standards, agrochemical fees and regulations, and foreign ownership of agricultural land.
11615	WI-principal-11615	Wisconsin Dairy Products Association Inc	WI				"[{""type"":""address"",""value"":""144 East Main Street\nStoughton, WI 53589"",""note"":""""},{""type"":""phone"",""value"":""(608) 235-8443"",""note"":""""},{""type"":""email"",""value"":""amywinters@wdpa.net"",""note"":""""},{""type"":""website"",""value"":""http://www.wdpa.net"",""note"":""""}]"	Amy Winters	Trade association representing Wisconsin dairy processors	Issues impacting dairy processors and the dairy industry including dairy plant rules, food safety, dairy product labeling, labor issues, taxation, producer security, nutrient management, packaging regulations, dairy marketing, exports, transportation infrastructure, bulk milk collection, sampling and housing shortages.
11617	WI-principal-11617	Ho-Chunk Nation	WI				"[{""type"":""address"",""value"":""PO Box 667  W9814 Airport Road\nBlack River Falls, WI 54615"",""note"":""""},{""type"":""phone"",""value"":""(715) 284-9343"",""note"":""""},{""type"":""email"",""value"":""LambertCleveland@ho-chunk.com"",""note"":""""}]"		The HCN Government is charged with securing the rights of tribal members and advancing the general welfare of the Ho-Chunk people, while sustaining its culture and  traditions and perpetuating its soveriegnty.	The HCN may seek to comment on treaty rights and matters of taxation, social and health services, law enforcement, land use and intergovernmental agreements that affect tribal governmental affairs and operations.
11618	WI-principal-11618	AMS of Wisconsin	WI				"[{""type"":""address"",""value"":""9532 East 16 Frontage Road\nOnalaska, WI 54650"",""note"":""""},{""type"":""phone"",""value"":""(608) 783-0506"",""note"":""""},{""type"":""email"",""value"":""srogers@addictionmedical.net"",""note"":""""},{""type"":""website"",""value"":""http://amswisconsin.com"",""note"":""""}]"	Sharel Rogers	Increase access to quality outpatient addiction and related behavioral health treatment.	Opioid treatment provider rule changes and legislative attempts to impose licensure requirements.
11622	WI-principal-11622	Alliance of Wisconsin Retailers, LLC	WI				"[{""type"":""address"",""value"":""N56 W1700 Ridgewood Drive\nMenomonee Falls, WI 53051"",""note"":""""},{""type"":""phone"",""value"":""(262) 703-2720"",""note"":""""},{""type"":""email"",""value"":""steve.thomas@kohls.com"",""note"":""""}]"	Steve Thomas	Retail trade.	All matters affecting Wisconsin's retailers including tax policies, environmental legislation, minimum wage, energy issues, health care, gift cards, data security, and sick leave legislation.
11623	WI-principal-11623	Consumer Data Industry Association	WI				"[{""type"":""address"",""value"":""1090 Vermont Avenue, NW, Suite 200\nWashington, DC 20005"",""note"":""""},{""type"":""phone"",""value"":""(703) 965-5286"",""note"":""""},{""type"":""email"",""value"":""sohs@cdiaonline.org"",""note"":""""}]"	Stuart Pratt	CDIA represents consumer information companies.	All matters related to credit reports; data regulation; data security; credit scoring; access to public records.
11625	WI-principal-11625	Lume Holding Company	WI				"[{""type"":""address"",""value"":""769 Chicago Road, Floor 2\nTroy, MI 48083"",""note"":""""},{""type"":""phone"",""value"":""248-877-2336"",""note"":""""},{""type"":""email"",""value"":""mattkussow@gmail.com"",""note"":""""}]"	David  Morrow	Lume is the largest Michigan-based cannabis company with a world class product, cultivation facility and retail experience.	Issues relating to medical and recreational marijuana and Delta products.
11626	WI-principal-11626	Visa, Inc.	WI				"[{""type"":""address"",""value"":""325 7th St NW Ste 800\nWashington, DC 20004"",""note"":""""},{""type"":""phone"",""value"":""9209882320"",""note"":""""},{""type"":""email"",""value"":""mattkussow@gmail.com"",""note"":""""},{""type"":""website"",""value"":""http://www.visa.com"",""note"":""""}]"	Alfred Kelly	Digital payment network	Issues affecting financial service sector and electronic payments.
11627	WI-principal-11627	Wisconsin Bakers Association	WI				"[{""type"":""address"",""value"":""PO Box 658\nMuskego, WI 53150"",""note"":""""},{""type"":""phone"",""value"":""9209882320"",""note"":""""},{""type"":""email"",""value"":""mattkussow@gmail.com"",""note"":""""},{""type"":""website"",""value"":""http://wibakers.com"",""note"":""""}]"	Jessica Hoover	Baking Industry	Food and safety, professional licensing
11628	WI-principal-11628	WAVE Educational Fund	WI				"[{""type"":""address"",""value"":""PO Box 170393\nMilwaukee, WI 53217"",""note"":""""},{""type"":""phone"",""value"":""4143519283"",""note"":""""},{""type"":""email"",""value"":""wave@waveedfund.org"",""note"":""""},{""type"":""website"",""value"":""http://www.waveEdfund.org"",""note"":""""}]"		Wisconsin Citizens	Prevention of suicide, homicide and accidental firearm injuries and deaths through community violence prevention programs, strengthening firearm violence prevention policies and suicide prevention programs.
11631	WI-principal-11631	Common Cause in Wisconsin	WI				"[{""type"":""address"",""value"":""P O Box 2597\nMadison, WI 53701"",""note"":""""},{""type"":""phone"",""value"":""(608) 512-9363"",""note"":""""},{""type"":""email"",""value"":""ccwisjwh@gmail.com"",""note"":""""},{""type"":""website"",""value"":""http://commoncausewisconsin.org"",""note"":""""}]"		Non-profit, non-partisan lobbying organization supporting campaign finance reform, redistricting reform, voting rights and open and accountable government.	Legislation and rules concerning campaign finance, elections, redistricting, ethics of public officials, regulation of lobbyists and government operations.
11632	WI-principal-11632	Municipal Environmental Group -  Water Division	WI				"[{""type"":""address"",""value"":""PO Box 927\nMadison, WI 537010927"",""note"":""""},{""type"":""phone"",""value"":""(608) 283-1723"",""note"":""""},{""type"":""email"",""value"":""cbeals@boardmanclark.com"",""note"":""""},{""type"":""website"",""value"":""http://megwater.org/"",""note"":""""}]"		Represents communities operating publicly owned water supply systems.	Legislation and rules affecting municipal drinking water utilities.
11633	WI-principal-11633	Wisconsin Automobile and Truck Dealers Association, Inc.	WI				"[{""type"":""address"",""value"":""150 E Gilman Street STE A100\nMadison, WI 53703"",""note"":""""},{""type"":""phone"",""value"":""(608) 251-5577"",""note"":""""},{""type"":""email"",""value"":""wsepic@watda.org"",""note"":""""},{""type"":""website"",""value"":""http://www.watda.org"",""note"":""""}]"	William Sepic	State of Wisconsin licensed automobile and truck dealers	All areas relevant to the interest of automobile and truck dealers, as well as other general business issues. Franchise laws, transportation funding, insurance repair issues, sales tax, small claims, employment law, dealer training, etc.
11635	WI-principal-11635	Metropolitan Milwaukee Association of Commerce	WI				"[{""type"":""address"",""value"":""301 W. Wisconsin Ave 220\nMilwaukee, WI 53203"",""note"":""""},{""type"":""phone"",""value"":""4142874141"",""note"":""""},{""type"":""email"",""value"":""adavis@mmac.org"",""note"":""""},{""type"":""website"",""value"":""https://www.mmac.org/"",""note"":""""}]"	Dale Kooyenga	Our mission is to improve metro Milwaukee as a place to invest capital, grow business and create jobs.	Our 2,500+ member businesses with more than 300,000 employees in Milwaukee, Waukesha, Washington and Ozaukee counties are representative of the region's diverse industry mix.  We help make the Milwaukee region affordable for both businesses and their employees by having a voice on policies that matter. We support policies that improve the overall job creation, health and prosperity of the Wisconsin economy and advocate for policies that support employers, nurture entrepreneurs, and invest in the working success of our city and region.
11636	WI-principal-11636	Jefferson County Economic Development Consortium	WI				"[{""type"":""address"",""value"":""864 Collins Rd, Ste 111\nJefferson, WI 53549"",""note"":""""},{""type"":""phone"",""value"":""920.674.8710"",""note"":""""},{""type"":""email"",""value"":""DReinbold@jeffersoncountywi.gov"",""note"":""""}]"		Economic development	Jefferson County Economic Development Consortium will work with government agencies and lawmakers to promote the economic competitiveness of Greater Jefferson County.
11637	WI-principal-11637	Wisconsin Manufacturers & Commerce	WI				"[{""type"":""address"",""value"":""2 Buttonwood Court\nMadison, WI 53718"",""note"":""""},{""type"":""phone"",""value"":""(608) 258-3400"",""note"":""""},{""type"":""email"",""value"":""smanley@wmc.org"",""note"":""""},{""type"":""website"",""value"":""http://www.wmc.org"",""note"":""""}]"	Kurt Bauer	The businesses community as a whole, including manufacturing, energy, retail, agriculture, health care, food processing, banking, insurance, mining and other service sectors.	WMC lobbies all issues pertaining to business with an emphasis on the following issue areas: taxation; labor relations; environment; business regulation; health care; civil justice; energy; transportation and workforce.
11638	WI-principal-11638	Municipal Environmental Group - Wastewater Division	WI				"[{""type"":""address"",""value"":""123 E. Delavan Drive\nJanesville, WI 53546"",""note"":""""},{""type"":""phone"",""value"":""608-755-3115"",""note"":""""},{""type"":""email"",""value"":""bottsd@ci.janesville.wi.us"",""note"":""""},{""type"":""website"",""value"":""https://megwastewater.org"",""note"":""""}]"		Its interests are legislative and rulemaking matters related to municipal wastewater facilities.	Issues associated with watershed management in Wisconsin, regulatory limits on point and nonpoint discharges, regulation of publicly owned treatment works and other regulations potentially affecting the ability of publicly owned treatment works to provide cost effective wastewater treatment services to the public.
11639	WI-principal-11639	Wisconsin Dental Association	WI				"[{""type"":""address"",""value"":""5325 Wall Street, Suite 2000\nMadison, WI 53718"",""note"":""""},{""type"":""phone"",""value"":""414-755-4130"",""note"":""""},{""type"":""email"",""value"":""agustafson@wda.org"",""note"":""""},{""type"":""website"",""value"":""http://wda.org"",""note"":""""}]"	Mark Paget	Regulations and laws impacting the provision of dental care and the practice of dentistry	Regulation of the practice of dentistry; public health issues; appointments to the Dentistry Examing Board; dental workforce issues; dental hygiene; Marquette University School of Dentistry; third party payer; insurance benefits
11640	WI-principal-11640	Wisconsin Farmers Union	WI				"[{""type"":""address"",""value"":""30 W. Mifflin St., Suite 905\nMadison, WI 53703"",""note"":""""},{""type"":""phone"",""value"":""(715) 450-9507"",""note"":""""},{""type"":""email"",""value"":""mramirezwhite@wisconsinfarmersunion.com"",""note"":""""},{""type"":""website"",""value"":""http://www.wisconsinfarmersunion.com"",""note"":""""}]"	Julie Keown-Bomar	The Wisconsin Farmers Union membership is made up of people from all walks of agriculture and life. From conventional to organic, rural to urban, our members find community in an organization that empowers them to have a voice in the issues that affect them. Wisconsin Farmers Union isn't just for farmers. We also welcome rural residents and consumers who want to participate in our programs and advocate for family farming.	All matters affecting agriculture, including farming, land use planning, property taxes, rural infrastructure, agri-tourism, farm-based renewable energy, water quality, and access to health care for farmers and rural residents, campaign finance reform and nonpartisan redistricting, local food procurement, and anti-trust/anti-monopoly policy.
11641	WI-principal-11641	Wisconsin Athletic Trainers Association Inc.	WI				"[{""type"":""address"",""value"":""103 N Hamilton\nMadison, WI 53703"",""note"":""""},{""type"":""phone"",""value"":""(608) 293-3717"",""note"":""""},{""type"":""email"",""value"":""watainc.president@gmail.com"",""note"":""""},{""type"":""website"",""value"":""http://www.watainc.org"",""note"":""""}]"	Steve Hillmer	Interested in matters pertaining to the licensure and practice of Athletic Training, healthcare and sports medicine. Athletic Trainers are licensed health care providers who practice in a variety of settings including Professional, Collegiate, High School, Youth, Club and recreational sports, Academics, Industry and Clinical and other health care settings. Athletic Trainers are experts in prevention, injury recognition, evaluation, management and rehabilitation of injuries sustained by active individuals.	"Health Care
Occupational Medicine
Sports Medicine
Athletics
Athletic Training Licensure and Education"
11642	WI-principal-11642	DailyPay, Inc.	WI				"[{""type"":""address"",""value"":""55 Broad Street\nNew York, NY 10004"",""note"":""""},{""type"":""phone"",""value"":""(866) 432-0472"",""note"":""""},{""type"":""email"",""value"":""publicaffairs@dailypay.com"",""note"":""""}]"	Jason Lee	Payroll and payroll services / earned wage access regulation	Earned wage access / real time payroll legislation and regulation
11644	WI-principal-11644	End Domestic Abuse Wisconsin: the Wisconsin Coalition Against Domestic Violence	WI				"[{""type"":""address"",""value"":""1400 East Washington Avenue, S\nMadison, WI 53703"",""note"":""""},{""type"":""phone"",""value"":""(608) 255-0539"",""note"":""""},{""type"":""email"",""value"":""moniquem@endabusewi.org"",""note"":""""},{""type"":""website"",""value"":""http://www.endabusewi.org"",""note"":""""}]"		At End Domestic Abuse Wisconsin, we educate shelter and program volunteers and advocates, law enforcement, legislators, and community members to provide safety and support to survivors. We strive to shift Wisconsin from the attitudes and beliefs that cause domestic violence to values of mutual respect and equality, and we partner with communities in the effort to prevent and end domestic abuse.	Civil, criminal, and family laws; state budget, housing, and health care.
11645	WI-principal-11645	A-Team Grassroots System Inc.	WI				"[{""type"":""address"",""value"":""P.O. Box 278\nFort Atkinson, WI 53538"",""note"":""""},{""type"":""phone"",""value"":""(262) 894-6224"",""note"":""""},{""type"":""email"",""value"":""ateamgrassroots@gmail.com"",""note"":""""}]"		Member families throughout Wisconsin share the common goal of grassroots efforts to educate and advocate for an understanding of the disabled community and its efforts to create employment, housing, and living opportunities. Its families engage with lawmakers and policymakers  to support medicaid funding for a full array of service choice.	A-team will work to influence the legislative process of budgeting and statute creation in an effort to advance the cause of benefitting people with disabilities in the workplace, society, and home. A-team will lobby to protect 14(c) status and the benefits it offers to employers and employees.
11646	WI-principal-11646	Pro-Life Wisconsin	WI				"[{""type"":""address"",""value"":""P.O. Box 221\nBrookfield, WI 53008"",""note"":""""},{""type"":""phone"",""value"":""(262) 796-1111 x113"",""note"":""""},{""type"":""email"",""value"":""matt.s@prolifewi.org"",""note"":""""},{""type"":""website"",""value"":""http://www.prolifewi.org"",""note"":""""}]"		Protecting innocent human life from conception to natural death.	Pro-Life Wisconsin seeks to influence all legislation which directly affects the unborn, the aged, the disabled, and the terminally ill.  Pro-Life Wisconsin upholds the inherent dignity of the human person, opposing all abortion, contraception, euthanasia, cloning and embryo destructive research.  We also oppose any public financing of abortion, contraception, euthanasia and cloning and embryo destructive research.  Reproductive technology, family planning, and conscience rights issues.
11647	WI-principal-11647	Wisconsin Game Preserve Association	WI				"[{""type"":""address"",""value"":""N6011 Hillside Drive\nSullivan, Wi 54178"",""note"":""""},{""type"":""phone"",""value"":""(262) 617-6343"",""note"":""""},{""type"":""email"",""value"":""jkleefisch.jk@gmail.com"",""note"":""""}]"	Tim Zindl	WGPA is a business association comprised of game bird breeders, sport shooting facilities, owners, managers and specialty vendors who provide services and products used by the industry as part of Wisconsin's sport and hunting heritage.	The Wisconsin Game Preserve Association will be active in all legislative and administrative areas of our state government that affect the ownership, operation or management of our businesses . We continue to work closely with the DATCP in the areas of animal health disease and rural economic development. We honor the sporting heritage of our state and add to to the alternative agricultural economy.
11648	WI-principal-11648	Numotion	WI				"[{""type"":""address"",""value"":""155 Franklin Rd. Ste. 100\nBrentwood, TN 37027"",""note"":""""},{""type"":""phone"",""value"":""(615) 933-5005"",""note"":""""},{""type"":""email"",""value"":""timothycasey@numotion.com"",""note"":""""},{""type"":""website"",""value"":""http://www.numotion.com"",""note"":""""}]"	Mike Swinford	Numotion produces, fits, and sells mobility equipment for people with disabilities.	Numotion intends to lobby the administration during the rule making process as it applies to 2017 Wisconsin Act 306. Numotion intends to lobby the legislature, executive branch, and administration in relation to medicaid funding for mobility standing technology for people with disabilities.
11651	WI-principal-11651	Whitetails of Wisconsin	WI				"[{""type"":""address"",""value"":""525 Old Highway Rd\nMineral Point, WI 53565"",""note"":""""},{""type"":""phone"",""value"":""(608) 669-6185"",""note"":""""},{""type"":""email"",""value"":""ryanroads32@gmail.com"",""note"":""""}]"	Ryan Rodenkirch	Association of Wisconsin Deer Farmers and Shooting Preserves.	All areas of administrative, tax, regulatory, and legislative policy which affect the ownership, management, or operation of a Wisconsin Deer Farm or Ranch.
11652	WI-principal-11652	Aspen Power (formerly Fieldworks Power)	WI				"[{""type"":""address"",""value"":""16 Birch Point\nGreenland, NH 03840"",""note"":""""},{""type"":""phone"",""value"":""414-464-6611"",""note"":""""},{""type"":""email"",""value"":""sarah@fieldworkspower.com"",""note"":""""}]"	Sarah Moon	Approving and supplying community solar energy	Advocating for approval and statutory authority to initiate and supply community solar as part of the energy grid.
11653	WI-principal-11653	Safari Club	WI				"[{""type"":""address"",""value"":""S.40 W.28112 Hwy 59\nWaukesha, WI 53189"",""note"":""""},{""type"":""phone"",""value"":""(262) 408-7632"",""note"":""""},{""type"":""email"",""value"":""dantrawicki@hotmail.com"",""note"":""""}]"	Dan Trawicki	Safari club is a pro hunting organization. We support the right to legally hunt all species of game in Wisconsin.	Hunting bills, and any and all bills that effect the ability of sportsman to participate in our hunting rights and heritage.
11654	WI-principal-11654	All Voting Is Local Action	WI				"[{""type"":""address"",""value"":""11 Dupont Circle NW, Suite 575\nWashington, DC 20036"",""note"":""""},{""type"":""phone"",""value"":""6083591956"",""note"":""""},{""type"":""email"",""value"":""compliance@allvotingislocal.org"",""note"":""""},{""type"":""website"",""value"":""https://allvotingislocal.org/avl-action/"",""note"":""""}]"		Historically disenfranchised voters.	We fight for policies and legislative priorities that expand pathways to voter registration and access to safe in-person voting and vote by mail so that every voice is heard.
11655	WI-principal-11655	Insulet Corporation	WI				"[{""type"":""address"",""value"":""100 Nagog Park\nAction, MA 01720"",""note"":""""},{""type"":""phone"",""value"":""6082550566"",""note"":""""},{""type"":""email"",""value"":""jhayes@insulet.com"",""note"":""""},{""type"":""website"",""value"":""http://Insulet.com"",""note"":""""}]"	Jim Hollingshead	Improving the lives of people with diabetes and other conditions through its Omnipod delivery system.	Medicaid; channels of access for insulin pumps.
11657	WI-principal-11657	American Petroleum Institute	WI				"[{""type"":""address"",""value"":""200 Massachusetts Ave. NW #1100\nWashington, DC 20001"",""note"":""""},{""type"":""phone"",""value"":""(202) 682-8219"",""note"":""""},{""type"":""email"",""value"":""mcgowand@api.org"",""note"":""""},{""type"":""website"",""value"":""http://www.api.org"",""note"":""""}]"	Mike Sommers	Oil and natural gas industry.	Any legislative or administrative action/proposal which may have a direct or indirect impact upon the petroleum and natural gas industries or upon a segment thereof.
11658	WI-principal-11658	Wisconsin Civil Justice Council, Inc	WI				"[{""type"":""address"",""value"":""10 E Doty Street, Suite 500\nMadison, WI 53703"",""note"":""""},{""type"":""phone"",""value"":""(608) 258-9506"",""note"":""""},{""type"":""email"",""value"":""pirlot@hamilton-consulting.com"",""note"":""""},{""type"":""website"",""value"":""http://wisciviljusticecouncil.org/"",""note"":""""}]"	Brad Boycks	To promote fairness and equality in Wisconsin's civil justice system, business groups, and associations.	Legislation addressing lawsuit abuse and statutory reforms to Wisconsin's civil justice system.
11660	WI-principal-11660	Legal Action of Wisconsin	WI				"[{""type"":""address"",""value"":""633 W. Wisconsin Ave, Suite 2000\nMilwaukee, WI 53203"",""note"":""""},{""type"":""phone"",""value"":""414-274-3425"",""note"":""""},{""type"":""email"",""value"":""abw@legalaction.org"",""note"":""""},{""type"":""website"",""value"":""http://www.legalaction.org"",""note"":""""}]"		Non profit law firm representing low-income people in their civil legal aid matters.	Issues related to civil legal problems of low-income people
11663	WI-principal-11663	OHI, Inc	WI				"[{""type"":""address"",""value"":""W5449 Archer Lane\nWild Rose, WI 54984"",""note"":""""},{""type"":""phone"",""value"":""920 622 3498"",""note"":""""},{""type"":""email"",""value"":""button@Ohi.org"",""note"":""""},{""type"":""website"",""value"":""http://ohi.org"",""note"":""""}]"	James  Button	advancing the outdoor hospitality industry	all matters affecting the outdoor hospitality industry including personal property taxes
11664	WI-principal-11664	Walmart Inc.	WI				"[{""type"":""address"",""value"":""702 SW 8th Street\nBentonville, AR 72716"",""note"":""""},{""type"":""phone"",""value"":""(517) 488-4896"",""note"":""""},{""type"":""email"",""value"":""nick.infante@stateandfed.com"",""note"":""""}]"	C. Douglas McMillon	Retail sales, real estate, and business issues.	All matters affecting the retail industry
11665	WI-principal-11665	Greater Madison Chamber of Commerce	WI				"[{""type"":""address"",""value"":""PO Box 71\nMadison, WI 53701"",""note"":""""},{""type"":""phone"",""value"":""(608) 443-1963"",""note"":""""},{""type"":""email"",""value"":""david@madisonbiz.com"",""note"":""""},{""type"":""website"",""value"":""http://www.madisonbiz.com"",""note"":""""}]"	Zach Brandon	Greater Madison business interests at state level	Areas impacting new technology, capital for business and entrepreneurs, biotechnology, governance issues in Dane County, issues impacting Dane County talent (i.e. the UW-Madison), and other areas that could impact Dane County businesses and the Dane County economy.
11669	WI-principal-11669	Menominee County	WI				"[{""type"":""address"",""value"":""PO Box 279\nKeshena, WI 54315"",""note"":""""},{""type"":""phone"",""value"":""(715) 799-3369"",""note"":""""},{""type"":""email"",""value"":""cwalter@co.menominee.wi.us"",""note"":""""}]"		County government	"State funding for county government.
State regulation of county services."
11670	WI-principal-11670	Amalgamated Transit Union Local 998	WI				"[{""type"":""address"",""value"":""734 N 26th Street\nMilwaukee, WI 53233"",""note"":""""},{""type"":""phone"",""value"":""414-342-4300"",""note"":""""},{""type"":""email"",""value"":""President@ATU998.org"",""note"":""""},{""type"":""website"",""value"":""http://atu998.org"",""note"":""""}]"		ATU 998 will advocate on behalf of its members and reach out to the other ATU workers from across the State, and will work closely with state and local transit agencies to secure additional program support and funding.	To advocate for additional statevfinancing in future budgets for the expansion of public transit bus routes around this state, work with the WDOT, the entire Executive Branch and all members of the Legislature. ATU supports the creation of Regional Transit Authorities to connect communities, and to renew the push for uniform security for public transit. ATU Local 998 will work closely with private providers who have transit contracts and devote time in renewing past transportation industry partners and vendors. ATU will establish priorities focusing on the workforce, elderly and disabled and the growing numbers of our non driving population.
11671	WI-principal-11671	Cooperative Network	WI				"[{""type"":""address"",""value"":""44 E Mifflin Street, Suite 801\nMadison, WI 53703"",""note"":""""},{""type"":""phone"",""value"":""(608) 258-4402"",""note"":""""},{""type"":""email"",""value"":""jennifer@cooperativenetwork.coop"",""note"":""""},{""type"":""website"",""value"":""http://www.cooperativenetwork.coop"",""note"":""""}]"	Jennifer Wickman	Cooperative businesses of all types, including farm supply, farm credit, credit union, dairy, healthcare, electric utility, housing, consumer, worker-owned, telecommunications/technology, testing and breeding, food, purchasing and mutual insurance.	Cooperative Network represents a wide range of cooperative businesses and therefore tracks and lobbies on a wide range of issues, including those affecting financial institutions, telephone and rural electric utilities, dairy, farm supply, livestock marketing, insurance, consumer, purchasing, worker-owned, healthcare and housing. State agencies Cooperative Network works with routinely include, but are not limited to the PSC, DATCP, DNR, DFI, OCU, OCI, Commerce, DSPS, DWD, DHS, and DOT.
11673	WI-principal-11673	Wisconsin Academy of Physician Assistants	WI				"[{""type"":""address"",""value"":""280 Pittfield Run\nCameron , NC 28326"",""note"":""""},{""type"":""phone"",""value"":""(609) 498-7468"",""note"":""""},{""type"":""email"",""value"":""info@wapa.org"",""note"":""""},{""type"":""website"",""value"":""http://www.wapa.org"",""note"":""""}]"	Roger Lovelace	Physician Assistants	Proposals affecting health care as well as any proposal relating to the licensure, practice, and regulation of physician assistants in Wisconsin.
11674	WI-principal-11674	Wisconsin County Human Services Association	WI				"[{""type"":""address"",""value"":""563 Carter Court, Suite B\nKimberly, WI 54136"",""note"":""""},{""type"":""phone"",""value"":""920-560-5612"",""note"":""""},{""type"":""email"",""value"":""eric@badgerbay.co"",""note"":""""},{""type"":""website"",""value"":""https://www.wchsa.org/"",""note"":""""}]"	John Tuohy	Local county human services departments and their staff across the state of Wisconsin.	Advocate for policies and funding for human services.
11676	WI-principal-11676	WiscNet	WI				"[{""type"":""address"",""value"":""605 Science Drive\nMadison, WI 53711"",""note"":""""},{""type"":""phone"",""value"":""(608) 210-3954"",""note"":""""},{""type"":""email"",""value"":""johnpederson@wiscnet.net"",""note"":""""},{""type"":""website"",""value"":""http://wiscnet.net"",""note"":""""}]"		The network will support collaborative instruction, research, economic development and public service; facilitate access to regional and national networks and hence to national resources such as supercomputer centers; and generally support the education, service and research mission of the members.	The policy areas we follow are education, research, economic development and public service; additionally access to regional and national networks and hence to national resources such as supercomputer centers.  We generally support the education, service and research mission of the members.  Some examples of our members include Wisconsin-based technical colleges, private colleges and universities, public and parochial K-12 school systems, regional cooperative educational service agencies, regional library systems, healthcare providers, county and municipality governments, and the State of Wisconsin.
11677	WI-principal-11677	Kooth U.S.	WI				"[{""type"":""address"",""value"":""1828 Walnut St., 3rd Fl\nKansas City, MO 64108"",""note"":""""},{""type"":""phone"",""value"":""6189782180"",""note"":""""},{""type"":""email"",""value"":""sbolotin@kooth.com"",""note"":""""}]"	Tim Barker	Kooth offers a digital platform that provides clinically proven, research evidenced therapies for dealing with various behavioral health conditions	Behavioral health
11678	WI-principal-11678	Wisconsin Land and Water Conservation Association, Inc.	WI				"[{""type"":""address"",""value"":""121 S. Pinckney St. Ste. 420\nMadison, WI 53703"",""note"":""""},{""type"":""phone"",""value"":""(608) 441-2677"",""note"":""""},{""type"":""email"",""value"":""matt@wisconsinlandwater.org"",""note"":""""},{""type"":""website"",""value"":""http://wisconsinlandwater.org"",""note"":""""}]"		Membership is comprised of Wisconsin county land conservation committee members and county land and water conservation department staff.	Issues pertaining to county land and water conservation department interests, such as protecting water quality and quantity, soil conservation, nonpoint source pollution, wetland protection, invasive species control and mitigation, land use planning, farmland preservation, and budget matters related to county conservation departments and state departments of agriculture and natural resources.
11679	WI-principal-11679	Wireless Infrastructure Association	WI				"[{""type"":""address"",""value"":""1000 Wilson Boulevard, Suite 1800\nArlington, VA 22209"",""note"":""""},{""type"":""phone"",""value"":""(703) 684-1110"",""note"":""""},{""type"":""email"",""value"":""compliance_wi_wia@multistate.us"",""note"":""""},{""type"":""website"",""value"":""http://www.wia.org"",""note"":""""}]"	Patrick Halley	The Wireless Infrastructure Association represents the companies that make up the wireless infrastructure ecosystem in the United States.	Wireless infrastructure and enabling wireless communications.
11681	WI-principal-11681	Wisconsin Public Education Action Fund Inc.	WI				"[{""type"":""address"",""value"":""1502 W. Broadway, Suite 102\nMadison, WI 53713"",""note"":""""},{""type"":""phone"",""value"":""6085721696"",""note"":""""},{""type"":""email"",""value"":""hdb@WiscEdAction.org"",""note"":""""},{""type"":""website"",""value"":""http://wiscedaction.org"",""note"":""""}]"		A nonpartisan, nonprofit 501(c)(4) project supporting students attending Wisconsin public schools and the nonpartisan advocacy of the Wisconsin Alliance for Excellent Schools.	All issues related to and impacting public education funding and policy, including the biennial budget, education related bills, legislation related to funding, operation and expansion of private and privately operated schools, accountability for all publicly funded schools, and all matters related to curriculum and instruction, school governance, community engagement, student rights, transparency, good government and voting.
11683	WI-principal-11683	American Cancer Society Cancer Action Network (ACS CAN)	WI				"[{""type"":""address"",""value"":""2318 Teal Drive\nMadison, WI 53711"",""note"":""""},{""type"":""phone"",""value"":""(608) 215-7535"",""note"":""""},{""type"":""email"",""value"":""sara.sahli@cancer.org"",""note"":""""},{""type"":""website"",""value"":""http://www.fightcancer.org"",""note"":""""}]"		ACS CAN is the advocacy affiliate of the American Cancer Society.	Tobacco control policy - taxation, prevention, cessation - health care access, affordability and adequacy, Palliative Care, Medicaid and nutrition and physical activity policy. Insurance benefit reform including copay accumulator
11685	WI-principal-11685	National Association of Social Workers - Wisconsin Chapter	WI				"[{""type"":""address"",""value"":""122 W. Washington Avenue, Suite 101\nMadison, WI 53703"",""note"":""""},{""type"":""phone"",""value"":""(608) 257-6334"",""note"":""""},{""type"":""email"",""value"":""mherstand.naswwi@socialworkers.org"",""note"":""""},{""type"":""website"",""value"":""http://www.naswwi.socialworkers.org"",""note"":""""}]"	Marc Herstand	Social work professionals.	NASW monitors activities of the Examining Board and the Social Workers Section of the Examing Board of Social Workers, Marriage & Family Therapists, and Professional Counselors.  We also monitor proposals and rules submitted by the Dept. of Safety and Professional Services, the Department of Health Services, the Department of Children and Families and other state departments as they impact on social workers and our clients..  .  In the area of social policy, NASW WI is particularly interested in bills related to health care, social services, welfare reform, violence and family issues.
11686	WI-principal-11686	Citizen Action of Wisconsin	WI				"[{""type"":""address"",""value"":""4716 W Vliet St.\nMilwaukee, WI 53208"",""note"":""""},{""type"":""phone"",""value"":""414-322-5324"",""note"":""""},{""type"":""email"",""value"":""robert.kraig@citizenactionwi.org"",""note"":""""},{""type"":""website"",""value"":""http://www.citizenactionwi.org"",""note"":""""}]"		Social and economic justice.	Health care, climate equity, good jobs, tax fairness, consumer rights, and democracy
11688	WI-principal-11688	FGA Action Inc	WI				"[{""type"":""address"",""value"":""75 North Woodward Avenue #80038\nTallahassee, FL 32313"",""note"":""""},{""type"":""phone"",""value"":""(850) 792-4704"",""note"":""""},{""type"":""email"",""value"":""legal@fgaaction.org"",""note"":""""},{""type"":""website"",""value"":""http://fgaaction.org"",""note"":""""}]"		Advocates for free enterprise, individual liberty, and a limited, accountable government.	Opportunity Solutions Project supports government reform.  This includes but is not limited to occupational licensure, public benefits programs, and health care reform.
11689	WI-principal-11689	Anheuser-Busch Companies (formerly Anheuser-Busch Companies, Inc.)	WI				"[{""type"":""address"",""value"":""One Busch Place, 202-8\nSt Louis, MO 63118"",""note"":""""},{""type"":""phone"",""value"":""(614) 847-6250"",""note"":""""},{""type"":""email"",""value"":""scott.corbitt@anheuser-busch.com"",""note"":""""},{""type"":""website"",""value"":""https://www.anheuser-busch.com/"",""note"":""""}]"	Michel Doukeris	Primarily the manufacture of beer & related products and services.	Matters affecting Anheuser-Busch Companies, or any subsidiaries thereof.  Business regulation and enforcement, three-tier system and taxation of beer.
11691	WI-principal-11691	American Red Cross	WI				"[{""type"":""address"",""value"":""4860 Sheboygan Ave\nMadison, WI 53705"",""note"":""""},{""type"":""phone"",""value"":""(608) 227-1303"",""note"":""""},{""type"":""email"",""value"":""mark.thomas3@recross.org"",""note"":""""},{""type"":""website"",""value"":""http://www.arcbadger.org "",""note"":""""}]"		The American Red Cross is a humanitarian organization that provides emergency assistance, disaster relief, and disaster preparedness education in the United States	"The Red Cross will target areas that help people prevent, prepare for, and respond to emergencies.  Such areas may include disaster response and education, terrorism response, medical and health issues, and education on issues such as CPR, Compression only CPR, or other first-aid responses.
Red Cross is also interested in anything related to blood donation and maintaining an adequate blood supply to be able to respond in times of need."
11692	WI-principal-11692	Delta Dental of Wisconsin Inc	WI				"[{""type"":""address"",""value"":""PO Box 828\nStevens Point, WI 54481"",""note"":""""},{""type"":""phone"",""value"":""(715) 344-6087"",""note"":""""},{""type"":""email"",""value"":""jroher@deltadentalwi.com"",""note"":""""},{""type"":""website"",""value"":""http://www.deltadentalwi.com"",""note"":""""}]"		Non-profit dental insurance company.  Administer and underwrite group dental insurance.	Legislation and administrative rules relating to the marketing and regulation of dental insurance.  Support for strong oral health practices and expanded access to dental care throughout Wisconsin.
11693	WI-principal-11693	Wisconsin Interscholastic Athletic Association	WI				"[{""type"":""address"",""value"":""5516 Vern Holmes Drive\nStevens Point, WI 54482"",""note"":""""},{""type"":""phone"",""value"":""(715) 344-8580"",""note"":""""},{""type"":""email"",""value"":""shauser@wiaawi.org"",""note"":""""},{""type"":""website"",""value"":""http://www.wiaawi.org"",""note"":""""}]"	Stephanie Hauser	The WIAA is governed by its member schools. Rules and policies of the Association are developed, promulgated and implemented by the membership either through membership vote for constitutional issues or through a membership-elected committee structure for sport seasons regulations at the high school level.	WIAA monitors legislation relating to high school athletics requirements including laws pertaining to eligibility for student athletes, coaches, referees and schools.  Additionally they track potential laws requiring private organizations to disclose public records.
11694	WI-principal-11694	Giffords	WI				"[{""type"":""address"",""value"":""1310 L Street NW, Suite 600\nWashington, DC 20005"",""note"":""""},{""type"":""phone"",""value"":""(571) 488-5742"",""note"":""""},{""type"":""email"",""value"":""compliance_wi_giffords@multistate.us"",""note"":""""}]"		Firearms safety.	Matters pertaining to gun violence prevention policy.
11695	WI-principal-11695	Accenture LLP	WI				"[{""type"":""address"",""value"":""699 14th St., NW, 10th Floor\nWashington, DC 20005"",""note"":""""},{""type"":""phone"",""value"":""(202) 533-1146"",""note"":""""},{""type"":""email"",""value"":""matthew.nicholson@stateandfed.com"",""note"":""""}]"	Julie Sweet	Information technology	All matters affecting information technology
11696	WI-principal-11696	DynaVap, LLC	WI				"[{""type"":""address"",""value"":""6371 North Towne Rd\nWindsor, WI 53598"",""note"":""""},{""type"":""phone"",""value"":""608-455-8338"",""note"":""""},{""type"":""email"",""value"":""jason.hunt@dynavap.com"",""note"":""""},{""type"":""website"",""value"":""https://www.dynavap.com/"",""note"":""""}]"	Jason  Hunt	DynaVap proudly designs, engineers, and manufactures vaporizers and associated hardware.	"All matters affecting or impacting the use of, production and sale of thermal extraction devices as well as cannabis and hemp derived cannabis 
legalization, taxation and regulation."
11697	WI-principal-11697	Advanced Medical Technology Association	WI				"[{""type"":""address"",""value"":""1301 Pennsylvania Ave NW, Suite 400\nWashington, DC 20004"",""note"":""""},{""type"":""phone"",""value"":""612-819-2217"",""note"":""""},{""type"":""email"",""value"":""bobby.patrick@stateandfed.com"",""note"":""""},{""type"":""website"",""value"":""https://www.advamed.org/"",""note"":""""}]"	Scott Whitaker	Medical Technology	All matters affecting the medical device industry.
11699	WI-principal-11699	RENEW Wisconsin	WI				"[{""type"":""address"",""value"":""214 N. Hamilton Street Suite 300\nMadison, WI 53703"",""note"":""""},{""type"":""phone"",""value"":""(608) 255-4044 x109"",""note"":""""},{""type"":""email"",""value"":""beata@renewwisconsin.org"",""note"":""""},{""type"":""website"",""value"":""http://www.renewwisconsin.org"",""note"":""""}]"		Issues affecting renewable energy and related subjects such as wind energy, solar energy, bioenergy, hydropower, geothermal, biomass, biogas, energy storage, battery storage, electric vehicles, utilities, the electric grid, and workforce training.	Issues affecting renewable energy such as wind, solar, bioenergy, and energy-related issues such as electric generation and transmission, utilities, Focus on Energy,  energy storage, electric vehicles, and workforce training.
11700	WI-principal-11700	Fortinet, Inc.	WI				"[{""type"":""address"",""value"":""899 Kifer Rd.\nSunnyvale, CA 94086"",""note"":""""},{""type"":""phone"",""value"":""650-804-4690"",""note"":""""},{""type"":""email"",""value"":""cyd.stevenson@stateandfed.com"",""note"":""""},{""type"":""website"",""value"":""http://www.fortinet.com"",""note"":""""}]"	Ken Xie	Founded more than 20 years ago in Sunnyvale, California, Fortinet continues to be a driving force in the evolution of cybersecurity and the convergence of networking and security. Securing people, devices, and data everywhere is our mission. To that end, our portfolio of over 50 enterprise-grade products is the largest integrated offering available, delivering proven cybersecurity everywhere you need it. More than 805,000 customers trust Fortinet solutions, which are among the most deployed, most patented, and most validated in the industry.	Founded more than 20 years ago in Sunnyvale, California, Fortinet continues to be a driving force in the evolution of cybersecurity and the convergence of networking and security. Securing people, devices, and data everywhere is our mission. To that end, our portfolio of over 50 enterprise-grade products is the largest integrated offering available, delivering proven cybersecurity everywhere you need it. More than 805,000 customers trust Fortinet solutions, which are among the most deployed, most patented, and most validated in the industry.
11702	WI-principal-11702	Vitu, Inc. (f/k/a Motor Vehicle Software Corporation)	WI				"[{""type"":""address"",""value"":""29901 Agoura Rd.\nAgoura Hills, CA 91301"",""note"":""""},{""type"":""phone"",""value"":""877-368-3375"",""note"":""""},{""type"":""email"",""value"":""Daniel.Pullium@coxautoinc.com"",""note"":""""}]"	Don  Armstrong	Vehicle registration, licensing, and tilting	Legislation and regulations affecting vehicle registration and licensing
11704	WI-principal-11704	American Council of Engineering Companies of Wisconsin	WI				"[{""type"":""address"",""value"":""316 W Washington Ave, Suite 950\nMadison, WI 53703"",""note"":""""},{""type"":""phone"",""value"":""(608) 257-9223"",""note"":""""},{""type"":""email"",""value"":""chris@acecwi.org"",""note"":""""},{""type"":""website"",""value"":""http://www.acecwi.org"",""note"":""""}]"	Chris Klein	The American Council of Engineering Companies of Wisconsin (ACEC WI) represents Wisconsin’s engineering businesses. Our mission is to create a healthy environment for engineering firms to advance the prosperity and welfare of Wisconsin. ACEC WI members design roads, bridges, dams, water and wastewater facilities, buildings, recreational facilities and more.	The American Council of Engineering Companies of Wisconsin monitors contracting issues including qualifications based selection, procurement & design-build, environmental & development issues, infrastructure, transportation and state agency funding, tort reform, licensing matters of design professionals.
11705	WI-principal-11705	Wisconsin Newspaper Association	WI				"[{""type"":""address"",""value"":""34 Schroeder Court, Suite 220\nMadison, WI 53711"",""note"":""""},{""type"":""phone"",""value"":""(608) 283-7621"",""note"":""""},{""type"":""email"",""value"":""beth.bennett@wnanews.com"",""note"":""""},{""type"":""website"",""value"":""http://www.WNAnews.com"",""note"":""""}]"	Beth Bennett	Newspaper industry.	Our interests include open meeting and open records issues, First Amendment, independent contractors, recycling, information brokering, taxation, workers' compensation and unemployment, and publication of legal (public) notices.
11707	WI-principal-11707	Amgen, Inc.	WI				"[{""type"":""address"",""value"":""55 Boulder Brook Road\nWellesley, WA 02481"",""note"":""""},{""type"":""phone"",""value"":""(781) 235-3502"",""note"":""""},{""type"":""email"",""value"":""david.goggin@stateandfed.com"",""note"":""""}]"	Robert Bradway	Pharmaceutical  manufacturing	All matters relating to the pharmaceuticals and health care industries
11708	WI-principal-11708	TMap LLC (DBA MakeMyMove)	WI				"[{""type"":""address"",""value"":""215 E 38th St\nIndianapolis, IN 46205"",""note"":""""},{""type"":""phone"",""value"":""317-698-6599"",""note"":""""},{""type"":""email"",""value"":""mike@makemymove.com"",""note"":""""},{""type"":""website"",""value"":""http://makemymove.com"",""note"":""""}]"	Michael Rutz	MakeMyMove is the first and only platform that connects move-ready talent with the cities and towns that are competing for their relocations.	We would like to create a program that provides grants to communities to recruit new households to grow population and workforce.  The State of Wisconsin would provide financial support to communities to launch and scale talent recruitment programs in the form of matching grants to the communities. These matching grants will help cover the costs of the programming, incentives, marketing, and recruitment services. In turn, the communities will provide the local support to recruit, convert, and welcome their new residents and all of the economic benefit that comes with them.
11709	WI-principal-11709	SAS Institute Inc.	WI				"[{""type"":""address"",""value"":""100 SAS Campus Drive, Building A, Office A7238\nCary, NC 27513"",""note"":""""},{""type"":""phone"",""value"":""(919) 531-4760"",""note"":""""},{""type"":""email"",""value"":""melissa.grosso@stateandfed.com"",""note"":""""},{""type"":""website"",""value"":""http://www.sas.com"",""note"":""""}]"	Jim Goodnight	Matters affecting information technology and data analytics	Matters affecting information technology and data analytics
11710	WI-principal-11710	American Promise	WI				"[{""type"":""address"",""value"":""33 Bradford Street\nConcord, MA 01742"",""note"":""""},{""type"":""phone"",""value"":""978-254-6275"",""note"":""""},{""type"":""email"",""value"":""brian.boyle@stateandfed.com"",""note"":""""},{""type"":""website"",""value"":""https://americanpromise.net/"",""note"":""""}]"		American Promise empowers, inspires, and organizes Americans to win the cause of our time: the For Our Freedom Amendment to the United States Constitution. This historic reform will rebalance our politics and government by putting the rights of individual citizens and the interests of the nation before the privileges of concentrated money, corporations, unions, political parties, and superPACs. American Promise leads the non‐partisan, fifty‐state campaign for the For Our Freedom Amendment so that people, not money, govern America.	American Promise will be working to build state legislative support for a cross‐partisan, bicameral resolution that respectfully calls upon Congress to propose the constitutional amendment and send it to the States for ratification.
11711	WI-principal-11711	Consumer Debt Relief Initiative	WI				"[{""type"":""address"",""value"":""1717 Pennsylvania Ave. NW, Suite 1025\nWashington, DC 20006"",""note"":""""},{""type"":""phone"",""value"":""(202) 577-5467"",""note"":""""},{""type"":""email"",""value"":""cliff@debtreliefadvocate.com"",""note"":""""}]"	Cliff Andrews	An organization representing members of the debt settlement industry.	DFI rule making
11712	WI-principal-11712	Everylife Foundation for Rare Diseases	WI				"[{""type"":""address"",""value"":""1012 14th NW, Suite 500\nWashington , DC 20005"",""note"":""""},{""type"":""phone"",""value"":""202-697-7273"",""note"":""""},{""type"":""email"",""value"":""dsimon@everylifefoundation.org"",""note"":""""},{""type"":""website"",""value"":""http://everylifefoundation.org"",""note"":""""}]"		Advancing newborn screening issues	Advancing newborn screening issues in the State.
11713	WI-principal-11713	InState Partners	WI				"[{""type"":""address"",""value"":""1028 33rd Street, NW  Suiute 200\nWashington, DC 20007"",""note"":""""},{""type"":""phone"",""value"":""(314) 725-0800"",""note"":""""},{""type"":""email"",""value"":""ajohnson@instatepartners.com"",""note"":""""}]"	Alex Johnson	Issues that affect our holdings or client companies.	Regulatory, tax, housing, transportation, energy, healthcare and all other issues that may affect our organization or client members.
11714	WI-principal-11714	Wisconsin Nurses Association	WI				"[{""type"":""address"",""value"":""6200 Gisholt Drive, Suite 104\nMadison, WI 53713"",""note"":""""},{""type"":""phone"",""value"":""608-228-3300"",""note"":""""},{""type"":""email"",""value"":""gina@wisconsinnurses.org"",""note"":""""},{""type"":""website"",""value"":""http://www.wisconsinnurses.org"",""note"":""""}]"	Georgina Dennik-Champion	Registered nurses in Wisconsin who are members of WNA.	"1. Advocate for licensure of advanced practice registered nurses
2. Increase the supply of nurse faculty through allocation of state dollars for loan forgiveness and scholarships
3. Recognize the value of nurses who are preceptors for nursing students"
11715	WI-principal-11715	Community Choice Financial	WI				"[{""type"":""address"",""value"":""5165 Emerald Parkway, Suite 100\nDublin, OH 43017"",""note"":""""},{""type"":""phone"",""value"":""615-610-6364"",""note"":""""},{""type"":""email"",""value"":""DSchwarz@ccfi.com"",""note"":""""}]"	William Saunders Jr.	Consumer finance	Issues impacting the consumer finance industry
11716	WI-principal-11716	Horizon High School	WI				"[{""type"":""address"",""value"":""PO Box 45045\nMadison, WI 53744"",""note"":""""},{""type"":""phone"",""value"":""(608)4387480"",""note"":""""},{""type"":""email"",""value"":""Jhfour@gmail.com"",""note"":""""},{""type"":""website"",""value"":""http://Horizonhs.org"",""note"":""""}]"	John Fournelle	Recovery school	Focus on expansion of the recovery school model. Addressing the needs of substance use and mental health in youth/teens
11717	WI-principal-11717	Madison Gas & Electric Company	WI				"[{""type"":""address"",""value"":""PO Box 1231\nMadison, WI 53701"",""note"":""""},{""type"":""phone"",""value"":""(608) 252-7962"",""note"":""""},{""type"":""email"",""value"":""mspencer@mge.com"",""note"":""""},{""type"":""website"",""value"":""http://www.mge.com"",""note"":""""}]"	Jeffrey Keebler	An investor-owned public utility engaged in the generation, transmission and distribution of electric energy and the distribution of natural gas.	Legislation and administrative rules that affect the utility industry including, but not limited to, energy conservation, renewable energy, air emissions, facility siting, economic development and industry regulation.
11718	WI-principal-11718	Copart	WI				"[{""type"":""address"",""value"":""14185 Dallas Pkwy\nDallas, TX 75254"",""note"":""""},{""type"":""phone"",""value"":""(214) 534-6546"",""note"":""""},{""type"":""email"",""value"":""mark.binder@copart.com"",""note"":""""},{""type"":""website"",""value"":""http://www.copart.com"",""note"":""""}]"	Jay Adair	Auto Auctions	Issue and regulations impacting auto auctions.
11720	WI-principal-11720	Enbridge Energy Company, Inc.	WI				"[{""type"":""address"",""value"":""20 F Street NW Ste. 550\nWashington, DC 20001"",""note"":""""},{""type"":""phone"",""value"":""(202) 347-3387"",""note"":""""},{""type"":""email"",""value"":""peter.holran@enbridge.com"",""note"":""""},{""type"":""website"",""value"":""http://www.enbridge.com"",""note"":""""}]"	Greg Ebel	Pipeline transportation of liquid petroleum & natural gas.	Legislation and regulations pertaining to energy and transportation of energy.
11721	WI-principal-11721	US Dealer Licensing	WI				"[{""type"":""address"",""value"":""10 Skyline Dr\nArlington, WI 53911"",""note"":""""},{""type"":""phone"",""value"":""(312) 388-0330"",""note"":""""},{""type"":""email"",""value"":""shah.anik1@gmail.com"",""note"":""""}]"	Anik Shah	Wholesale Vehicle Sales	All regulatory, tax and legislative Issue affecting the wholesale vehicle market
11722	WI-principal-11722	Wisconsin Utilities Association Inc	WI				"[{""type"":""address"",""value"":""44 E Mifflin Street, Suite 402\nMadison, WI 53703"",""note"":""""},{""type"":""phone"",""value"":""(608) 257-3151"",""note"":""""},{""type"":""email"",""value"":""bskewes@wisconsinutilities.com"",""note"":""""},{""type"":""website"",""value"":""http://wiutilities.org"",""note"":""""}]"	William Skewes	The investor-owned gas and electric utilities.	All legislation and rules affecting investor-owned utilities including, but not limited to, tax, environment, regulation, tax reform.
11724	WI-principal-11724	Wisconsin Professional Police Association	WI				"[{""type"":""address"",""value"":""660 John Nolen Drive Suite 300, Madison, WI  53713\nMADISON, WI 53713"",""note"":""""},{""type"":""phone"",""value"":""6082733840"",""note"":""""},{""type"":""email"",""value"":""palmer@wppa.com"",""note"":""""}]"		Active and retired Wisconsin law enforcement officers.	The areas of public policy on which the WPPA intends to advocate relate to employment relations, retirement, disability, collective bargaining for public employees, criminal justice, local government operations and general areas of taxation or tax related issues involving municipal funding.
11725	WI-principal-11725	Heartland Impact	WI				"[{""type"":""address"",""value"":""3949 N Wilke Rd\nArlington Heights, IL 60004"",""note"":""""},{""type"":""phone"",""value"":""2624099816"",""note"":""""},{""type"":""email"",""value"":""csholty@heartlandimpact.org"",""note"":""""},{""type"":""website"",""value"":""http://www.heartlandimpact.org"",""note"":""""}]"		Heartland Impact advocates for public policies that advance economic growth and individual liberties for all Americans.	Heartland Impact for policies affecting economic matters such as tax policy, employment and economic development, and investment and securities policies, and energy policy. Additionally, we will engage on legislation related to K12 education and healthcare.
11726	WI-principal-11726	Instructure	WI				"[{""type"":""address"",""value"":""6330 South 3000 East Suite 700\nSalt Lake City, UT 84121"",""note"":""""},{""type"":""phone"",""value"":""800.203.6755"",""note"":""""},{""type"":""email"",""value"":""cdowns@instructure.com"",""note"":""""},{""type"":""website"",""value"":""http://www.instructure.com"",""note"":""""}]"	Steve  Daly	Education instruction resources	Issues impacting education and education learning management systems.
11727	WI-principal-11727	Sealed	WI				"[{""type"":""address"",""value"":""22 W 38th St.  10th Floor\nNew York, NY 10018"",""note"":""""},{""type"":""phone"",""value"":""917-382-3729"",""note"":""""},{""type"":""email"",""value"":""david.kolata@sealed.com"",""note"":""""},{""type"":""website"",""value"":""https://sealed.com"",""note"":""""}]"	Lauren Salz	Energy Efficiency	Energy efficiency funding and applications
11728	WI-principal-11728	J.H. Findorff & Son Inc.	WI				"[{""type"":""address"",""value"":""300 South Bedford Street\nMadison, WI 53703"",""note"":""""},{""type"":""phone"",""value"":""608-257-5321"",""note"":""""},{""type"":""email"",""value"":""dbohl@findorff.com"",""note"":""""},{""type"":""website"",""value"":""http://www.findorff.com"",""note"":""""}]"	Jim Yehle	Building Construction	Matters that affect building construction and contracting.
11729	WI-principal-11729	Zurn Elkay Water Solutions	WI				"[{""type"":""address"",""value"":""511 W Freshwater Way\nMilwaukee, WI 53204"",""note"":""""},{""type"":""phone"",""value"":""(414) 808-0100"",""note"":""""},{""type"":""email"",""value"":""angela.hersil@zurn.com"",""note"":""""},{""type"":""website"",""value"":""https://zurnelkay.com/"",""note"":""""}]"	Todd Adams	Zurn Elkay Water Solutions supplies the industry’s widest range of clean water solutions for drinking water, hygiene and sustainable water management. Headquartered in Milwaukee, Wisconsin, Zurn Elkay Water Solutions works with customers around the globe to deliver products and systems that enhance and ensure water quality, safety, hygiene, flow control and conservation.	Regulations and legislation that ensure water quality, safety, hygiene, flow control, and conservation.
11730	WI-principal-11730	Wisconsin Watersports Coalition	WI				"[{""type"":""address"",""value"":""18814 Twin Bay Lane\nKiel, WI 53042"",""note"":""""},{""type"":""phone"",""value"":""920-254-3999"",""note"":""""},{""type"":""email"",""value"":""cjetzer@ldsinc.biz"",""note"":""""},{""type"":""website"",""value"":""https://www.wwcoalition.org/"",""note"":""""}]"	Cynthia Leitner	The Wisconsin Watersports Coalition (WWC) advocates for recreational water sports in Wisconsin, championing the state's Trust Doctrine that safeguards the public's right to enjoy boating, fishing, hunting, swimming, and other outdoor activities. We are committed to promoting science-driven policies and opposing unnecessary regulations that do not effectively protect natural resources or benefit the public.	Boating Laws
11731	WI-principal-11731	Innovative Care Services	WI				"[{""type"":""address"",""value"":""2321 San Luis Place\nGreen Bay, WI 54304"",""note"":""""},{""type"":""phone"",""value"":""9204124463"",""note"":""""},{""type"":""email"",""value"":""Michael.Schwartz@isiinc.org"",""note"":""""},{""type"":""website"",""value"":""http://isiinc.org"",""note"":""""}]"		Nonprofit serving people with disabilities that are supported by Family Care	Increase funding to Family Care
11733	WI-principal-11733	Bicycle Federation of Wisconsin	WI				"[{""type"":""address"",""value"":""187 E. Becher St, Suite B\nMilwaukee, WI 53207"",""note"":""""},{""type"":""phone"",""value"":""(414) 253-3154"",""note"":""""},{""type"":""email"",""value"":""kirsten@wisconsinbikefed.org"",""note"":""""},{""type"":""website"",""value"":""http://wisconsinbikefed.org"",""note"":""""}]"		Bicycle industry and members of the organization.	All issues related to bicycle and pedestrian safety or budgeting for bicycle and pedestrian projects, eBike legislation, and eminent domain.
11734	WI-principal-11734	Harley-Davidson Motor Company	WI				"[{""type"":""address"",""value"":""3700 W. Juneau Avenue\nMilwaukee, WI 53208"",""note"":""""},{""type"":""phone"",""value"":""(414) 343-7027"",""note"":""""},{""type"":""email"",""value"":""wade.balkonis@harley-davidson.com"",""note"":""""},{""type"":""website"",""value"":""http://www.harley-davidson.com"",""note"":""""}]"	Jochen Zeitz	Principal designs, manufactures and sells motorcycles, motorcycle parts and accessories, and general merchandise.	Legislation, administrative rulemaking, and other actions affecting motorcycle manufacturers, distributers, retailers, and riders.
11735	WI-principal-11735	Trane Technologies Company LLC	WI				"[{""type"":""address"",""value"":""800-E Beaty Street\nDavidson, NC 28036"",""note"":""""},{""type"":""phone"",""value"":""(704) 655-4187"",""note"":""""},{""type"":""email"",""value"":""Craig.Rushing@tranetechnologies.com"",""note"":""""},{""type"":""website"",""value"":""http://www.tranetechnologies.com"",""note"":""""}]"	Michael Lamach	Manufacturing and environmental issues	All matters affecting manufacturing, the environment, energy, healthcare, and education.
11736	WI-principal-11736	Penfield Children's Center	WI				"[{""type"":""address"",""value"":""833 N 26th St.\nMilwaukee, WI 53233"",""note"":""""},{""type"":""phone"",""value"":""414-344-7676"",""note"":""""},{""type"":""email"",""value"":""polinamakievsky@penfieldchildren.org"",""note"":""""},{""type"":""website"",""value"":""http://www.penfieldchildren.org"",""note"":""""}]"	Polina Makievsky	Early development and learning for children.	Issues affecting childhood learning and early development.
11737	WI-principal-11737	ABATE of Wisconsin	WI				"[{""type"":""address"",""value"":""P.O. Box 38\nBrookfield, WI 53008"",""note"":""""},{""type"":""phone"",""value"":""262-402-0593"",""note"":""""},{""type"":""email"",""value"":""legis@abatewis.org"",""note"":""""},{""type"":""website"",""value"":""https://abatewis.org/"",""note"":""""}]"		Laws Affecting Motorcyclists' Safety, Lifestyle, Legal Rights, and Future	Relating to issues affecting motorcyclists' rights, safety, lifestyle, and future in Wisconsin.
11738	WI-principal-11738	Wisconsin Primary Health Care Association (WPHCA)	WI				"[{""type"":""address"",""value"":""2810 Crossroads Drive suite 2700\nMadison, WI 53718"",""note"":""""},{""type"":""phone"",""value"":""608-571-6168"",""note"":""""},{""type"":""email"",""value"":""randrae@wphca.org"",""note"":""""},{""type"":""website"",""value"":""http://www.wphca.org"",""note"":""""}]"	Scott Stewart	Wisconsin Primary Health Care Association (WPHCA) is a membership association of Wisconsin's (Section 330) Federally Qualified Health Centers (FQHCs) also known as Community Health Centers. WPHCA represents issues of relevance to its members, the patients that they serve, and health care access for underserved populations.	All areas involving primary health care access, to include medical, dental, behavioral health, and substance abuse care delivery and affordability for Wisconsin's uninsured, underinsured, and low-income residents and issues relating to Community Health Centers.
11739	WI-principal-11739	CareSource Mission	WI				"[{""type"":""address"",""value"":""65 E State St Suite Ste 201\nColumbus, OH 43215"",""note"":""""},{""type"":""phone"",""value"":""(614) 255-4637"",""note"":""""},{""type"":""email"",""value"":""patrick.stephan@caresourcemission.com"",""note"":""""},{""type"":""website"",""value"":""https://www.caresourcemission.com/"",""note"":""""}]"		CareSource employees and stakeholders that come together to strengthen and support communities and populations experiencing barriers to health care access - including non-medical contributors to health such as education, employment, housing, and food access. These social determinants of health have an outsized impact on outcomes such as low birthweight deliveries, infant mortality, medication utilization and adherence, and emergency department utilization.	Medicaid and related coverage issues and will serve as subject matter experts to policymakers on evidence-based ways to address healthcare access, cost, and outcomes. CareSource Mission may also join or launch educational and advocacy campaigns with community stakeholders to raise awareness among elected officials, consumers, and community partners about Medicaid, social determinants of health, and the health care safety net.
11740	WI-principal-11740	Cordata	WI				"[{""type"":""address"",""value"":""8150 Corporate Park Drive, Suite 210\nCincinnati, OH 45242"",""note"":""""},{""type"":""phone"",""value"":""877-759-7215"",""note"":""""},{""type"":""email"",""value"":""gary.winzenread@cordatahealth.com"",""note"":""""},{""type"":""website"",""value"":""http://www.cordatahealth.com"",""note"":""""}]"	Gary  Winzenread	Care coordination solutions that seamlessly connect the highest-risk, most difficult-to-reach populations to treatment and support.	Care coordination for treatment and support.
11749	WI-principal-11749	Wisconsin Muslim Civic Alliance	WI				"[{""type"":""address"",""value"":""9575 BRENWOOD PARK DRIVE UNIT 320063\nFranklin, WI 53132"",""note"":""""},{""type"":""phone"",""value"":""4148283111"",""note"":""""},{""type"":""email"",""value"":""info@wmcalliance.org"",""note"":""""},{""type"":""website"",""value"":""http://www.wmcalliance.org"",""note"":""""}]"		The Wisconsin Muslim Civic Alliance (WMCA) primarily represents Wisconsin's diverse Muslim communities and to create an equitable society for all that share a common interest in civic engagement, social justice, and equitable representation. Financially, WMCA is predominantly supported through grants.	WMCA advocates on behalf of the Muslim community in Wisconsin. As a result, we advocate for policies that support religious freedom and accommodation. We advocate for policies that support Muslim in the workplace and public spaces.  We also support policies for refugees and immigrants.  Additionally,  we advocate for anti-discrimination measures for Muslims along with other minority communities.  We support cultural competency and anti-bullying policies.
11753	WI-principal-11753	Johnson Timber Corporation	WI				"[{""type"":""address"",""value"":""W147 E River Rd\nHayward, WI 54843"",""note"":""""},{""type"":""phone"",""value"":""715 558 1630"",""note"":""""},{""type"":""email"",""value"":""bill@johnsontimber.com"",""note"":""""},{""type"":""website"",""value"":""http://www.johnsontimber.com"",""note"":""""}]"	William  Johnson	Forest Products procurement and processing	Budget, Rural Development, Energy, forestry/land management
11754	WI-principal-11754	The Wisconsin Credit Union League	WI				"[{""type"":""address"",""value"":""1 E Main St\nMadison, WI 53703"",""note"":""""},{""type"":""phone"",""value"":""6086404031"",""note"":""""},{""type"":""email"",""value"":""sschmudlach@theleague.coop"",""note"":""""},{""type"":""website"",""value"":""http://www.theleague.coop"",""note"":""""}]"	Sarah Wainscott	"The Wisconsin Credit Union League is the trade association for Wisconsin's credit unions. 
Wisconsin's Credit Unions are not-for-profit financial institutions, cooperatively owned by their 3.9 million members and directed by Boards democratically elected from the membership."	All proposals, legislation, administrative rules, policies or regulations related in any way to consumers or the operation of financial institutions in general, and credit unions and their member-owners in particular.
11755	WI-principal-11755	Amazon.com Services LLC	WI				"[{""type"":""address"",""value"":""601 New Jersey Avenue NW, Suite 900\nWashington, DC 20001"",""note"":""""},{""type"":""phone"",""value"":""202-442-2900"",""note"":""""},{""type"":""email"",""value"":""andrea.fava@stateandfed.com"",""note"":""""},{""type"":""website"",""value"":""http://www.amazon.com/"",""note"":""""}]"	Andy Jassy	Retail and Information Technology	All matters affecting the retail and information technology industries
11756	WI-principal-11756	NAIOP Wisconsin	WI				"[{""type"":""address"",""value"":""PO Box 511848\nMilwaukee, WI 53202"",""note"":""""},{""type"":""phone"",""value"":""(414) 622-0006"",""note"":""""},{""type"":""email"",""value"":""jim@naiop-wi.org"",""note"":""""},{""type"":""website"",""value"":""http://www.naiop-wi.org"",""note"":""""}]"	James Villa	Trade organization for commercial real estate investors/owners/developers.	Matters impacting economic development and job creation.
11758	WI-principal-11758	Johnson & Johnson Services Inc.	WI				"[{""type"":""address"",""value"":""PO Box 519\nWESTMONT, IL 60559"",""note"":""""},{""type"":""phone"",""value"":""7736783220"",""note"":""""},{""type"":""email"",""value"":""DLPOLRPTS4@skadden.com"",""note"":""""},{""type"":""website"",""value"":""https://www.jnj.com"",""note"":""""}]"	Joaquin  Duato	Pharmaceutical, Biotech, Medical Equipment, Consumer Products, Manufacturing & Research	Health care related issues, especially those related to access to pharmaceutical, biotech, medical equipment, and consumer health products.
11759	WI-principal-11759	Kids Forward	WI				"[{""type"":""address"",""value"":""122 West Washington Ave, 620\nMadison, WI 53703"",""note"":""""},{""type"":""phone"",""value"":""(608) 285-2314"",""note"":""""},{""type"":""email"",""value"":""wparkesutherland@kidsforward.org"",""note"":""""},{""type"":""website"",""value"":""http://www.kidsforward.org"",""note"":""""}]"		Policy and research analysis and advocacy on behalf of children and families	Racial justice; Health care; youth justice; child welfare; early childhood education; budget and tax policies; poverty and family economic stability; safety-net programs; immigrant rights
11761	WI-principal-11761	Planned Parenthood Advocates of Wisconsin	WI				"[{""type"":""address"",""value"":""10 E Doty St, #205\nMadison, WI 53703"",""note"":""""},{""type"":""phone"",""value"":""920-224-2648"",""note"":""""},{""type"":""email"",""value"":""sydney.andersen@ppwi.org"",""note"":""""},{""type"":""website"",""value"":""http://www.ppawi.org"",""note"":""""}]"		Established for the express purpose of advocating for access to reproductive healthcare and education.	All areas relating to reproductive healthcare and education, health care reform laws, insurance regulations, campaign finance issues, health care programs and financing, justice issues that ensure fairness for women in the workplace/education/health care.
11762	WI-principal-11762	ark data centers, LLC	WI				"[{""type"":""address"",""value"":""PO Box 1986\nCedar Rapids, IA 52406"",""note"":""""},{""type"":""phone"",""value"":""786.521.3524"",""note"":""""},{""type"":""email"",""value"":""dwischmeyer@arkdna.com"",""note"":""""},{""type"":""website"",""value"":""https://www.arkdna.com/"",""note"":""""}]"	John  Kehoe	Technology / Colocation Data Centers	Expanding the tax exemption the legislature recently approved for data centers as part of the state budget to include co-located data centers.
11763	WI-principal-11763	GE HealthCare	WI				"[{""type"":""address"",""value"":""600 14th Street, Suite 900\nWashington, DC 20004"",""note"":""""},{""type"":""phone"",""value"":""980-384-6981"",""note"":""""},{""type"":""email"",""value"":""Lindsay.Robinson@ge.com"",""note"":""""}]"	Peter Arduini	GE HealthCare is a leader in precision care, infusing innovation with patient-focused technologies to enable better care. We’re dedicated to providing integrated solutions that make hospitals more efficient, clinicians more effective, therapies more precise, and patients healthier. Together, we’re living our purpose to create a world where healthcare has no limits.	All matters pertaining to general corporate law and corporate tax treatment. Matters involving manufacturing and legislative and executive action affecting research and development activity. Issues pertaining to Health Care, medical technology, intelligent devices, care solutions and patient care.
11764	WI-principal-11764	Hospital Sisters Health System (HSHS-WI)	WI				"[{""type"":""address"",""value"":""4936 LaVerna Road\nSpringfield, Il 62579"",""note"":""""},{""type"":""phone"",""value"":""217-492-6539"",""note"":""""},{""type"":""email"",""value"":""camille.rodriguez@hshs.org"",""note"":""""},{""type"":""website"",""value"":""https://www.hshs.org"",""note"":""""}]"		Healthcare	Healthcare
11765	WI-principal-11765	Teach for America	WI				"[{""type"":""address"",""value"":""700 W. Virginia St. #305\nMilwaukee, WI 53204"",""note"":""""},{""type"":""phone"",""value"":""309 912 4520"",""note"":""""},{""type"":""email"",""value"":""michael.nguyen@teachforamerica.org"",""note"":""""}]"		Education	Issues impacting education including but not limited to teacher preparation, teacher pay, teacher recruitment, school and district funding, NGO funding, and special education.
11766	WI-principal-11766	Wisconsin Creditor's Rights Association	WI				"[{""type"":""address"",""value"":""735 N Water St Suite 1300\nMilwaukee, WI 53202"",""note"":""""},{""type"":""phone"",""value"":""414-276-4608"",""note"":""""},{""type"":""email"",""value"":""mattr@kohnlaw.com"",""note"":""""}]"	Matt Richburg	The Wisconsin Creditors’ Rights Association (WCRA) is a non-profit corporation whose membership is open to any individual or entity that employs a Wisconsin attorney primarily engaged in the practice of representing creditors. To be eligible for membership, a proposed member must not represent consumers in claims against credit grantors or other related entities.	The WCRA’s primary purposes is to help create and maintain a fair legislative climate to protect the rights of creditors and attorneys representing creditors. In order for the free market system to flourish, creditors must be able to loan money to consumers with the expectation that there is a mechanism to ensure that the money be repaid. If it is not re-paid, those creditors must have access to a fair collection process both outside and within the state court system. The WCRA is committed to maintaining that ability not only for the creditors its members represent, but for all creditors in the state of Wisconsin.
11767	WI-principal-11767	Northern Midwest Regional Council of Carpenters	WI				"[{""type"":""address"",""value"":""115 W Main Street\nMadison, WI 53703"",""note"":""""},{""type"":""phone"",""value"":""262-490-9873"",""note"":""""},{""type"":""email"",""value"":""katie.jaeger@nmrcc.com"",""note"":""""},{""type"":""website"",""value"":""http://www.nmcarpenters.com"",""note"":""""}]"		NMRCC represents the local unions/membership of the United Brotherhood of Carpenters in Wisconsin on state government issues. Members are employed in construction, millwright and industrial plants. The Carpenters' Union believes all working people have a right to a good job with benefits; a living wage that can support a family; security and dignity in work and retirement; a safe and secure workplace; education and training to reach our full potential.	NMRCC advocates for labor standards, worker rights, employee protections, the general economic security and welfare of Wisconsin carpenters and their families. The areas of legislation and administrative rules of concern include: prevailing wage law, workers' compensation, unemployment insurance, apprenticeship and training, the bidding and awarding of public construction projects, the biennial state budget, transportation, health and safety, and the preservation of hunting, fishing and recreational opportunities.
11768	WI-principal-11768	Milwaukee Professional Firefighters Association	WI				"[{""type"":""address"",""value"":""5625 W. Wisconsin Ave.\nMilwaukee, WI 53213"",""note"":""""},{""type"":""phone"",""value"":""2624229910"",""note"":""""},{""type"":""email"",""value"":""president@milwaukeefirefighters.org"",""note"":""""},{""type"":""website"",""value"":""http://www.milwaukeefirefighters215.org"",""note"":""""}]"		Firefighters	City of Milwaukee Policy, Shared Revenue, Cancer (PFA's), Labor Rights, PTSD mental health issues, firefighter staffing, billing for ambulances
12767	WI-principal-12767	Wisconsin Council of the Blind and Visually Impaired	WI				"[{""type"":""address"",""value"":""754 Williamson St\nMadison, WI 53703"",""note"":""""},{""type"":""phone"",""value"":""(608) 255-1166"",""note"":""""},{""type"":""email"",""value"":""djess@wcblind.org"",""note"":""""},{""type"":""website"",""value"":""http://www.wcblind.org"",""note"":""""}]"		A Wisconsin association of persons who are blind or visually impaired.	All areas of legislation or administrative rules that affect the lives of blind or visually impaired Wisconsin citizens.  Specifically we will involve ourselves in the  Dept. of Workforce development, Division of Vocational rehabilitation: Dept. of Health and Family Services, Division of Supportive living, Bureau for the Blind; Dept. of Public Instruction, CESAs, Special Education, Center for Blind and Visually Impaired Students; Dept. of Transportation, public transportation, and sales tax issues affecting the sales of assistive devises.
12768	WI-principal-12768	Wisconsin Catholic Conference	WI				"[{""type"":""address"",""value"":""106 E. Doty Street, Suite 300\nMadison, WI 53703"",""note"":""""},{""type"":""phone"",""value"":""(608) 257-0004"",""note"":""""},{""type"":""email"",""value"":""barbara@wisconsincatholic.org"",""note"":""""},{""type"":""website"",""value"":""http://www.wisconsincatholic.org"",""note"":""""}]"		To represent the social teaching and temporal concerns of the Roman Catholic Church.	The Wisconsin Catholic Conference addresses areas of legislation and rules with moral implications according to the precepts of Catholic social teaching and legislation and rules that affect the institutional concerns of the Roman Catholic Church.  Generally this involves public policy in the areas of human rights, human services, education, taxation, labor & economic policy, family law and other areas.
12769	WI-principal-12769	America's Health Insurance Plans (AHIP)	WI				"[{""type"":""address"",""value"":""601 Pennsylvania Avenue NW, Ste 500 South Bldg\nWashington, DC 20004"",""note"":""""},{""type"":""phone"",""value"":""202-748-2733"",""note"":""""},{""type"":""email"",""value"":""plobejko@ahip.org"",""note"":""""},{""type"":""website"",""value"":""https://www.ahip.org/"",""note"":""""}]"	Matt Eyles	Trade association for the health insurance industry.	Legislation and regulations affecting the operations and affairs of health insurance companies and health plans.
12770	WI-principal-12770	CVS Health	WI				"[{""type"":""address"",""value"":""1 CVS Drive, Mail Code 1171\nWoonsocket, RI 02895"",""note"":""""},{""type"":""phone"",""value"":""(401) 770-2415"",""note"":""""},{""type"":""email"",""value"":""Joy.Benjamin@cvshealth.com"",""note"":""""},{""type"":""website"",""value"":""http://www.cvshealth.com"",""note"":""""}]"	Larry Merlo	Retail Pharmacy, PBM, Specialty, Retail Clinics	Healthcare
12771	WI-principal-12771	Herzing University	WI				"[{""type"":""address"",""value"":""275 W Wisconsin Ave, Suite 210\nMilwaukee, WI 53203"",""note"":""""},{""type"":""phone"",""value"":""(262) 649-4145"",""note"":""""},{""type"":""email"",""value"":""dosmanski@herzing.edu"",""note"":""""},{""type"":""website"",""value"":""http://www.herzing.edu "",""note"":""""}]"		Career focused institution of higher education.	Legislative policy and administrative rules relating to higher education, including private universities and distant learning
12772	WI-principal-12772	Milwaukee World Festival, Inc.	WI				"[{""type"":""address"",""value"":""639 E Summerfest Place\nMilwaukee, WI 53202"",""note"":""""},{""type"":""phone"",""value"":""414-273-2680"",""note"":""""},{""type"":""email"",""value"":""smertins@summerfest.com"",""note"":""""},{""type"":""website"",""value"":""http://www.summerfest.com"",""note"":""""}]"		The organization is in the entertainment industry.  It produces Summerfest and manages and maintains the Henry Maier Festival Park for use by the public, other non-profits, and ethnic and cultural organizations.	Legislation from the Dept. of Natural Resources related to the use of Lakeshore State Park for fireworks and matters related to the Building Commission and Department of Transportation.
12773	WI-principal-12773	Stockbridge-Munsee Community	WI				"[{""type"":""address"",""value"":""P.O. Box 70\nBowler, WI 54416"",""note"":""""},{""type"":""phone"",""value"":""(715) 793-4392"",""note"":""""},{""type"":""email"",""value"":""bridget.swanke@mohican-nsn.gov"",""note"":""""},{""type"":""website"",""value"":""http://www.mohican-nsn.gov"",""note"":""""}]"		Native Americans, tribal governments, tribal gaming	Budget, gaming, environmental, law enforcement, education, government to government relations, courts, roads, health, ethics and child welfare.
12774	WI-principal-12774	Union Pacific Railroad Company	WI				"[{""type"":""address"",""value"":""123 N Wacker Dr Suite 2550\nChicago, IL 60606"",""note"":""""},{""type"":""phone"",""value"":""312-777-2037"",""note"":""""},{""type"":""email"",""value"":""thomas.evenson@up.com"",""note"":""""},{""type"":""website"",""value"":""http://WWW.UPRR.COM"",""note"":""""}]"	Jim Vena	Union Pacific is a Class I railroad that moves freight across 23 states in the western two-thirds of the country, including Wisconsin.	Issues related to the operation of freight railroads.
12775	WI-principal-12775	Greater Milwaukee Convention & Visitors Bureau, Inc. DBA VISIT Milwaukee	WI				"[{""type"":""address"",""value"":""648 N Plankinton Avenue, Ste 220\nMilwaukee, WI 53203"",""note"":""""},{""type"":""phone"",""value"":""(414) 287-4233"",""note"":""""},{""type"":""email"",""value"":""PWilliamsSmith@milwaukee.org"",""note"":""""},{""type"":""website"",""value"":""http://www.visitmilwaukee.org"",""note"":""""}]"	Peggy Williams-Smith	We operate as a convention and visitors bureau, or trade association for the convention and leisure tourism industry. Our members represent restaurants, hotels, attractions, and other businesses that service the convention and tourism industry.	Matters relating to legislative changes to allow an increased tax assessment on visitor spending – hotel lodging, F&B, for the purpose of funding a convention center infrastructure improvement.
12776	WI-principal-12776	Zillow Group, Inc.	WI				"[{""type"":""address"",""value"":""5653 Morlich Sq\nDublin, OH 43017"",""note"":""""},{""type"":""phone"",""value"":""(614)327-8308"",""note"":""""},{""type"":""email"",""value"":""bethw@zillowgroup.com"",""note"":""""},{""type"":""website"",""value"":""http://Zillow.com"",""note"":""""}]"	Rich Barton	Zillow Group is reimagining real estate to make it easier to unlock life’s next chapter. As the most visited real estate website in the United States, Zillow and its affiliates offer customers an on-demand experience for selling, buying, renting or financing with transparency and nearly seamless end-to-end service.	General business, real estate, mortgage, insurance and technology issues.
12777	WI-principal-12777	Cigar Association of America Inc	WI				"[{""type"":""address"",""value"":""1310 G Street, NW, Suite 680\nWashington, DC 20005"",""note"":""""},{""type"":""phone"",""value"":""(202) 223-8204 x3"",""note"":""""},{""type"":""email"",""value"":""dcotter@cigarassociation.org"",""note"":""""},{""type"":""website"",""value"":""https://cigarsusa.org"",""note"":""""}]"	Scott Pearce	Industry trade association of cigar manufacturers, importers, and suppliers.	Issues affecting cigars and pipe tobacco.
12778	WI-principal-12778	Wisconsin Utility Investors, Inc.	WI				"[{""type"":""address"",""value"":""10 E Doty St\nMadison, WI 53703"",""note"":""""},{""type"":""phone"",""value"":""6082198202"",""note"":""""},{""type"":""email"",""value"":""james@buchenpublicaffairs.com"",""note"":""""},{""type"":""website"",""value"":""http://wuiinc.org"",""note"":""""}]"	James Buchen	Individuals that own stock in Wisconsin investor owned utilities.	Legislation and regulation that impacts utilities and energy policy in Wisconsin
12779	WI-principal-12779	Wisconsin Alliance of Forest Owners	WI				"[{""type"":""address"",""value"":""W8251 Lake Terrace\nLake Mills, WI 53551"",""note"":""""},{""type"":""phone"",""value"":""(608) 347-7110"",""note"":""""},{""type"":""email"",""value"":""wiforestowners@wiafo.org"",""note"":""""},{""type"":""website"",""value"":""http://www.wiafo.org"",""note"":""""}]"	Richard Wedepohl	Wisconsin private forest land owners who have recognized the need to become more politically active in order to address issues such as land taxes, Division of Forestry, and the Managed Forest Law.	Including timber sales in the Manufacturing and Agricultural tax credit; Defining working forests as an agricultural use in Statutes and Codes; Ensuring that the Managed Forest Law works to benefit local government, private woodland owners, and the environment; Working with the Division of Forestry to appropriate sufficient funds and personnel to support the activities of private woodland owners
12780	WI-principal-12780	Solar Development Group, LLC	WI				"[{""type"":""address"",""value"":""2250 Lucien Way, Suite 305\nMaitland, FL 32751"",""note"":""""},{""type"":""phone"",""value"":""954-658-4531"",""note"":""""},{""type"":""email"",""value"":""jvandenbroeck@esa-solar.com"",""note"":""""}]"	Lindsay Latre	Provides innovative and scalable solutions for solar energy through large-scale solar projects across the United States.	Renewable energy projects, products and services for companies and consumers with a specific emphasis on developing a community solar program in Wisconsin.
12781	WI-principal-12781	WPPI Energy	WI				"[{""type"":""address"",""value"":""1425 Corporate Center Dr\nSun Prairie, WI 53590"",""note"":""""},{""type"":""phone"",""value"":""(608) 834-4500"",""note"":""""},{""type"":""email"",""value"":""jowen@wppienergy.org"",""note"":""""},{""type"":""website"",""value"":""http://www.wppienergy.org"",""note"":""""}]"		Regional municipal electric company providing wholesale electric power to 51 municipally-owned electric utilities located in Wisconsin, Michigan and Iowa.	Development of legislation or administrative rules concerning electric utilities, renewable energy, air emissions, economic development, energy efficiency, facility siting, energy infrastructure and utility industry regulation.
12782	WI-principal-12782	Humana, Inc.	WI				"[{""type"":""address"",""value"":""Waterside Building 101 E. Main St.\nLouisville, KY 40202"",""note"":""""},{""type"":""phone"",""value"":""(608) 419-8833"",""note"":""""},{""type"":""email"",""value"":""NProbst@humana.com"",""note"":""""}]"	Jim  Rechtin	Medicare Advantage, Group Medicare, Medicare Supplement, Medicare Prescription Drug Plans, Medicaid and Military. Specialty business consisting of Dental, Vision and Life plans.	Health insurance issues for both managed care and indemnity products. General insurance regulation including solvency, financial standards and market conduct. Issues related to dental, life and disability insurance coverage. Taxation issues related to both insurers/HMOs and employee benefits as well as business expenses. Matters related to workers compensation insurance. Health care provider regulation. Medical assistance coverage and administration.
12783	WI-principal-12783	Wisconsin Community Action Program Association, Inc.	WI				"[{""type"":""address"",""value"":""30 W Mifflin St Ste 406\nMadison, WI 53703"",""note"":""""},{""type"":""phone"",""value"":""(608) 244-0407"",""note"":""""},{""type"":""email"",""value"":""Chayward@wiscap.org"",""note"":""""},{""type"":""website"",""value"":""http://www.wiscap.org"",""note"":""""}]"		Voluntary association of local community based organizations with anti-poverty missions, including 16 community action agencies and two single purpose agencies.	Anti-poverty programs providing tools for self-sufficiency; safe and affordable housing; rental assistance; public benefits; affordable health insurance; skills enhancement programs; food security; and entrepreneurship.
12784	WI-principal-12784	Vertex Pharmaceuticals	WI				"[{""type"":""address"",""value"":""50 Northern Avenue\nBoston, MA 20001"",""note"":""""},{""type"":""phone"",""value"":""(312) 835-9997"",""note"":""""},{""type"":""email"",""value"":""compliance_wi_vertex@multistate.us"",""note"":""""},{""type"":""website"",""value"":""http://www.vrtx.com"",""note"":""""}]"	Reshma Kewalramani	Vertex is a global biotechnology company that aims to discover, develop and commercialize innovative new medicines so people with serious diseases can lead better lives.	Engage on access issues relating to non-opioid Pain Alternatives; access to healthcare; Awareness activities specific to Cystic Fibrosis, Sickle Cell Disease, T1D, Kidney Disease, and Pain, and issues related to regulation of pharmaceutical manufacturers.
12788	WI-principal-12788	The Nature Conservancy	WI				"[{""type"":""address"",""value"":""216 N. Franklin St\nStoughton, WI 53589"",""note"":""""},{""type"":""phone"",""value"":""(608) 516-5174"",""note"":""""},{""type"":""email"",""value"":""A.R.Madorsky@tnc.org"",""note"":""""},{""type"":""website"",""value"":""http://www.nature.org/wisconsin"",""note"":""""}]"		The Nature Conservancy is a land trust and conservation organization which lobbies on environmental issues.	Issues involving land conservation and environmental policy, WI DNR and DATCP.
12791	WI-principal-12791	SSM Health	WI				"[{""type"":""address"",""value"":""12800 Corporate Hill Dr.\nSt. Louis, MO 63131"",""note"":""""},{""type"":""phone"",""value"":""314-989-6339"",""note"":""""},{""type"":""email"",""value"":""Michael.Richards@ssmhealth.com"",""note"":""""},{""type"":""website"",""value"":""http://www.ssmhealth.com"",""note"":""""}]"		Catholic, not for profit healthcare system, with care delivery sites in Illinois, Missouri, Oklahoma, and Wisconsin, SSM Health includes 20 hospitals, 62 outpatient care sites, a pharmacy benefit company, an insurance company, two nursing homes, comprehensive home care and hospice services, a technology company and two Accountable Care Organizations. ​With more than 8,500 physicians on our medical staff and more than 33,000 employees in four states	Matters affecting the administration, delivery and financing of health care services, including legislation and rules affecting a fully integrated healthcare system; hospitals, provider owned health plans, pharmacy benefit management companies, nursing homes, patient care and other health care issues.
12792	WI-principal-12792	Summit Behavioral Holdings I, LLC	WI				"[{""type"":""address"",""value"":""389 Nichol Mill Lane\nFranklin , tN 37067"",""note"":""""},{""type"":""phone"",""value"":""615-716-4924"",""note"":""""},{""type"":""email"",""value"":""Paul.gilbert@summitbhc.com"",""note"":""""},{""type"":""website"",""value"":""http://WWW.summitbhc.com"",""note"":""""}]"	Brent  Turner	Our focus is on operating acute psychiatric hospitals, specialty chemical dependency services, and behavioral health hospitals.	All matters affecting  mental health services, detox services, Medicare and Medicaid.
12794	WI-principal-12794	Wisconsin Council of Churches	WI				"[{""type"":""address"",""value"":""203 Wisconsin Avenue\nMadison, WI 53703"",""note"":""""},{""type"":""phone"",""value"":""6088373108"",""note"":""""},{""type"":""email"",""value"":""execdir@wichurches.org"",""note"":""""},{""type"":""website"",""value"":""http://wichurches.org"",""note"":""""}]"		The Council connects 24 Christian traditions and 13 faith-based organizations, which have within them approximately 2,000 congregations and over one million church members.	Human services issues affecting low-income families, church-state relations, racial disparities, policing, immigration, firearm violence, health care and pandemic response, voting rights, issues affecting Native American tribes and communities, criminal justice issues, and environmental concerns.
12795	WI-principal-12795	Coalition for Campus Wellbeing	WI				"[{""type"":""address"",""value"":""10 E. Doty\nMadison, WI 53703"",""note"":""""},{""type"":""phone"",""value"":""6082589506"",""note"":""""},{""type"":""email"",""value"":""engel@hamilton-consulting.com"",""note"":""""}]"		The Coalition members are groups, associations and foundations focused on mental health both in Wisconsin and nationally	The Coalition will focus on efforts to increase access to mental health services on Wisconsin's college campuses.
12796	WI-principal-12796	Wisconsin Dells Visitors and Convention Bureau	WI				"[{""type"":""address"",""value"":""PO Box 390 701 Superior ST\nWisconsin Dells, WI 53965"",""note"":""""},{""type"":""phone"",""value"":""(608) 254-8088"",""note"":""""},{""type"":""email"",""value"":""jill@wisdells.com"",""note"":""""}]"	Jill Diehl	Tourism/Recreation industry.	Any and all legislation and/or administrative rule making initiatives aimed at affecting economic development as it relates to the tourism/recreation industry in the State of Wisconsin.  Also Education - school calendar.
12797	WI-principal-12797	Friends of PBS Wisconsin	WI				"[{""type"":""address"",""value"":""821 University Ave.\nMadison, WI 53706"",""note"":""""},{""type"":""phone"",""value"":""(608) 265-3850"",""note"":""""},{""type"":""email"",""value"":""jordan.siegler@wisc.edu"",""note"":""""},{""type"":""website"",""value"":""https://pbswisconsin.org/support/friends/"",""note"":""""}]"		PBS Wisconsin	2025-2027 Biennial Budget
12798	WI-principal-12798	Wisconsin Wildlife Federation	WI				"[{""type"":""address"",""value"":""N1601 Sandberg Rd.\nMelrose, WI 54642"",""note"":""""},{""type"":""phone"",""value"":""715-896-5445"",""note"":""""},{""type"":""email"",""value"":""cody@wiwf.org"",""note"":""""},{""type"":""website"",""value"":""http://wiwf.org"",""note"":""""}]"		Outdoor enthusiasts, hunting and fishing community, sportsmen's clubs, county conservation alliances, fish and wildlife species organizations.	Fish, wildlife, and other natural resources, plus healthy air, land and water, and related outdoor activities like hunting, fishing, trapping, etc.
12799	WI-principal-12799	La Crosse Area Chamber of Commerce	WI				"[{""type"":""address"",""value"":""601 7th Street N\nLa Crosse, WI 54601"",""note"":""""},{""type"":""phone"",""value"":""608-784-4880"",""note"":""""},{""type"":""email"",""value"":""allyson@lacrossechamber.com"",""note"":""""},{""type"":""website"",""value"":""https://www.lacrossechamber.com/"",""note"":""""}]"	Sam Scinta	The La Crosse Area Chamber of Commerce represents the interests of the La Crosse Area business community and has the mission of elevating and strengthening the business community in order to enhance the La Crosse Area’s quality of life.	Economic development, higher education, fiscal and tax issues, promoting a skilled workforce, transportation, infrastructure, childcare, healthcare, regulatory affairs, tourism, free enterprise
12802	WI-principal-12802	J. F. Ahern Co.	WI				"[{""type"":""address"",""value"":""P.O. Box 1316\nFond du Lac, WI 549361316"",""note"":""""},{""type"":""phone"",""value"":""(920) 907-5453"",""note"":""""},{""type"":""email"",""value"":""tahern@jfahern.com"",""note"":""""},{""type"":""website"",""value"":""http://www.jfahern.com"",""note"":""""}]"	Tripp Ahern	Mechanical, pipe fabrication, and fire protection contractor	Matters impacting prevailing wage laws for piping and sheet metal fabrication.
12803	WI-principal-12803	SAFE	WI				"[{""type"":""address"",""value"":""Old Port Cove Marina   116 Lakeshore Drive #143  |\nNorth Palm Beach, FL 33408"",""note"":""""},{""type"":""phone"",""value"":""772.708.3567"",""note"":""""},{""type"":""email"",""value"":""leeaxdahl@gmail.com"",""note"":""""},{""type"":""website"",""value"":""http://safedrive.org"",""note"":""""}]"	Lee Axdahl	Our mission is to empower individuals to make responsible decisions and prioritize the lives of all road users. Our membership is primarily ignition interlock device manufacturers	SAFE will lobby on matters/statutes related to usage and placement of ignition interlock devices. Including penalties for tampering with legally mandated usage of an ignition interlock device.
12804	WI-principal-12804	Alexion Pharmaceuticals, Inc.	WI				"[{""type"":""address"",""value"":""121 Seaport Boulevard\nBoston, MA 02210"",""note"":""""},{""type"":""phone"",""value"":""(475) 267-8837"",""note"":""""},{""type"":""email"",""value"":""compliance_WI_alexion@multistate.us"",""note"":""""},{""type"":""website"",""value"":""https://alexion.com/"",""note"":""""}]"	Marc  Dunoyer	Pharmaceutical Research, Development, and Manufacturing.	Access to genetic testing in Medicaid. State government relations representation before the Wisconsin State Legislature and State agencies on matters related to prescription drugs, health care, health insurance, Medicaid and pharmacy issues.
12805	WI-principal-12805	Association for Consumer Debt Relief c/o MultiState Associates LLC	WI				"[{""type"":""address"",""value"":""1000 Wilson Boulevard, Suite 1800\nArlington, VA 22209"",""note"":""""},{""type"":""phone"",""value"":""7036841110"",""note"":""""},{""type"":""email"",""value"":""compliance_wi_acdr@multistate.us"",""note"":""""}]"	Denise Dunckel	Regulation of and issues relating to debt settlement.	Regulation of and issues relating to debt settlement.
12808	WI-principal-12808	Houghton Mifflin Harcourt	WI				"[{""type"":""address"",""value"":""125 High Street\nBoston, MA 02110"",""note"":""""},{""type"":""phone"",""value"":""248-417-9969"",""note"":""""},{""type"":""email"",""value"":""peyton.rodriguez@nwea.org"",""note"":""""}]"	John Lynch	Houghton Mifflin Harcourt is a learning technology company committed to delivering connected solutions that engage learners, empower educators and improve student outcomes. As a leading provider of K–12 core curriculum, supplemental and intervention solutions and professional learning services, HMH partners with educators and school districts to uncover solutions that unlock students' potential and extend teachers' capabilities. HMH serves more than 50 million students and 3 million educators in 150 countries.	Science of Reading curriculum for K-12 schools.
12809	WI-principal-12809	Newcap, Inc.	WI				"[{""type"":""address"",""value"":""1540 Capitol Drive\nGreen Bay, WI 54303"",""note"":""""},{""type"":""phone"",""value"":""800-242-7334"",""note"":""""},{""type"":""email"",""value"":""cheryldetrick@newcap.org"",""note"":""""},{""type"":""website"",""value"":""http://www.newcap.org"",""note"":""""}]"		Nonprofit organization - community action agency	Housing, homelessness, food insecurity, employment and training, transportation, energy assistance, jobs and business development, weatherization, energy efficiency, alternative energy, medicaid, TANF, health policy
12810	WI-principal-12810	yes. every kid.	WI				"[{""type"":""address"",""value"":""4201 Wilson Blvd Ste 280\nArlington, VA 22203"",""note"":""""},{""type"":""phone"",""value"":""312.752.6566"",""note"":""""},{""type"":""email"",""value"":""msanmarino@yeseverykid.com"",""note"":""""},{""type"":""website"",""value"":""https://yeseverykid.com/"",""note"":""""}]"		K-12 Education	K-12 education funding, state/local policies, administrative rules and state agency policies related to K-12 education.
12811	WI-principal-12811	Wisconsin Charter Action	WI				"[{""type"":""address"",""value"":""116 E Lake St\nLake Mills, WI 53551"",""note"":""""},{""type"":""phone"",""value"":""877-223-6402"",""note"":""""},{""type"":""email"",""value"":""mkooiman@nhaschools.com"",""note"":""""}]"		Independent K-12 Charter Schools in Wisconsin.	K-12 education policy related to 2r/2x and non-instrumentality charter schools regarding funding, administration and other statutory requirements.
12812	WI-principal-12812	Yerkes Observatory	WI				"[{""type"":""address"",""value"":""373 W. Geneva Street\nWilliams Bay, WI 53191"",""note"":""""},{""type"":""phone"",""value"":""917-572-2426"",""note"":""""},{""type"":""email"",""value"":""dkois@yerkesobservatory.org"",""note"":""""},{""type"":""website"",""value"":""https://yerkesobservatory.org/"",""note"":""""}]"		Historical site to host symposiums, meetings, education al research and tourism.	State expenditures around tourism, education, higher ed and historical facilities.
12813	WI-principal-12813	Wisconsin Occupational Therapy Association	WI				"[{""type"":""address"",""value"":""PO Box 2277\nAppleton, WI 54912"",""note"":""""},{""type"":""phone"",""value"":""(920)735-4843"",""note"":""""},{""type"":""email"",""value"":""shelly.muche6307@fvtc.edu"",""note"":""""},{""type"":""website"",""value"":""http://www.WOTA.net"",""note"":""""}]"	Shelly Muche	Persons who are Occupational Therapy Professionals	Issues affecting persons with disabilities, Medicaid reimbursement, health profession scope of practice, professional licensing, professional education.
12815	WI-principal-12815	Wisconsin Association of Local Health Departments and Boards	WI				"[{""type"":""address"",""value"":""563 Carter Court, Suite B\nKimberly, WI 54136"",""note"":""""},{""type"":""phone"",""value"":""(920) 560-5635"",""note"":""""},{""type"":""email"",""value"":""WALHDAB@Badgerbay.co"",""note"":""""},{""type"":""website"",""value"":""http://www.walhdab.org"",""note"":""""}]"	Andrew Hoyer Booth	Local health departments and Board of Health members	Any legislation or rules that affect public health practice, public health programs (i.e. WIC, bioterrorism, tobacco, etc.) access to health care including Medicaid and local funding for counties and municipalities.
12817	WI-principal-12817	Wisconsin Aesthetic Provider Coalition	WI				"[{""type"":""address"",""value"":""4717 Dale Curtin Drive\nMcFarland, WI 53558"",""note"":""""},{""type"":""phone"",""value"":""608-856-6180"",""note"":""""},{""type"":""email"",""value"":""drjen@medicalgradeaesthetics.com"",""note"":""""},{""type"":""website"",""value"":""https://wiscoapc.com/"",""note"":""""}]"	Jen Yaeger	As a collaboration between aesthetic medicine practices in the state, our members have a shared mission of establishing regulations and standards of practice in our industry that elevate and define the scope of medical aesthetics while demanding excellence and safety in the care of our patients.	Establishing regulations and standards of practice in medical aesthetics industry
12818	WI-principal-12818	Union Pacific Railroad	WI				"[{""type"":""address"",""value"":""123 N. Wacker Drive, Suite 2550\nChicago, IL 60606"",""note"":""""},{""type"":""phone"",""value"":""6088077586"",""note"":""""},{""type"":""email"",""value"":""thomas.evenson@up.com"",""note"":""""},{""type"":""website"",""value"":""http://up.com"",""note"":""""}]"	Jim Vena	Union Pacific is a Class I railroad that moves freight across 23 states in the western two-thirds of the country, including Wisconsin.	Issues or regulations related to the operations of a freight railroad, including but not limited to: interstate commerce, utilities, labor, environment, and safety.
12819	WI-principal-12819	Medica Health Plans	WI				"[{""type"":""address"",""value"":""401 Carlson Parkway\nMinnetonka, MN 55305"",""note"":""""},{""type"":""phone"",""value"":""(612) 701-5637 x_____"",""note"":""""},{""type"":""email"",""value"":""matthew.schafer@medica.com"",""note"":""""},{""type"":""website"",""value"":""http://www.medica.com"",""note"":""""}]"	Lisa Erickson	Health Insurance	Health insurance policy
12820	WI-principal-12820	Milwaukee County	WI				"[{""type"":""address"",""value"":""901 N. 9th St\nMilwaukee, WI 53233"",""note"":""""},{""type"":""phone"",""value"":""(414) 340-8287"",""note"":""""},{""type"":""email"",""value"":""Katie.Domina@milwaukeecountywi.gov"",""note"":""""},{""type"":""website"",""value"":""http://www.county.milwaukee.gov"",""note"":""""}]"		Milwaukee County government.	Milwaukee County represents a diverse population and economy with multi-faceted concerns and problems.  Consequently, in addition to the general governmental interests, areas of the State budget, legislation and administrative rules that are paramount to the County are: health and social services; judiciary and public safety; transportation; general government operations and taxation; natural resources and the environment.
12821	WI-principal-12821	Archdiocese of Milwaukee	WI				"[{""type"":""address"",""value"":""PO Box 070912\nMilwaukee, WI 53207"",""note"":""""},{""type"":""phone"",""value"":""608-721-6171"",""note"":""""},{""type"":""email"",""value"":""rvanderwiele@hbstrategies.us"",""note"":""""}]"		The three pillars of this mission are Catholic Identity, Evangelization and Stewardship.  In its ministries, led by priests, deacons and lay men and women leaders, the Catholic Church feeds the hungry, heals the sick, teaches both young and old, visits the imprisoned and provides solace and sustenance for thousand in our community.	Issues impacting non-profit organizations and Catholic schools
12822	WI-principal-12822	AT&T Wisconsin	WI				"[{""type"":""address"",""value"":""8605 E. Torchwood PL\nSioux Falls, SD 57110"",""note"":""""},{""type"":""phone"",""value"":""307-365-1379"",""note"":""""},{""type"":""email"",""value"":""cr6557@att.com"",""note"":""""},{""type"":""website"",""value"":""http://att.com"",""note"":""""}]"	John Stankey	Telecommunications, Wireless, Communications and Broadband Services	Any laws, rules, or practices that affect the conduct of business by AT&T as a provider of communications and entertainment services.
12823	WI-principal-12823	Wisconsin Property Taxpayers Inc	WI				"[{""type"":""address"",""value"":""PO Box 280\nGreenwood, WI 54437"",""note"":""""},{""type"":""phone"",""value"":""608-255-7473"",""note"":""""},{""type"":""email"",""value"":""p.rozeski@wptonline.org"",""note"":""""},{""type"":""website"",""value"":""http://www.wptonline.org"",""note"":""""}]"	Mike Marsch	Lobbying on behalf of the property tax paying members of the association.	Budgetary issues and legislation affecting our members with regards to state and local taxation and regualtion.
12825	WI-principal-12825	Wisconsin Optometric Association	WI				"[{""type"":""address"",""value"":""6510 Grand Teton Plaza, Ste 312\nMadison, WI 53719"",""note"":""""},{""type"":""phone"",""value"":""(608) 332-6828"",""note"":""""},{""type"":""email"",""value"":""petertheo@theoconsulting.net"",""note"":""""}]"	Peter Theo	Advocating on behalf of Doctors of Optometry and the profession of optometry regarding education, training, licensing, legislative and regulatory matters.	Health care, insurance, managed care and licensing & regulating of doctors of optometry.  Implementation of national health care reform. Optometry scope and practice.
12828	WI-principal-12828	Coalition of Wisconsin Aging Groups	WI				"[{""type"":""address"",""value"":""30 West Mifflin Street, #406\nMadison, WI 53703"",""note"":""""},{""type"":""phone"",""value"":""(608) 215-8987"",""note"":""""},{""type"":""email"",""value"":""Gundermann@cwag.org"",""note"":""""},{""type"":""website"",""value"":""http://www.cwag.org"",""note"":""""}]"		Protect and preserve the legal rights and earned benefits of Wisconsin's 1.3 million elderly and people with disabilities. Funds are derived from annual volunteer-membership fees, donations, event sponsorships, public and private sector grants, foundations, educational and community outreach programs and estate planning.	Budget Issues, Administrative Rulings, Public Hearings, Legislative Bills, Legislative Meetings & Hearings, topics that would impact the rights and earned benefits of Wisconsin's 1.3 million elderly and people with disabilities and intergenerational issues, that impact the quality of life and health for all aging generations.
12830	WI-principal-12830	Locksmith Alliance of Wisconsin	WI				"[{""type"":""address"",""value"":""130 Lakewood Blvd.\nMadison, Wi 53704"",""note"":""""},{""type"":""phone"",""value"":""(608) 219-5237"",""note"":""""},{""type"":""email"",""value"":""gary.goyke@gmail.com"",""note"":""""}]"	Ben Kolpitcke	The Locksmith Alliance of Wisconsin is a cooperative advocacy organization of Wisconsin residents whose business work primarily involves the profession of locksmithing.	The Alliance will work with state agencies that primarily deal with professional business occupations. The Alliance will seek greater legislative understanding of the profession, promote new educational opportunities, work with consumer advocates and establish coalitions with related business interests.
12831	WI-principal-12831	GRACE	WI				"[{""type"":""address"",""value"":""1822 Riverside Drive\nGreen Bay, WI 54301"",""note"":""""},{""type"":""phone"",""value"":""9204997330"",""note"":""""},{""type"":""email"",""value"":""kdesotell@gracesystem.org"",""note"":""""},{""type"":""website"",""value"":""http://gracesystem.org/"",""note"":""""}]"		Private Pk-12 education	Wisconsin Parental Choice Funding
12832	WI-principal-12832	Human Rights Campaign	WI				"[{""type"":""address"",""value"":""1640 Rhode Island Ave NW\nWashington, DC 20036"",""note"":""""},{""type"":""phone"",""value"":""202-216-1583"",""note"":""""},{""type"":""email"",""value"":""david.swanson@hrc.org"",""note"":""""},{""type"":""website"",""value"":""http://www.hrc.org"",""note"":""""}]"		Human Rights Campaign	LGBTQ+ Civil Rights
12833	WI-principal-12833	Wisconsin Dental Hygienists Association	WI				"[{""type"":""address"",""value"":""6510 Grand Teton Plaza, Suite 312\nMadison, wi 53719"",""note"":""""},{""type"":""phone"",""value"":""(608) 332-6828"",""note"":""""},{""type"":""email"",""value"":""petertheo@theoconsulting.net"",""note"":""""}]"	Olivia  Morzenti	Representing the professional interests of Wisconsin Dental Hygienists	Representing dental hygienists in the areas of health care reform, managed care, oral health care issues, regulatory and licensing issue impacting dental hygienists, continuing education, and government and non-government third party insurance matters.
12836	WI-principal-12836	Friends of the Domes	WI				"[{""type"":""address"",""value"":""524 S Layton Blvd\nMilwaukee, WI 53215"",""note"":""""},{""type"":""phone"",""value"":""414-257-5608"",""note"":""""},{""type"":""email"",""value"":""christa.fod@milwaukeedomes.org"",""note"":""""},{""type"":""website"",""value"":""https://milwaukeedomes.org/"",""note"":""""}]"		Preservation of a world-class horticultural conservatory	Friends of Domes is looking for a financial investment by the State of Wisconsin
12837	WI-principal-12837	Eau Claire Area Chamber of Commerce	WI				"[{""type"":""address"",""value"":""101 N Farwell St., Suite 101\nEau Claire, WI 54703"",""note"":""""},{""type"":""phone"",""value"":""715-834-1204"",""note"":""""},{""type"":""email"",""value"":""bodden@eauclairechamber.org"",""note"":""""},{""type"":""website"",""value"":""http://www.eauclairechamber.org"",""note"":""""}]"	David Minor	The Eau Claire Area Chamber of Commerce represents the interests of the Eau Claire Area business community and has the mission of being the advocate of business.	Stewardship of public resources, taxes, free enterprise, local control, regulation of business activity, workforce development, housing supply and affordability, education, childcare, DEI, economic development, tourism, transportation and infrastructure, healthcare, energy and the environment
12838	WI-principal-12838	Transportation Development Association of Wisconsin (TDA)	WI				"[{""type"":""address"",""value"":""10 East Doty Street, Ste. 201\nMadison, WI 53703"",""note"":""""},{""type"":""phone"",""value"":""(608) 256-7044"",""note"":""""},{""type"":""email"",""value"":""debby.jackson@tdawisconsin.org"",""note"":""""},{""type"":""website"",""value"":""http://www.tdawisconsin.org"",""note"":""""}]"	Debby Jackson	Transportation	Transportation funding and policy
12839	WI-principal-12839	Quartz Health Solutions, Inc	WI				"[{""type"":""address"",""value"":""2650 Novation Parkway\nMadison, WI 53713"",""note"":""""},{""type"":""phone"",""value"":""6082392743"",""note"":""""},{""type"":""email"",""value"":""myranda.tanck@quartzbenefits.com"",""note"":""""},{""type"":""website"",""value"":""https://quartzbenefits.com/"",""note"":""""}]"	Christine  Senty	Health insurance.  Product portfolio includes: Commercial Large Group, ETF, Individual ACA, Small Group ACA, Medicaid, Medicare Advantage	Legislative, regulatory and policy matters relating to: commercial group, individual and self-insured health insurance, small group and individual ACA health insurance, Medicaid Managed Care (BaderCare Plus) Medicare products, and pharmacy benefits management.
12840	WI-principal-12840	World Education Services	WI				"[{""type"":""address"",""value"":""One Battery Park Plaza, Floor 3\nNew York, NY 10004"",""note"":""""},{""type"":""phone"",""value"":""212-219-7329"",""note"":""""},{""type"":""email"",""value"":""nkuprava@wes.org"",""note"":""""}]"		Educational, economic and social inclusion of immigrants, refugees and international students.	Access to the workforce and educational opportunities for international students, immigrants, refugees and other forcibly displaced groups.
12841	WI-principal-12841	Lifted Liquids Inc	WI				"[{""type"":""address"",""value"":""5511 95th Ave\nKenosha, WI 53144"",""note"":""""},{""type"":""phone"",""value"":""224-577-8148"",""note"":""""},{""type"":""email"",""value"":""ceo@urb.shop"",""note"":""""},{""type"":""website"",""value"":""http://urb.shop"",""note"":""""}]"	Nicholas Warrender	Hemp manufacturing and distribution	Hemp and in the future Kratom
12842	WI-principal-12842	College Possible Wisconsin	WI				"[{""type"":""address"",""value"":""1515 N Rivercenter Drive Suite 105\nMilwaukee, WI 53212"",""note"":""""},{""type"":""phone"",""value"":""414-517-5381"",""note"":""""},{""type"":""email"",""value"":""mmorrison@collegepossible.org"",""note"":""""},{""type"":""website"",""value"":""https://collegepossible.org/locations/wisconsin/"",""note"":""""}]"		College Possible Wisconsin is a nonprofit organization dedicated to advancing educational equity and supporting first-generation college students, students from low-income backgrounds, and BIPOC (Black, Indigenous, and People of Color) communities. The organization not only addresses the barriers these students face in accessing and succeeding in higher education but also emphasizes intentional career exploration and workforce development to ensure students make informed choices about their future.	Education K-12, Higher Education, Workforce Development/Careers, Mentoring
12843	WI-principal-12843	Veterans Community Project	WI				"[{""type"":""address"",""value"":""8900 Troost Ave\nKansas City, MO 64131"",""note"":""""},{""type"":""phone"",""value"":""816-406-9935"",""note"":""""},{""type"":""email"",""value"":""bhendershot@vcp.org"",""note"":""""},{""type"":""website"",""value"":""http://www.vcp.org"",""note"":""""}]"		Veterans housing Veterans armed with the strength and support of the Community	State budget items pertaining to veterans
12845	WI-principal-12845	Great Lakes Timber Professionals Association	WI				"[{""type"":""address"",""value"":""PO Box 1278\nRhinelander, WI 54501"",""note"":""""},{""type"":""phone"",""value"":""715-304-2861"",""note"":""""},{""type"":""email"",""value"":""henry@gltpa.org"",""note"":""""},{""type"":""website"",""value"":""http://www.gltpa.org"",""note"":""""}]"	Henry Schienebeck	Trade association for the Timber industry. All areas of transportation and forestry issues including initiatives relating to private property rights, taxation, public and private forest land use, forest management and issues including invasive and endangered species.	All areas of transportation and forestry issues including initiatives relating to private property rights, taxation, climate change, public and private forest land use, forest management and issues including invasive and endangered species.
12848	WI-principal-12848	Wisconsin Child Care Administrators Association	WI				"[{""type"":""address"",""value"":""572 S. 18th Avenue\nWest Bend , WI 53095"",""note"":""""},{""type"":""phone"",""value"":""262-305-9686"",""note"":""""},{""type"":""email"",""value"":""ic@wcccaa.net"",""note"":""""},{""type"":""website"",""value"":""http://www.wccaa.org"",""note"":""""}]"		Represent 385+ child care administrators providing quality programming to Wisconsin children and helping drive local economies.	Support initiatives that encourage the delivery of high-quality early care and learning programs, which then play a critical role in fostering economic growth in communities across the state.
12850	WI-principal-12850	Invenergy, LLC	WI				"[{""type"":""address"",""value"":""One South Wacker Drive Suite 1800\nChicago, IL 60606"",""note"":""""},{""type"":""phone"",""value"":""3126382888"",""note"":""""},{""type"":""email"",""value"":""kmulligan@invenergy.com"",""note"":""""},{""type"":""website"",""value"":""http://www.invenergy.com"",""note"":""""}]"	Michael Polsky	Renewable Energy	Issues related to wind, solar, battery, and natural gas development and operations.
12852	WI-principal-12852	Wisconsin Public Radio Association	WI				"[{""type"":""address"",""value"":""821 University Avenue\nMadison, WI 53706"",""note"":""""},{""type"":""phone"",""value"":""608-265-3850"",""note"":""""},{""type"":""email"",""value"":""jordan.siegler@wisc.edu"",""note"":""""},{""type"":""website"",""value"":""http://wpra.org"",""note"":""""}]"		Wisconsin Public Radio	2025-2027 Biennial Budget
12854	WI-principal-12854	Mickelson & Company, LLC	WI				"[{""type"":""address"",""value"":""101 N. Main Avenue, Suite 210\nSioux Falls, SD 57104"",""note"":""""},{""type"":""phone"",""value"":""605-977-4873"",""note"":""""},{""type"":""email"",""value"":""ryan@mickco.com"",""note"":""""},{""type"":""website"",""value"":""http://www.mickco.com"",""note"":""""}]"	Mark Mickelson	Consulting and advisory services related to financing short line railroad infrastructure and facilitating economic development opportunities.	Providing rail infrastructure funding assistance to short line railroads and rail shippers through the development of tax credit programs or other funding mechanisms.
12855	WI-principal-12855	New Venture Fund	WI				"[{""type"":""address"",""value"":""1828 L Street NW Suite 300-A\nWashington , DC 20036"",""note"":""""},{""type"":""phone"",""value"":""(202) 595-1061"",""note"":""""},{""type"":""email"",""value"":""legalcompliance@newventurefund.org"",""note"":""""}]"		Not for Profit	Voter registration
12856	WI-principal-12856	Plum Identity	WI				"[{""type"":""address"",""value"":""1911 Souglas Blvd\nRoseville, CA 95661"",""note"":""""},{""type"":""phone"",""value"":""608-467-7933"",""note"":""""},{""type"":""email"",""value"":""Scott@plumidentity.com"",""note"":""""},{""type"":""website"",""value"":""https://www.plumidentity.com"",""note"":""""}]"	Jon Coss	Fraud detection solutions	Fraud detection solutions for government programs.
12857	WI-principal-12857	Badger Advocates, Inc.	WI				"[{""type"":""address"",""value"":""6580 Monona Drive #1241\nMonona, WI 53716"",""note"":""""},{""type"":""phone"",""value"":""608-239-5686"",""note"":""""},{""type"":""email"",""value"":""bhellmer@badgersadvocates.org"",""note"":""""},{""type"":""website"",""value"":""http://badgeradvocates.org"",""note"":""""}]"		Badger Advocates was formed to advocate and build support for the University of Wisconsin - Madison.	All matters related to the state's relationship with and support of the University of Wisconsin-Madison.
12858	WI-principal-12858	World Wildlife Fund	WI				"[{""type"":""address"",""value"":""1250 24th Street NW\nWashington DC, DC 20037"",""note"":""""},{""type"":""phone"",""value"":""9175583528"",""note"":""""},{""type"":""email"",""value"":""stephanie.udler@wwfus.org"",""note"":""""}]"		Large corporations, SME, higher education, faith-based organizations, state and local governments	World Wildlife Fund may attempt to influence the following policy areas: renewable energy, workforce development, resiliency, and other areas related to climate action.
12860	WI-principal-12860	Midwest Food Products Association Inc	WI				"[{""type"":""address"",""value"":""4600 American Parkway, Suite 210\nMadison, WI 53718"",""note"":""""},{""type"":""phone"",""value"":""6082559946"",""note"":""""},{""type"":""email"",""value"":""nick.novak@mwfpa.org"",""note"":""""},{""type"":""website"",""value"":""http://www.mwfpa.org"",""note"":""""}]"	Nicholas Novak	Trade organization representing food processors involved with the processing of vegetables, poultry & meat products, fruits, snacks, pickles, sauerkraut and a variety of other food items for consumers and other food manufacturers.	"Agriculture; food safety; registration fees; vegetable trade practices.
Environmental: stream reclassification; high capacity wells; sprayfields; thermal standards (NR102 & 104); iron and manganese groundwater limits; groundwater regulation.
Business/commerce: family/medical leave. Labor: migrant labor matters; rest requirements. Transportation: trucking; weight limits; farm equipment movement; food trade practices; tort reform; high capacity wells; tax issues."
12861	WI-principal-12861	Do No Harm Action	WI				"[{""type"":""address"",""value"":""c/o 12587 Fair Lakes Cir PMB 173\nFairfax, VA 22033"",""note"":""""},{""type"":""phone"",""value"":""6158159159"",""note"":""""},{""type"":""email"",""value"":""dnha@vantagelegal.com"",""note"":""""}]"		Healthcare policy and research	Matters affecting healthcare policy and research
12862	WI-principal-12862	Milwaukee Teachers Education Association	WI				"[{""type"":""address"",""value"":""5130 West Vliet Street\nMilwaukee, WI 53208"",""note"":""""},{""type"":""phone"",""value"":""(414) 259-1990"",""note"":""""},{""type"":""email"",""value"":""pelzekb@mtea.org"",""note"":""""},{""type"":""website"",""value"":""http://mtea.org"",""note"":""""}]"		Union for Milwaukee Public Schools employees	Matters affecting union, and Milwaukee Public Schools employees
12867	WI-principal-12867	Froedtert ThedaCare Health, Inc.	WI				"[{""type"":""address"",""value"":""8800 W Doyne Ave\nMilwaukee, WI 53226"",""note"":""""},{""type"":""phone"",""value"":""414-805-5284"",""note"":""""},{""type"":""email"",""value"":""maureen.mcnally@froedtert.com"",""note"":""""},{""type"":""website"",""value"":""http://www.froedtert.com"",""note"":""""}]"		Froedtert ThedaCare Health is a Wisconsin-based, Wisconsin-led health care systems with 22,000+ employees and 3,400+ providers offering services in 18 hospitals and more than 360 outpatient locations.	Froedtert ThedaCare Health is interested in legislation, administrative rules, and policy decisions related to the delivery of healthcare, operations of hospitals and health care facilities, payment for healthcare services, healthcare workforce and the patient experience.  This includes the state budget, Medicaid payments and policies, and matters related to patient care, health care delivery, reimbursement, insurance, education and credentialling, taxes, public health, electronic medical records and technology.
12868	WI-principal-12868	Faith & Freedom Coalition	WI				"[{""type"":""address"",""value"":""1110 W. Wells Street\nMilwaukee, WI 53233"",""note"":""""},{""type"":""phone"",""value"":""4046063163"",""note"":""""},{""type"":""email"",""value"":""jpudner@wisconsinffc.com"",""note"":""""},{""type"":""website"",""value"":""https://www.ffcoalition.com/"",""note"":""""}]"		The Faith and Freedom Coalition is a 501c4 that receives donations from individuals across the country. It overlaps in goals with the 501c3 Wisconsin Faith and Freedom Coalition.	Measures that encourage principles that strengthen families, promote time-honored values, protect the dignity of life and marriage, lower the tax burden on small business and families, and require government to tighten its belt and live within its means.
12869	WI-principal-12869	End Chronic Disease, Inc.	WI				"[{""type"":""address"",""value"":""c/o 12587 Fair Lakes Cir PMB 173\nFairfax, VA 22033"",""note"":""""},{""type"":""phone"",""value"":""7033819324"",""note"":""""},{""type"":""email"",""value"":""ecd@vantagelegal.com"",""note"":""""}]"		To educate and advocate for healthcare policy	Matters affecting healthcare policy
12870	WI-principal-12870	Manhattan Institute for Policy Research, Inc.	WI				"[{""type"":""address"",""value"":""c/o 12587 Fair Lakes Cir PMB 173\nFairfax, VA 22033"",""note"":""""},{""type"":""phone"",""value"":""2125997000"",""note"":""""},{""type"":""email"",""value"":""manhattaninstitute@vantagelegal.com"",""note"":""""}]"		The Manhattan Institute is a community of scholars, journalists, activists, and civic leaders dedicated to advancing opportunity, individual liberty, and the rule of law in America and its great cities.	Matters affecting public policy, education, energy, health, and public safety
12871	WI-principal-12871	Turo Inc.	WI				"[{""type"":""address"",""value"":""111 Sutter Street 1200\nSan Francisco, CA 94104"",""note"":""""},{""type"":""phone"",""value"":""(310) 796-6087"",""note"":""""},{""type"":""email"",""value"":""kmalik@turo.com"",""note"":""""},{""type"":""website"",""value"":""http://www.turo.com"",""note"":""""}]"	Andre Haddad	marketplace for peer-to-peer car sharing	all issues associated with regulation of peer-to-peer car sharing
12872	WI-principal-12872	TechNet	WI				"[{""type"":""address"",""value"":""P.O. Box 82454\nAustin, TX 78708"",""note"":""""},{""type"":""phone"",""value"":""5126891050"",""note"":""""},{""type"":""email"",""value"":""dedmonson@technet.org"",""note"":""""}]"	Linda  Moore	Growth of the innovation technology economy.	All matters affecting technology innovation
12876	WI-principal-12876	ACT | The App Association	WI				"[{""type"":""address"",""value"":""1401 K Street NW Suite 501\nWashington, DC 20005"",""note"":""""},{""type"":""phone"",""value"":""2028458816"",""note"":""""},{""type"":""email"",""value"":""nview@actonline.org"",""note"":""""}]"	Morgan Reed	trade association focused on opportunities and challenges todays small business app developers and IoT innovators face in the app ecosystem	technology, privacy and consumer protections
12877	WI-principal-12877	The Office of the Commissioner of Baseball	WI				"[{""type"":""address"",""value"":""1050 Connecticut Avenue, NW, Suite 1100\nWashington , DC 20036"",""note"":""""},{""type"":""phone"",""value"":""202-861-1551"",""note"":""""},{""type"":""email"",""value"":""tstanley@bakerlaw.com"",""note"":""""},{""type"":""website"",""value"":""http://www.mlb.com"",""note"":""""}]"	Rob Manfred	Professional sports leagues	Business Development and Gaming
12878	WI-principal-12878	Metrc LLC	WI				"[{""type"":""address"",""value"":""3111 W Pipkin Rd Suite 140\nLakeland, FL 33811"",""note"":""""},{""type"":""phone"",""value"":""303-598-0514"",""note"":""""},{""type"":""email"",""value"":""Jean.Robinson@metrc.com"",""note"":""""},{""type"":""website"",""value"":""http://www.metrc.com"",""note"":""""}]"	Michael Johnson	Cannabis compliance software system	Cannabis, Technology
12879	WI-principal-12879	NetChoice	WI				"[{""type"":""address"",""value"":""1401 K Street NW, Suite 502\nWashington, DC 20005"",""note"":""""},{""type"":""phone"",""value"":""(202)845-8816"",""note"":""""},{""type"":""email"",""value"":""nview@netchoice.org"",""note"":""""}]"	Steven DelBianco	Trade association of eCommerce businesses.	Antitrust, content moderation, data centers, delivery and mobility innovation, internet governance, internet taxation, privacy, and the peer-to-peer economy.
12880	WI-principal-12880	Wisconsin Waterfowl Association, Inc	WI				"[{""type"":""address"",""value"":""PO Box 427\nWales, WI 53183"",""note"":""""},{""type"":""phone"",""value"":""651-403-1772"",""note"":""""},{""type"":""email"",""value"":""bheidel@wisducks.org"",""note"":""""},{""type"":""website"",""value"":""http://www.wisducks.org"",""note"":""""}]"		The Wisconsin Waterfowl Association is a membership-based organization that derives it's funding from grassroots waterfowlers and those individuals committed to preserving the ecology and vibrancy of  Wisconsin's waterfowling pursuits.	"Topics affecting the Wisconsin Waterfowl Stamp program.
Topics affecting the WI Waterfowl Management Plan.
Topics affecting the conservation of habitat important to waterfowlers and waterfowl
Topics affecting the Knowles-Nelson Stewardship program.
Topics affecting the preservation of restoration of Wisconsin's wetland habitat
Topics affecting the implementation of Wisconsin's waterfowl hunting season structure.
Topics related to migratory birds."
12881	WI-principal-12881	Independence First	WI				"[{""type"":""address"",""value"":""540 S. 1st Street\nMilwaukee, WI 53204"",""note"":""""},{""type"":""phone"",""value"":""414-226-8301"",""note"":""""},{""type"":""email"",""value"":""mboucher@independencefirst.org"",""note"":""""},{""type"":""website"",""value"":""http://www.independencefirst.org"",""note"":""""}]"		People with disabilities, funding through government, fee for service, and foundation/donation support.	Any policies that affect people with disabilities.
12882	WI-principal-12882	McCain Foods Limited	WI				"[{""type"":""address"",""value"":""439 King Street West, 5th Floor\nToronto, ON M5V1K4"",""note"":""""},{""type"":""phone"",""value"":""(416) 562-7904"",""note"":""""},{""type"":""email"",""value"":""charlie.angelakos@mccain.ca"",""note"":""""},{""type"":""website"",""value"":""http://www.mccain.com"",""note"":""""}]"	Max Koeune	McCain Foods Limited is  the world's largest manufacturer of frozen potato products and a global leader in appetizers and snacks.	Legislation, rules and administrative actions related to McCain's business interest, including but not limited to employment law, environmental regulations, and taxation. The sustainability of agriculture in Wisconsin.
12884	WI-principal-12884	Citizens Utility Board of Wisconsin	WI				"[{""type"":""address"",""value"":""625 North Segoe Road, Suite 101\nMadison, WI 53705"",""note"":""""},{""type"":""phone"",""value"":""(608) 251-3322"",""note"":""""},{""type"":""email"",""value"":""content@cubwi.org"",""note"":""""},{""type"":""website"",""value"":""http://www.cubwi.org"",""note"":""""}]"		CUB represents residential and small business customers of electric, natural gas and water utilities.	Policies affecting consumers of electric, natural gas and water utilities and regulation of those utilities.
12886	WI-principal-12886	Navitus Health Solutions	WI				"[{""type"":""address"",""value"":""361 Integrity Dr\nMadison, WI 53717"",""note"":""""},{""type"":""phone"",""value"":""6087291626"",""note"":""""},{""type"":""email"",""value"":""paul.page@navitus.com"",""note"":""""}]"	David Fields	Navitus Health Solutions, LLC is a 100% pass-through, fully transparent, pharmacy benefit management company. Since the founding of our company in 2003, Navitus has relentlessly worked to reduce the overall drug costs paid by our clients, while improving member health, providing superior customer service, and ensuring regulatory compliance. Navitus administers pharmacy benefits for over six million members across our commercial, ACA/Exchange, Medicaid, Medicare Part D, and discount card lines of business. Based in Madison, Wisconsin, we also have a wholly-owned URAC-accredited specialty pharmacy called Lumicera Health Services.	Legislation, administrative rulemaking, state budgets, and other actions affecting the administration, delivery, and financing of health care services; pharmacy benefit management companies; specialty pharmacy issues; other health care issues; general business matters.
12887	WI-principal-12887	Institute for Justice	WI				"[{""type"":""address"",""value"":""901 N. Glebe Road, Suite 900\nArlington, VA 22203"",""note"":""""},{""type"":""phone"",""value"":""7036829320"",""note"":""""},{""type"":""email"",""value"":""dknepper@ij.org"",""note"":""""},{""type"":""website"",""value"":""http://www.ij.org"",""note"":""""}]"		legal	Eminent domain, cottage foods reform, and occupational licensing, property rights
12888	WI-principal-12888	Michael Fields Agricultural Institute	WI				"[{""type"":""address"",""value"":""PO Box 990\nEast Troy, WI 53120"",""note"":""""},{""type"":""phone"",""value"":""2626423303"",""note"":""""},{""type"":""email"",""value"":""canderas@michaelfields.org"",""note"":""""},{""type"":""website"",""value"":""https://www.michaelfields.org/"",""note"":""""}]"		Agriculture	Agriculture, clean water, climate change
12889	WI-principal-12889	Sierra Club Wisconsin	WI				"[{""type"":""address"",""value"":""754 Williamson Street\nMadison, WI 53711"",""note"":""""},{""type"":""phone"",""value"":""6082560565"",""note"":""""},{""type"":""email"",""value"":""elizabeth.ward@sierraclub.org"",""note"":""""},{""type"":""website"",""value"":""https://www.sierraclub.org/wisconsin"",""note"":""""}]"		Founded in 1892, the Sierra Club is America’s oldest, largest, and most influential grassroots environmental organization. The Sierra Club’s mission is to explore, enjoy, and protect the wild places of the earth. The Sierra Club – Wisconsin is made up of 18,000 members and supporters from throughout Wisconsin working to promote clean energy and protect land and water resources.	State budget and individual bills - related to public health, environment, transportation, recycling, energy, agricultural and university research. Government reorg. DNR- land /forest management, water quality/quantity, wetlands, wildlife, mining, waste management, air, state stewardship fund, remedial response, alt. regulatory path. DATCP-pesticides, agric., food safety, animal mgmt. PSC-electric generation, mergers, energy conservation. DOT-infrastructure planning/budget, transit, highways, bike/ped. DOJ-Public intervenor/enf. Commerce-PECFA and related, brownfields, econ. dev. Campaign Finance Reform.
12890	WI-principal-12890	Wisconsin Center for Manufacturing and Productivity	WI				"[{""type"":""address"",""value"":""2601 Crossroads Drive, Suite 145\nMadison, WI 53718"",""note"":""""},{""type"":""phone"",""value"":""(608) 729-4151"",""note"":""""},{""type"":""email"",""value"":""gilles@wicmp.org"",""note"":""""},{""type"":""website"",""value"":""http://www.wicmp.org"",""note"":""""}]"	Buckley Brinkman	Improve competitiveness of Wisconsin manufacturers.	Appropriations for manufacturing extension center grants and state agency partners, initiatives related to manufacturing in Wisconsin and manufacturing workforce preparation.
12892	WI-principal-12892	Coinflip	WI				"[{""type"":""address"",""value"":""433 W Van Buren St Ste 1050N\nChicago, IL 60607"",""note"":""""},{""type"":""phone"",""value"":""8777572646"",""note"":""""},{""type"":""email"",""value"":""jturke@coinflip.tech"",""note"":""""},{""type"":""website"",""value"":""https://coinflip.tech"",""note"":""""}]"	Ben Weiss	Digital currency ATMS	Issues affecting cryptocurrency and cryptocurrency ATMs
12897	WI-principal-12897	Conservative Energy Network	WI				"[{""type"":""address"",""value"":""9530 E 16 Frontage Rd Apt 201\nOnalaska, WI 54650"",""note"":""""},{""type"":""phone"",""value"":""6083856023"",""note"":""""},{""type"":""email"",""value"":""ryanmhuebsch@wiscef.org"",""note"":""""},{""type"":""website"",""value"":""https://conservativeenergynetwork.org/"",""note"":""""}]"		CEN educates and advocates on clean energy policy issues. As a 501(c)(3) nonprofit corporation, CEN receives financial support from philanthropic foundations and major donors, the public, and the energy industry. CEN works closely with and funds/donates staff services to the Wisconsin Conservative Energy Forum, another 501(c)(3) organization, to advance clean energy policy solutions in the state.	Lobbying areas will include energy policy, utilities, the environment, and electricity regulatory issues.
12899	WI-principal-12899	Wisconsin Chapter of the American Academy of Pediatrics (WIAAP)	WI				"[{""type"":""address"",""value"":""PO Box 243\nOconomowoc, WI 53066"",""note"":""""},{""type"":""phone"",""value"":""(262) 751-7003"",""note"":""""},{""type"":""email"",""value"":""kkjensrud@wiaap.org"",""note"":""""},{""type"":""website"",""value"":""http://wiaap.org"",""note"":""""}]"	Jennifer Kleven	The WIAAP represents over 900 primary care pediatricians and allied health professionals in the state of Wisconsin.	"Children's Health
Maternal and Child Health
Immunization policy
Mental Health
Medical Home
Oral Health
Obesity Prevention
School Health
Safety and Injury Prevention"
12900	WI-principal-12900	Voces de la Frontera Action, Inc.	WI				"[{""type"":""address"",""value"":""733 W Historic Mitchell Street\nMilwaukee, WI 53204"",""note"":""""},{""type"":""phone"",""value"":""414.736.2835"",""note"":""""},{""type"":""email"",""value"":""operations@vdlf.org"",""note"":""""},{""type"":""website"",""value"":""http://www.vdlfa.org"",""note"":""""}]"		Voces de la Frontera Action, Inc. is a related entity to Voces de la Frontera. Both organizations promote community building through education and advocacy on issues that impact low wage workers and immigrants.	VDLFA will advocate and lobby on issues that impact worker rights and the immigrant community.
12902	WI-principal-12902	Scenic Wisconsin (formerly Citizens for a Scenic Wisconsin)	WI				"[{""type"":""address"",""value"":""130 Lakewood Blvd.\nMadison, Wi 53703"",""note"":""""},{""type"":""phone"",""value"":""(608) 219-5237"",""note"":""""},{""type"":""email"",""value"":""gary.goyke@gmail.com"",""note"":""""},{""type"":""website"",""value"":""http://We.scenicwisconsin.org"",""note"":""""}]"	Charles Mitchell	Scenic Wisconsin is a statewide organization dedicated to education and advocacy in the following areas:  historic barn preservation, enhancing state rustic road operations, promoting scenic by-way programs, regulations of off premise billboards.. and tin 2020 we have added the promotion of agricultural tourism to our mission statement.	CSW will comment and advocate in all areas of legislative and administration actions involving, rustic roads, scenic by-ways, billboard blight, historic barn preservation and agricultural tourism.
12903	WI-principal-12903	Wisconsin Association of Mobility Managers	WI				"[{""type"":""address"",""value"":""130 Lakewood Blvd.\nMadison, Wi 53704"",""note"":""""},{""type"":""phone"",""value"":""(608) 219-5237"",""note"":""""},{""type"":""email"",""value"":""gary.goyke@gmail.com"",""note"":""""},{""type"":""website"",""value"":""http://wi.mm.org"",""note"":""""}]"	Bobbi Craig	The Mobility Managers Association is dedicated to the practices of using all available transportation resources and developing new ones to improve mobility, increase efficiency and reduce costs for Wisconsin citizens and institutions who need to connect citizens to their intended destinations.	The Association of Mobility Managers will advocate in all areas of state government which could effect or impact the management and availability of transportation services in all of Wisconsin's municipalities. WAMM will aggressively work to coordinate transportation services with other related transportation organizations and the Wisconsin Department of Transportation.
12906	WI-principal-12906	SMART (Sheet Metal Air Rail Transportation)	WI				"[{""type"":""address"",""value"":""7 N Pinckney Street, Ste LL-25\nMadison, WI 53703"",""note"":""""},{""type"":""phone"",""value"":""9202160027"",""note"":""""},{""type"":""email"",""value"":""smarttd.wislb@yahoo.com"",""note"":""""},{""type"":""website"",""value"":""http://wisconsin.utu.org"",""note"":""""}]"		Protect the interest of membership, as they may appear.  Railroad workers and retired railroad workers, Sheet Metal workers and retired sheet metal workers.	Transportation issues, taxation, public safety, worker safety, campaign finance, voting laws, passenger and freight rail, prevailing wages, right to work laws, minimum wage.
12907	WI-principal-12907	State Armor Action	WI				"[{""type"":""address"",""value"":""300 South Riverside, Suite 1625\nChicago , IL 60606"",""note"":""""},{""type"":""phone"",""value"":""312-980-1197"",""note"":""""},{""type"":""email"",""value"":""michael@statearmor.org"",""note"":""""}]"		State solutions to global threats	Protecting critical infrastructure, supply chains, and other security issues.
12908	WI-principal-12908	Milwaukee Repertory Theater	WI				"[{""type"":""address"",""value"":""108 E Wells St\nMilwaukee, WI 53202"",""note"":""""},{""type"":""phone"",""value"":""414-290-5399"",""note"":""""},{""type"":""email"",""value"":""cbauman@milwaukeerep.com"",""note"":""""},{""type"":""website"",""value"":""http://www.milwaukeerep.com"",""note"":""""}]"		Performing Arts	Funding for the arts and matters relating to film production office and incentives
12914	WI-principal-12914	Wisconsin Judicare Inc. dba Judicare Legal Aid	WI				"[{""type"":""address"",""value"":""PO Box 6100\nWausau, WI 54402"",""note"":""""},{""type"":""phone"",""value"":""7158474533"",""note"":""""},{""type"":""email"",""value"":""mlee@judicare.org"",""note"":""""},{""type"":""website"",""value"":""http://judicare.org"",""note"":""""}]"		Non profit law firm representing low-income people in their civil legal aid matters.	Issues related to civil legal problems of low-income people including funding for services.
12915	WI-principal-12915	Wisconsin Radiological Society	WI				"[{""type"":""address"",""value"":""563 Carter Ct Ste B\nKimberly, WI 54136"",""note"":""""},{""type"":""phone"",""value"":""(920) 560-5628"",""note"":""""},{""type"":""email"",""value"":""wrs@badgerbay.co"",""note"":""""},{""type"":""website"",""value"":""https://www.wi-rad.org/"",""note"":""""}]"	Eric Ostermann	Physicians who specialize in diagnosing and treating diseases and injuries using medical imaging techniques, such as x-rays, computed tomography (CT), magnetic resonance imaging (MRI), nuclear medicine, positron emission tomography (PET) and ultrasound.	Issues relating to medical imaging; practice of medicine, regulation and licensing.
12916	WI-principal-12916	Wisconsin Child Support Enforcement Association	WI				"[{""type"":""address"",""value"":""112 S Court St, RM 2100\nMonroe, WI 54656"",""note"":""""},{""type"":""phone"",""value"":""(608) 269-8809"",""note"":""""},{""type"":""email"",""value"":""Pamela.Pipkin@co.monroe.wi.us"",""note"":""""},{""type"":""website"",""value"":""http://www.wcsea.org/"",""note"":""""}]"	Chad Wolske	Child support enforcement	Any legislation and administrative rule pertaining to child support and family law
12917	WI-principal-12917	Cigna Corporate Services, LLC	WI				"[{""type"":""address"",""value"":""6625 W 78th St.\nBloomington, MN 55439"",""note"":""""},{""type"":""phone"",""value"":""(480) 942-9959"",""note"":""""},{""type"":""email"",""value"":""Tracey.Hester@CignaHealthcare.com"",""note"":""""},{""type"":""website"",""value"":""http://www.cigna.com"",""note"":""""}]"	David Cordani	Health insurance including Medicare supplement; pharmacy benefits management	Health insurance; health care; pharmaceuticals; pharmacy benefits management; Medicare/Medicaid and Medicare supplement; business/commerce; medical devices; state budget issues
12920	WI-principal-12920	University of Wisconsin Eau Claire Foundation	WI				"[{""type"":""address"",""value"":""PO Box 1208\nEau Claire, WI 547021208"",""note"":""""},{""type"":""phone"",""value"":""7158364043"",""note"":""""},{""type"":""email"",""value"":""bodadp@uwec.edu"",""note"":""""},{""type"":""website"",""value"":""http://foundation.uwec.edu"",""note"":""""}]"		Non-profit university foundation	Support for University related capital and operating projects including financial support from the State of Wisconsin
12921	WI-principal-12921	CJDT Coalition	WI				"[{""type"":""address"",""value"":""3900 N. Estabrook Parkway, Apt 449\nShorewood, WI 53211"",""note"":""""},{""type"":""phone"",""value"":""414-510-1436"",""note"":""""},{""type"":""email"",""value"":""paul.geenen9@gmail.com"",""note"":""""}]"		The CJDT Coalition looks to use science to create bi-partisan, incremental improvements to Wisconsin’s criminal justice system. It looks to change the conversation from reducing the prison population and funding second chances to investing in solutions that reduce initial involvement with Wisconsin’s Criminal Justice System.	"In January of 2021 Badger Institute hosted a ZOOM presentation by the Speaker of The Florida Assembly, highlighting their new bill that funded gathering data on Florida’s Criminal Justice System. 

During the 2021-22 legislative session, seeking to mirror Florida’s success, working with Rep. David Bowen’s office, a Criminal Justice Data Transparency Bill was drafted. It called for using science to create bi-partisan, incremental improvements to Wisconsin’s criminal justice system, investing in a data analyst, at a cost of $1 million over two years, gathering data from Wisconsin’s data silos, and housing it in the Criminal Justice Coordinating Council. The analyst will gather and generate analysis for legislators and non-profits from the data silos in Wisconsin’s Criminal Justice System, helping legislators to draft new legislation to make improvements to Wisconsin's Criminal Justice System. This bill was never introduced. 

In 2025, given the new maps and the new legislature, the Criminal Justice Data Transparency Bill V 2.0 was re-introduced, adding to the original bill the potential of reducing early interactions with the criminal justice system by young adults in the foster care system, thus reducing the number of those incarcerated in our prison system.

Dr. Fred Wulzczyn Chapin Hall, University of Chicago, Director of the Center for State Child Welfare Data, said “If you can alter the likelihood that a youngster in the foster care system avoids the criminal justice system, that is a wise investment and will pay for itself over time by substantial lowering the cost of public programs that fund deep end social programs.”

We are advocating for changing the conversations from reducing the prison population and funding second chances to using science to invest in solutions that reduce involvement with Wisconsin’s Criminal Justice System at the front end."
12922	WI-principal-12922	Wisconsin Trout Unlimited	WI				"[{""type"":""address"",""value"":""4526 Ellington Way\nMiddleton, WI 53562"",""note"":""""},{""type"":""phone"",""value"":""6083358500"",""note"":""""},{""type"":""email"",""value"":""brandon@capgroupwi.com"",""note"":""""},{""type"":""website"",""value"":""https://wicouncil.tu.org/"",""note"":""""}]"		WiTU dues paying members are fly fishers as well as those who support the sport which contributes millions of dollars to Wisconsin's economy.  Interests range from fly fishing as a sport, stream sustainability and improvement.  Providing opportunities for all to participate in the sport; improve access to streams; provide education and training.	Stewardship Fund, DNR oversight and regulations on fly fishing, Trout Stamp License Fee, Wisconsin State Budget, fish stocking, dam removal.
12923	WI-principal-12923	Tyson Foods	WI				"[{""type"":""address"",""value"":""CP003, 2200 Don Tyson Parkway\nSpringdale, AR 72762"",""note"":""""},{""type"":""phone"",""value"":""4798561627"",""note"":""""},{""type"":""email"",""value"":""beth.morantes@tyson.com"",""note"":""""}]"	Donnie King	Food manufacturing	Agriculture, Commerce, Economic Development, Energy, Environment, Licensure, Taxation, Transportation, Utilities, Workers' Compensation
12924	WI-principal-12924	gener8tor Management LLC	WI				"[{""type"":""address"",""value"":""821 E Washington Ave\nMadison, WI 53703"",""note"":""""},{""type"":""phone"",""value"":""(317) 373-2343"",""note"":""""},{""type"":""email"",""value"":""travis@gener8tor.com"",""note"":""""},{""type"":""website"",""value"":""http://www.gener8tor.com"",""note"":""""}]"	Joe Kirgues	Venture capital, econoimic development and workforce development services.	WorkForce Development and DOA Budget Issues
12925	WI-principal-12925	Vapor Technology Association	WI				"[{""type"":""address"",""value"":""418 C St NE\nWashington, DC 20002"",""note"":""""},{""type"":""phone"",""value"":""(312) 498-6060"",""note"":""""},{""type"":""email"",""value"":""vta@forwardglobal.com"",""note"":""""},{""type"":""website"",""value"":""https://vaportechnology.org/"",""note"":""""}]"	Tony Abboud	National trade association for the vapor technology industry	Issues related to vapor technology.
12926	WI-principal-12926	Wisconsin doulas Association, INC	WI				"[{""type"":""address"",""value"":""PO Box 1851\nGreen Bay, WI 54305"",""note"":""""},{""type"":""phone"",""value"":""9206098169"",""note"":""""},{""type"":""email"",""value"":""emily@widoulas.org"",""note"":""""},{""type"":""website"",""value"":""http://www.widoulas.org"",""note"":""""}]"		Financial support for the organization is primarily derived from membership dues, donations, and partnerships with organizations that share a common interest in maternal health, birth advocacy, and holistic care.	"The Wisconsin Doulas Association (WDA) focuses its lobbying efforts on several key policy areas that directly impact the doula profession and the families served. These include:

Reimbursement for Doula Services: WDA advocates for policies that expand insurance coverage for doula services, ensuring that families have access to affordable support during pregnancy, childbirth, and the postpartum period. This includes pushing for Medicaid and private insurance reimbursement for doula services to increase access for underserved populations.

Regulation and Certification Standards: The WDA works to ensure that doula certification and training standards are maintained and recognized across the state. This includes supporting legislation that recognizes doulas as qualified professionals within the healthcare system and ensures that doulas are held to high standards of practice.

Maternal Health Equity: WDA lobbies for policies that improve maternal health outcomes for all families, with a specific focus on addressing disparities in care, particularly for communities of color and underserved populations. This includes advocating for increased access to doula services as part of a broader effort to reduce maternal morbidity and mortality rates.

Scope of Practice: WDA works to protect and define the scope of practice for doulas in Wisconsin, ensuring that the role of doulas is clearly delineated and recognized as complementary to other healthcare providers without encroaching on medical or midwifery practices.

Access to Training and Professional Development: The association advocates for funding and support for doula training programs, particularly in rural or underserved areas. This includes seeking funding for scholarships, grants, and other resources to expand access to doula education and help diversify the workforce.

Family Leave Policies: WDA supports policies that provide paid family leave for all parents, recognizing the importance of time to bond with a newborn and the role doulas play in supporting families during this critical time.

Protect Independent Contractors' Status:


Recognize and safeguard the independent contractor status of doulas, which is essential due to the flexible and individualized nature of their work.
Ensure that policies support the autonomy and entrepreneurial spirit of doulas, allowing them to operate with the necessary flexibility while maintaining accountability and high-quality service standards."
12930	WI-principal-12930	Congressional Sportsmen's Foundation	WI				"[{""type"":""address"",""value"":""110 North Carolina Ave\nWashington, DC 20003"",""note"":""""},{""type"":""phone"",""value"":""8024307171"",""note"":""""},{""type"":""email"",""value"":""bmiller@congressionalsportsmen.org"",""note"":""""}]"		Conservation, hunting, fishing, recreational shooting, and trapping.	CSF works to promote and protect hunting, fishing, recreational shooting, and trapping.
12931	WI-principal-12931	Organon LLC	WI				"[{""type"":""address"",""value"":""28 Liberty Ship Way, Suite 2815\nSausalito, CA 94965"",""note"":""""},{""type"":""phone"",""value"":""(415) 903-2800"",""note"":""""},{""type"":""email"",""value"":""organon@politicomlaw.com"",""note"":""""},{""type"":""website"",""value"":""http://www.organon.com"",""note"":""""}]"	Kevin Ali	Health care	Matters affecting health care
12932	WI-principal-12932	Fast Enterprises, LLC	WI				"[{""type"":""address"",""value"":""7229 South Alton Way\nCentennial, CO 80112"",""note"":""""},{""type"":""phone"",""value"":""877-275-3278"",""note"":""""},{""type"":""email"",""value"":""fdean@fastcore.com"",""note"":""""},{""type"":""website"",""value"":""http://www.fastenterprises.com"",""note"":""""}]"	Martin Rankin	Fast provides modernization for state IT systems.	Fast provides modernization for state IT systems and is in support of funding and approval of these type projects.
12933	WI-principal-12933	Maxim Healthcare Services, Inc.	WI				"[{""type"":""address"",""value"":""7227 Lee Deforest Drive\nColumbia, MD 21046"",""note"":""""},{""type"":""phone"",""value"":""(410) 910-1500"",""note"":""""},{""type"":""email"",""value"":""maxim@venable.com"",""note"":""""}]"	Jarrod DePriest	Healthcare	All matters related to healthcare, nursing, private duty nursing, including licensing and rate reimbursement
12934	WI-principal-12934	Wisconsin Internet of Things Council	WI				"[{""type"":""address"",""value"":""508 New York Ave, Room 209\nSheboygan, WI 53081"",""note"":""""},{""type"":""phone"",""value"":""920-946-9378"",""note"":""""},{""type"":""email"",""value"":""doudna@sheboygancountyedc.com"",""note"":""""},{""type"":""website"",""value"":""https://www.wisconsiniot.org/"",""note"":""""}]"	Brian Doudna	Small to medium sized manufacturers exploring, developing or implementing Artificial Intelligence or Internet of Things strategies in their product mix. The Wisconsin Internet of Things Council is a program of the Sheboygan County Economic Development Corporation.	Artificial Intelligence, Internet of Things, training and skill development on these topics.  The Council will have an interest on potential legislation dealing with data management of connected devices.
12938	WI-principal-12938	Wisconsin County Highway Association	WI				"[{""type"":""address"",""value"":""1502 West Broadway, Suite 102\nMadison, WI 53713"",""note"":""""},{""type"":""phone"",""value"":""608-367-4126"",""note"":""""},{""type"":""email"",""value"":""pvandersanden@wiscohwy.org"",""note"":""""},{""type"":""website"",""value"":""http://www.wiscohwy.org"",""note"":""""}]"		Transportation infrastructure in the State of Wisconsin	Issues that affect funding, management, or programming of transportation infrastructure in the State of Wisconsin.
12939	WI-principal-12939	Deltahawk Engines, Inc	WI				"[{""type"":""address"",""value"":""2300 South Street\nRacine, WI 53404"",""note"":""""},{""type"":""phone"",""value"":""262.583.4500"",""note"":""""},{""type"":""email"",""value"":""jon.heup@deltahawk.com"",""note"":""""},{""type"":""website"",""value"":""http://deltahawk.com"",""note"":""""}]"	Christopher Ruud	Manufacture of diesel/jet fuel/SAF powered small engines	Any proposal affecting the production or utilization of engines
12941	WI-principal-12941	Wisconsin Trial Judges Association	WI				"[{""type"":""address"",""value"":""901 N. 9th Street\nMilwaukee, WI 53233"",""note"":""""},{""type"":""phone"",""value"":""414.278.4472"",""note"":""""},{""type"":""email"",""value"":""dlborowski@aol.com"",""note"":""""}]"	David Borowski	The purpose of this organization is to provide a single forum for all trial judges in the State of Wisconsin in which to express and exchange ideas, formulate concepts and programs and thereafter seek to effectuate such by appropriate means.	Any legislation affecting the Judicial System and its' Judiciary members.
12944	WI-principal-12944	BT CDA, LLC	WI				"[{""type"":""address"",""value"":""4807 Innovate Lane\nMadison, WI 53707"",""note"":""""},{""type"":""phone"",""value"":""608-240-2423"",""note"":""""},{""type"":""email"",""value"":""tyler.inda@bakertilly.com"",""note"":""""}]"	NA Only have partners	Economic development and finance	BTCDA is focused on advocating for economic impact tools including New Markets Tax Credits that support bringing capital investments to low-income and rural communities throughout the state.
12945	WI-principal-12945	MKE Tech Hub Coalition	WI				"[{""type"":""address"",""value"":""PO Box 34\nWest Bend, WI 53095"",""note"":""""},{""type"":""phone"",""value"":""414-484-4034"",""note"":""""},{""type"":""email"",""value"":""joe.poeschl@mketech.org"",""note"":""""},{""type"":""website"",""value"":""https://www.mketech.org/"",""note"":""""}]"		Tech occupations and tech industry.	Economic development and workforce development for tech.
12946	WI-principal-12946	WiSys	WI				"[{""type"":""address"",""value"":""2 E. Mifflin Street, Suite 804\nMadison, WI 53703"",""note"":""""},{""type"":""phone"",""value"":""920-229-7127"",""note"":""""},{""type"":""email"",""value"":""peter@thewelchgroup.org"",""note"":""""},{""type"":""website"",""value"":""https://www.wisys.org/"",""note"":""""}]"		Higher Education, Agriculture, Research, Innovation, Entrepreneurship	Innovation and Entrepreneurship, specifically related to rural and agricultural issues.
12947	WI-principal-12947	Preventing Tobacco Addiction Foundation	WI				"[{""type"":""address"",""value"":""PO Box 173\nMadison, WI 53701"",""note"":""""},{""type"":""phone"",""value"":""303-596-1443"",""note"":""""},{""type"":""email"",""value"":""Josephine.Colacci@Tobacco21.org"",""note"":""""},{""type"":""website"",""value"":""https://tobacco21.org"",""note"":""""}]"		Public Health Nonprofit	Tobacco and Nicotine Use
12948	WI-principal-12948	FFRF Action Fund	WI				"[{""type"":""address"",""value"":""PO Box 750\nMadison, WI 53701"",""note"":""""},{""type"":""phone"",""value"":""6082568900"",""note"":""""},{""type"":""email"",""value"":""ryan@ffrfaction.org"",""note"":""""},{""type"":""website"",""value"":""http://ffrfaction.org"",""note"":""""}]"		The FFRF Action Fund was established in 2022 as a 501(c)(4) affiliate to the Freedom From Religion Foundation which has been fighting for the rights of nonbelievers and to defend the constitutional principle of separation between state and church since 1978.	State/church separation, including matters involving public schools, evidence-based legislation, reproductive autonomy, and LGBTQ+ rights
12949	WI-principal-12949	American Farmland Trust	WI				"[{""type"":""address"",""value"":""773 Prestwick Point\nChampaign, IL 61822"",""note"":""""},{""type"":""phone"",""value"":""6609732421"",""note"":""""},{""type"":""email"",""value"":""cshipp@farmland.org"",""note"":""""},{""type"":""website"",""value"":""http://www.farmland.org"",""note"":""""}]"		AFT primarily represents farmers, growers, and ranchers. AFT also collaborates with, and advances the interests of, land trusts and our partners working in agriculture and conservation.	AFT works to advance farmland protection, on-farm conservation practice adoption, and crop diversification. The organization also seeks to improve farmland access and transfer, advance our Smart Solar priorities, and improve farm viability for all growers, farmers, and ranchers.
12951	WI-principal-12951	City of Madison	WI				"[{""type"":""address"",""value"":""210 Martin Luther King Jr Blvd, Room 403\nMadison, WI 53703"",""note"":""""},{""type"":""phone"",""value"":""(608) 266-4611"",""note"":""""},{""type"":""email"",""value"":""SMunger@cityofmadison.com"",""note"":""""},{""type"":""website"",""value"":""http://www.cityofmadison.com"",""note"":""""}]"		City/municipal government.	Subjects pertaining to the provision of municipal services and the manner in which they are funded.
12953	WI-principal-12953	Legend Lake Property Owners Association	WI				"[{""type"":""address"",""value"":""N1024 Old South Branch Rd.\nKeshena, WI 54135"",""note"":""""},{""type"":""phone"",""value"":""(715) 799-3317"",""note"":""""},{""type"":""email"",""value"":""llpoa@legendlake.info"",""note"":""""},{""type"":""website"",""value"":""https://legendlake.info/"",""note"":""""}]"		Owners of property on Legend Lake	taxation issues affecting Menominee County.
12954	WI-principal-12954	Lebakkens	WI				"[{""type"":""address"",""value"":""2842 Melby Street\nEau Claire, WI 54703"",""note"":""""},{""type"":""phone"",""value"":""715-831-1002"",""note"":""""},{""type"":""email"",""value"":""corporate@lebakkensrto.com"",""note"":""""},{""type"":""website"",""value"":""https://lebakkensrto.com/"",""note"":""""}]"	Jeff Lebakken	Matters affecting the rental-purchase industry	Matters affecting the rental-purchase industry
12955	WI-principal-12955	Fair Wisconsin Inc.	WI				"[{""type"":""address"",""value"":""122 E Olin Ave, Ste 100\nMadison, WI 53713"",""note"":""""},{""type"":""phone"",""value"":""(608) 441-0143"",""note"":""""},{""type"":""email"",""value"":""sean.obrien@fairwisconsin.com"",""note"":""""},{""type"":""website"",""value"":""http://www.fairwisconsin.com"",""note"":""""}]"		Fair Wisconsin is the statewide lesbian, gay, bisexual, transgender, and queer (LGBTQ) advocacy organization with a mission to achieve full equality for LGBTQ+ people.	Advance and protect the civil rights of LGBTQ people through legislative advocacy concerning LGBTQ people and their families. This can include (but not limited to) anti-discrimination efforts, education, healthcare, workforce, criminal justice system.
12958	WI-principal-12958	Navigate 360	WI				"[{""type"":""address"",""value"":""3900 Kinross Lakes Parkway, Ste. 200\nRichfield , OH 44286"",""note"":""""},{""type"":""phone"",""value"":""330-661-0106"",""note"":""""},{""type"":""email"",""value"":""etomczuk@navigate360.com"",""note"":""""},{""type"":""website"",""value"":""http://Navigate360.com"",""note"":""""}]"	JP Guilbault	School safety and student mental health	School safey and student mental health
12959	WI-principal-12959	Prisms of Reality, Inc	WI				"[{""type"":""address"",""value"":""26 O'Farrell Street, 7th Floor\nSan Francisco, CA 94108"",""note"":""""},{""type"":""phone"",""value"":""617-875-2280"",""note"":""""},{""type"":""email"",""value"":""diana@prismsvr.com"",""note"":""""},{""type"":""website"",""value"":""http://www.prismsvr.com"",""note"":""""}]"	Anurupa Ganguly	Education technology	Curriculum reform for math and science education
12960	WI-principal-12960	Benchmark Education	WI				"[{""type"":""address"",""value"":""2 E. Main St Suite 804\nMadison, WI 53703"",""note"":""""},{""type"":""phone"",""value"":""920-427-2477"",""note"":""""},{""type"":""email"",""value"":""jim@thewelchgroup.org"",""note"":""""},{""type"":""website"",""value"":""http://benchmarkeducation.com"",""note"":""""}]"	Tom Reycraft	Benchmark Education is an education curriculum provider.	Benchmark is interested in policy decisions that affect curriculum options in Wisconsin schools
12962	WI-principal-12962	Hims & Hers Health, Inc.	WI				"[{""type"":""address"",""value"":""c/o 28 Liberty Ship Way Suite 2815\nSausalito, CA 94965"",""note"":""""},{""type"":""phone"",""value"":""4159032800"",""note"":""""},{""type"":""email"",""value"":""hims@politicomlaw.com"",""note"":""""}]"	Andrew Dudum	Healthcare and medicine	Matters affecting healthcare and medicine
12963	WI-principal-12963	Gulfstream Aerospace	WI				"[{""type"":""address"",""value"":""500 Gulfstream Rd\nSavannah, GA 31408"",""note"":""""},{""type"":""phone"",""value"":""(912) 251-1562"",""note"":""""},{""type"":""email"",""value"":""mark.bennett@gulfstream.com"",""note"":""""}]"	Mark Burns	All matters affecting or relating to the aerospace industry	Matters relating to the regulation and taxation of aircraft, aircraft parts and labor, and aviation policies
12964	WI-principal-12964	Starkey Hearing Technologies	WI				"[{""type"":""address"",""value"":""6700 Washington Ave\nEden Prairie , MN 55344"",""note"":""""},{""type"":""phone"",""value"":""612-237-2551"",""note"":""""},{""type"":""email"",""value"":""luke_hellier@starkey.com"",""note"":""""}]"	Brandon  Sawalich	Hearing aids and hearing protection	Issues relating to hearing protection for law enforcement.
12965	WI-principal-12965	NECA Milwaukee	WI				"[{""type"":""address"",""value"":""11001 W Plank Court Suite 120\nWauwatosa , Wi 53226"",""note"":""""},{""type"":""phone"",""value"":""414-778-0305"",""note"":""""},{""type"":""email"",""value"":""dbohacek@neca-milw.org"",""note"":""""},{""type"":""website"",""value"":""http://www.neca-milw.org"",""note"":""""}]"	Dajen Bohacek	Electrical Industry	NECA Milwaukee represents electrical contractors in Milwaukee, Ozaukee, Waukesha, Washington, Sheboygan and Fond du Lac counties. Some primary areas of interest include, but not limited to, electrical code updates, issues relating to apprenticeship, building program and related funding, and electrical license issues.
12966	WI-principal-12966	Family Friendly Workplaces, Inc.	WI				"[{""type"":""address"",""value"":""2466 County Rd. DD\nWoodville, WI 54028"",""note"":""""},{""type"":""phone"",""value"":""715-554-3441"",""note"":""""},{""type"":""email"",""value"":""nkline@familyfriendlyworkplaces.org"",""note"":""""}]"		Employers	Child care; education and workforce development; housing; workforce; tax policy connected to the aforementioned areas.
12967	WI-principal-12967	Delta Waterfowl Foundation	WI				"[{""type"":""address"",""value"":""1412 Basin Ave.\nBismarck, ND 58504"",""note"":""""},{""type"":""phone"",""value"":""1703254673"",""note"":""""},{""type"":""email"",""value"":""cbaird@deltawaterfowl.org"",""note"":""""},{""type"":""website"",""value"":""http://www.deltawaterfowl.org"",""note"":""""}]"		Waterfowl conservation and issues related waterfowl hunting	Issues relating to the conservation, management and hunting of waterfowl and wildlife in the state of Wisconsin.
12969	WI-principal-12969	Wisconsin Personal Services Association Inc (WPSA)	WI				"[{""type"":""address"",""value"":""139 E. Wisconsin Ave.\nOconomowoc, WI 53066"",""note"":""""},{""type"":""phone"",""value"":""414-333-3984"",""note"":""""},{""type"":""email"",""value"":""msmart@smartchoicewi.com"",""note"":""""},{""type"":""website"",""value"":""http://www.wpsa.us/"",""note"":""""}]"	Melissa  Smart	Statewide coalition of personal care providers, consumers & others joined together to unite, educate, advocate and promote consumer focused services.	This organization will attempt to influence state legislation and administrative rules related to the funding and/or the provision of personal care and other long term care services.
12970	WI-principal-12970	National Electrical Contractors Association - Wisconsin Chapter (NECA-WI)	WI				"[{""type"":""address"",""value"":""2200 Kilgust Road\nMadison, WI 53713"",""note"":""""},{""type"":""phone"",""value"":""6082214650"",""note"":""""},{""type"":""email"",""value"":""darren@wisneca.com"",""note"":""""},{""type"":""website"",""value"":""http://www.wisneca.com"",""note"":""""}]"	Darren Johnson	The trade association representing electrical contractors with a goal of providing an increasingly safe, productive and economical electrical industry.	All matters impacting electrical contractors, their employees, the electrical contracting industry, its customers and interests.
12971	WI-principal-12971	Thriving Wisconsin	WI				"[{""type"":""address"",""value"":""PO Box 8534\nMadison, WI 53708"",""note"":""""},{""type"":""phone"",""value"":""608-443-4311"",""note"":""""},{""type"":""email"",""value"":""connie@thrivingwi.org"",""note"":""""},{""type"":""website"",""value"":""http://www.thrivingwi.org"",""note"":""""}]"	Heidi Luft	Child Care Resource & Referral, Family Resource Center, Child Care, Child Abuse & Neglect Primary Prevention, Early Care and Education	Department of Children and Families, Child Abuse & Neglect Prevention Board
12972	WI-principal-12972	Association of Social Work Boards	WI				"[{""type"":""address"",""value"":""2 E. Mifflin St, Suite 804\nMadison, WI 53703"",""note"":""""},{""type"":""phone"",""value"":""920-229-7127"",""note"":""""},{""type"":""email"",""value"":""peter@thewelchgroup.org"",""note"":""""},{""type"":""website"",""value"":""https://www.aswb.org/"",""note"":""""}]"	Stacey  Hardy-Chandler	ASWB provides support and services to the social work regulatory community to advance safe, competent, and ethical practices to strengthen public protection.  ASWB’s vision is that all social workers are licensed in order to protect clients and client systems.	Regulation of Social Work Licensure
12973	WI-principal-12973	CognItraner	WI				"[{""type"":""address"",""value"":""16815 Babler View Dr.\nWildwood, MO 63011"",""note"":""""},{""type"":""phone"",""value"":""3143997786"",""note"":""""},{""type"":""email"",""value"":""nick@cognitranerai.com"",""note"":""""}]"	Michael Glowik	AI software producer for various business and government entities. AI simulation	Law enforcement training and standards. Training for business practices.
12974	WI-principal-12974	Coinbase, Inc.	WI				"[{""type"":""address"",""value"":""2350 Kerner Blvd., Suite 250\nSan Rafael, CA 94901"",""note"":""""},{""type"":""phone"",""value"":""415-389-6800"",""note"":""""},{""type"":""email"",""value"":""coinbase@nmgovlaw.com"",""note"":""""},{""type"":""website"",""value"":""https://www.coinbase.com/"",""note"":""""}]"	Brian Armstrong	Digital assets	Matters affecting digital assets
12975	WI-principal-12975	Credas	WI				"[{""type"":""address"",""value"":""5415 W. Higgins Ave.\nChicago, IL 60630"",""note"":""""},{""type"":""phone"",""value"":""312-525-9684"",""note"":""""},{""type"":""email"",""value"":""lr@credas.us"",""note"":""""}]"	Lionel  Rabb	School Safety technology	Issues affecting School Safety
12977	WI-principal-12977	National Fire Sprinkler Association	WI				"[{""type"":""address"",""value"":""3210 Mary Ann Drive\nwaukesha , WI 53188"",""note"":""""},{""type"":""phone"",""value"":""2626130546"",""note"":""""},{""type"":""email"",""value"":""howard@nfsa.org"",""note"":""""}]"	Shane  Ray	"The National Fire Sprinkler Association (NFSA) is a U.S.-based organization dedicated to promoting the use of fire sprinkler systems to enhance fire safety and protect lives and property. Founded in 1905, the NFSA advocates for fire sprinkler regulations, provides training and education for industry professionals, and supports research on fire protection technologies.
The NFSA works with government agencies, fire departments, and building officials to improve fire codes and standards. It also offers resources for contractors, manufacturers, and property owners to ensure proper installation and maintenance of fire sprinkler systems."	During the legislative session in Wisconsin, the National Fire Sprinkler Association (NFSA) will focus its efforts on matters relating to fire prevention, suppression, and protection, advocating for policies that enhance fire safety through the increased use of fire sprinkler systems.
12981	WI-principal-12981	Carvana, LLC	WI				"[{""type"":""address"",""value"":""100 East Rio Salado Parkway\nTempe, Az 85281"",""note"":""""},{""type"":""phone"",""value"":""5736444262"",""note"":""""},{""type"":""email"",""value"":""Casey.Garber@carvana.com"",""note"":""""},{""type"":""website"",""value"":""http://carvana.com"",""note"":""""}]"	Ernie  Garcia	Automobile dealer sales, financing, title, registration, licensing, and titling	Legislation and regulations affecting automobile dealer sales, financing, title, registration, and licensing
12982	WI-principal-12982	Dane County	WI				"[{""type"":""address"",""value"":""210 Martin Luther King, Jr. Blvd. #421\nMadison, WI 53703"",""note"":""""},{""type"":""phone"",""value"":""6082678823"",""note"":""""},{""type"":""email"",""value"":""fox.lacy@danecounty.gov"",""note"":""""},{""type"":""website"",""value"":""http://www.countyofdane.com"",""note"":""""}]"		Serving the citizens of Dane County	Our intent is to influence state government policies which directly or indirectly affect Dane County government and Dane County's citizens, primarily in the areas of taxation, shared revenues, social services, law enforcement and the judiciary, government services, the environment, transportation, elections, veterans, agriculture and land use.
12983	WI-principal-12983	Bitcoin Depot Operating LLC	WI				"[{""type"":""address"",""value"":""2870 Peachtree Road NE #327\nAtlanta, GA 30305"",""note"":""""},{""type"":""phone"",""value"":""678-671-6723"",""note"":""""},{""type"":""email"",""value"":""ethan.mcclelland@bitcoindepot.com"",""note"":""""},{""type"":""website"",""value"":""https://bitcoindepot.com/"",""note"":""""}]"	Brandon Mintz	Matters relating to cryptocurrency and finance.	Matters relating to the regulation of cryptocurrency and finance in Wisconsin, specifically cryptocurrency kiosks.
12985	WI-principal-12985	Law Forward	WI				"[{""type"":""address"",""value"":""222 W. Washington Ave., Suite. 680\nMadison, WI 53703"",""note"":""""},{""type"":""phone"",""value"":""773-620-2425"",""note"":""""},{""type"":""email"",""value"":""jmandell@lawforward.org"",""note"":""""},{""type"":""website"",""value"":""http://www.lawforward.org"",""note"":""""}]"		Individuals and organizations that are committed to preserving fundamental democratic principles, reviving Wisconsin’s traditional commitment to clean and open government, and promoting a progressive vision.	Law Forward may lobby on a variety of issues that impact or intersect with the promotion of democratic principles, including: K-12 funding, labor rights, constitutional rights, constitutional amendments, election integrity and administration, voting rights, government transparency and accountability, public records and open meetings law, separation of powers, equal protection, administrative rulemaking and procedure, and policies impacting the preservation and advancement of democratic principles.
12986	WI-principal-12986	Milwaukee Jewish Federation	WI				"[{""type"":""address"",""value"":""1360 N. Prospect Avenue\nMilwaukee, WI 53202"",""note"":""""},{""type"":""phone"",""value"":""414-390-5700"",""note"":""""},{""type"":""email"",""value"":""miryamr@milwaukeejewish.org"",""note"":""""}]"		Address issues of interest to the Wisconsin Jewish Community, including but not limited to church-state, civil rights, discrimination, education, human services, immigration and refugees, security and tax policy.	Policy areas of interest include but not limited to civil rights, corrections, discrimination, education, security, human services, regulation and licensing, immigration and refugees, Transportation, taxation.
12988	WI-principal-12988	Realta Fusion Inc.	WI				"[{""type"":""address"",""value"":""1200 John Q. Hammons Drive Su 200\nMadison, WI 53717"",""note"":""""},{""type"":""phone"",""value"":""6088276534"",""note"":""""},{""type"":""email"",""value"":""rhughes@realtafusion.com"",""note"":""""},{""type"":""website"",""value"":""http://realtafusion.com"",""note"":""""}]"	Kieran  Furlong	Realta Fusion is developing economic, zero-carbon energy to be used anywhere in the world.	Energy policy and the use of fusion in industry and other applications.
12989	WI-principal-12989	Wisconsin Association of Campground Owners	WI				"[{""type"":""address"",""value"":""PO Box 228\nEttrick, WI 54627"",""note"":""""},{""type"":""phone"",""value"":""608-525-2327"",""note"":""""},{""type"":""email"",""value"":""tseverson0421@gmail.com"",""note"":""""},{""type"":""website"",""value"":""http://www.wisconsincampgrounds.com"",""note"":""""}]"	Lori Severson	"Welcome to the Wisconsin Association of Campground Owners (WACO)—the trusted voice and resource for private campground owners across the Badger State.

Founded to support, promote, and unite private campground businesses, WACO represents a vibrant community of dedicated campground owners passionate about providing unforgettable outdoor experiences for campers of all ages.

As an association, we work to strengthen the camping industry in Wisconsin by:
Advocating for the interests of private campground owners at the state and local levels
Promoting Wisconsin as a premier camping destination through marketing and outreach
Providing educational resources, networking opportunities, and best practices to help members grow and thrive
Supporting sustainable and responsible outdoor recreation throughout our beautiful state
Whether you operate a cozy lakeside retreat or a full-service family resort, the Wisconsin Association of Campground Owners supports your journey as a business owner and steward of Wisconsin’s natural beauty.
Together, we’re building the future of camping in Wisconsin—one site, one campfire, and one memory at a time."	Advocating for the interests of private campground owners at the state and local levels, specifically but not limited to those that impact campground code, zoning ordinances, and business matters that impact revenue for our owners.
12990	WI-principal-12990	Overture Center	WI				"[{""type"":""address"",""value"":""201 State Street\nMadison, WI 53703"",""note"":""""},{""type"":""phone"",""value"":""608.258.4141"",""note"":""""},{""type"":""email"",""value"":""egruenewald@overture.org"",""note"":""""},{""type"":""website"",""value"":""https://www.overture.org/"",""note"":""""}]"		Greater support for the creative economy and the organizations and individuals who contribute to it.	Funding for the creative economy
12991	WI-principal-12991	American Institute of Certified Public Accountants (AICPA)	WI				"[{""type"":""address"",""value"":""1455 Pennsylvania Ave NW\nWashington, DC 20004"",""note"":""""},{""type"":""phone"",""value"":""8887777077"",""note"":""""},{""type"":""email"",""value"":""compliance_wi_aicpa@multistate.us"",""note"":""""},{""type"":""website"",""value"":""https://www.aicpa-cima.com"",""note"":""""}]"	Mark  Koziel	The AICPA is the world’s largest member association representing the CPA profession, with more than 415,000 members in the United States and worldwide, and a history of serving the public interest since 1887. AICPA members represent many areas of practice, including business and industry, public practice, government, education and consulting. AICPA sets ethical standards for its members and U.S. auditing standards for private companies, not-for-profit organizations, and federal, state and local governments. It develops and grades the Uniform CPA Examination, offers specialized credentials, builds the pipeline of future talent and drives continuing education to advance the vitality, relevance and quality of the profession.	CPA Licensing
12993	WI-principal-12993	GoValidate	WI				"[{""type"":""address"",""value"":""17732 Island Road Ste. G103\nBaton Rouge, LA 70810"",""note"":""""},{""type"":""phone"",""value"":""4048056089"",""note"":""""},{""type"":""email"",""value"":""joel@go-validate.com"",""note"":""""},{""type"":""website"",""value"":""https://go-validate.com/"",""note"":""""}]"	Chad LaCour	GoValidate is a trusted third-party partner of state government agencies that designs, builds and implements multi-credential digital verification software products.	Laws concerning multi-credential digital verification software products.
12994	WI-principal-12994	Wellpoint Care Network	WI				"[{""type"":""address"",""value"":""8901 West Capitol Drive\nMilwaukee , WI 53222"",""note"":""""},{""type"":""phone"",""value"":""(414) 463-1880"",""note"":""""},{""type"":""email"",""value"":""reggie.newson@wellpointcare.org"",""note"":""""}]"		Funding and regulation of human service providers.	Matters related to funding and regulation of human service providers.
12996	WI-principal-12996	AssuranceSD, Inc.	WI				"[{""type"":""address"",""value"":""2112 Broadway St. NE, Ste 225, #217\nMinneapolis, MN 55413"",""note"":""""},{""type"":""phone"",""value"":""(602) 284-9446"",""note"":""""},{""type"":""email"",""value"":""eric@assurancesd.com"",""note"":""""},{""type"":""website"",""value"":""https://assurancesd.com/"",""note"":""""}]"	Eric Toler	Administer self-directed long-term home health care programs for older adults, people with disabilities, and other vulnerable populations.	Self-directed long-term home health care programs for older adults, people with disabilities, and other vulnerable populations.
12997	WI-principal-12997	WCTA	WI				"[{""type"":""address"",""value"":""206, Court St\nChilton, WI 53014"",""note"":""""},{""type"":""phone"",""value"":""9208491457"",""note"":""""},{""type"":""email"",""value"":""mike.schlaak@calumetcounty.org"",""note"":""""},{""type"":""website"",""value"":""https://wicountytreasurers.com/"",""note"":""""}]"		Property Tax, Financial, Organization Structure, Policy and Procedure	Policies, Procedures that financially or organizationally impact County Government and/or specifically the County Treasurer's office, collection and/or distribution of funds accordingly.
12999	WI-principal-12999	Patient Funding Alternatives	WI				"[{""type"":""address"",""value"":""599 North Avenue\nWakefield, MA 01880"",""note"":""""},{""type"":""phone"",""value"":""508-494-4074"",""note"":""""},{""type"":""email"",""value"":""Rogers@insidepfa.com"",""note"":""""},{""type"":""website"",""value"":""https://insidepfa.com/"",""note"":""""}]"	Jack Rogers	"Patient Funding Alternatives (PFA) is a health equity and patient advocacy organization offering an innovative and unique product
supporting low-income families and the providers and health systems that serve them."	Issues impacting employer-sponsored insurance.
13000	WI-principal-13000	Sustain Rural Wisconsin Network	WI				"[{""type"":""address"",""value"":""42199 Guthrie Road\nGays Mills, Wi 54631"",""note"":""""},{""type"":""phone"",""value"":""608-444-3727"",""note"":""""},{""type"":""email"",""value"":""jack@omearapublicaffairs.com"",""note"":""""},{""type"":""website"",""value"":""https://sustainruralwisconsin.org/"",""note"":""""}]"		Sustain Rural Wisconsin Network is a statewide coalition of individuals and organizations dedicated to preserving the environment while maintaining the health and economic vitality of rural communities.	SRWN opposes legislation to preempt local communities' ability to protect their environmental and economic futures. SRWN supports legislation to ensure communities have this power.
13001	WI-principal-13001	College Board	WI				"[{""type"":""address"",""value"":""225 Liberty Street 28th Floor\nNew York, NY 10281"",""note"":""""},{""type"":""phone"",""value"":""616-446-8170"",""note"":""""},{""type"":""email"",""value"":""compliance_wi_collegeboard@multistate.us"",""note"":""""}]"		N/A	K12 and Higher Education matters.
13003	WI-principal-13003	Airbnb, Inc.	WI				"[{""type"":""address"",""value"":""2350 Kerner Blvd., Suite 250\nSan Rafael, CA 94901"",""note"":""""},{""type"":""phone"",""value"":""4153896800"",""note"":""""},{""type"":""email"",""value"":""airbnb3@nmgovlaw.com"",""note"":""""},{""type"":""website"",""value"":""https://www.airbnb.com/"",""note"":""""}]"	Brian Chesky	Short Term Rentals.	Matters affecting Short Term Rentals.
13007	WI-principal-13007	The Community of Bishops Bay, LLC	WI				"[{""type"":""address"",""value"":""PO Box 620037\nMiddleton, WI 53562"",""note"":""""},{""type"":""phone"",""value"":""608 241 2100"",""note"":""""},{""type"":""email"",""value"":""terrance@twallenterprises.com"",""note"":""""}]"	Terrence Wall	Real Estate	Any laws or rule related to real estate development and property management
13009	WI-principal-13009	Salesforce, Inc.	WI				"[{""type"":""address"",""value"":""28 Liberty Ship Way, Suite 2815\nSausalito, CA 94965"",""note"":""""},{""type"":""phone"",""value"":""4159032800"",""note"":""""},{""type"":""email"",""value"":""salesforce@politicomlaw.com"",""note"":""""}]"	Marc Benioff	Technology	Issues impacting the use of technology
13010	WI-principal-13010	Coach USA	WI				"[{""type"":""address"",""value"":""160 South Route 17 North\nParamus, NJ 07652"",""note"":""""},{""type"":""phone"",""value"":""160 South Route 17 North"",""note"":""""},{""type"":""email"",""value"":""Derrick.Waters@coachusa.com"",""note"":""""}]"	Derrick  Waters	Transportation	Transportation
13011	WI-principal-13011	Wisconsin Alliance for Infant Mental Health	WI				"[{""type"":""address"",""value"":""6213 Middleton Springs, Ste. 204\nMiddleton, WI 53562"",""note"":""""},{""type"":""phone"",""value"":""608-563-9714"",""note"":""""},{""type"":""email"",""value"":""lnenide@wiaimh.org"",""note"":""""},{""type"":""website"",""value"":""https://wiaimh.org/"",""note"":""""}]"		"infancy and early childhood
early childhood mental health
infant and early childhood education"	infant and early childhood mental health
13012	WI-principal-13012	YMCA of Metropolitan Milwaukee	WI				"[{""type"":""address"",""value"":""P.O. Box 2174\nMilwaukee, WI 53201"",""note"":""""},{""type"":""phone"",""value"":""414-274-0711"",""note"":""""},{""type"":""email"",""value"":""dmorgan@ymcamke.org"",""note"":""""},{""type"":""website"",""value"":""https://www.ymcamke.org/"",""note"":""""}]"		Family and individual membership, as well as donations and grants.	Budget matter non-state grant, Building Commission
13014	WI-principal-13014	WI Bricklayers and Allied Craftworkers (WI BAC)	WI				"[{""type"":""address"",""value"":""17125 West Cleveland Avenue\nNew Berlin, WI 53151"",""note"":""""},{""type"":""phone"",""value"":""262-827-4080"",""note"":""""},{""type"":""email"",""value"":""jvick@bacwi.org"",""note"":""""},{""type"":""website"",""value"":""http://bacwi.org"",""note"":""""}]"		Workforce Development, Apprenticeship, Worker safety, Unemployment.	Worker safety, Apprenticeships, unemployment, prevailing wage.
13020	WI-principal-13020	A Place for Mom	WI				"[{""type"":""address"",""value"":""530 5th Ave, Floor 25\nNew York, NY 10036"",""note"":""""},{""type"":""phone"",""value"":""3324004872"",""note"":""""},{""type"":""email"",""value"":""elizabeth.brown@aplaceformom.com"",""note"":""""},{""type"":""website"",""value"":""http://www.aplaceformom.com"",""note"":""""}]"	Tatyana  Zlotsky	Referral services for senior and assisted living centers	Matters related to assisted living facility referral agencies.
13021	WI-principal-13021	Milwaukee Urban League	WI				"[{""type"":""address"",""value"":""435 W North Ave\nMilwaukee, WI 53212"",""note"":""""},{""type"":""phone"",""value"":""414-374-5343"",""note"":""""},{""type"":""email"",""value"":""ehall@tmul.org"",""note"":""""},{""type"":""website"",""value"":""http://www.tmul.org"",""note"":""""}]"		non-profit, advocacy	Workforce Development and driver’s education initiative
13022	WI-principal-13022	Madison Metropolitan School District	WI				"[{""type"":""address"",""value"":""545 W Dayton St.\nMadison, WI 53703"",""note"":""""},{""type"":""phone"",""value"":""6086585252"",""note"":""""},{""type"":""email"",""value"":""Nichellenichols@madison.k12.wi.us"",""note"":""""},{""type"":""website"",""value"":""https://www.madison.k12.wi.us/"",""note"":""""}]"		Public Education	Advocating for the interests of public schools, public educators, and students including issues such as public school funding, curriculum mandates, health and social services, and boards of education.
13023	WI-principal-13023	National Placement & Referral Alliance	WI				"[{""type"":""address"",""value"":""PO Box 3406\nEnglewood, CO 80155"",""note"":""""},{""type"":""phone"",""value"":""720 272 0961"",""note"":""""},{""type"":""email"",""value"":""donknox@npralliance.org"",""note"":""""}]"	Don Knox	NPRA is a national trade association dedicated to promoting and protecting the senior placement industry through advocacy and its nationally accredited certification, Certified Placement & Referral Specialist (CPRS). NPRA believes that all seniors and their families should have access to a trusted advocate who is on their side to help them navigate housing options for their aging loved ones. Through its initiatives and advocacy for senior care legislation and strong belief in the protection and promotion of the older adult population, NPRA is on a mission to professionalize the industry through standardized best practices, a code of ethics and the creation and promotion of the CPRS certification.	Referral services for senior and assisted living centers. AB 255 and SB 262 as the bills we will lobby on.
13024	WI-principal-13024	T.U.G.S Talking Understanding Growing Supporting	WI				"[{""type"":""address"",""value"":""1604 1/2 11TH Street Apt 1\nMonroe, WI 53566"",""note"":""""},{""type"":""phone"",""value"":""6082149137"",""note"":""""},{""type"":""email"",""value"":""jditz4440@gmail.com"",""note"":""""},{""type"":""website"",""value"":""http://tugsgroup.org"",""note"":""""}]"		Farmers, Veterans but all walks of life	Mental Health resources for rural areas.  Pricing and other challenges related to Agriculture and farming as well as programs affecting farmers and veterans
13025	WI-principal-13025	Sensys Gatso Group	WI				"[{""type"":""address"",""value"":""900 Cummings Center\nBeverly, MA 01915"",""note"":""""},{""type"":""phone"",""value"":""978-922-7294 ext. 210"",""note"":""""},{""type"":""email"",""value"":""b.braden@sensysgatso.com"",""note"":""""},{""type"":""website"",""value"":""http://www.gatso-usa.com/"",""note"":""""}]"	Ivan Monnink	Traffic enforcement solutions	Traffic solutions
13026	WI-principal-13026	Pollard Banknote Limited	WI				"[{""type"":""address"",""value"":""775 James L. Hart Parkway\nYpsilanti, MI 48197"",""note"":""""},{""type"":""phone"",""value"":""573-353-3933"",""note"":""""},{""type"":""email"",""value"":""mreardon@pbl.com"",""note"":""""},{""type"":""website"",""value"":""http://Pollardbanknote.com"",""note"":""""}]"	Doug Pollard	Lottery	Issues related to the Lottery and gaming.
13028	WI-principal-13028	Brigit	WI				"[{""type"":""address"",""value"":""36 West 30th Street\nNew York, NY 10011"",""note"":""""},{""type"":""phone"",""value"":""833-637-5800"",""note"":""""},{""type"":""email"",""value"":""trider@hellobrigit.com"",""note"":""""},{""type"":""website"",""value"":""http://www.hellobrigit.com"",""note"":""""}]"	Zuben Mathews	Brigit is a holistic financial health app	Business and Regulatory matters relating to Earned Wage Access
13029	WI-principal-13029	Growth Energy	WI				"[{""type"":""address"",""value"":""1401 I Street NW, Suite 1220\nWashington, DC 20005"",""note"":""""},{""type"":""phone"",""value"":""202-545-4000"",""note"":""""},{""type"":""email"",""value"":""dgerber@growthenergy.org"",""note"":""""}]"	Emily Skor	TO PROMOTE ETHANOL AS A SUSTAINABLE, CLEAN AND RENEWABLE ENERGY SOURCE	energy, transportation, agriculture, sustainability, environmental policy, taxation/revenue, budgetary expenditures
13030	WI-principal-13030	Invest In Wisconsin, LLC	WI				"[{""type"":""address"",""value"":""2352 South Park Street\nMadison , WI 53713"",""note"":""""},{""type"":""phone"",""value"":""(608)204-8830"",""note"":""""},{""type"":""email"",""value"":""ryanz@forward.org"",""note"":""""},{""type"":""website"",""value"":""https://www.investinwisconsin.org/"",""note"":""""}]"		Small entrepreneurs who are underserved by traditional loans, investments, and advising including rural populations, women, and minorities.	The policy areas include opportunities for community development financial institutions (CDFIs) and the populations CDFIs serve.
13031	WI-principal-13031	Ignite Dispensary & Cigar	WI				"[{""type"":""address"",""value"":""761 W Beaverbrook Ave Ste 4\nSpooner, WI 54801"",""note"":""""},{""type"":""phone"",""value"":""612-599-9000"",""note"":""""},{""type"":""email"",""value"":""tim@globalorganicdistro.com"",""note"":""""},{""type"":""website"",""value"":""http://www.ignitedispensary.com"",""note"":""""}]"	Andrea Frey	Retail stores and distribution for Nicotine Vapor products, Cannabinoid products, Cigars, Glass pipes, Tobacco (Future Cannabis Marijauna )	Nicotine and Cannabinoid Vape products / Hemp / CBD / Cannabinoids / Marijauna / Cigars
13032	WI-principal-13032	Public Policy Solutions	WI				"[{""type"":""address"",""value"":""2825 E Cottonwood Parkway, Suite 500\nSalt Lake City, UT 84121"",""note"":""""},{""type"":""phone"",""value"":""703-200-8023"",""note"":""""},{""type"":""email"",""value"":""publicpolicysolutions@holtzmanvogel.com"",""note"":""""}]"		the organization represents the general public by advocating for public policy solutions that strengthen national security, promote economic opportunity, and empower everyday Americans.	public policies with regard to 340b healthcare issues
13033	WI-principal-13033	Equifax	WI				"[{""type"":""address"",""value"":""1550 Peachtree Street NW\nAtlanta, GA 30309"",""note"":""""},{""type"":""phone"",""value"":""612-258-8445"",""note"":""""},{""type"":""email"",""value"":""kristina.schiller@equifax.com"",""note"":""""},{""type"":""website"",""value"":""http://www.equifax.com"",""note"":""""}]"	Mark Begor	Consumer credit reporting agency.	Any state program with eligibility requirements, proposed social services program eligibility changes, and other services that could be provided to the state, including the eligibility management system.
13034	WI-principal-13034	BATCH	WI				"[{""type"":""address"",""value"":""2815 S 5th Ct\nMilwaukee, WI 53207"",""note"":""""},{""type"":""phone"",""value"":""(262) 347-7358"",""note"":""""},{""type"":""email"",""value"":""Nick@hellobatch.com"",""note"":""""},{""type"":""website"",""value"":""https://hellobatch.com/pages/about"",""note"":""""}]"	Dennis Mistrioty	BATCH is a locally sourced brand of premium hemp products, all third-party tested to ensure high quality and effectiveness.	All matters related to hemp-derived cannabinoid products
13036	WI-principal-13036	Healthy Climate Wisconsin	WI				"[{""type"":""address"",""value"":""3918 Paunack Ave\nMadison, WI 53711"",""note"":""""},{""type"":""phone"",""value"":""608-228-2893"",""note"":""""},{""type"":""email"",""value"":""abby@healthyclimatewi.org"",""note"":""""},{""type"":""website"",""value"":""http://www.healthyclimatewi.org"",""note"":""""}]"		Health professionals, including physicians, surgeons, nurses, occupational therapists, physical therapists, psychologists, pharmacists, and public health professionals.	Energy and utilities, transportation, air and water regulations, food and land-use, home and standards, community planning, and emergency and health systems.
13037	WI-principal-13037	Progressive Leasing	WI				"[{""type"":""address"",""value"":""256 West Data Drive\nDraper, UT 84020"",""note"":""""},{""type"":""phone"",""value"":""877-898-1970"",""note"":""""},{""type"":""email"",""value"":""todd.king@progholdings.com"",""note"":""""},{""type"":""website"",""value"":""https://progleasing.com/"",""note"":""""}]"	Steven A.  Michaels	Providing lease-to-own/financial services for consumers.	Advancing legislative changes with the goal of improving the ability to successfully operate in the state of Wisconsin.
13038	WI-principal-13038	AFSCME Wisconsin Council 32	WI				"[{""type"":""address"",""value"":""411 E Arbor Circle\nOak Creek, WI 53154"",""note"":""""},{""type"":""phone"",""value"":""4149822228"",""note"":""""},{""type"":""email"",""value"":""pwycoff@afscme32.org"",""note"":""""},{""type"":""website"",""value"":""https://www.afscme32.org/"",""note"":""""}]"		AFSCME Wisconsin Council 32 is the organization of AFSCME-affiliated local unions throughout Wisconsin. We are a member-supported organization. All financial support comes from dues-paying members.	Policies impacting state workers in various state departments, including Corrections, Workforce Development, UW System, Transportation, Health Services, and Children and Families. State employee compensation. Aids to local units of government. Local government control. Collective Bargaining rights for public and private sector workers. Government rules and regulations impacting public and private workers. Wages, benefits, and workplace conditions for public workers.
13039	WI-principal-13039	American Beverage Association	WI				"[{""type"":""address"",""value"":""c/o 2350 Kerner Blvd., Ste 250\nSan Rafael, CA 94901"",""note"":""""},{""type"":""phone"",""value"":""415-389-6800"",""note"":""""},{""type"":""email"",""value"":""aba@nmgovlaw.com"",""note"":""""},{""type"":""website"",""value"":""https://www.americanbeverage.org/"",""note"":""""}]"	Kevin Keane	Representing the non-alcoholic beverage industry.	Issues affecting the non-alcoholic beverage industry
13041	WI-principal-13041	Milwaukee Electric Tool Corporation	WI				"[{""type"":""address"",""value"":""13135 W. Lisbon Road\nBrookfield, WI 53005"",""note"":""""},{""type"":""phone"",""value"":""(262) 783-8608"",""note"":""""},{""type"":""email"",""value"":""alec.smyczek@milwaukeetool.com"",""note"":""""},{""type"":""website"",""value"":""http://www.milwaukeetool.com"",""note"":""""}]"	Shane Moll	Milwaukee Tool is a manufacturer of professional-grade power tools, hand tools, accessories, tool storage, and personal protective equipment, known for developing innovative solutions for tradespeople.	trade, manufacturing concerns, and other issues affecting manufacturers and large employers in the state of Wisconsin
13048	WI-principal-13048	Vantage Data Centers	WI				"[{""type"":""address"",""value"":""45200 Vantage Data Plaza\nSterling, VA 20166"",""note"":""""},{""type"":""phone"",""value"":""228-313-4026"",""note"":""""},{""type"":""email"",""value"":""phillip.mcauley@vantage-dc.com"",""note"":""""},{""type"":""website"",""value"":""http://vantage-dc.com"",""note"":""""}]"	Sureel Choksi	Vantage Data Centers is the global leader in digital infrastructure serving the world's most influential AI and cloud enterprises.	Work with the Administration, including Wisconsin Department of Natural Resources, the Public Service Commission of Wisconsin and other relevant state agencies to ensure that VDC’s data center in Port Washington meets its timelines and goals to become fully operational.
13049	WI-principal-13049	Campaign Legal Center	WI				"[{""type"":""address"",""value"":""1101 14th St NW #400\nWashington, DC 20005"",""note"":""""},{""type"":""phone"",""value"":""9734528233"",""note"":""""},{""type"":""email"",""value"":""mcovino@campaignlegalcenter.org"",""note"":""""},{""type"":""website"",""value"":""https://campaignlegal.org/"",""note"":""""}]"		CLC is a non-profit organization, representing itself.	CLC’s work spans our key issue areas, which encompass promoting the freedom to vote, the right to have every vote counted, fair redistricting, campaign finance reform and ethical rules for officeholders.
13050	WI-principal-13050	Consumers' Defense	WI				"[{""type"":""address"",""value"":""8300 Boone Blvd, Ste 500\nVienna, VA 22182"",""note"":""""},{""type"":""phone"",""value"":""(703) 962-1782"",""note"":""""},{""type"":""email"",""value"":""ConsumersDefense@holtzmanvogel.com"",""note"":""""}]"		The organization represents the general public by advocating for policies to bring about civic betterment and social improvement.	Education (DEI), Pensions, Emissions Regulations, and Power Grid.
13052	WI-principal-13052	Freedom and Family Action	WI				"[{""type"":""address"",""value"":""1433 N. Water St, Suite 400 Milwaukee, WI 53202\nMilwaukee, WI 53211"",""note"":""""},{""type"":""phone"",""value"":""4046063163"",""note"":""""},{""type"":""email"",""value"":""johnp@takebackaction.org"",""note"":""""},{""type"":""website"",""value"":""https://freedomandfamilyaction.com/"",""note"":""""}]"		The Wisconsin Faith and Freedom Coalition has common interest. This is a 501c3 that has communicated about similar issues and shares members. However this organization does not lobby.  As non-profits, neither group has profit interests	While we do not have the actual Senate and Assembly Bill Numbers as of this submission, we are initially focused an Assembly and companion Senate bill to amending SECTION 1. 11.0103 (6) of the statutes regarding ONLINE CREDIT CARD CONTRIBUTIONS to political activities to require certain verification information before contributions could be processed. Sponsors will include Assembly Member Dave Murphy and State Senator Cory Tomczyk.
13053	WI-principal-13053	Wisconsin Trust for Historic Preservation	WI				"[{""type"":""address"",""value"":""PO Box 1336\nOshkosh, WI 54903"",""note"":""""},{""type"":""phone"",""value"":""414-865-9431"",""note"":""""},{""type"":""email"",""value"":""kathryn.berger.kb@gmail.com"",""note"":""""},{""type"":""website"",""value"":""https://wipreservation.org/"",""note"":""""}]"	Kathryn Berger	Statewide, non-profit organization committed to historic preservation and maintaining Wisconsin’s architectural heritage.	Matters relating to historic preservation, promoting economic development, and protecting Wisconsin's historic resources.
13057	WI-principal-13057	The Renfro Refreshment Company	WI				"[{""type"":""address"",""value"":""2314 N. Sherman Ave\nMadison, WI 53704"",""note"":""""},{""type"":""phone"",""value"":""608-438-8104"",""note"":""""},{""type"":""email"",""value"":""srenfro@renfrorefreshment.com"",""note"":""""}]"	Steven Renfro	We are a concessionaire company that provides food and beverage service.	We are really concentrating on the AB 230 proposal. We run cashless facilities and would like to remain cashless for a multitude of reasons, including security, efficiency, reduce risk of theft, and handling costs.
13059	WI-principal-13059	Bamboo Health	WI				"[{""type"":""address"",""value"":""9901 Linn Station Road, Suite 500\nLouisville, KY 40223"",""note"":""""},{""type"":""phone"",""value"":""270-300-4090"",""note"":""""},{""type"":""email"",""value"":""jspear@bamboohealth.com"",""note"":""""},{""type"":""website"",""value"":""https://bamboohealth.com/"",""note"":""""}]"	Jeff Smith	Providing real-time care intelligence solutions that connect health plans, providers, pharmacies, and government entities to streamline healthcare decision-making, improve care coordination, and drive better patient outcomes.	Behavioral health, care coordination, crisis response system improvements, data-sharing policies, and integrated care solutions.
13062	WI-principal-13062	OM (Oscar Mayer) Land LLC	WI				"[{""type"":""address"",""value"":""172 South Broadway\nWhite Plains, NY 10605"",""note"":""""},{""type"":""phone"",""value"":""914-821-5173"",""note"":""""},{""type"":""email"",""value"":""alexreich@reichbros.com"",""note"":""""},{""type"":""website"",""value"":""http://www.reichbros.com"",""note"":""""}]"	Alex Reich	In 2017 OM (Oscar Mayer) Land LLC became the principal owner of the 72 acre site of the former Oscar Mayer Corp. The partnerships are in the business of successfully re-purposing industrial sites.  The partnership interests are devoted to improving outcome for redevelopment by working with developers, city officials, state officials, neighborhood associations other businesses in the greater Madison community.	OM (Oscar Mayer) Land LLC will work with or coordinate with local officials, state of Wisconsin leaders and businesses to produce positive economic improvements in the site. We will approach the Building Commission's non state use program and work with a variety of developers and real estate experts who may assist in making improvements to the original site.
13067	WI-principal-13067	Lenovo	WI				"[{""type"":""address"",""value"":""8001 Development Dr.\nMorrisville, NC 27560"",""note"":""""},{""type"":""phone"",""value"":""312.882.2168"",""note"":""""},{""type"":""email"",""value"":""kpagan@lenovo.com"",""note"":""""},{""type"":""website"",""value"":""http://lenovo.com"",""note"":""""}]"	Ryan McCurdy	Information Technology hardware and software solutions.	Issues affecting information technology hardware and software solutions.
13068	WI-principal-13068	Honest Elections Project Action	WI				"[{""type"":""address"",""value"":""8300 Boone Blvd, Ste 500\nVienna, VA 22182"",""note"":""""},{""type"":""phone"",""value"":""2027378808"",""note"":""""},{""type"":""email"",""value"":""HEPAction@holtzmanvogel.com"",""note"":""""}]"		The organization represents the interests of the general public by advocating for strengthening our democracy, building voter trust, and preserving fair elections.	Elections.
13069	WI-principal-13069	Lutheran Office for Public Policy in Wisconsin	WI				"[{""type"":""address"",""value"":""4001 Mandrake Road\nMadison, WI 53704"",""note"":""""},{""type"":""phone"",""value"":""773-380-2676"",""note"":""""},{""type"":""email"",""value"":""kacy.kostiuk@elca.org"",""note"":""""},{""type"":""website"",""value"":""http://www.loppw.org"",""note"":""""}]"		Evangelical Lutheran Church in America (ELCA)	Issues related to hunger, poverty, environmental issues, immigration, voting rights, criminal justice, and human trafficking.
13070	WI-principal-13070	Twomagnets LLC d/b/a Clipboard Health	WI				"[{""type"":""address"",""value"":""440 N. Barranca Ave. #5028\nCovina, CA 91723"",""note"":""""},{""type"":""phone"",""value"":""917-763-6999"",""note"":""""},{""type"":""email"",""value"":""matt.orlins@clipboardhealth.com"",""note"":""""},{""type"":""website"",""value"":""https://www.clipboardhealth.com/"",""note"":""""}]"	Wei Deng  Bo Lu	Technology company operating online marketplace.	All matters related to the status of online marketplace and their users under state employment laws.
13072	WI-principal-13072	Erth Welllness	WI				"[{""type"":""address"",""value"":""2169 North Farwell Avenue\nMilwaukee, WI 53202"",""note"":""""},{""type"":""phone"",""value"":""262-957-6393"",""note"":""""},{""type"":""email"",""value"":""john@kindoasis.com"",""note"":""""},{""type"":""website"",""value"":""http://www.kindoasis.com"",""note"":""""}]"	John Kashou	Erth Wellness, dba Kind Oasis, is a company that focuses on the manufacture & sale of hemp derived products, namely edibles & drinks, among other things.	Advocating for responsible regulations and oversight surrounding hemp derived products
13077	WI-principal-13077	Kerry Inc.	WI				"[{""type"":""address"",""value"":""3400 Millington Road\nBeloit, WI 53511"",""note"":""""},{""type"":""phone"",""value"":""608-363-1200"",""note"":""""},{""type"":""email"",""value"":""Elizabeth.munnelly@kerry.com"",""note"":""""},{""type"":""website"",""value"":""http://www.kerry.com"",""note"":""""}]"	John  Cahalane	Food technology	All matters related to food and ingredients.
13078	WI-principal-13078	Federation of State Massage Therapy Boards	WI				"[{""type"":""address"",""value"":""7300 College Boulevard, Suite 650\nOverland Park, KS 66210"",""note"":""""},{""type"":""phone"",""value"":""913.681.0380"",""note"":""""},{""type"":""email"",""value"":""mlpetrine@fsmtb.org"",""note"":""""},{""type"":""website"",""value"":""https://fsmtb.org/"",""note"":""""}]"	Debra  Persinger	FSMTB is dedicated to public health and wellness through supporting the massage regulatory community.	Regulation of massage therapy establishment and issues surrounding a massage therapy licensure compact.
13079	WI-principal-13079	Consumer Healthcare Products Association	WI				"[{""type"":""address"",""value"":""1625 I \""Eye\"" St. NW, Suite 600\nWashington, DC 20006"",""note"":""""},{""type"":""phone"",""value"":""202-429-3524"",""note"":""""},{""type"":""email"",""value"":""rmcuckie@chpa.org"",""note"":""""},{""type"":""website"",""value"":""https://www.chpa.org/"",""note"":""""}]"	Scott Melville	A member-based trade association, CHPA represents the leading manufacturers and marketers of over-the-counter (OTC) medicines and dietary supplements.	Issues related to a food additives labeling and data privacy.
13081	WI-principal-13081	United Wholesale Mortgage	WI				"[{""type"":""address"",""value"":""585 South Boulevard East\nPontiac, MI 48341"",""note"":""""},{""type"":""phone"",""value"":""(800) 981-8898 Ext. 83905"",""note"":""""},{""type"":""email"",""value"":""compliance_wi_uwm@multistate.us"",""note"":""""}]"	Mat Ishbia	Mortgage lending in the wholesale mortgage market.	Policy related to mortgage lending, housing, and mortgage brokers. 2025 - Assembly Bill 313 and 2025 - Senate Bill 315.
13084	WI-principal-13084	Ed Tribout Inc DBA Xtreme Bar Bingo	WI				"[{""type"":""address"",""value"":""517 S. Illinois St.\nBelleville, IL  62220, IL 62220"",""note"":""""},{""type"":""phone"",""value"":""618-744-0452"",""note"":""""},{""type"":""email"",""value"":""todd@xtremebarbingo.com"",""note"":""""}]"	Todd  Korves	Bar bingo	Statutory definition of bingo
13085	WI-principal-13085	National Popular Vote	WI				"[{""type"":""address"",""value"":""Box 1441\nLos Altos, CA 94023"",""note"":""""},{""type"":""phone"",""value"":""612-670-9465"",""note"":""""},{""type"":""email"",""value"":""pat@ainsleyshea.com"",""note"":""""},{""type"":""website"",""value"":""http://www.nationalpopularvote.com"",""note"":""""}]"		Establish a National Popular Vote	Establishing a National Popular Vote interstate compact
13086	WI-principal-13086	Specialty Equipment Market Association and Performance Racing Industry, Inc.	WI				"[{""type"":""address"",""value"":""1001 G St NW, Ste 460W\nWashington, DC 20001"",""note"":""""},{""type"":""phone"",""value"":""2028675005"",""note"":""""},{""type"":""email"",""value"":""tierrah@sema.org"",""note"":""""}]"	Mike Spagnola	SEMA advocates to protect the right to modify, customize, restore, and race vehicles for manufacturers, distributors, retailers, racetracks, and service providers that design, build, and deliver high-performance, custom, and specialty automotive and racing parts.	SEMA/PRI will focus on matter dealing with the automotive aftermarket and motorsports industry.
13088	WI-principal-13088	Cash Depot	WI				"[{""type"":""address"",""value"":""1740 Cofrin Drive Suite #2\nGreen Bay, WI 54302"",""note"":""""},{""type"":""phone"",""value"":""920-676-8203"",""note"":""""},{""type"":""email"",""value"":""dcharles@srlcd.com"",""note"":""""},{""type"":""website"",""value"":""http://cdlatm.com"",""note"":""""}]"	David Charles	Company that provides ATM's, air/vac solutions and cash management systems for businesses.	Matters affecting ATM's and cash management systems in businesses.
13090	WI-principal-13090	AllTech Tracking	WI				"[{""type"":""address"",""value"":""328 S Jefferson, Suite 501\nChicago , Il 60661"",""note"":""""},{""type"":""phone"",""value"":""8772372231"",""note"":""""},{""type"":""email"",""value"":""bzollar@alltechtracking.com"",""note"":""""}]"	Nikki Zollar	Red Light Camera Systems	"As a lobbyist representing All Tech Tracking, I will focus on policies and legislative actions related to public safety technology, smart transportation systems, and automated enforcement within Wisconsin.

Specifically, my lobbying activities will include:

Supporting the implementation and regulation of red-light and speed camera programs to enhance roadway safety in Milwaukee and other municipalities;

Promoting technology-driven solutions that assist local and state agencies in improving traffic compliance and reducing accidents;

Advocating for data transparency, privacy protections, and equitable enforcement policies related to the use of automated tracking and public safety systems;

Encouraging public-private partnerships and funding opportunities that foster modernization of transportation and safety infrastructure;

Providing expertise on digital monitoring, analytics, and accountability systems to ensure responsible use of emerging technologies in public safety applications.

These efforts are intended to support the responsible expansion of technology that makes communities safer, while balancing innovation, privacy, and fairness in enforcement."
13093	WI-principal-13093	Foundation for Individual Rights and Expression	WI				"[{""type"":""address"",""value"":""510 Walnut Street\nPhiladelphia, PA 19106"",""note"":""""},{""type"":""phone"",""value"":""2157173473"",""note"":""""},{""type"":""email"",""value"":""michael.hurley@thefire.org"",""note"":""""},{""type"":""website"",""value"":""https://www.thefire.org/"",""note"":""""}]"		FIRE recognizes that colleges and universities play a vital role in preserving free thought within a free society. To this end, we place special emphasis on defending the individual rights of students and faculty members on our nation's campuses, including freedom of speech, freedom of association, due process, legal equality, religious liberty, and sanctity of conscience.	FIRE works closely with lawmakers across the country and political spectrum to protect civil liberties. Our Legislative Policy Reform team supports FIRE’s mission on both a state and federal level by advocating on behalf of rights-protective legislation and against proposed laws that threaten student and faculty rights. Our policy areas include free speech, academic freedom, religious liberty, due process, press freedom, freedom of assembly, freedom of conscience, title IX, and more.
13094	WI-principal-13094	AGC America, Inc.	WI				"[{""type"":""address"",""value"":""11175 Cicero Dr Ste 400\nAlpharetta, GA 30022"",""note"":""""},{""type"":""phone"",""value"":""404-446-4200"",""note"":""""},{""type"":""email"",""value"":""chris.correnti@agc.com"",""note"":""""}]"	Christopher Correnti	Manufacturing	Any and all matters concerning manufacturing for AGC America, Inc.
13095	WI-principal-13095	Alliance for Responsible Consumer Legal Funding (ARC)	WI				"[{""type"":""address"",""value"":""9525 W. Bryn Mawr Ave.  Suite 900\nRosemont, IL 60018"",""note"":""""},{""type"":""phone"",""value"":""815-341-9564"",""note"":""""},{""type"":""email"",""value"":""eschuller@arclegalfunding.org"",""note"":""""},{""type"":""website"",""value"":""http://arclegalfunding.org"",""note"":""""}]"	Eric  Schuller	Trade association for consumer legal funding.	Issues affecting consumer finance and consumer legal funding.
13096	WI-principal-13096	Association of periOperative Registered Nurses	WI				"[{""type"":""address"",""value"":""2170 S Parker Rd, Suite 300\nDenver, CO 80231"",""note"":""""},{""type"":""phone"",""value"":""303-368-6271"",""note"":""""},{""type"":""email"",""value"":""jpennock@aorn.org"",""note"":""""},{""type"":""website"",""value"":""http://www.aorn.org"",""note"":""""}]"	Dave  Wyatt	AORN is the leading professional organization for perioperative nurses, supporting the practice of more than 200,000 perioperative nurses by providing evidence-based research, nursing education, standards and practice resources to enable optimal outcomes for patients undergoing operative and other invasive procedures.	Policies addressing evacuation of surgical smoke for all smoke-generating procedures to prevent ongoing exposure to the hazardous carcinogenic and mutagenic cells contained in surgical smoke and to ensure the health and safety of all surgical team members.
13098	WI-principal-13098	Wisconsin Wellness Coalition	WI				"[{""type"":""address"",""value"":""W9042 London Road\nCambridge, WI 53523"",""note"":""""},{""type"":""phone"",""value"":""6084382642"",""note"":""""},{""type"":""email"",""value"":""rob@perodigm.com"",""note"":""""},{""type"":""website"",""value"":""https://www.wisconsinwellness.info"",""note"":""""}]"		Medical Cannabis Legalization	Issues affecting Medical Cannabis Legalization
13101	WI-principal-13101	Free Speech Coalition	WI				"[{""type"":""address"",""value"":""PO Box 10480\nCanoga Park, CA 91309"",""note"":""""},{""type"":""phone"",""value"":""4157109184"",""note"":""""},{""type"":""email"",""value"":""mike@freespeechcoalition.com"",""note"":""""},{""type"":""website"",""value"":""http://www.freespeechcoalition.com"",""note"":""""}]"	Alison Boden	Trade association for adult industry	Free Speech, First Amendment, Internet regulation
13102	WI-principal-13102	ViiV Healthcare	WI				"[{""type"":""address"",""value"":""410 Blackwell Rd\nDurham, NC 27701"",""note"":""""},{""type"":""phone"",""value"":""2023416404"",""note"":""""},{""type"":""email"",""value"":""connie.x.jorstad@viivhealthcare.com"",""note"":""""},{""type"":""website"",""value"":""http://www.viivhealthcare.com"",""note"":""""}]"	Deborah Waterhouse	Pharmaceutical Industry	"•	1115 Waivers and Medicaid State Plan Amendments (SPAs)
o	Medicaid Prescription Drug Benefit 
o	Medicaid Program Changes – Work Requirements, Recertification of Eligibility, Block Grant, Per Capita Caps, etc. 
o	Housing, equity, mental health, substance use disorder (SUD) and justice system/incarcerated populations 
•	HIV (General)
o	HIV Screening
o	Pre-Exposure Prophylaxis/HIV Prevention
o	HIV Care and Treatment
o	Physician Administered Drugs
o	Ryan White HIV/AIDS Program
o	AIDS Drug Assistance Program
•	Insurance Coverage: essential health benefits coverage and enforcement
•	Utilization Management for HIV prevention and treatment"
13104	WI-principal-13104	Live Nation Worldwide Inc	WI				"[{""type"":""address"",""value"":""1005 7th St NW\nWashington, DC 20001"",""note"":""""},{""type"":""phone"",""value"":""650-644-5818"",""note"":""""},{""type"":""email"",""value"":""JoshStephens@livenation.com"",""note"":""""},{""type"":""website"",""value"":""http://LiveNation.com"",""note"":""""}]"	Michael Rapino	Live events and entertainment.	Live event operations and promoting.
13105	WI-principal-13105	Sports Betting Alliance	WI				"[{""type"":""address"",""value"":""3903 Fair Ridge Drive, Suite L-119\nFairFax, VA 22033"",""note"":""""},{""type"":""phone"",""value"":""2403318804"",""note"":""""},{""type"":""email"",""value"":""sba@fiveringslaw.com"",""note"":""""}]"	Jeremy Kudon	Sports betting and online gaming	Senate Bill 592 and Assembly Bill 601
13106	WI-principal-13106	American Legal Finance Association	WI				"[{""type"":""address"",""value"":""818 Connecticut Avenue NW STE 1100\nWashintgon, DC 20006"",""note"":""""},{""type"":""phone"",""value"":""(202) 342-9610"",""note"":""""},{""type"":""email"",""value"":""hhosker@mcphersongroup.us"",""note"":""""}]"	Jack Kelly	Non Profit Trade Association related to consumer litigation funding	Matters and issues related to Consumer Litigation Funding
13107	WI-principal-13107	United Way of Wisconsin	WI				"[{""type"":""address"",""value"":""2059 Atwood Ave\nMadison, WI 53704"",""note"":""""},{""type"":""phone"",""value"":""(608) 246-8272"",""note"":""""},{""type"":""email"",""value"":""lolson@unitedwaywi.org"",""note"":""""},{""type"":""website"",""value"":""http://www.unitedwaywi.org"",""note"":""""}]"	Charlene Mouille	United Way of Wisconsin is the statewide organization providing support to local and independent United Ways in Wisconsin, so they have capacity to individually and collectively build stronger communities.	access to 211 services; youth opportunties; healthy communities; financial security for households in WI; community resiliency; non-profit support
13109	WI-principal-13109	Free Press Action Fund	WI				"[{""type"":""address"",""value"":""PO Box 60238\nFlorence, MA 01062"",""note"":""""},{""type"":""phone"",""value"":""(413) 282-7910"",""note"":""""},{""type"":""email"",""value"":""amartyn@freepress.net"",""note"":""""},{""type"":""website"",""value"":""https://www.freepressaction.org/"",""note"":""""}]"		Free Press Action represents the public's interest in ensuring equitable access to technology, diverse and independent ownership of media platforms, and journalism that that holds leaders accountable and tells people what’s actually happening in their communities.	Build support to pass legislation for public funding for local news in Wisconsin, to better serve the information needs of residents throughout the state.
13110	WI-principal-13110	BetMGM, LLC	WI				"[{""type"":""address"",""value"":""3903 Fair Ridge Drive, Suite L-119\nFairFax, VA 22033"",""note"":""""},{""type"":""phone"",""value"":""2403318804"",""note"":""""},{""type"":""email"",""value"":""betmgm@fiveringslaw.com"",""note"":""""}]"	Adam Greenblatt	Sports betting and online gaming.	Issues related to the regulation and legislation of online gaming, iGaming, daily fantasy sports, and online sports betting.
13111	WI-principal-13111	FanDuel Group, Inc.	WI				"[{""type"":""address"",""value"":""3903 Fair Ridge Drive, Suite L-119\nFairFax, VA 22033"",""note"":""""},{""type"":""phone"",""value"":""2403318804"",""note"":""""},{""type"":""email"",""value"":""fanduel@fiveringslaw.com"",""note"":""""}]"	Amy Howe	Sports betting and online gaming.	Issues related to the regulation and legislation of online gaming, iGaming, daily fantasy sports, and online sports betting.
13112	WI-principal-13112	DraftKings Inc.	WI				"[{""type"":""address"",""value"":""3903 Fair Ridge Drive, Suite L-119\nFairFax, VA 22033"",""note"":""""},{""type"":""phone"",""value"":""2403318804"",""note"":""""},{""type"":""email"",""value"":""draftkings@fiveringslaw.com"",""note"":""""}]"	Jason Robins	Sports betting and online gaming.	Issues related to the regulation and legislation of online gaming, iGaming, daily fantasy sports, and online sports betting.
13113	WI-principal-13113	FBG Enterprises Opco, LLC and its Affiliates	WI				"[{""type"":""address"",""value"":""3903 Fair Ridge Drive, Suite L-119\nFairFax, VA 22033"",""note"":""""},{""type"":""phone"",""value"":""2403318804"",""note"":""""},{""type"":""email"",""value"":""fbg@fiveringslaw.com"",""note"":""""}]"	Michael Rubin	Sports betting and online gaming.	Issues related to the regulation and legislation of online gaming, iGaming, daily fantasy sports, and online sports betting.
13114	WI-principal-13114	Quality Technology Services, LLC	WI				"[{""type"":""address"",""value"":""22271 Broderick Drive\nSterling, VA 20166"",""note"":""""},{""type"":""phone"",""value"":""9139340321"",""note"":""""},{""type"":""email"",""value"":""Jonathan.smith@qtsdatacenters.com"",""note"":""""},{""type"":""website"",""value"":""https://qtsdatacenters.com"",""note"":""""}]"	Greason and David  Robey	Data Centers	All matters affecting data centers, energy, and economic development.
13115	WI-principal-13115	Wisconsin Data Center Coalition (WIDCC)	WI				"[{""type"":""address"",""value"":""301 S. Bedford St., Ste. 1\nMadison, WI 53703"",""note"":""""},{""type"":""phone"",""value"":""608-721-4898"",""note"":""""},{""type"":""email"",""value"":""tricia.braun@widcc.com"",""note"":""""},{""type"":""website"",""value"":""https://widcc.com/"",""note"":""""}]"	Tricia Braun	The Wisconsin Data Center Coalition (WIDCC) provides information to support an informed and balanced policy and regulatory environment for data center growth in Wisconsin, as well as continued opportunities for Wisconsin companies to support the construction and operation of data centers.	Policies that promote an informed and balanced regulatory environment for data center growth in Wisconsin, while creating ongoing opportunities for Wisconsin companies to participate in the construction and operation of these facilities.
13116	WI-principal-13116	General Engineering Company	WI				"[{""type"":""address"",""value"":""PO Box 340\nPortage, WI 53901"",""note"":""""},{""type"":""phone"",""value"":""608-742-2169"",""note"":""""},{""type"":""email"",""value"":""bboettcher@generalengineering.net"",""note"":""""},{""type"":""website"",""value"":""http://www.generalengineering.net/"",""note"":""""}]"	Brad Boettcher	General Engineering Company’s Building Inspection Division has been providing municipal inspection services since 1998, serving over 300 municipalities across Wisconsin.	Statutes and administrative rules regarding residential and commercial building inspections.
13118	WI-principal-13118	GreenLight Wisconsin	WI				"[{""type"":""address"",""value"":""25 W. Main Suite 800\nMadison, WI 53707"",""note"":""""},{""type"":""phone"",""value"":""920-562-0324"",""note"":""""},{""type"":""email"",""value"":""steve@greenlightmetals.com"",""note"":""""},{""type"":""website"",""value"":""https://greenlightmetals.com/"",""note"":""""}]"	Matt Filgate	Metallic Mineral Exploration and Development	Metallic Mineral Exploration and Development
13119	WI-principal-13119	Americans for Affordable Clean Energy (AACE)	WI				"[{""type"":""address"",""value"":""50 Pear Street\nRichmond, VA 23223"",""note"":""""},{""type"":""phone"",""value"":""804 814 6252"",""note"":""""},{""type"":""email"",""value"":""robert@capresults.net"",""note"":""""},{""type"":""website"",""value"":""https://www.americansforaffordablecleanenergy.com/"",""note"":""""}]"		Transportation fuel retail	All matters related to sustainable aviation fuel as well as over-the-road alternative fuels such as renewable biofuel and renewable diesel.
13120	WI-principal-13120	Community Development Alliance, Inc.	WI				"[{""type"":""address"",""value"":""3800 W. Lisbon Ave\nMilwaukee, WI 53208"",""note"":""""},{""type"":""phone"",""value"":""414-323-6342"",""note"":""""},{""type"":""email"",""value"":""teig@housingplan.org"",""note"":""""},{""type"":""website"",""value"":""http://www.housingplan.org"",""note"":""""}]"		The Community Development Alliance is a collective action organization for individuals and entities that are allies and advocates in affordable housing and other community Development.	Affordable Housing Policy
13121	WI-principal-13121	Goodwill of South Central Wisconsin	WI				"[{""type"":""address"",""value"":""1302 Mendota Ave\nMadison, WI 53714"",""note"":""""},{""type"":""phone"",""value"":""6082463140"",""note"":""""},{""type"":""email"",""value"":""mharris@goodwillscwi.org"",""note"":""""}]"		non-profit with support from store revenue, private donors, and grants.	housing, workforce development, and health related legislation.
13122	WI-principal-13122	Physicians Committee for Responsible Medicine	WI				"[{""type"":""address"",""value"":""5100 Wisconsin Avenue NW Suite 400\nWashington, DC 20016"",""note"":""""},{""type"":""phone"",""value"":""2027178675"",""note"":""""},{""type"":""email"",""value"":""dpress@pcrm.org"",""note"":""""},{""type"":""website"",""value"":""http://www.pcrm.org"",""note"":""""}]"		Medical ethics, animal welfare	Legislation regarding the use of animals in medical training.
13123	WI-principal-13123	Responsive Gov Action	WI				"[{""type"":""address"",""value"":""1440 West Taylor Street, Suite 950\nChicago, IL 60607"",""note"":""""},{""type"":""phone"",""value"":""7083748631"",""note"":""""},{""type"":""email"",""value"":""operations@responsivegovaction.org"",""note"":""""}]"		Network of individuals and organizations united to advocate for efficient, accessible and responsive government systems and processes.	Elections, civil rights, voter registration
13124	WI-principal-13124	Qualtrics	WI				"[{""type"":""address"",""value"":""1208 34th Place SE\nWashington, DC 20019"",""note"":""""},{""type"":""phone"",""value"":""202-450-7749"",""note"":""""},{""type"":""email"",""value"":""jsee@qualtrics.com"",""note"":""""},{""type"":""website"",""value"":""http://www.qualtrics.com"",""note"":""""}]"	Zig Serafin	Qualtrics creates software the world’s best brands use to deliver exceptional frontline experiences, build high-performing teams, and design products people love.  Qualtrics is a steward of the Experience Management category serving over 19,000 clients globally.	Provider of experience management tools that evaluate quality and metrics in government operations
13125	WI-principal-13125	American Forest & Paper Association	WI				"[{""type"":""address"",""value"":""601 Thirteenth Street, NW  Suite 1000N\nWashington, DC 20005"",""note"":""""},{""type"":""phone"",""value"":""202-463-2700"",""note"":""""},{""type"":""email"",""value"":""frazier_willman@afandpa.org"",""note"":""""},{""type"":""website"",""value"":""http://afandpa.org"",""note"":""""}]"	Heidi Brock	Pulp and paper manufacturing industry and generally forest products industry	Economic development and chemistry issues related to manufacturing
13130	WI-principal-13130	Innocence Project	WI				"[{""type"":""address"",""value"":""40 Worth Street Suite 701\nNew York, NY 10013"",""note"":""""},{""type"":""phone"",""value"":""2123645969"",""note"":""""},{""type"":""email"",""value"":""alopez@innocenceproject.org"",""note"":""""},{""type"":""website"",""value"":""https://innocenceproject.org/"",""note"":""""}]"		Not-for-profit.	Criminal justice reform and compensation for wrongful convictions.
13131	WI-principal-13131	Carroll University	WI				"[{""type"":""address"",""value"":""100 N. East Avenue\nWaukesha, WI 53186"",""note"":""""},{""type"":""phone"",""value"":""262.524.7373"",""note"":""""},{""type"":""email"",""value"":""cgnadinger@carrollu.edu"",""note"":""""},{""type"":""website"",""value"":""https://www.carrollu.edu/"",""note"":""""}]"	Cindy Gnadinger	Higher Education	Funding for private higher education projects and all higher education funding.
13132	WI-principal-13132	OnMed	WI				"[{""type"":""address"",""value"":""7 Renaissance Square, 5th Floor\nWhite Plains, NY 10601"",""note"":""""},{""type"":""phone"",""value"":""727-947-2915"",""note"":""""},{""type"":""email"",""value"":""adhaliwal@onmed.com"",""note"":""""},{""type"":""website"",""value"":""https://www.onmed.com/"",""note"":""""}]"	Karthik Ganesh	OnMed develops and operates tech-enabled CareStations that deliver hybrid virtual and in-person-like primary and urgent care services to underserved communities by partnering with public and private organizations such as governments, employers, health systems, and educational institutions.	Issues affecting access to primary and urgent care in underserved communities, including telehealth and hybrid-care regulation, public program coverage and reimbursement, school‑based health services, and digital health infrastructure and privacy.
13133	WI-principal-13133	PDE Action	WI				"[{""type"":""address"",""value"":""12587 FAIR LAKES CIRCLE, PMB 170\nFairfax, VA 22033"",""note"":""""},{""type"":""phone"",""value"":""240-331-8804"",""note"":""""},{""type"":""email"",""value"":""PDEAction@fiveringslaw.com"",""note"":""""}]"		Education	Education
13134	WI-principal-13134	The Campaign for the Fair Sentencing of Youth	WI				"[{""type"":""address"",""value"":""1319 F St NW Suite 303\nWashington, DC 20004"",""note"":""""},{""type"":""phone"",""value"":""703-472-1331"",""note"":""""},{""type"":""email"",""value"":""nnablejuris@cfsy.org"",""note"":""""},{""type"":""website"",""value"":""https://cfsy.org/"",""note"":""""}]"		Through partnerships with advocacy organizations, businesses, and other stakeholders, the CFSY supports survivors of youth violence, those incarcerated as children who are still serving or have been released, and their respective families and communities.	Advocating for legislation about youth sentencing reform.
13135	WI-principal-13135	Lac Courte Oreilles Band of Lake Superior Chippewa Indians	WI				"[{""type"":""address"",""value"":""13394 W Trepania Rd\nHayward, WI 54843"",""note"":""""},{""type"":""phone"",""value"":""715-634-8934"",""note"":""""},{""type"":""email"",""value"":""Chairman@lco-nsn.gov"",""note"":""""},{""type"":""website"",""value"":""https://lco-nsn.gov/"",""note"":""""}]"		Tribal Government focused on advancing the social, economic, and cultural prosperity of its people.	LCO Tribe may seek to comment on treaty rights and matters of taxation, social and health services, law enforcement, land use and intergovernmental agreements that affect tribal governmental affairs and operations.
13137	WI-principal-13137	[redacted principal 13137]	WI				"[{""type"":""address"",""value"":"","",""note"":""""}]"			
13138	WI-principal-13138	BlinkRx	WI				"[{""type"":""address"",""value"":""1407 Broadway Suite 1910\nNew York, NY 10018"",""note"":""""},{""type"":""phone"",""value"":""(205) 739-8084"",""note"":""""},{""type"":""email"",""value"":""drew.hudson@blinkrx.com"",""note"":""""}]"	Geoffrey Chaiken	BlinkRx works with a variety of pharmacies and manufacturers to improve patient access to their prescription drugs	Improving accessibility and affordability of prescription drugs
13139	WI-principal-13139	Susan G. Komen	WI				"[{""type"":""address"",""value"":""P.O. Box 801889\nDallas, TX 75380"",""note"":""""},{""type"":""phone"",""value"":""(972) 701-2037"",""note"":""""},{""type"":""email"",""value"":""rbirch@komen.org"",""note"":""""},{""type"":""website"",""value"":""http://www.komen.org"",""note"":""""}]"		Komen works to eliminate the most deadly and aggressive forms of breast cancer, while also addressing systemic barriers to equitable care for all.	Budget and health care related legislation impacting the breast community.
13142	WI-principal-13142	The Alliance for Secure AI Action	WI				"[{""type"":""address"",""value"":""311 Massachusetts Ave NE Upper Level\nWashington, DC 20002"",""note"":""""},{""type"":""phone"",""value"":""2024173529"",""note"":""""},{""type"":""email"",""value"":""SecureAIAction@LexPolitica.com"",""note"":""""}]"		Artifical intelligence	Issues related to artifical intelligence.
13144	WI-principal-13144	Brightstar Global Solutions Corporation	WI				"[{""type"":""address"",""value"":""10 Memorial Boulevard\nProvidence, RI 02903"",""note"":""""},{""type"":""phone"",""value"":""(401) 392-7227"",""note"":""""},{""type"":""email"",""value"":""compliance_wi_brightstar@multistate.us"",""note"":""""}]"	Vince  Sadusky	Lottery management and product development.	All matters related to the Wisconsin Lottery, MUSL, iLottery, pull tab gaming, and similar products.
13146	WI-principal-13146	National Association for Gun Rights	WI				"[{""type"":""address"",""value"":""250 Commonwealth Drive\nGreenville, SC 29615"",""note"":""""},{""type"":""phone"",""value"":""540-850-3388"",""note"":""""},{""type"":""email"",""value"":""dustin@gunrights.org"",""note"":""""}]"		firearms	Firearms, Second Amendment Advocacy, free speech for gun owners
13147	WI-principal-13147	StubHub, Inc.	WI				"[{""type"":""address"",""value"":""20 Park Rd, Suite E\nBurlingame, CA 94010"",""note"":""""},{""type"":""phone"",""value"":""6504018735"",""note"":""""},{""type"":""email"",""value"":""nuha.mamunji@millerpoliticallaw.com"",""note"":""""}]"	Eric Baker	Entertainment Tickets	Ticketing legislation, Internet sales tax, and general business issues
13148	WI-principal-13148	Coalition for Ticket Fairness	WI				"[{""type"":""address"",""value"":""3730 Breakstone Dr.\nFayetteville, AR 72764"",""note"":""""},{""type"":""phone"",""value"":""202-557-8193"",""note"":""""},{""type"":""email"",""value"":""dusty@brightstoneridge.com"",""note"":""""}]"	Dana McLean	National ticketing industry coalition made up of businesses in the sports, live music, and events sectors.	The CTF lobbies on issues impacting the ticketing industry.
13149	WI-principal-13149	DaVita Inc.	WI				"[{""type"":""address"",""value"":""601 Pennsylvania Ave NW Suite 225\nWashington, DC 20004"",""note"":""""},{""type"":""phone"",""value"":""612.916.0922"",""note"":""""},{""type"":""email"",""value"":""Michael.Such@davita.com"",""note"":""""},{""type"":""website"",""value"":""https://davita.com/"",""note"":""""}]"	Javier Rodriguez	DaVita means “to give life,” reflecting our proud history as leaders in dialysis—an essential, life-sustaining treatment for those living with end stage kidney disease (ESKD). Today, our mission is to minimize the devastating impacts of kidney disease across the full spectrum of kidney health care.	DaVita Inc., as a provider of dialysis services, will work with government agencies and lawmakers on regulatory and legislative issues directly and indirectly related to patient access to the full spectrum of kidney health care.
13150	WI-principal-13150	SeatGeek, Inc.	WI				"[{""type"":""address"",""value"":""902 Broadway, 10th Floor\nNew York, NY 10010"",""note"":""""},{""type"":""phone"",""value"":""(646) 801-4560"",""note"":""""},{""type"":""email"",""value"":""jfreeman@seatgeek.com"",""note"":""""},{""type"":""website"",""value"":""http://www.seatgeek.com"",""note"":""""}]"	Jon Groetzinger	Live event ticket sales	All matters related to the sale of tickets for live events.
13155	WI-principal-13155	KARE Technologies LLC	WI				"[{""type"":""address"",""value"":""1123 Yale Street\nHouston, TX 77008"",""note"":""""},{""type"":""phone"",""value"":""608-258-9506"",""note"":""""},{""type"":""email"",""value"":""feaves@doyoukare.com"",""note"":""""}]"	Charles Turner	KARE Technologies connects caregivers, nurses and staff with senior care communities and nursing homes to find and fill health care positions.	Independent contractor healthcare workers and healthcare worker platforms
13158	WI-principal-13158	BusPatrol America LLC	WI				"[{""type"":""address"",""value"":""8560 Cinder Bed Road, Suite 100\nLorton, VA 22079"",""note"":""""},{""type"":""phone"",""value"":""888-507-6219"",""note"":""""},{""type"":""email"",""value"":""sam.olsen@buspatrol.com"",""note"":""""},{""type"":""website"",""value"":""https://buspatrol.com/"",""note"":""""}]"	Karoon Monfared	Improving transportation safety through school bus stop-arm technology.	Issues relating to the implementation of school bus stop-arm safety technology.
13159	WI-principal-13159	Western Governors University	WI				"[{""type"":""address"",""value"":""1333 Burr Ridge Parkway\nBurr Ridge, IL 60527"",""note"":""""},{""type"":""phone"",""value"":""312-504-1175"",""note"":""""},{""type"":""email"",""value"":""terrance.hopson@wgu.edu"",""note"":""""},{""type"":""website"",""value"":""https://www.wgu.edu/"",""note"":""""}]"	Scott Pulsipher	Higher Education	Higher Education
13160	WI-principal-13160	Bartholomew F. Reuter	WI				"[{""type"":""address"",""value"":""15895 Choctaw Trail\nBrookfield, WI 53005"",""note"":""""},{""type"":""phone"",""value"":""414-397-3512"",""note"":""""},{""type"":""email"",""value"":""bartreuter@hotmail.com"",""note"":""""}]"		N/A	All matters relating to issues affecting families.
13161	WI-principal-13161	Oracle America, Inc.	WI				"[{""type"":""address"",""value"":""c/o 2350 Kerner Blvd., Suite 250\nSan Rafael, CA 94901"",""note"":""""},{""type"":""phone"",""value"":""4153896800"",""note"":""""},{""type"":""email"",""value"":""oracle@nmgovlaw.com"",""note"":""""},{""type"":""website"",""value"":""http://oracle.com"",""note"":""""}]"	Clay  Magouyrk	Technology	Technology
13164	WI-principal-13164	Wisconsin Coalition for Cannabis Reform	WI				"[{""type"":""address"",""value"":""2169 North Farwell Avenue\nMilwaukee, WI 53202"",""note"":""""},{""type"":""phone"",""value"":""414-405-7594"",""note"":""""},{""type"":""email"",""value"":""info@wccr.com"",""note"":""""},{""type"":""website"",""value"":""http://www.joinwccr.com"",""note"":""""}]"	Jason Handal	The Wisconsin Coalition for Cannabis Reform is dedicated to advancing evidence-based cannabis policy.	Legislation relating to cannabis regulation, growth, and sale. Including regulation and policy in regard to hemp and hemp-derived products.
13166	WI-principal-13166	Biogen	WI				"[{""type"":""address"",""value"":""225 Binney Street\nCambridge, MA 02142"",""note"":""""},{""type"":""phone"",""value"":""617-914-4078"",""note"":""""},{""type"":""email"",""value"":""krina.patel@biogen.com"",""note"":""""},{""type"":""website"",""value"":""http://www.biogen.com"",""note"":""""}]"	Christopher Viehbacher	Matters related to the pharmaceuticals and health care industries	Matters related to the pharmaceuticals and health care industries
13167	WI-principal-13167	The Home Depot	WI				"[{""type"":""address"",""value"":""1155 F Street NW, Suite 400\nWashington, DC 20004"",""note"":""""},{""type"":""phone"",""value"":""202-393-4457"",""note"":""""},{""type"":""email"",""value"":""heather.kennedy@stateandfed.com"",""note"":""""}]"	Ted Decker	Matters affecting the retail industry.	All matters affecting the retail industry.
13174	WI-principal-13174	Wisconsin Logos	WI				"[{""type"":""address"",""value"":""5103 S US HWY 51\nJanesville, WI 53546"",""note"":""""},{""type"":""phone"",""value"":""608-579-1570"",""note"":""""},{""type"":""email"",""value"":""fwilliams@interstatelogos.com"",""note"":""""},{""type"":""website"",""value"":""https://wisconsin.interstatelogos.com/state/"",""note"":""""}]"	Floyd Williams	Provider of contract logo signing programs	Logo signing program
13178	WI-principal-13178	Arthritis Foundation	WI				"[{""type"":""address"",""value"":""1615 L St. NW Suite 320\nWashington, DC 20036"",""note"":""""},{""type"":""phone"",""value"":""240.468.7464"",""note"":""""},{""type"":""email"",""value"":""mhorn@arthritis.org"",""note"":""""},{""type"":""website"",""value"":""https://www.arthritis.org/"",""note"":""""}]"		The organization primarily represents patients and works on access to health care, medical treatments, pain management and quality of life issues for those living with arthritis. The organization receives funding from grants, corporate partners, other nonprofits and individual contributions from volunteers.	health care access and coverage, copayment assistance, prior authorization, pain management, step therapy, prescription drug access and management, biomarkers, biosimilars, research, telemedicine
13181	WI-principal-13181	Americans for Contraception	WI				"[{""type"":""address"",""value"":""611 Pennsylvania Ave SE, Suite 143\nWashington, DC 20003"",""note"":""""},{""type"":""phone"",""value"":""515-779-1415"",""note"":""""},{""type"":""email"",""value"":""liz@leopardstrategies.com"",""note"":""""},{""type"":""website"",""value"":""https://americansforcontraception.org/"",""note"":""""}]"		N/A	Lobbying on the Right to Contraception bill and other reproductive health issues.
13185	WI-principal-13185	APT	WI				"[{""type"":""address"",""value"":""15405 John Marshall Hwy\nHaymarket, VA 20169"",""note"":""""},{""type"":""phone"",""value"":""541-341-8808"",""note"":""""},{""type"":""email"",""value"":""apt@holtzmanvogel.com"",""note"":""""},{""type"":""website"",""value"":""https://americansforpublictrust.org/"",""note"":""""}]"		Government Watchdog	APT anticipates lobbying on any issue that would limit foreign influence in our elections including but not limited to Assembly Bill 906, Assembly Bill 517, Assembly Bill 752, Assembly Bill 574.
13188	WI-principal-13188	Indivior Inc.	WI				"[{""type"":""address"",""value"":""10710 Midlothian Turnpike Suite 430\nRichmond, VA 23235"",""note"":""""},{""type"":""phone"",""value"":""859-452-9564"",""note"":""""},{""type"":""email"",""value"":""eric.duncan@indivior.com"",""note"":""""}]"	Mark Crosley	Pharmaceutical Industry	Long Acting Injectables for Opioid Use Disorder
13189	WI-principal-13189	Trane Technologies	WI				"[{""type"":""address"",""value"":""800 Beaty Street, Building E\nDavidson, NC 28036"",""note"":""""},{""type"":""phone"",""value"":""704-655-4187"",""note"":""""},{""type"":""email"",""value"":""craig.rushing@irco.com"",""note"":""""}]"	Michael Lamach	Manufacturing and environmental issues	All matters affecting manufacturing and the environment
13190	WI-principal-13190	Cartwheel Care	WI				"[{""type"":""address"",""value"":""700 Massachusetts Ave, 3rd Floor\nCambridge, MA 02139"",""note"":""""},{""type"":""phone"",""value"":""5139698426"",""note"":""""},{""type"":""email"",""value"":""seth.rau@cartwheelcare.org"",""note"":""""},{""type"":""website"",""value"":""http://cartwheel.org"",""note"":""""}]"	Joe English	Providing Wisconsin-licensed virtual mental health services to students, families, and school staff via schools.	Mental Health, Education, Health Care
13194	WI-principal-13194	American Society of Interior Designers	WI				"[{""type"":""address"",""value"":""1152 15th Street, NW Suite 910\nWashington, DC 20005"",""note"":""""},{""type"":""phone"",""value"":""804-218-9520"",""note"":""""},{""type"":""email"",""value"":""learley@asid.org"",""note"":""""},{""type"":""website"",""value"":""http://www.asid.org"",""note"":""""}]"	Khoi Vo	Through education, knowledge sharing, advocacy, community building and outreach, we strive to advance the interior design profession and, in the process, to demonstrate and celebrate the power of design to positively change people’s lives. ASID represents both small and large businesses as well as individuals who offer the practice of interior design.	Interior designer practice rights
13195	WI-principal-13195	International Interior Design Association	WI				"[{""type"":""address"",""value"":""111 E Wacker Drive, Suite 222\nChicago, IL 60601"",""note"":""""},{""type"":""phone"",""value"":""312-379-5149"",""note"":""""},{""type"":""email"",""value"":""mmerola@iida.org"",""note"":""""},{""type"":""website"",""value"":""http://www.iida.org"",""note"":""""}]"	Cheryl Durst	The commercial interior design association.	Interior designer practice rights
13196	WI-principal-13196	NRG Energy, Inc.	WI				"[{""type"":""address"",""value"":""1301 McKinney Street\nHouston, TX 77010"",""note"":""""},{""type"":""phone"",""value"":""515-415-7532"",""note"":""""},{""type"":""email"",""value"":""Jake.Braunger@nrg.com"",""note"":""""}]"	Lawrence Coben	Electric power generation and retail electricity and natural gas supply.	Public Safety, Commerce, and Campaign Finance.
13197	WI-principal-13197	Roblox	WI				"[{""type"":""address"",""value"":""3150 S Delaware Street\nSan Mateo, ca 94403"",""note"":""""},{""type"":""phone"",""value"":""2482599576"",""note"":""""},{""type"":""email"",""value"":""abernstein@roblox.com"",""note"":""""},{""type"":""website"",""value"":""http://www.roblox.com"",""note"":""""}]"	David  Baszucki	Tech related policy with a specific focus on interactive video game technology and user generated content.	Tech related policy proposals including AI, safety, data privacy, and other matters.
13202	WI-principal-13202	Counterspark	WI				"[{""type"":""address"",""value"":""1801 Pennsylvania Ave. NW, Suite 410\nWashington, DC 20006"",""note"":""""},{""type"":""phone"",""value"":""703-577-6412"",""note"":""""},{""type"":""email"",""value"":""compliance_wi_counterspark@multistate.us"",""note"":""""}]"		Counterspark's lobbying work is primarily funded through foundations.	We will be doing grassroots lobbying (ads) about specific clean energy bills and bills relating to planning.
13203	WI-principal-13203	Wisconsin Dairyland Souvenir Milkcaps Inc	WI				"[{""type"":""address"",""value"":""1860 Executive Drive Suite E\nOconomowoc, WI 53066"",""note"":""""},{""type"":""phone"",""value"":""262-510-4513"",""note"":""""},{""type"":""email"",""value"":""daytonyoung@wimilkcaps.com"",""note"":""""}]"	Dayton Young	Making and selling of Wisconsin Souvenir Milkcaps through in a pack chance promotional pulltab game	Proposed legislation affecting the sale, distribution, taxing of Wisconsin Milkcaps, and the Wisconsin Lottery pulltabs and games of chance run by the state of Wisconsin
13204	WI-principal-13204	NGPF Mission 2030 Fund	WI				"[{""type"":""address"",""value"":""510 Waverly Street\nPalo Alto, CA 94301"",""note"":""""},{""type"":""phone"",""value"":""(608) 258-4326"",""note"":""""},{""type"":""email"",""value"":""tim@mission2030fund.org"",""note"":""""}]"		N/A	Working to guarantee that all students in the state of Wisconsin take a personal finance course prior to graduation.
13206	WI-principal-13206	Bristol Myers Squibb	WI				"[{""type"":""address"",""value"":""6120 MC KINLEY CIR\nEXCELSIOR, MN 55331"",""note"":""""},{""type"":""phone"",""value"":""2023717559"",""note"":""""},{""type"":""email"",""value"":""DLPOLRPTS4@skadden.com"",""note"":""""}]"	Chris  Boerner	Pharmaceutical company	Issues affecting the health care and pharmaceutical industry.
13207	WI-principal-13207	Guardiantrac, LLC d/b/a GT Independence	WI				"[{""type"":""address"",""value"":""215 Broadus St\nSturgis, MI 49091"",""note"":""""},{""type"":""phone"",""value"":""877-659-4500"",""note"":""""},{""type"":""email"",""value"":""Carmichael@gtindependence.com"",""note"":""""},{""type"":""website"",""value"":""https://gtindependence.com/"",""note"":""""}]"	John Carmichael	Financial Management Services (FMS) Medicaid provider supporting Medicaid Waiver Self-Direction programs as a Fiscal Employer Agent.	GT Independence may seek to influence legislative and regulatory matters relating to Medicaid Home and Community-Based Services (HCBS), Self-Directed services, Fiscal Employer Agent rules, state procurement processes, provider reimbursement, provider enrollment, EVV requirements, and other policies affecting providers, individuals receiving services, and caregivers in Wisconsin. Additional topics may include state budget provisions impacting long-term services and supports (LTSS), workforce support policies, statewide self-direction initiatives, Medicaid system modernization efforts, and issues related to the administration of state procurements or state agency contracting processes that may impact program continuity or participant services.
13208	WI-principal-13208	Online Lenders Alliance	WI				"[{""type"":""address"",""value"":""1235 S Clark St Suite 605\nArlington, VA 22202"",""note"":""""},{""type"":""phone"",""value"":""816-721-3336"",""note"":""""},{""type"":""email"",""value"":""greg@csga.com"",""note"":""""},{""type"":""website"",""value"":""http://www.onlinelendersalliance.org"",""note"":""""}]"	Greg Porter	OLA member companies represent accessible and responsible financial technology products, are committed to the highest standards of conduct and compliance, and are dedicated to ensuring a fair and favorable experience for their customers.	Any issues surrounding the regulation of the online lending industry
13210	WI-principal-13210	UNITE HERE Local 1	WI				"[{""type"":""address"",""value"":""218 S Wabash, Fl 7\nChicago, IL 60604"",""note"":""""},{""type"":""phone"",""value"":""3122961437"",""note"":""""},{""type"":""email"",""value"":""dmiller@unitehere1.org"",""note"":""""}]"		Hospitality	Opposing Senate Bill 812/Assembly Bill 814 and lobbying on behalf of hospitality workers.
13214	WI-principal-13214	Pivot Bio	WI				"[{""type"":""address"",""value"":""701 Carlson Parkway, Ste. 220\nMinnetonka , MN 55305"",""note"":""""},{""type"":""phone"",""value"":""3084406844"",""note"":""""},{""type"":""email"",""value"":""eibach@pivotbio.com"",""note"":""""},{""type"":""website"",""value"":""https://www.pivotbio.com/"",""note"":""""}]"	Chris Abbott	An agricultural biotechnology company providing microbial nitrogen products designed to help farmers be more efficient and sustainable.	Agricultural issues related to farming and crop production, agricultural inputs and water quality.
13217	WI-principal-13217	Plant Based Foods Association	WI				"[{""type"":""address"",""value"":""1 Embarcadero Center, Suite 1200\nSan Francisco, CA 94111"",""note"":""""},{""type"":""phone"",""value"":""919-606-4117"",""note"":""""},{""type"":""email"",""value"":""marjorie@plantbasedfoods.org"",""note"":""""},{""type"":""website"",""value"":""http://www.plantbasedfoods.org"",""note"":""""}]"	Marjorie Mulhall	Representing the interests of the plant-based foods industry.	Relating to all legislation and rules concerning plant-based foods.
13219	WI-principal-13219	bet365 and its Affiliates	WI				"[{""type"":""address"",""value"":""3903 Fair Ridge Drive, Suite L-119\nFairFax, VA 22033"",""note"":""""},{""type"":""phone"",""value"":""2403318804"",""note"":""""},{""type"":""email"",""value"":""bet365@fiveringslaw.com"",""note"":""""}]"	Denise  Coates	Sports betting and online gaming	Matters affecting sports betting and online gaming.
13223	WI-principal-13223	Patients Rights Action Fund INC.	WI				"[{""type"":""address"",""value"":""58 Regatta Bay Ct., #328\nAnnapolis, MD 21401"",""note"":""""},{""type"":""phone"",""value"":""3025429673"",""note"":""""},{""type"":""email"",""value"":""jake@patientsrightsaction.org"",""note"":""""},{""type"":""website"",""value"":""https://patientsrightsaction.org/"",""note"":""""}]"		N/A, financial support is primarily derived from private individuals.	Our contact with legislators is in regard to opposition to the legalization of assisted suicide.
13224	WI-principal-13224	Soo Line Railroad Co.	WI				"[{""type"":""address"",""value"":""120 S. 6th Street Ste. 500\nMinneapolis, MN 55402"",""note"":""""},{""type"":""phone"",""value"":""612 554 0850"",""note"":""""},{""type"":""email"",""value"":""andy.cummings@cpkcr.com"",""note"":""""},{""type"":""website"",""value"":""http://www.cpkcr.com"",""note"":""""}]"	Keith Creel	Freight transportation, operation/maintenance of railway network	Issues impacting freight transportation, railroad rights-of-way, and other railroad-related issues
13225	WI-principal-13225	Computer & Communications Industry Association (CCIA)	WI				"[{""type"":""address"",""value"":""25 Massachusetts Avenue NW, #300\nWashington, DC 20001"",""note"":""""},{""type"":""phone"",""value"":""(443) 929-6102"",""note"":""""},{""type"":""email"",""value"":""compliance_wi_ccia@multistate.us"",""note"":""""},{""type"":""website"",""value"":""https://ccianet.org/"",""note"":""""}]"	Matthew  Schruers	Technology trade association.	Technology and Consumer Protection.
13226	WI-principal-13226	American Families for Vaccines Action Fund	WI				"[{""type"":""address"",""value"":""97 India Street\nPortland, ME 04101"",""note"":""""},{""type"":""phone"",""value"":""773-616-0992"",""note"":""""},{""type"":""email"",""value"":""northe@familiesforvaccines.org"",""note"":""""}]"		Vaccine Advocacy	Issues relating to immunization, vaccination, and access to vaccines.
13228	WI-principal-13228	Tremendous, LLC	WI				"[{""type"":""address"",""value"":""228 Park Ave. S., #62949\nNew York, NY 10003"",""note"":""""},{""type"":""phone"",""value"":""608-819-0150"",""note"":""""},{""type"":""email"",""value"":""robmorgan@tremendous.com"",""note"":""""},{""type"":""website"",""value"":""https://www.tremendous.com/"",""note"":""""}]"	Nicolas Baum	Digital Rewards Programs	Promotional gift cards and related issues
13229	WI-principal-13229	A&O CCADD	WI				"[{""type"":""address"",""value"":""W352 N5270 Lake Dr.\nNashotah, WI 53066"",""note"":""""},{""type"":""phone"",""value"":""(262)501-3554"",""note"":""""},{""type"":""email"",""value"":""alexiskrahn98@gmail.com"",""note"":""""}]"	Alexis Krahn	Using fully autonomous vehicles to deliver a safe, efficient, and environmentally responsible transportation solution. These vehicles could also provide reliable mobility for individuals with disabilities and for those who are intoxicated, helping ensure they reach their destination safely. By doing so, this approach aims to reduce traffic congestion, decrease the number of automobile collisions and lower injuries caused  by impaired driving.	any legislation, administrative rule or budget action relating to the legality or use of autonomous vehicles and the passengers of those vehicles including legislation affecting drunk driving laws and disability use of autonomous vehicles.
13230	WI-principal-13230	Evergreen Action	WI				"[{""type"":""address"",""value"":""1250 Connecticut Ave NW Suite 700\nWashington, DC 20036"",""note"":""""},{""type"":""phone"",""value"":""617-620-3894"",""note"":""""},{""type"":""email"",""value"":""kevin@evergreenaction.com"",""note"":""""}]"		Energy Policy, Climate Change, Renewable Energy	Policies impacting long term energy planning, clean energy standards, and other renewable/clean economy issues.
13234	WI-principal-13234	Greater Madison Convention & Visitors Bureau	WI				"[{""type"":""address"",""value"":""22 E Mifflin St Suite 200\nMadison, WI 53711"",""note"":""""},{""type"":""phone"",""value"":""608-441-3958"",""note"":""""},{""type"":""email"",""value"":""gard@destinationmadison.com"",""note"":""""},{""type"":""website"",""value"":""http://visitmadison.com"",""note"":""""}]"	Ellie Westman Chin	Hospitality, Tourism, and Travel Industry	Tourism, hospitality, travel, sports, environment/natural resources, workforce, transportation
13236	WI-principal-13236	Wisconsin Nursery and Landscape Association	WI				"[{""type"":""address"",""value"":""1818 Milton Ave Ste 100\nJanesville , wi 53545"",""note"":""""},{""type"":""phone"",""value"":""6082184570"",""note"":""""},{""type"":""email"",""value"":""info@wnla.net"",""note"":""""}]"	Beth  Lee	"The Wisconsin Nursery and Landscape Association (WNLA) serves the Green industry and its nearly 200 members, which includes growers, landscapers, retailers, and industry suppliers.
The association plays a vital role in meeting the educational, informational, and legislative advocacy demands of a more technologically advanced industry serving a more knowledge-able and discriminating consumer."	WNLA’s lobbying efforts focus on issues that directly impact business operations, workforce development, environmental regulation, invasive species management, pesticide and fertilizer policy, transportation and licensing requirements, and policies that support the long-term sustainability of the nursery and landscape profession.
13237	WI-principal-13237	OM Development LLC	WI				"[{""type"":""address"",""value"":""910 Oscar Avenue\nMadison, WI 53704"",""note"":""""},{""type"":""phone"",""value"":""4144778174"",""note"":""""},{""type"":""email"",""value"":""dseibel@seibelfalkner.com"",""note"":""""}]"	Dan Seibel	Business activities dealing with revitalization of OM Development.	Business activities dealing with revitalization of OM Development.
13238	WI-principal-13238	American Council of the Blind of Wisconsin	WI				"[{""type"":""address"",""value"":""525 4th Ave\nBaraboo, WI 53913"",""note"":""""},{""type"":""phone"",""value"":""6083568219"",""note"":""""},{""type"":""email"",""value"":""peterheide3009@gmail.com"",""note"":""""},{""type"":""website"",""value"":""https://www.acb.org/acb-wisconsin"",""note"":""""}]"		blind and low vision individuals	policies to improve the well-being of all blind and low vision people through elevating their social, economic and cultural levels; to improve educational and rehabilitation facilities and opportunities; and to promote greater understanding surrounding blindness and the capabilities of blind and low vision people, including but not limited to transportation, education, and life-skills and vocational training
